solid OpenSCAD_Model
  facet normal -0.0832831 0.996526 0
    outer loop
      vertex 90.6226 1.03229 6.3312
      vertex 90.6226 1.03229 2.8768
      vertex 89.7786 0.961754 6.3312
    endloop
  endfacet
  facet normal -0.0832831 0.996526 0
    outer loop
      vertex 89.7786 0.961754 6.3312
      vertex 90.6226 1.03229 2.8768
      vertex 89.7786 0.961754 2.8768
    endloop
  endfacet
  facet normal -0.0499941 0.99875 0
    outer loop
      vertex 89.7786 0.961754 6.3312
      vertex 89.7786 0.961754 2.8768
      vertex 88.9327 0.919411 6.3312
    endloop
  endfacet
  facet normal -0.0499941 0.99875 0
    outer loop
      vertex 88.9327 0.919411 6.3312
      vertex 89.7786 0.961754 2.8768
      vertex 88.9327 0.919411 2.8768
    endloop
  endfacet
  facet normal -0.0166726 0.999861 0
    outer loop
      vertex 88.9327 0.919411 6.3312
      vertex 88.9327 0.919411 2.8768
      vertex 88.0858 0.905289 6.3312
    endloop
  endfacet
  facet normal -0.0166726 0.999861 0
    outer loop
      vertex 88.0858 0.905289 6.3312
      vertex 88.9327 0.919411 2.8768
      vertex 88.0858 0.905289 2.8768
    endloop
  endfacet
  facet normal -0.0166821 0.999861 0
    outer loop
      vertex 93.1595 1.15929 6.3312
      vertex 93.1595 1.15929 2.8768
      vertex 92.3126 1.14516 6.3312
    endloop
  endfacet
  facet normal -0.0166821 0.999861 0
    outer loop
      vertex 92.3126 1.14516 6.3312
      vertex 93.1595 1.15929 2.8768
      vertex 92.3126 1.14516 2.8768
    endloop
  endfacet
  facet normal -0.0500024 0.998749 0
    outer loop
      vertex 92.3126 1.14516 6.3312
      vertex 92.3126 1.14516 2.8768
      vertex 91.4667 1.10281 6.3312
    endloop
  endfacet
  facet normal -0.0500024 0.998749 0
    outer loop
      vertex 91.4667 1.10281 6.3312
      vertex 92.3126 1.14516 2.8768
      vertex 91.4667 1.10281 2.8768
    endloop
  endfacet
  facet normal -0.0832546 0.996528 0
    outer loop
      vertex 91.4667 1.10281 6.3312
      vertex 91.4667 1.10281 2.8768
      vertex 90.6226 1.03229 6.3312
    endloop
  endfacet
  facet normal -0.0832546 0.996528 0
    outer loop
      vertex 90.6226 1.03229 6.3312
      vertex 91.4667 1.10281 2.8768
      vertex 90.6226 1.03229 2.8768
    endloop
  endfacet
  facet normal 0 1 -0
    outer loop
      vertex 100.338 1.15929 2.8768
      vertex 93.1595 1.15929 2.8768
      vertex 100.338 1.15929 6.3312
    endloop
  endfacet
  facet normal 0 1 0
    outer loop
      vertex 100.338 1.15929 6.3312
      vertex 93.1595 1.15929 2.8768
      vertex 93.1595 1.15929 6.3312
    endloop
  endfacet
  facet normal 0.0832644 0.996527 0
    outer loop
      vertex 102.875 1.03229 6.3312
      vertex 102.875 1.03229 2.8768
      vertex 102.031 1.10281 6.3312
    endloop
  endfacet
  facet normal 0.0832644 0.996527 0
    outer loop
      vertex 102.031 1.10281 6.3312
      vertex 102.875 1.03229 2.8768
      vertex 102.031 1.10281 2.8768
    endloop
  endfacet
  facet normal 0.0499965 0.998749 0
    outer loop
      vertex 102.031 1.10281 6.3312
      vertex 102.031 1.10281 2.8768
      vertex 101.185 1.14516 6.3312
    endloop
  endfacet
  facet normal 0.0499965 0.998749 0
    outer loop
      vertex 101.185 1.14516 6.3312
      vertex 102.031 1.10281 2.8768
      vertex 101.185 1.14516 2.8768
    endloop
  endfacet
  facet normal 0.0166801 0.999861 0
    outer loop
      vertex 101.185 1.14516 6.3312
      vertex 101.185 1.14516 2.8768
      vertex 100.338 1.15929 2.8768
    endloop
  endfacet
  facet normal 0.0166801 0.999861 -0
    outer loop
      vertex 100.338 1.15929 2.8768
      vertex 100.338 1.15929 6.3312
      vertex 101.185 1.14516 6.3312
    endloop
  endfacet
  facet normal 0.0166706 0.999861 0
    outer loop
      vertex 105.412 0.905289 6.3312
      vertex 105.412 0.905289 2.8768
      vertex 104.565 0.919411 6.3312
    endloop
  endfacet
  facet normal 0.0166706 0.999861 0
    outer loop
      vertex 104.565 0.919411 6.3312
      vertex 105.412 0.905289 2.8768
      vertex 104.565 0.919411 2.8768
    endloop
  endfacet
  facet normal 0.0499883 0.99875 0
    outer loop
      vertex 104.565 0.919411 6.3312
      vertex 104.565 0.919411 2.8768
      vertex 103.719 0.961754 6.3312
    endloop
  endfacet
  facet normal 0.0499883 0.99875 0
    outer loop
      vertex 103.719 0.961754 6.3312
      vertex 104.565 0.919411 2.8768
      vertex 103.719 0.961754 2.8768
    endloop
  endfacet
  facet normal 0.0832831 0.996526 0
    outer loop
      vertex 103.719 0.961754 6.3312
      vertex 103.719 0.961754 2.8768
      vertex 102.875 1.03229 6.3312
    endloop
  endfacet
  facet normal 0.0832831 0.996526 0
    outer loop
      vertex 102.875 1.03229 6.3312
      vertex 103.719 0.961754 2.8768
      vertex 102.875 1.03229 2.8768
    endloop
  endfacet
  facet normal 0 0 -1
    outer loop
      vertex 89.2788 0.333473 2.8768
      vertex 88.0826 0.419373 2.8768
      vertex 90.4778 0.304802 2.8768
    endloop
  endfacet
  facet normal 0 0 -1
    outer loop
      vertex 90.4778 0.304802 2.8768
      vertex 88.0826 0.419373 2.8768
      vertex 106.606 0.562325 2.8768
    endloop
  endfacet
  facet normal 0 0 -1
    outer loop
      vertex 90.4778 0.304802 2.8768
      vertex 106.606 0.562325 2.8768
      vertex 105.415 0.419373 2.8768
    endloop
  endfacet
  facet normal 0 0 -1
    outer loop
      vertex 88.0826 0.419373 2.8768
      vertex 86.8919 0.562325 2.8768
      vertex 106.606 0.562325 2.8768
    endloop
  endfacet
  facet normal 0 0 -1
    outer loop
      vertex 106.606 0.562325 2.8768
      vertex 86.8919 0.562325 2.8768
      vertex 106.655 0.762001 2.8768
    endloop
  endfacet
  facet normal 0 0 -1
    outer loop
      vertex 106.606 0.562325 2.8768
      vertex 106.655 0.762001 2.8768
      vertex 107.788 0.762001 2.8768
    endloop
  endfacet
  facet normal 0 0 -1
    outer loop
      vertex 85.7093 0.762001 2.8768
      vertex 86.8429 0.762001 2.8768
      vertex 86.8919 0.562325 2.8768
    endloop
  endfacet
  facet normal 0 0 -1
    outer loop
      vertex 86.8919 0.562325 2.8768
      vertex 86.8429 0.762001 2.8768
      vertex 104.565 0.919411 2.8768
    endloop
  endfacet
  facet normal 0 0 -1
    outer loop
      vertex 86.8919 0.562325 2.8768
      vertex 104.565 0.919411 2.8768
      vertex 106.655 0.762001 2.8768
    endloop
  endfacet
  facet normal 0 0 -1
    outer loop
      vertex 106.655 0.762001 2.8768
      vertex 104.565 0.919411 2.8768
      vertex 105.412 0.905289 2.8768
    endloop
  endfacet
  facet normal 0 0 -1
    outer loop
      vertex 106.655 0.762001 2.8768
      vertex 105.412 0.905289 2.8768
      vertex 106.274 0.905289 2.8768
    endloop
  endfacet
  facet normal 0 0 -1
    outer loop
      vertex 86.8429 1.28629 2.8768
      vertex 86.8559 1.18768 2.8768
      vertex 86.8429 0.762001 2.8768
    endloop
  endfacet
  facet normal 0 0 -1
    outer loop
      vertex 86.8429 0.762001 2.8768
      vertex 86.8559 1.18768 2.8768
      vertex 86.894 1.09579 2.8768
    endloop
  endfacet
  facet normal 0 0 -1
    outer loop
      vertex 86.8429 0.762001 2.8768
      vertex 86.894 1.09579 2.8768
      vertex 86.9545 1.01688 2.8768
    endloop
  endfacet
  facet normal 0 -0 -1
    outer loop
      vertex 86.9545 1.01688 2.8768
      vertex 87.0334 0.956329 2.8768
      vertex 86.8429 0.762001 2.8768
    endloop
  endfacet
  facet normal 0 0 -1
    outer loop
      vertex 86.8429 0.762001 2.8768
      vertex 87.0334 0.956329 2.8768
      vertex 87.1253 0.918266 2.8768
    endloop
  endfacet
  facet normal 0 0 -1
    outer loop
      vertex 86.8429 0.762001 2.8768
      vertex 87.1253 0.918266 2.8768
      vertex 87.2239 0.905289 2.8768
    endloop
  endfacet
  facet normal 0 -0 -1
    outer loop
      vertex 87.2239 0.905289 2.8768
      vertex 88.0858 0.905289 2.8768
      vertex 86.8429 0.762001 2.8768
    endloop
  endfacet
  facet normal 0 0 -1
    outer loop
      vertex 86.8429 0.762001 2.8768
      vertex 88.0858 0.905289 2.8768
      vertex 88.9327 0.919411 2.8768
    endloop
  endfacet
  facet normal 0 0 -1
    outer loop
      vertex 86.8429 0.762001 2.8768
      vertex 88.9327 0.919411 2.8768
      vertex 104.565 0.919411 2.8768
    endloop
  endfacet
  facet normal 0 0 -1
    outer loop
      vertex 104.565 0.919411 2.8768
      vertex 88.9327 0.919411 2.8768
      vertex 103.719 0.961754 2.8768
    endloop
  endfacet
  facet normal -0 0 -1
    outer loop
      vertex 103.719 0.961754 2.8768
      vertex 88.9327 0.919411 2.8768
      vertex 89.7786 0.961754 2.8768
    endloop
  endfacet
  facet normal 0 0 -1
    outer loop
      vertex 103.719 0.961754 2.8768
      vertex 89.7786 0.961754 2.8768
      vertex 102.875 1.03229 2.8768
    endloop
  endfacet
  facet normal -0 0 -1
    outer loop
      vertex 102.875 1.03229 2.8768
      vertex 89.7786 0.961754 2.8768
      vertex 90.6226 1.03229 2.8768
    endloop
  endfacet
  facet normal 0 0 -1
    outer loop
      vertex 102.875 1.03229 2.8768
      vertex 90.6226 1.03229 2.8768
      vertex 100.338 1.15929 2.8768
    endloop
  endfacet
  facet normal -0 0 -1
    outer loop
      vertex 100.338 1.15929 2.8768
      vertex 90.6226 1.03229 2.8768
      vertex 93.1595 1.15929 2.8768
    endloop
  endfacet
  facet normal 0 0 -1
    outer loop
      vertex 93.1595 1.15929 2.8768
      vertex 90.6226 1.03229 2.8768
      vertex 91.4667 1.10281 2.8768
    endloop
  endfacet
  facet normal 0 0 -1
    outer loop
      vertex 93.1595 1.15929 2.8768
      vertex 91.4667 1.10281 2.8768
      vertex 92.3126 1.14516 2.8768
    endloop
  endfacet
  facet normal -0 -0 -1
    outer loop
      vertex 101.185 1.14516 2.8768
      vertex 102.031 1.10281 2.8768
      vertex 100.338 1.15929 2.8768
    endloop
  endfacet
  facet normal 0 0 -1
    outer loop
      vertex 100.338 1.15929 2.8768
      vertex 102.031 1.10281 2.8768
      vertex 102.875 1.03229 2.8768
    endloop
  endfacet
  facet normal 0 0 -1
    outer loop
      vertex 106.274 0.905289 2.8768
      vertex 106.373 0.918266 2.8768
      vertex 106.655 0.762001 2.8768
    endloop
  endfacet
  facet normal 0 0 -1
    outer loop
      vertex 106.655 0.762001 2.8768
      vertex 106.373 0.918266 2.8768
      vertex 106.464 0.956329 2.8768
    endloop
  endfacet
  facet normal 0 0 -1
    outer loop
      vertex 106.655 0.762001 2.8768
      vertex 106.464 0.956329 2.8768
      vertex 106.543 1.01688 2.8768
    endloop
  endfacet
  facet normal 0 0 -1
    outer loop
      vertex 106.543 1.01688 2.8768
      vertex 106.604 1.09579 2.8768
      vertex 106.655 0.762001 2.8768
    endloop
  endfacet
  facet normal 0 0 -1
    outer loop
      vertex 106.655 0.762001 2.8768
      vertex 106.604 1.09579 2.8768
      vertex 106.642 1.18768 2.8768
    endloop
  endfacet
  facet normal 0 0 -1
    outer loop
      vertex 106.655 0.762001 2.8768
      vertex 106.642 1.18768 2.8768
      vertex 106.655 1.28629 2.8768
    endloop
  endfacet
  facet normal -0 0 -1
    outer loop
      vertex 104.219 0.333473 2.8768
      vertex 103.02 0.304802 2.8768
      vertex 105.415 0.419373 2.8768
    endloop
  endfacet
  facet normal 0 0 -1
    outer loop
      vertex 105.415 0.419373 2.8768
      vertex 103.02 0.304802 2.8768
      vertex 90.4778 0.304802 2.8768
    endloop
  endfacet
  facet normal 0.213246 -0.976999 0
    outer loop
      vertex 109.195 0.762001 6.0264
      vertex 107.672 0.429581 6.0264
      vertex 109.195 0.762001 3.1816
    endloop
  endfacet
  facet normal 0.213242 -0.976999 -2.40403e-06
    outer loop
      vertex 109.195 0.762001 3.1816
      vertex 107.672 0.429581 6.0264
      vertex 107.672 0.429588 3.1816
    endloop
  endfacet
  facet normal 0.15286 -0.988248 -2.43171e-06
    outer loop
      vertex 107.672 0.429588 3.1816
      vertex 107.672 0.429581 6.0264
      vertex 106.131 0.191223 6.0264
    endloop
  endfacet
  facet normal 0.152864 -0.988247 0
    outer loop
      vertex 107.672 0.429588 3.1816
      vertex 106.131 0.191223 6.0264
      vertex 106.131 0.191223 3.1816
    endloop
  endfacet
  facet normal 0.0919184 -0.995767 0
    outer loop
      vertex 106.131 0.191223 3.1816
      vertex 106.131 0.191223 6.0264
      vertex 104.578 0.0478668 6.0264
    endloop
  endfacet
  facet normal 0.0919184 -0.995767 0
    outer loop
      vertex 106.131 0.191223 3.1816
      vertex 104.578 0.0478668 6.0264
      vertex 104.578 0.0478668 3.1816
    endloop
  endfacet
  facet normal 0.0307087 -0.999528 0
    outer loop
      vertex 104.578 0.0478668 3.1816
      vertex 104.578 0.0478668 6.0264
      vertex 103.02 0 6.0264
    endloop
  endfacet
  facet normal 0.0307087 -0.999528 0
    outer loop
      vertex 104.578 0.0478668 3.1816
      vertex 103.02 0 6.0264
      vertex 103.02 0 3.1816
    endloop
  endfacet
  facet normal -0 -1 -0
    outer loop
      vertex 103.02 0 6.0264
      vertex 90.4778 0 6.0264
      vertex 103.02 0 3.1816
    endloop
  endfacet
  facet normal 0 -1 0
    outer loop
      vertex 103.02 0 3.1816
      vertex 90.4778 0 6.0264
      vertex 90.4778 0 3.1816
    endloop
  endfacet
  facet normal 0 -1 0
    outer loop
      vertex 84.3038 0.762001 3.17021
      vertex 84.3064 0.762001 3.15904
      vertex 84.3029 0.762001 3.1816
    endloop
  endfacet
  facet normal 0 -1 0
    outer loop
      vertex 84.3029 0.762001 3.1816
      vertex 84.3064 0.762001 3.15904
      vertex 84.3157 0.762001 3.13814
    endloop
  endfacet
  facet normal -0.222419 -0.972748 -0.0655076
    outer loop
      vertex 84.3029 0.762001 3.1816
      vertex 84.3157 0.762001 3.13814
      vertex 85.3167 0.533066 3.13898
    endloop
  endfacet
  facet normal -0.217655 -0.952462 -0.213174
    outer loop
      vertex 85.3167 0.533066 3.13898
      vertex 84.3157 0.762001 3.13814
      vertex 85.3186 0.541985 3.09719
    endloop
  endfacet
  facet normal -0.174007 -0.961411 -0.2131
    outer loop
      vertex 85.3167 0.533066 3.13898
      vertex 85.3186 0.541985 3.09719
      vertex 86.5953 0.301651 3.13898
    endloop
  endfacet
  facet normal -0.17403 -0.961477 -0.212781
    outer loop
      vertex 86.5953 0.301651 3.13898
      vertex 85.3186 0.541985 3.09719
      vertex 86.5967 0.310646 3.09719
    endloop
  endfacet
  facet normal -0.124644 -0.969119 -0.212772
    outer loop
      vertex 86.5953 0.301651 3.13898
      vertex 86.5967 0.310646 3.09719
      vertex 87.8836 0.135956 3.13898
    endloop
  endfacet
  facet normal -0.12462 -0.969037 -0.21316
    outer loop
      vertex 87.8836 0.135956 3.13898
      vertex 86.5967 0.310646 3.09719
      vertex 87.8846 0.14502 3.09719
    endloop
  endfacet
  facet normal -0.0748849 -0.97416 -0.213081
    outer loop
      vertex 87.8836 0.135956 3.13898
      vertex 87.8846 0.14502 3.09719
      vertex 89.1791 0.0363693 3.13898
    endloop
  endfacet
  facet normal -0.074894 -0.974199 -0.2129
    outer loop
      vertex 89.1791 0.0363693 3.13898
      vertex 87.8846 0.14502 3.09719
      vertex 89.1796 0.0454636 3.09719
    endloop
  endfacet
  facet normal -0.0254829 -0.976749 -0.212864
    outer loop
      vertex 89.1791 0.0363693 3.13898
      vertex 89.1796 0.0454636 3.09719
      vertex 90.4778 0.0103912 3.10271
    endloop
  endfacet
  facet normal -0.0238837 -0.938335 -0.344901
    outer loop
      vertex 90.4778 0.0103912 3.10271
      vertex 89.1796 0.0454636 3.09719
      vertex 89.1803 0.0602036 3.05704
    endloop
  endfacet
  facet normal -0.0219935 -0.923656 -0.382592
    outer loop
      vertex 90.4778 0.0103912 3.10271
      vertex 89.1803 0.0602036 3.05704
      vertex 90.4778 0.0408401 3.0292
    endloop
  endfacet
  facet normal -0.0232494 -0.88249 -0.469756
    outer loop
      vertex 90.4778 0.0408401 3.0292
      vertex 89.1803 0.0602036 3.05704
      vertex 89.1813 0.0802612 3.01931
    endloop
  endfacet
  facet normal -0.0194737 -0.79317 -0.608689
    outer loop
      vertex 90.4778 0.0408401 3.0292
      vertex 89.1813 0.0802612 3.01931
      vertex 90.4778 0.0892792 2.96608
    endloop
  endfacet
  facet normal -0.0200509 -0.783472 -0.621104
    outer loop
      vertex 90.4778 0.0892792 2.96608
      vertex 89.1813 0.0802612 3.01931
      vertex 89.1834 0.122406 2.96608
    endloop
  endfacet
  facet normal -0.0167336 -0.653848 -0.75644
    outer loop
      vertex 90.4778 0.0892792 2.96608
      vertex 89.1834 0.122406 2.96608
      vertex 89.1851 0.154617 2.9382
    endloop
  endfacet
  facet normal -0.0501379 -0.652108 -0.756466
    outer loop
      vertex 89.1851 0.154617 2.9382
      vertex 89.1834 0.122406 2.96608
      vertex 87.8958 0.253746 2.9382
    endloop
  endfacet
  facet normal -0.0414697 -0.539367 -0.841049
    outer loop
      vertex 89.1851 0.154617 2.9382
      vertex 87.8958 0.253746 2.9382
      vertex 87.8995 0.289482 2.9151
    endloop
  endfacet
  facet normal -0.068997 -0.536523 -0.84106
    outer loop
      vertex 87.8995 0.289482 2.9151
      vertex 87.8958 0.253746 2.9382
      vertex 86.6187 0.454193 2.9151
    endloop
  endfacet
  facet normal -0.0535982 -0.416782 -0.907425
    outer loop
      vertex 87.8995 0.289482 2.9151
      vertex 86.6187 0.454193 2.9151
      vertex 86.6247 0.492546 2.89713
    endloop
  endfacet
  facet normal -0.0748365 -0.413466 -0.907439
    outer loop
      vertex 86.6247 0.492546 2.89713
      vertex 86.6187 0.454193 2.9151
      vertex 85.3561 0.72216 2.89713
    endloop
  endfacet
  facet normal -0.0543567 -0.300316 -0.95229
    outer loop
      vertex 86.6247 0.492546 2.89713
      vertex 85.3561 0.72216 2.89713
      vertex 85.2891 0.762001 2.88839
    endloop
  endfacet
  facet normal -0.0871158 -0.351023 -0.932306
    outer loop
      vertex 85.2891 0.762001 2.88839
      vertex 85.3561 0.72216 2.89713
      vertex 84.9308 0.762001 2.92187
    endloop
  endfacet
  facet normal -0.0912129 -0.410214 -0.907416
    outer loop
      vertex 84.9308 0.762001 2.92187
      vertex 85.3561 0.72216 2.89713
      vertex 85.3482 0.684166 2.9151
    endloop
  endfacet
  facet normal -0.112294 -0.529027 -0.841142
    outer loop
      vertex 84.9308 0.762001 2.92187
      vertex 85.3482 0.684166 2.9151
      vertex 85.3409 0.648987 2.9382
    endloop
  endfacet
  facet normal -0.0963424 -0.532286 -0.841065
    outer loop
      vertex 85.3409 0.648987 2.9382
      vertex 85.3482 0.684166 2.9151
      vertex 86.6133 0.418686 2.9382
    endloop
  endfacet
  facet normal -0.116487 -0.643582 -0.756461
    outer loop
      vertex 85.3409 0.648987 2.9382
      vertex 86.6133 0.418686 2.9382
      vertex 86.6084 0.386803 2.96608
    endloop
  endfacet
  facet normal -0.0834254 -0.648678 -0.756477
    outer loop
      vertex 86.6084 0.386803 2.96608
      vertex 86.6133 0.418686 2.9382
      vertex 87.8925 0.221657 2.96608
    endloop
  endfacet
  facet normal -0.0999726 -0.777341 -0.621085
    outer loop
      vertex 86.6084 0.386803 2.96608
      vertex 87.8925 0.221657 2.96608
      vertex 87.8882 0.17968 3.01931
    endloop
  endfacet
  facet normal -0.0600798 -0.781434 -0.621089
    outer loop
      vertex 87.8882 0.17968 3.01931
      vertex 87.8925 0.221657 2.96608
      vertex 89.1813 0.0802612 3.01931
    endloop
  endfacet
  facet normal -0.0676746 -0.880216 -0.469724
    outer loop
      vertex 87.8882 0.17968 3.01931
      vertex 89.1813 0.0802612 3.01931
      vertex 89.1803 0.0602036 3.05704
    endloop
  endfacet
  facet normal 0 -1 0
    outer loop
      vertex 84.3293 0.762001 3.11947
      vertex 84.3456 0.762001 3.10287
      vertex 84.3157 0.762001 3.13814
    endloop
  endfacet
  facet normal 0 -1 0
    outer loop
      vertex 84.3157 0.762001 3.13814
      vertex 84.3456 0.762001 3.10287
      vertex 84.3843 0.762001 3.07388
    endloop
  endfacet
  facet normal -0.217464 -0.948059 -0.232151
    outer loop
      vertex 84.3157 0.762001 3.13814
      vertex 84.3843 0.762001 3.07388
      vertex 85.3186 0.541985 3.09719
    endloop
  endfacet
  facet normal -0.206985 -0.915511 -0.344959
    outer loop
      vertex 85.3186 0.541985 3.09719
      vertex 84.3843 0.762001 3.07388
      vertex 85.3216 0.556435 3.05704
    endloop
  endfacet
  facet normal -0.167179 -0.923629 -0.344906
    outer loop
      vertex 85.3186 0.541985 3.09719
      vertex 85.3216 0.556435 3.05704
      vertex 86.5967 0.310646 3.09719
    endloop
  endfacet
  facet normal -0.167195 -0.923685 -0.344748
    outer loop
      vertex 86.5967 0.310646 3.09719
      vertex 85.3216 0.556435 3.05704
      vertex 86.5989 0.325233 3.05704
    endloop
  endfacet
  facet normal -0.119729 -0.931007 -0.344807
    outer loop
      vertex 86.5967 0.310646 3.09719
      vertex 86.5989 0.325233 3.05704
      vertex 87.8846 0.14502 3.09719
    endloop
  endfacet
  facet normal -0.119727 -0.930999 -0.344827
    outer loop
      vertex 87.8846 0.14502 3.09719
      vertex 86.5989 0.325233 3.05704
      vertex 87.8861 0.159698 3.05704
    endloop
  endfacet
  facet normal -0.0719498 -0.935902 -0.344834
    outer loop
      vertex 87.8846 0.14502 3.09719
      vertex 87.8861 0.159698 3.05704
      vertex 89.1796 0.0454636 3.09719
    endloop
  endfacet
  facet normal -0.0719492 -0.935898 -0.344844
    outer loop
      vertex 89.1796 0.0454636 3.09719
      vertex 87.8861 0.159698 3.05704
      vertex 89.1803 0.0602036 3.05704
    endloop
  endfacet
  facet normal -0.205597 -0.907416 -0.366506
    outer loop
      vertex 84.3843 0.762001 3.07388
      vertex 84.4258 0.762001 3.0506
      vertex 85.3216 0.556435 3.05704
    endloop
  endfacet
  facet normal -0.19423 -0.861121 -0.469834
    outer loop
      vertex 85.3216 0.556435 3.05704
      vertex 84.4258 0.762001 3.0506
      vertex 85.3257 0.576096 3.01931
    endloop
  endfacet
  facet normal -0.157239 -0.868681 -0.469754
    outer loop
      vertex 85.3216 0.556435 3.05704
      vertex 85.3257 0.576096 3.01931
      vertex 86.5989 0.325233 3.05704
    endloop
  endfacet
  facet normal -0.157215 -0.868589 -0.469933
    outer loop
      vertex 86.5989 0.325233 3.05704
      vertex 85.3257 0.576096 3.01931
      vertex 86.602 0.345085 3.01931
    endloop
  endfacet
  facet normal -0.112591 -0.875506 -0.469907
    outer loop
      vertex 86.5989 0.325233 3.05704
      vertex 86.602 0.345085 3.01931
      vertex 87.8861 0.159698 3.05704
    endloop
  endfacet
  facet normal -0.112588 -0.875493 -0.469932
    outer loop
      vertex 87.8861 0.159698 3.05704
      vertex 86.602 0.345085 3.01931
      vertex 87.8882 0.17968 3.01931
    endloop
  endfacet
  facet normal -0.0676618 -0.88013 -0.469887
    outer loop
      vertex 87.8861 0.159698 3.05704
      vertex 87.8882 0.17968 3.01931
      vertex 89.1803 0.0602036 3.05704
    endloop
  endfacet
  facet normal -0.189772 -0.830464 -0.523753
    outer loop
      vertex 84.4258 0.762001 3.0506
      vertex 84.6103 0.762001 2.98375
      vertex 85.3257 0.576096 3.01931
    endloop
  endfacet
  facet normal -0.168026 -0.765421 -0.621207
    outer loop
      vertex 85.3257 0.576096 3.01931
      vertex 84.6103 0.762001 2.98375
      vertex 85.3343 0.617409 2.96608
    endloop
  endfacet
  facet normal -0.139588 -0.771201 -0.621099
    outer loop
      vertex 85.3257 0.576096 3.01931
      vertex 85.3343 0.617409 2.96608
      vertex 86.602 0.345085 3.01931
    endloop
  endfacet
  facet normal -0.139575 -0.771155 -0.621159
    outer loop
      vertex 86.602 0.345085 3.01931
      vertex 85.3343 0.617409 2.96608
      vertex 86.6084 0.386803 2.96608
    endloop
  endfacet
  facet normal -0.099956 -0.777264 -0.621184
    outer loop
      vertex 86.602 0.345085 3.01931
      vertex 86.6084 0.386803 2.96608
      vertex 87.8882 0.17968 3.01931
    endloop
  endfacet
  facet normal -0.145927 -0.638321 -0.755812
    outer loop
      vertex 84.6103 0.762001 2.98375
      vertex 84.9308 0.762001 2.92187
      vertex 85.3343 0.617409 2.96608
    endloop
  endfacet
  facet normal -0.145563 -0.637529 -0.75655
    outer loop
      vertex 85.3343 0.617409 2.96608
      vertex 84.9308 0.762001 2.92187
      vertex 85.3409 0.648987 2.9382
    endloop
  endfacet
  facet normal -0.11648 -0.643552 -0.756487
    outer loop
      vertex 85.3343 0.617409 2.96608
      vertex 85.3409 0.648987 2.9382
      vertex 86.6084 0.386803 2.96608
    endloop
  endfacet
  facet normal -0.0518215 -0.28788 -0.956263
    outer loop
      vertex 86.6247 0.492546 2.89713
      vertex 85.2891 0.762001 2.88839
      vertex 86.631 0.532967 2.88462
    endloop
  endfacet
  facet normal -0.0272859 -0.143583 -0.989262
    outer loop
      vertex 86.631 0.532967 2.88462
      vertex 85.2891 0.762001 2.88839
      vertex 85.7093 0.762001 2.8768
    endloop
  endfacet
  facet normal -0.0178822 -0.105909 -0.994215
    outer loop
      vertex 86.631 0.532967 2.88462
      vertex 85.7093 0.762001 2.8768
      vertex 86.8919 0.562325 2.8768
    endloop
  endfacet
  facet normal -0.0158616 -0.12334 -0.992238
    outer loop
      vertex 86.631 0.532967 2.88462
      vertex 86.8919 0.562325 2.8768
      vertex 87.9077 0.368782 2.88462
    endloop
  endfacet
  facet normal -0.0130357 -0.10858 -0.994002
    outer loop
      vertex 87.9077 0.368782 2.88462
      vertex 86.8919 0.562325 2.8768
      vertex 88.0826 0.419373 2.8768
    endloop
  endfacet
  facet normal -0.00931949 -0.121208 -0.992583
    outer loop
      vertex 87.9077 0.368782 2.88462
      vertex 88.0826 0.419373 2.8768
      vertex 89.191 0.270111 2.88462
    endloop
  endfacet
  facet normal -0.00801007 -0.111544 -0.993727
    outer loop
      vertex 89.191 0.270111 2.88462
      vertex 88.0826 0.419373 2.8768
      vertex 89.2788 0.333473 2.8768
    endloop
  endfacet
  facet normal -0.00283639 -0.118616 -0.992936
    outer loop
      vertex 89.191 0.270111 2.88462
      vertex 89.2788 0.333473 2.8768
      vertex 90.4778 0.304802 2.8768
    endloop
  endfacet
  facet normal -0.00250478 -0.130578 -0.991435
    outer loop
      vertex 90.4778 0.304802 2.8768
      vertex 90.4778 0.225914 2.88719
      vertex 89.191 0.270111 2.88462
    endloop
  endfacet
  facet normal -0.00813446 -0.29244 -0.956249
    outer loop
      vertex 89.191 0.270111 2.88462
      vertex 90.4778 0.225914 2.88719
      vertex 89.1889 0.229263 2.89713
    endloop
  endfacet
  facet normal -0.0224287 -0.291704 -0.956246
    outer loop
      vertex 89.191 0.270111 2.88462
      vertex 89.1889 0.229263 2.89713
      vertex 87.9077 0.368782 2.88462
    endloop
  endfacet
  facet normal -0.0224226 -0.291649 -0.956262
    outer loop
      vertex 87.9077 0.368782 2.88462
      vertex 89.1889 0.229263 2.89713
      vertex 87.9035 0.328087 2.89713
    endloop
  endfacet
  facet normal -0.0373089 -0.290114 -0.956265
    outer loop
      vertex 87.9077 0.368782 2.88462
      vertex 87.9035 0.328087 2.89713
      vertex 86.631 0.532967 2.88462
    endloop
  endfacet
  facet normal -0.0373131 -0.290139 -0.956257
    outer loop
      vertex 86.631 0.532967 2.88462
      vertex 87.9035 0.328087 2.89713
      vertex 86.6247 0.492546 2.89713
    endloop
  endfacet
  facet normal -0.00811903 -0.382688 -0.923842
    outer loop
      vertex 90.4778 0.225914 2.88719
      vertex 90.4778 0.152405 2.91764
      vertex 89.1889 0.229263 2.89713
    endloop
  endfacet
  facet normal -0.0106111 -0.420097 -0.907417
    outer loop
      vertex 89.1889 0.229263 2.89713
      vertex 90.4778 0.152405 2.91764
      vertex 89.1869 0.190498 2.9151
    endloop
  endfacet
  facet normal -0.0322123 -0.418985 -0.907422
    outer loop
      vertex 89.1889 0.229263 2.89713
      vertex 89.1869 0.190498 2.9151
      vertex 87.9035 0.328087 2.89713
    endloop
  endfacet
  facet normal -0.0322186 -0.41904 -0.907396
    outer loop
      vertex 87.9035 0.328087 2.89713
      vertex 89.1869 0.190498 2.9151
      vertex 87.8995 0.289482 2.9151
    endloop
  endfacet
  facet normal -0.0536057 -0.416827 -0.907404
    outer loop
      vertex 87.9035 0.328087 2.89713
      vertex 87.8995 0.289482 2.9151
      vertex 86.6247 0.492546 2.89713
    endloop
  endfacet
  facet normal -0.0143021 -0.540753 -0.84106
    outer loop
      vertex 89.1869 0.190498 2.9151
      vertex 90.4778 0.152405 2.91764
      vertex 89.1851 0.154617 2.9382
    endloop
  endfacet
  facet normal -0.0136583 -0.608719 -0.793268
    outer loop
      vertex 89.1851 0.154617 2.9382
      vertex 90.4778 0.152405 2.91764
      vertex 90.4778 0.0892792 2.96608
    endloop
  endfacet
  facet normal -0.0234725 -0.991163 -0.130554
    outer loop
      vertex 90.4778 0.0103912 3.10271
      vertex 90.4778 0 3.1816
      vertex 89.1791 0.0363693 3.13898
    endloop
  endfacet
  facet normal -0.0305968 -0.996139 0.0822884
    outer loop
      vertex 89.1791 0.0363693 3.13898
      vertex 90.4778 0 3.1816
      vertex 88.9194 0.0478668 3.1816
    endloop
  endfacet
  facet normal -0.0751847 -0.978061 -0.19428
    outer loop
      vertex 89.1791 0.0363693 3.13898
      vertex 88.9194 0.0478668 3.1816
      vertex 87.8836 0.135956 3.13898
    endloop
  endfacet
  facet normal -0.0905478 -0.980603 0.173837
    outer loop
      vertex 87.8836 0.135956 3.13898
      vertex 88.9194 0.0478668 3.1816
      vertex 87.3669 0.191223 3.1816
    endloop
  endfacet
  facet normal -0.123449 -0.959829 -0.251972
    outer loop
      vertex 87.8836 0.135956 3.13898
      vertex 87.3669 0.191223 3.1816
      vertex 86.5953 0.301651 3.13898
    endloop
  endfacet
  facet normal -0.149705 -0.967635 0.203151
    outer loop
      vertex 86.5953 0.301651 3.13898
      vertex 87.3669 0.191223 3.1816
      vertex 85.8262 0.429588 3.1816
    endloop
  endfacet
  facet normal -0.172365 -0.95234 -0.251673
    outer loop
      vertex 86.5953 0.301651 3.13898
      vertex 85.8262 0.429588 3.1816
      vertex 85.3167 0.533066 3.13898
    endloop
  endfacet
  facet normal -0.209952 -0.962117 0.173926
    outer loop
      vertex 85.3167 0.533066 3.13898
      vertex 85.8262 0.429588 3.1816
      vertex 84.3029 0.762001 3.1816
    endloop
  endfacet
  facet normal -0.0963785 -0.532449 -0.840957
    outer loop
      vertex 86.6133 0.418686 2.9382
      vertex 85.3482 0.684166 2.9151
      vertex 86.6187 0.454193 2.9151
    endloop
  endfacet
  facet normal -0.0748648 -0.413595 -0.907378
    outer loop
      vertex 86.6187 0.454193 2.9151
      vertex 85.3482 0.684166 2.9151
      vertex 85.3561 0.72216 2.89713
    endloop
  endfacet
  facet normal -0.0834249 -0.648675 -0.756479
    outer loop
      vertex 87.8925 0.221657 2.96608
      vertex 86.6133 0.418686 2.9382
      vertex 87.8958 0.253746 2.9382
    endloop
  endfacet
  facet normal -0.0690152 -0.536632 -0.84099
    outer loop
      vertex 87.8958 0.253746 2.9382
      vertex 86.6133 0.418686 2.9382
      vertex 86.6187 0.454193 2.9151
    endloop
  endfacet
  facet normal -0.041471 -0.539378 -0.841042
    outer loop
      vertex 89.1851 0.154617 2.9382
      vertex 87.8995 0.289482 2.9151
      vertex 89.1869 0.190498 2.9151
    endloop
  endfacet
  facet normal -0.0600814 -0.781443 -0.621077
    outer loop
      vertex 89.1813 0.0802612 3.01931
      vertex 87.8925 0.221657 2.96608
      vertex 89.1834 0.122406 2.96608
    endloop
  endfacet
  facet normal -0.0501365 -0.652096 -0.756477
    outer loop
      vertex 89.1834 0.122406 2.96608
      vertex 87.8925 0.221657 2.96608
      vertex 87.8958 0.253746 2.9382
    endloop
  endfacet
  facet normal 0.0178819 -0.105853 -0.994221
    outer loop
      vertex 106.606 0.562325 2.8768
      vertex 107.788 0.762001 2.8768
      vertex 106.867 0.532967 2.88462
    endloop
  endfacet
  facet normal 0.0335639 -0.168604 -0.985112
    outer loop
      vertex 106.867 0.532967 2.88462
      vertex 107.788 0.762001 2.8768
      vertex 108.294 0.762001 2.89404
    endloop
  endfacet
  facet normal 0.0525552 -0.28812 -0.956151
    outer loop
      vertex 106.867 0.532967 2.88462
      vertex 108.294 0.762001 2.89404
      vertex 106.873 0.492546 2.89713
    endloop
  endfacet
  facet normal 0.0439159 -0.242709 -0.969105
    outer loop
      vertex 106.873 0.492546 2.89713
      vertex 108.294 0.762001 2.89404
      vertex 108.142 0.72216 2.89713
    endloop
  endfacet
  facet normal 0.0747966 -0.413376 -0.907483
    outer loop
      vertex 106.873 0.492546 2.89713
      vertex 108.142 0.72216 2.89713
      vertex 108.15 0.684158 2.9151
    endloop
  endfacet
  facet normal 0.0891186 -0.41039 -0.907545
    outer loop
      vertex 108.15 0.684158 2.9151
      vertex 108.142 0.72216 2.89713
      vertex 108.294 0.762001 2.89404
    endloop
  endfacet
  facet normal 0.106455 -0.43838 -0.892463
    outer loop
      vertex 108.15 0.684158 2.9151
      vertex 108.294 0.762001 2.89404
      vertex 108.698 0.762001 2.94223
    endloop
  endfacet
  facet normal 0.168069 -0.729978 -0.662484
    outer loop
      vertex 108.993 0.762001 3.01707
      vertex 108.164 0.617409 2.96608
      vertex 108.698 0.762001 2.94223
    endloop
  endfacet
  facet normal 0.138909 -0.637951 -0.757445
    outer loop
      vertex 108.698 0.762001 2.94223
      vertex 108.164 0.617409 2.96608
      vertex 108.157 0.648987 2.9382
    endloop
  endfacet
  facet normal 0.116744 -0.528881 -0.840628
    outer loop
      vertex 108.698 0.762001 2.94223
      vertex 108.157 0.648987 2.9382
      vertex 108.15 0.684158 2.9151
    endloop
  endfacet
  facet normal 0.0964253 -0.532936 -0.840644
    outer loop
      vertex 108.15 0.684158 2.9151
      vertex 108.157 0.648987 2.9382
      vertex 106.879 0.454193 2.9151
    endloop
  endfacet
  facet normal 0.0748101 -0.41347 -0.907439
    outer loop
      vertex 108.15 0.684158 2.9151
      vertex 106.879 0.454193 2.9151
      vertex 106.873 0.492546 2.89713
    endloop
  endfacet
  facet normal 0.0535916 -0.416783 -0.907425
    outer loop
      vertex 106.873 0.492546 2.89713
      vertex 106.879 0.454193 2.9151
      vertex 105.594 0.328087 2.89713
    endloop
  endfacet
  facet normal 0.0373253 -0.29028 -0.956214
    outer loop
      vertex 106.873 0.492546 2.89713
      vertex 105.594 0.328087 2.89713
      vertex 105.59 0.368782 2.88462
    endloop
  endfacet
  facet normal 0.0224374 -0.291749 -0.956232
    outer loop
      vertex 105.59 0.368782 2.88462
      vertex 105.594 0.328087 2.89713
      vertex 104.307 0.270111 2.88462
    endloop
  endfacet
  facet normal 0.00932011 -0.121188 -0.992586
    outer loop
      vertex 105.59 0.368782 2.88462
      vertex 104.307 0.270111 2.88462
      vertex 105.415 0.419373 2.8768
    endloop
  endfacet
  facet normal 0.00800966 -0.11152 -0.99373
    outer loop
      vertex 105.415 0.419373 2.8768
      vertex 104.307 0.270111 2.88462
      vertex 104.219 0.333473 2.8768
    endloop
  endfacet
  facet normal 0.00283618 -0.118607 -0.992937
    outer loop
      vertex 104.219 0.333473 2.8768
      vertex 104.307 0.270111 2.88462
      vertex 103.02 0.304802 2.8768
    endloop
  endfacet
  facet normal 0.00250439 -0.130578 -0.991435
    outer loop
      vertex 103.02 0.304802 2.8768
      vertex 104.307 0.270111 2.88462
      vertex 103.02 0.225914 2.88719
    endloop
  endfacet
  facet normal 0.00813383 -0.292458 -0.956244
    outer loop
      vertex 103.02 0.225914 2.88719
      vertex 104.307 0.270111 2.88462
      vertex 104.309 0.229263 2.89713
    endloop
  endfacet
  facet normal 0.0081184 -0.382688 -0.923842
    outer loop
      vertex 103.02 0.225914 2.88719
      vertex 104.309 0.229263 2.89713
      vertex 103.02 0.152405 2.91764
    endloop
  endfacet
  facet normal 0.0106103 -0.420097 -0.907417
    outer loop
      vertex 103.02 0.152405 2.91764
      vertex 104.309 0.229263 2.89713
      vertex 104.311 0.190498 2.9151
    endloop
  endfacet
  facet normal 0.0142993 -0.540696 -0.841096
    outer loop
      vertex 103.02 0.152405 2.91764
      vertex 104.311 0.190498 2.9151
      vertex 104.313 0.154617 2.9382
    endloop
  endfacet
  facet normal 0.0414676 -0.539215 -0.841147
    outer loop
      vertex 104.313 0.154617 2.9382
      vertex 104.311 0.190498 2.9151
      vertex 105.602 0.253746 2.9382
    endloop
  endfacet
  facet normal 0.0501691 -0.652361 -0.756246
    outer loop
      vertex 104.313 0.154617 2.9382
      vertex 105.602 0.253746 2.9382
      vertex 105.605 0.221657 2.96608
    endloop
  endfacet
  facet normal 0.0834881 -0.649115 -0.756095
    outer loop
      vertex 105.605 0.221657 2.96608
      vertex 105.602 0.253746 2.9382
      vertex 106.889 0.386803 2.96608
    endloop
  endfacet
  facet normal 0.0999002 -0.776718 -0.621875
    outer loop
      vertex 105.605 0.221657 2.96608
      vertex 106.889 0.386803 2.96608
      vertex 106.896 0.345085 3.01931
    endloop
  endfacet
  facet normal 0.139475 -0.770395 -0.622124
    outer loop
      vertex 106.896 0.345085 3.01931
      vertex 106.889 0.386803 2.96608
      vertex 108.172 0.576096 3.01931
    endloop
  endfacet
  facet normal 0.157299 -0.868846 -0.469429
    outer loop
      vertex 106.896 0.345085 3.01931
      vertex 108.172 0.576096 3.01931
      vertex 108.176 0.556435 3.05704
    endloop
  endfacet
  facet normal 0.193781 -0.861439 -0.469438
    outer loop
      vertex 108.176 0.556435 3.05704
      vertex 108.172 0.576096 3.01931
      vertex 108.993 0.762001 3.01707
    endloop
  endfacet
  facet normal 0.201989 -0.88454 -0.420464
    outer loop
      vertex 108.176 0.556435 3.05704
      vertex 108.993 0.762001 3.01707
      vertex 109.119 0.762001 3.0776
    endloop
  endfacet
  facet normal 0.20709 -0.915488 -0.344958
    outer loop
      vertex 108.176 0.556435 3.05704
      vertex 109.119 0.762001 3.0776
      vertex 108.179 0.541985 3.09719
    endloop
  endfacet
  facet normal 0.212106 -0.932291 -0.292992
    outer loop
      vertex 108.179 0.541985 3.09719
      vertex 109.119 0.762001 3.0776
      vertex 109.147 0.762001 3.09787
    endloop
  endfacet
  facet normal 0.216851 -0.953427 -0.20965
    outer loop
      vertex 108.179 0.541985 3.09719
      vertex 109.147 0.762001 3.09787
      vertex 109.17 0.762001 3.12166
    endloop
  endfacet
  facet normal 0.216757 -0.952555 -0.213672
    outer loop
      vertex 108.179 0.541985 3.09719
      vertex 109.17 0.762001 3.12166
      vertex 108.181 0.533066 3.13898
    endloop
  endfacet
  facet normal 0.219745 -0.961696 -0.163867
    outer loop
      vertex 108.181 0.533066 3.13898
      vertex 109.17 0.762001 3.12166
      vertex 109.18 0.762001 3.13507
    endloop
  endfacet
  facet normal 0.221283 -0.967674 -0.121002
    outer loop
      vertex 108.181 0.533066 3.13898
      vertex 109.18 0.762001 3.13507
      vertex 109.188 0.762001 3.1497
    endloop
  endfacet
  facet normal 0.221846 -0.972496 -0.0709681
    outer loop
      vertex 109.188 0.762001 3.1497
      vertex 109.193 0.762001 3.16533
      vertex 108.181 0.533066 3.13898
    endloop
  endfacet
  facet normal 0.211243 -0.956793 0.19981
    outer loop
      vertex 108.181 0.533066 3.13898
      vertex 109.193 0.762001 3.16533
      vertex 107.672 0.429588 3.1816
    endloop
  endfacet
  facet normal 0.172397 -0.952073 -0.252658
    outer loop
      vertex 108.181 0.533066 3.13898
      vertex 107.672 0.429588 3.1816
      vertex 106.903 0.301651 3.13898
    endloop
  endfacet
  facet normal 0.14965 -0.967467 0.203993
    outer loop
      vertex 106.903 0.301651 3.13898
      vertex 107.672 0.429588 3.1816
      vertex 106.131 0.191223 3.1816
    endloop
  endfacet
  facet normal 0.123381 -0.959823 -0.252026
    outer loop
      vertex 106.903 0.301651 3.13898
      vertex 106.131 0.191223 3.1816
      vertex 105.614 0.135956 3.13898
    endloop
  endfacet
  facet normal 0.0905234 -0.980654 0.173562
    outer loop
      vertex 105.614 0.135956 3.13898
      vertex 106.131 0.191223 3.1816
      vertex 104.578 0.0478668 3.1816
    endloop
  endfacet
  facet normal 0.075229 -0.978259 -0.193261
    outer loop
      vertex 105.614 0.135956 3.13898
      vertex 104.578 0.0478668 3.1816
      vertex 104.319 0.0363693 3.13898
    endloop
  endfacet
  facet normal 0.0306034 -0.996101 0.08274
    outer loop
      vertex 104.319 0.0363693 3.13898
      vertex 104.578 0.0478668 3.1816
      vertex 103.02 0 3.1816
    endloop
  endfacet
  facet normal 0.0234671 -0.991163 -0.130554
    outer loop
      vertex 104.319 0.0363693 3.13898
      vertex 103.02 0 3.1816
      vertex 103.02 0.0103912 3.10271
    endloop
  endfacet
  facet normal 0.213169 -0.976664 -0.0262039
    outer loop
      vertex 109.193 0.762001 3.16533
      vertex 109.195 0.762001 3.1816
      vertex 107.672 0.429588 3.1816
    endloop
  endfacet
  facet normal 0.021985 -0.923656 -0.382592
    outer loop
      vertex 103.02 0.0408401 3.0292
      vertex 104.318 0.0602036 3.05704
      vertex 103.02 0.0103912 3.10271
    endloop
  endfacet
  facet normal 0.0238926 -0.93847 -0.344534
    outer loop
      vertex 103.02 0.0103912 3.10271
      vertex 104.318 0.0602036 3.05704
      vertex 104.318 0.0454636 3.09719
    endloop
  endfacet
  facet normal 0.0254839 -0.976686 -0.213155
    outer loop
      vertex 103.02 0.0103912 3.10271
      vertex 104.318 0.0454636 3.09719
      vertex 104.319 0.0363693 3.13898
    endloop
  endfacet
  facet normal 0.0749024 -0.974011 -0.213756
    outer loop
      vertex 104.319 0.0363693 3.13898
      vertex 104.318 0.0454636 3.09719
      vertex 105.614 0.135956 3.13898
    endloop
  endfacet
  facet normal 0.0232469 -0.882235 -0.470236
    outer loop
      vertex 104.318 0.0602036 3.05704
      vertex 103.02 0.0408401 3.0292
      vertex 104.316 0.0802612 3.01931
    endloop
  endfacet
  facet normal 0.0194812 -0.79317 -0.608689
    outer loop
      vertex 104.316 0.0802612 3.01931
      vertex 103.02 0.0408401 3.0292
      vertex 103.02 0.0892792 2.96608
    endloop
  endfacet
  facet normal 0.0200576 -0.78349 -0.621081
    outer loop
      vertex 104.316 0.0802612 3.01931
      vertex 103.02 0.0892792 2.96608
      vertex 104.314 0.122406 2.96608
    endloop
  endfacet
  facet normal 0.016744 -0.654056 -0.756261
    outer loop
      vertex 104.314 0.122406 2.96608
      vertex 103.02 0.0892792 2.96608
      vertex 104.313 0.154617 2.9382
    endloop
  endfacet
  facet normal 0.0501813 -0.65273 -0.755927
    outer loop
      vertex 104.314 0.122406 2.96608
      vertex 104.313 0.154617 2.9382
      vertex 105.605 0.221657 2.96608
    endloop
  endfacet
  facet normal 0.0136551 -0.608719 -0.793268
    outer loop
      vertex 103.02 0.0892792 2.96608
      vertex 103.02 0.152405 2.91764
      vertex 104.313 0.154617 2.9382
    endloop
  endfacet
  facet normal 0.0130313 -0.108569 -0.994003
    outer loop
      vertex 105.415 0.419373 2.8768
      vertex 106.606 0.562325 2.8768
      vertex 105.59 0.368782 2.88462
    endloop
  endfacet
  facet normal 0.0158567 -0.12333 -0.992239
    outer loop
      vertex 105.59 0.368782 2.88462
      vertex 106.606 0.562325 2.8768
      vertex 106.867 0.532967 2.88462
    endloop
  endfacet
  facet normal 0.0373355 -0.290389 -0.95618
    outer loop
      vertex 105.59 0.368782 2.88462
      vertex 106.867 0.532967 2.88462
      vertex 106.873 0.492546 2.89713
    endloop
  endfacet
  facet normal 0.174015 -0.961321 -0.213497
    outer loop
      vertex 108.179 0.541985 3.09719
      vertex 108.181 0.533066 3.13898
      vertex 106.901 0.310646 3.09719
    endloop
  endfacet
  facet normal 0.174005 -0.960951 -0.215165
    outer loop
      vertex 106.901 0.310646 3.09719
      vertex 108.181 0.533066 3.13898
      vertex 106.903 0.301651 3.13898
    endloop
  endfacet
  facet normal 0.124573 -0.968752 -0.214479
    outer loop
      vertex 106.901 0.310646 3.09719
      vertex 106.903 0.301651 3.13898
      vertex 105.613 0.14502 3.09719
    endloop
  endfacet
  facet normal 0.124566 -0.969044 -0.213161
    outer loop
      vertex 105.613 0.14502 3.09719
      vertex 106.903 0.301651 3.13898
      vertex 105.614 0.135956 3.13898
    endloop
  endfacet
  facet normal 0.074891 -0.97416 -0.213082
    outer loop
      vertex 105.613 0.14502 3.09719
      vertex 105.614 0.135956 3.13898
      vertex 104.318 0.0454636 3.09719
    endloop
  endfacet
  facet normal 0.167222 -0.923621 -0.344906
    outer loop
      vertex 108.176 0.556435 3.05704
      vertex 108.179 0.541985 3.09719
      vertex 106.899 0.325233 3.05704
    endloop
  endfacet
  facet normal 0.16725 -0.923949 -0.344014
    outer loop
      vertex 106.899 0.325233 3.05704
      vertex 108.179 0.541985 3.09719
      vertex 106.901 0.310646 3.09719
    endloop
  endfacet
  facet normal 0.119771 -0.931196 -0.344281
    outer loop
      vertex 106.899 0.325233 3.05704
      vertex 106.901 0.310646 3.09719
      vertex 105.612 0.159698 3.05704
    endloop
  endfacet
  facet normal 0.11978 -0.931478 -0.343512
    outer loop
      vertex 105.612 0.159698 3.05704
      vertex 106.901 0.310646 3.09719
      vertex 105.613 0.14502 3.09719
    endloop
  endfacet
  facet normal 0.0719827 -0.93619 -0.344044
    outer loop
      vertex 105.612 0.159698 3.05704
      vertex 105.613 0.14502 3.09719
      vertex 104.318 0.0602036 3.05704
    endloop
  endfacet
  facet normal 0.0719806 -0.936303 -0.343739
    outer loop
      vertex 104.318 0.0602036 3.05704
      vertex 105.613 0.14502 3.09719
      vertex 104.318 0.0454636 3.09719
    endloop
  endfacet
  facet normal 0.157288 -0.868751 -0.469608
    outer loop
      vertex 108.176 0.556435 3.05704
      vertex 106.899 0.325233 3.05704
      vertex 106.896 0.345085 3.01931
    endloop
  endfacet
  facet normal 0.112623 -0.875627 -0.469674
    outer loop
      vertex 106.896 0.345085 3.01931
      vertex 106.899 0.325233 3.05704
      vertex 105.61 0.17968 3.01931
    endloop
  endfacet
  facet normal 0.0998997 -0.776706 -0.621891
    outer loop
      vertex 106.896 0.345085 3.01931
      vertex 105.61 0.17968 3.01931
      vertex 105.605 0.221657 2.96608
    endloop
  endfacet
  facet normal 0.0600465 -0.781051 -0.621574
    outer loop
      vertex 105.605 0.221657 2.96608
      vertex 105.61 0.17968 3.01931
      vertex 104.314 0.122406 2.96608
    endloop
  endfacet
  facet normal 0.112622 -0.875613 -0.469699
    outer loop
      vertex 105.61 0.17968 3.01931
      vertex 106.899 0.325233 3.05704
      vertex 105.612 0.159698 3.05704
    endloop
  endfacet
  facet normal 0.116369 -0.642732 -0.757201
    outer loop
      vertex 108.157 0.648987 2.9382
      vertex 108.164 0.617409 2.96608
      vertex 106.885 0.418686 2.9382
    endloop
  endfacet
  facet normal 0.116737 -0.645428 -0.754847
    outer loop
      vertex 106.885 0.418686 2.9382
      vertex 108.164 0.617409 2.96608
      vertex 106.889 0.386803 2.96608
    endloop
  endfacet
  facet normal 0.0835634 -0.650005 -0.755322
    outer loop
      vertex 106.885 0.418686 2.9382
      vertex 106.889 0.386803 2.96608
      vertex 105.602 0.253746 2.9382
    endloop
  endfacet
  facet normal 0.0961988 -0.531326 -0.841688
    outer loop
      vertex 108.157 0.648987 2.9382
      vertex 106.885 0.418686 2.9382
      vertex 106.879 0.454193 2.9151
    endloop
  endfacet
  facet normal 0.0688965 -0.535826 -0.841513
    outer loop
      vertex 106.879 0.454193 2.9151
      vertex 106.885 0.418686 2.9382
      vertex 105.598 0.289482 2.9151
    endloop
  endfacet
  facet normal 0.0535958 -0.416828 -0.907404
    outer loop
      vertex 106.879 0.454193 2.9151
      vertex 105.598 0.289482 2.9151
      vertex 105.594 0.328087 2.89713
    endloop
  endfacet
  facet normal 0.0322265 -0.419039 -0.907396
    outer loop
      vertex 105.594 0.328087 2.89713
      vertex 105.598 0.289482 2.9151
      vertex 104.309 0.229263 2.89713
    endloop
  endfacet
  facet normal 0.0224376 -0.291754 -0.95623
    outer loop
      vertex 105.594 0.328087 2.89713
      vertex 104.309 0.229263 2.89713
      vertex 104.307 0.270111 2.88462
    endloop
  endfacet
  facet normal 0.0689228 -0.536122 -0.841322
    outer loop
      vertex 105.598 0.289482 2.9151
      vertex 106.885 0.418686 2.9382
      vertex 105.602 0.253746 2.9382
    endloop
  endfacet
  facet normal 0.171668 -0.765595 -0.619996
    outer loop
      vertex 108.993 0.762001 3.01707
      vertex 108.172 0.576096 3.01931
      vertex 108.164 0.617409 2.96608
    endloop
  endfacet
  facet normal 0.139625 -0.771974 -0.62013
    outer loop
      vertex 108.164 0.617409 2.96608
      vertex 108.172 0.576096 3.01931
      vertex 106.889 0.386803 2.96608
    endloop
  endfacet
  facet normal 0.0676218 -0.879473 -0.47112
    outer loop
      vertex 104.318 0.0602036 3.05704
      vertex 104.316 0.0802612 3.01931
      vertex 105.612 0.159698 3.05704
    endloop
  endfacet
  facet normal 0.0676268 -0.880207 -0.469747
    outer loop
      vertex 105.612 0.159698 3.05704
      vertex 104.316 0.0802612 3.01931
      vertex 105.61 0.17968 3.01931
    endloop
  endfacet
  facet normal 0.0600432 -0.781501 -0.621008
    outer loop
      vertex 104.316 0.0802612 3.01931
      vertex 104.314 0.122406 2.96608
      vertex 105.61 0.17968 3.01931
    endloop
  endfacet
  facet normal 0.0322243 -0.418984 -0.907422
    outer loop
      vertex 104.309 0.229263 2.89713
      vertex 105.598 0.289482 2.9151
      vertex 104.311 0.190498 2.9151
    endloop
  endfacet
  facet normal 0.0414641 -0.539121 -0.841207
    outer loop
      vertex 104.311 0.190498 2.9151
      vertex 105.598 0.289482 2.9151
      vertex 105.602 0.253746 2.9382
    endloop
  endfacet
  facet normal 0 -0.991437 -0.13059
    outer loop
      vertex 90.4778 0.0103912 3.10271
      vertex 92.0456 0.0103912 3.10271
      vertex 90.4778 0 3.1816
    endloop
  endfacet
  facet normal 0 -0.991437 -0.13059
    outer loop
      vertex 90.4778 0 3.1816
      vertex 92.0456 0.0103912 3.10271
      vertex 93.6133 0.0103912 3.10271
    endloop
  endfacet
  facet normal 0 -0.991437 -0.13059
    outer loop
      vertex 90.4778 0 3.1816
      vertex 93.6133 0.0103912 3.10271
      vertex 95.1811 0.0103912 3.10271
    endloop
  endfacet
  facet normal -0 -0.923879 -0.382684
    outer loop
      vertex 95.1811 0.0103912 3.10271
      vertex 93.6133 0.0103912 3.10271
      vertex 95.1811 0.0408401 3.0292
    endloop
  endfacet
  facet normal 0 -0.923879 -0.382684
    outer loop
      vertex 95.1811 0.0103912 3.10271
      vertex 95.1811 0.0408401 3.0292
      vertex 96.7489 0.0408401 3.0292
    endloop
  endfacet
  facet normal -0 -0.79332 -0.608804
    outer loop
      vertex 96.7489 0.0408401 3.0292
      vertex 95.1811 0.0408401 3.0292
      vertex 96.7489 0.0892792 2.96608
    endloop
  endfacet
  facet normal 0 -0.79332 -0.608804
    outer loop
      vertex 96.7489 0.0408401 3.0292
      vertex 96.7489 0.0892792 2.96608
      vertex 98.3167 0.0892792 2.96608
    endloop
  endfacet
  facet normal -0 -0.608776 -0.793342
    outer loop
      vertex 98.3167 0.0892792 2.96608
      vertex 96.7489 0.0892792 2.96608
      vertex 98.3167 0.152405 2.91764
    endloop
  endfacet
  facet normal 0 -0.608776 -0.793342
    outer loop
      vertex 98.3167 0.0892792 2.96608
      vertex 98.3167 0.152405 2.91764
      vertex 99.8845 0.152405 2.91764
    endloop
  endfacet
  facet normal -0 -0.3827 -0.923873
    outer loop
      vertex 99.8845 0.152405 2.91764
      vertex 98.3167 0.152405 2.91764
      vertex 99.8845 0.225914 2.88719
    endloop
  endfacet
  facet normal 0 -0.3827 -0.923873
    outer loop
      vertex 99.8845 0.152405 2.91764
      vertex 99.8845 0.225914 2.88719
      vertex 101.452 0.225914 2.88719
    endloop
  endfacet
  facet normal -0 -0.130578 -0.991438
    outer loop
      vertex 101.452 0.225914 2.88719
      vertex 99.8845 0.225914 2.88719
      vertex 103.02 0.304802 2.8768
    endloop
  endfacet
  facet normal 0 -0.130578 -0.991438
    outer loop
      vertex 101.452 0.225914 2.88719
      vertex 103.02 0.304802 2.8768
      vertex 103.02 0.225914 2.88719
    endloop
  endfacet
  facet normal -0 -0.923879 -0.382684
    outer loop
      vertex 92.0456 0.0103912 3.10271
      vertex 90.4778 0.0103912 3.10271
      vertex 92.0456 0.0408401 3.0292
    endloop
  endfacet
  facet normal -0 -0.923879 -0.382684
    outer loop
      vertex 92.0456 0.0408401 3.0292
      vertex 90.4778 0.0103912 3.10271
      vertex 90.4778 0.0408401 3.0292
    endloop
  endfacet
  facet normal -0 -0.79332 -0.608804
    outer loop
      vertex 92.0456 0.0408401 3.0292
      vertex 90.4778 0.0408401 3.0292
      vertex 92.0456 0.0892792 2.96608
    endloop
  endfacet
  facet normal -0 -0.79332 -0.608804
    outer loop
      vertex 92.0456 0.0892792 2.96608
      vertex 90.4778 0.0408401 3.0292
      vertex 90.4778 0.0892792 2.96608
    endloop
  endfacet
  facet normal -0 -0.608776 -0.793342
    outer loop
      vertex 92.0456 0.0892792 2.96608
      vertex 90.4778 0.0892792 2.96608
      vertex 92.0456 0.152405 2.91764
    endloop
  endfacet
  facet normal -0 -0.608776 -0.793342
    outer loop
      vertex 92.0456 0.152405 2.91764
      vertex 90.4778 0.0892792 2.96608
      vertex 90.4778 0.152405 2.91764
    endloop
  endfacet
  facet normal -0 -0.3827 -0.923873
    outer loop
      vertex 92.0456 0.152405 2.91764
      vertex 90.4778 0.152405 2.91764
      vertex 92.0456 0.225914 2.88719
    endloop
  endfacet
  facet normal -0 -0.3827 -0.923873
    outer loop
      vertex 92.0456 0.225914 2.88719
      vertex 90.4778 0.152405 2.91764
      vertex 90.4778 0.225914 2.88719
    endloop
  endfacet
  facet normal -0 -0.130578 -0.991438
    outer loop
      vertex 92.0456 0.225914 2.88719
      vertex 90.4778 0.225914 2.88719
      vertex 90.4778 0.304802 2.8768
    endloop
  endfacet
  facet normal -0 -0.130578 -0.991438
    outer loop
      vertex 103.02 0.304802 2.8768
      vertex 96.7489 0.225914 2.88719
      vertex 90.4778 0.304802 2.8768
    endloop
  endfacet
  facet normal 0 -0.130578 -0.991438
    outer loop
      vertex 90.4778 0.304802 2.8768
      vertex 96.7489 0.225914 2.88719
      vertex 95.1811 0.225914 2.88719
    endloop
  endfacet
  facet normal 0 -0.130578 -0.991438
    outer loop
      vertex 90.4778 0.304802 2.8768
      vertex 95.1811 0.225914 2.88719
      vertex 93.6133 0.225914 2.88719
    endloop
  endfacet
  facet normal 0 -0.3827 -0.923873
    outer loop
      vertex 93.6133 0.225914 2.88719
      vertex 95.1811 0.225914 2.88719
      vertex 93.6133 0.152405 2.91764
    endloop
  endfacet
  facet normal 0 -0.3827 -0.923873
    outer loop
      vertex 93.6133 0.225914 2.88719
      vertex 93.6133 0.152405 2.91764
      vertex 92.0456 0.152405 2.91764
    endloop
  endfacet
  facet normal 0 -0.608776 -0.793342
    outer loop
      vertex 92.0456 0.152405 2.91764
      vertex 93.6133 0.152405 2.91764
      vertex 92.0456 0.0892792 2.96608
    endloop
  endfacet
  facet normal 0 -0.3827 -0.923873
    outer loop
      vertex 101.452 0.225914 2.88719
      vertex 103.02 0.225914 2.88719
      vertex 101.452 0.152405 2.91764
    endloop
  endfacet
  facet normal 0 -0.3827 -0.923873
    outer loop
      vertex 101.452 0.152405 2.91764
      vertex 103.02 0.225914 2.88719
      vertex 103.02 0.152405 2.91764
    endloop
  endfacet
  facet normal 0 -0.608776 -0.793342
    outer loop
      vertex 101.452 0.152405 2.91764
      vertex 103.02 0.152405 2.91764
      vertex 101.452 0.0892792 2.96608
    endloop
  endfacet
  facet normal 0 -0.608776 -0.793342
    outer loop
      vertex 101.452 0.0892792 2.96608
      vertex 103.02 0.152405 2.91764
      vertex 103.02 0.0892792 2.96608
    endloop
  endfacet
  facet normal 0 -0.79332 -0.608804
    outer loop
      vertex 101.452 0.0892792 2.96608
      vertex 103.02 0.0892792 2.96608
      vertex 101.452 0.0408401 3.0292
    endloop
  endfacet
  facet normal 0 -0.79332 -0.608804
    outer loop
      vertex 101.452 0.0408401 3.0292
      vertex 103.02 0.0892792 2.96608
      vertex 103.02 0.0408401 3.0292
    endloop
  endfacet
  facet normal 0 -0.923879 -0.382684
    outer loop
      vertex 101.452 0.0408401 3.0292
      vertex 103.02 0.0408401 3.0292
      vertex 101.452 0.0103912 3.10271
    endloop
  endfacet
  facet normal 0 -0.923879 -0.382684
    outer loop
      vertex 101.452 0.0103912 3.10271
      vertex 103.02 0.0408401 3.0292
      vertex 103.02 0.0103912 3.10271
    endloop
  endfacet
  facet normal 0 -0.991437 -0.13059
    outer loop
      vertex 101.452 0.0103912 3.10271
      vertex 103.02 0.0103912 3.10271
      vertex 103.02 0 3.1816
    endloop
  endfacet
  facet normal 0 -0.991437 -0.13059
    outer loop
      vertex 90.4778 0 3.1816
      vertex 96.7489 0.0103912 3.10271
      vertex 103.02 0 3.1816
    endloop
  endfacet
  facet normal 0 -0.991437 -0.13059
    outer loop
      vertex 103.02 0 3.1816
      vertex 96.7489 0.0103912 3.10271
      vertex 98.3167 0.0103912 3.10271
    endloop
  endfacet
  facet normal 0 -0.991437 -0.13059
    outer loop
      vertex 103.02 0 3.1816
      vertex 98.3167 0.0103912 3.10271
      vertex 99.8845 0.0103912 3.10271
    endloop
  endfacet
  facet normal -0 -0.923879 -0.382684
    outer loop
      vertex 99.8845 0.0103912 3.10271
      vertex 98.3167 0.0103912 3.10271
      vertex 99.8845 0.0408401 3.0292
    endloop
  endfacet
  facet normal 0 -0.923879 -0.382684
    outer loop
      vertex 99.8845 0.0103912 3.10271
      vertex 99.8845 0.0408401 3.0292
      vertex 101.452 0.0408401 3.0292
    endloop
  endfacet
  facet normal -0 -0.79332 -0.608804
    outer loop
      vertex 101.452 0.0408401 3.0292
      vertex 99.8845 0.0408401 3.0292
      vertex 101.452 0.0892792 2.96608
    endloop
  endfacet
  facet normal -0 -0.991437 -0.13059
    outer loop
      vertex 96.7489 0.0103912 3.10271
      vertex 90.4778 0 3.1816
      vertex 95.1811 0.0103912 3.10271
    endloop
  endfacet
  facet normal -0 -0.923879 -0.382684
    outer loop
      vertex 93.6133 0.0103912 3.10271
      vertex 92.0456 0.0103912 3.10271
      vertex 93.6133 0.0408401 3.0292
    endloop
  endfacet
  facet normal -0 -0.923879 -0.382684
    outer loop
      vertex 93.6133 0.0408401 3.0292
      vertex 92.0456 0.0103912 3.10271
      vertex 92.0456 0.0408401 3.0292
    endloop
  endfacet
  facet normal -0 -0.79332 -0.608804
    outer loop
      vertex 93.6133 0.0408401 3.0292
      vertex 92.0456 0.0408401 3.0292
      vertex 93.6133 0.0892792 2.96608
    endloop
  endfacet
  facet normal -0 -0.79332 -0.608804
    outer loop
      vertex 93.6133 0.0892792 2.96608
      vertex 92.0456 0.0408401 3.0292
      vertex 92.0456 0.0892792 2.96608
    endloop
  endfacet
  facet normal -0 -0.608776 -0.793342
    outer loop
      vertex 93.6133 0.0892792 2.96608
      vertex 92.0456 0.0892792 2.96608
      vertex 93.6133 0.152405 2.91764
    endloop
  endfacet
  facet normal 0 -0.923879 -0.382684
    outer loop
      vertex 95.1811 0.0103912 3.10271
      vertex 96.7489 0.0408401 3.0292
      vertex 96.7489 0.0103912 3.10271
    endloop
  endfacet
  facet normal 0 -0.923879 -0.382684
    outer loop
      vertex 96.7489 0.0103912 3.10271
      vertex 96.7489 0.0408401 3.0292
      vertex 98.3167 0.0408401 3.0292
    endloop
  endfacet
  facet normal 0 -0.923879 -0.382684
    outer loop
      vertex 96.7489 0.0103912 3.10271
      vertex 98.3167 0.0408401 3.0292
      vertex 98.3167 0.0103912 3.10271
    endloop
  endfacet
  facet normal 0 -0.923879 -0.382684
    outer loop
      vertex 98.3167 0.0103912 3.10271
      vertex 98.3167 0.0408401 3.0292
      vertex 99.8845 0.0408401 3.0292
    endloop
  endfacet
  facet normal -0 -0.991437 -0.13059
    outer loop
      vertex 101.452 0.0103912 3.10271
      vertex 103.02 0 3.1816
      vertex 99.8845 0.0103912 3.10271
    endloop
  endfacet
  facet normal 0 -0.923879 -0.382684
    outer loop
      vertex 101.452 0.0408401 3.0292
      vertex 101.452 0.0103912 3.10271
      vertex 99.8845 0.0103912 3.10271
    endloop
  endfacet
  facet normal 0 -0.923879 -0.382684
    outer loop
      vertex 93.6133 0.0103912 3.10271
      vertex 93.6133 0.0408401 3.0292
      vertex 95.1811 0.0408401 3.0292
    endloop
  endfacet
  facet normal -0 -0.79332 -0.608804
    outer loop
      vertex 95.1811 0.0408401 3.0292
      vertex 93.6133 0.0408401 3.0292
      vertex 95.1811 0.0892792 2.96608
    endloop
  endfacet
  facet normal 0 -0.79332 -0.608804
    outer loop
      vertex 95.1811 0.0408401 3.0292
      vertex 95.1811 0.0892792 2.96608
      vertex 96.7489 0.0892792 2.96608
    endloop
  endfacet
  facet normal -0 -0.608776 -0.793342
    outer loop
      vertex 96.7489 0.0892792 2.96608
      vertex 95.1811 0.0892792 2.96608
      vertex 96.7489 0.152405 2.91764
    endloop
  endfacet
  facet normal 0 -0.608776 -0.793342
    outer loop
      vertex 96.7489 0.0892792 2.96608
      vertex 96.7489 0.152405 2.91764
      vertex 98.3167 0.152405 2.91764
    endloop
  endfacet
  facet normal -0 -0.3827 -0.923873
    outer loop
      vertex 98.3167 0.152405 2.91764
      vertex 96.7489 0.152405 2.91764
      vertex 98.3167 0.225914 2.88719
    endloop
  endfacet
  facet normal 0 -0.3827 -0.923873
    outer loop
      vertex 98.3167 0.152405 2.91764
      vertex 98.3167 0.225914 2.88719
      vertex 99.8845 0.225914 2.88719
    endloop
  endfacet
  facet normal -0 -0.130578 -0.991438
    outer loop
      vertex 99.8845 0.225914 2.88719
      vertex 98.3167 0.225914 2.88719
      vertex 103.02 0.304802 2.8768
    endloop
  endfacet
  facet normal -0 -0.79332 -0.608804
    outer loop
      vertex 95.1811 0.0892792 2.96608
      vertex 93.6133 0.0408401 3.0292
      vertex 93.6133 0.0892792 2.96608
    endloop
  endfacet
  facet normal 0 -0.79332 -0.608804
    outer loop
      vertex 96.7489 0.0408401 3.0292
      vertex 98.3167 0.0892792 2.96608
      vertex 98.3167 0.0408401 3.0292
    endloop
  endfacet
  facet normal 0 -0.79332 -0.608804
    outer loop
      vertex 98.3167 0.0408401 3.0292
      vertex 98.3167 0.0892792 2.96608
      vertex 99.8845 0.0892792 2.96608
    endloop
  endfacet
  facet normal 0 -0.79332 -0.608804
    outer loop
      vertex 98.3167 0.0408401 3.0292
      vertex 99.8845 0.0892792 2.96608
      vertex 99.8845 0.0408401 3.0292
    endloop
  endfacet
  facet normal 0 -0.79332 -0.608804
    outer loop
      vertex 99.8845 0.0408401 3.0292
      vertex 99.8845 0.0892792 2.96608
      vertex 101.452 0.0892792 2.96608
    endloop
  endfacet
  facet normal -0 -0.608776 -0.793342
    outer loop
      vertex 95.1811 0.0892792 2.96608
      vertex 93.6133 0.0892792 2.96608
      vertex 95.1811 0.152405 2.91764
    endloop
  endfacet
  facet normal -0 -0.608776 -0.793342
    outer loop
      vertex 95.1811 0.152405 2.91764
      vertex 93.6133 0.0892792 2.96608
      vertex 93.6133 0.152405 2.91764
    endloop
  endfacet
  facet normal -0 -0.3827 -0.923873
    outer loop
      vertex 95.1811 0.152405 2.91764
      vertex 93.6133 0.152405 2.91764
      vertex 95.1811 0.225914 2.88719
    endloop
  endfacet
  facet normal 0 -0.608776 -0.793342
    outer loop
      vertex 101.452 0.152405 2.91764
      vertex 101.452 0.0892792 2.96608
      vertex 99.8845 0.0892792 2.96608
    endloop
  endfacet
  facet normal -0 -0.608776 -0.793342
    outer loop
      vertex 101.452 0.152405 2.91764
      vertex 99.8845 0.0892792 2.96608
      vertex 99.8845 0.152405 2.91764
    endloop
  endfacet
  facet normal 0 -0.608776 -0.793342
    outer loop
      vertex 99.8845 0.152405 2.91764
      vertex 99.8845 0.0892792 2.96608
      vertex 98.3167 0.0892792 2.96608
    endloop
  endfacet
  facet normal -0 -0.3827 -0.923873
    outer loop
      vertex 93.6133 0.225914 2.88719
      vertex 92.0456 0.152405 2.91764
      vertex 92.0456 0.225914 2.88719
    endloop
  endfacet
  facet normal 0 -0.608776 -0.793342
    outer loop
      vertex 95.1811 0.0892792 2.96608
      vertex 95.1811 0.152405 2.91764
      vertex 96.7489 0.152405 2.91764
    endloop
  endfacet
  facet normal -0 -0.3827 -0.923873
    outer loop
      vertex 96.7489 0.152405 2.91764
      vertex 95.1811 0.152405 2.91764
      vertex 96.7489 0.225914 2.88719
    endloop
  endfacet
  facet normal 0 -0.3827 -0.923873
    outer loop
      vertex 96.7489 0.152405 2.91764
      vertex 96.7489 0.225914 2.88719
      vertex 98.3167 0.225914 2.88719
    endloop
  endfacet
  facet normal -0 -0.130578 -0.991438
    outer loop
      vertex 98.3167 0.225914 2.88719
      vertex 96.7489 0.225914 2.88719
      vertex 103.02 0.304802 2.8768
    endloop
  endfacet
  facet normal -0 -0.3827 -0.923873
    outer loop
      vertex 96.7489 0.225914 2.88719
      vertex 95.1811 0.152405 2.91764
      vertex 95.1811 0.225914 2.88719
    endloop
  endfacet
  facet normal 0 -0.3827 -0.923873
    outer loop
      vertex 101.452 0.225914 2.88719
      vertex 101.452 0.152405 2.91764
      vertex 99.8845 0.152405 2.91764
    endloop
  endfacet
  facet normal 0 -0.130578 -0.991438
    outer loop
      vertex 90.4778 0.304802 2.8768
      vertex 93.6133 0.225914 2.88719
      vertex 92.0456 0.225914 2.88719
    endloop
  endfacet
  facet normal -0 0 1
    outer loop
      vertex 85.7094 0.761993 6.3312
      vertex 86.8919 0.562317 6.3312
      vertex 86.8429 0.761993 6.3312
    endloop
  endfacet
  facet normal 0 0 1
    outer loop
      vertex 86.8429 0.761993 6.3312
      vertex 86.8919 0.562317 6.3312
      vertex 106.606 0.562317 6.3312
    endloop
  endfacet
  facet normal -0 0 1
    outer loop
      vertex 86.8429 0.761993 6.3312
      vertex 106.606 0.562317 6.3312
      vertex 88.9327 0.919411 6.3312
    endloop
  endfacet
  facet normal 0 0 1
    outer loop
      vertex 88.9327 0.919411 6.3312
      vertex 106.606 0.562317 6.3312
      vertex 106.655 0.761993 6.3312
    endloop
  endfacet
  facet normal -0 0 1
    outer loop
      vertex 88.9327 0.919411 6.3312
      vertex 106.655 0.761993 6.3312
      vertex 104.565 0.919411 6.3312
    endloop
  endfacet
  facet normal 0 0 1
    outer loop
      vertex 104.565 0.919411 6.3312
      vertex 106.655 0.761993 6.3312
      vertex 105.412 0.905289 6.3312
    endloop
  endfacet
  facet normal -0 0 1
    outer loop
      vertex 105.412 0.905289 6.3312
      vertex 106.655 0.761993 6.3312
      vertex 106.274 0.905289 6.3312
    endloop
  endfacet
  facet normal -0 0 1
    outer loop
      vertex 106.274 0.905289 6.3312
      vertex 106.655 0.761993 6.3312
      vertex 106.373 0.918266 6.3312
    endloop
  endfacet
  facet normal -0 0 1
    outer loop
      vertex 106.373 0.918266 6.3312
      vertex 106.655 0.761993 6.3312
      vertex 106.464 0.956329 6.3312
    endloop
  endfacet
  facet normal -0 0 1
    outer loop
      vertex 106.464 0.956329 6.3312
      vertex 106.655 0.761993 6.3312
      vertex 106.543 1.01688 6.3312
    endloop
  endfacet
  facet normal -0 0 1
    outer loop
      vertex 106.543 1.01688 6.3312
      vertex 106.655 0.761993 6.3312
      vertex 106.604 1.09579 6.3312
    endloop
  endfacet
  facet normal -0 0 1
    outer loop
      vertex 106.604 1.09579 6.3312
      vertex 106.655 0.761993 6.3312
      vertex 106.642 1.18768 6.3312
    endloop
  endfacet
  facet normal -0 0 1
    outer loop
      vertex 106.642 1.18768 6.3312
      vertex 106.655 0.761993 6.3312
      vertex 106.655 1.28629 6.3312
    endloop
  endfacet
  facet normal -0 -0 1
    outer loop
      vertex 88.0826 0.419373 6.3312
      vertex 103.02 0.304802 6.3312
      vertex 86.8919 0.562317 6.3312
    endloop
  endfacet
  facet normal 0 0 1
    outer loop
      vertex 86.8919 0.562317 6.3312
      vertex 103.02 0.304802 6.3312
      vertex 105.415 0.419373 6.3312
    endloop
  endfacet
  facet normal -0 0 1
    outer loop
      vertex 86.8919 0.562317 6.3312
      vertex 105.415 0.419373 6.3312
      vertex 106.606 0.562317 6.3312
    endloop
  endfacet
  facet normal -0 -0 1
    outer loop
      vertex 89.2788 0.333473 6.3312
      vertex 90.4778 0.304802 6.3312
      vertex 88.0826 0.419373 6.3312
    endloop
  endfacet
  facet normal 0 0 1
    outer loop
      vertex 88.0826 0.419373 6.3312
      vertex 90.4778 0.304802 6.3312
      vertex 103.02 0.304802 6.3312
    endloop
  endfacet
  facet normal 0 0 1
    outer loop
      vertex 103.02 0.304802 6.3312
      vertex 104.219 0.333473 6.3312
      vertex 105.415 0.419373 6.3312
    endloop
  endfacet
  facet normal 0 0 1
    outer loop
      vertex 106.606 0.562317 6.3312
      vertex 107.788 0.761993 6.3312
      vertex 106.655 0.761993 6.3312
    endloop
  endfacet
  facet normal 0 0 1
    outer loop
      vertex 88.9327 0.919411 6.3312
      vertex 104.565 0.919411 6.3312
      vertex 89.7786 0.961754 6.3312
    endloop
  endfacet
  facet normal -0 0 1
    outer loop
      vertex 89.7786 0.961754 6.3312
      vertex 104.565 0.919411 6.3312
      vertex 103.719 0.961754 6.3312
    endloop
  endfacet
  facet normal 0 0 1
    outer loop
      vertex 89.7786 0.961754 6.3312
      vertex 103.719 0.961754 6.3312
      vertex 90.6226 1.03229 6.3312
    endloop
  endfacet
  facet normal -0 0 1
    outer loop
      vertex 90.6226 1.03229 6.3312
      vertex 103.719 0.961754 6.3312
      vertex 102.875 1.03229 6.3312
    endloop
  endfacet
  facet normal 0 0 1
    outer loop
      vertex 90.6226 1.03229 6.3312
      vertex 102.875 1.03229 6.3312
      vertex 93.1595 1.15929 6.3312
    endloop
  endfacet
  facet normal -0 0 1
    outer loop
      vertex 93.1595 1.15929 6.3312
      vertex 102.875 1.03229 6.3312
      vertex 100.338 1.15929 6.3312
    endloop
  endfacet
  facet normal 0 0 1
    outer loop
      vertex 100.338 1.15929 6.3312
      vertex 102.875 1.03229 6.3312
      vertex 102.031 1.10281 6.3312
    endloop
  endfacet
  facet normal 0 0 1
    outer loop
      vertex 100.338 1.15929 6.3312
      vertex 102.031 1.10281 6.3312
      vertex 101.185 1.14516 6.3312
    endloop
  endfacet
  facet normal -0 0 1
    outer loop
      vertex 92.3126 1.14516 6.3312
      vertex 91.4667 1.10281 6.3312
      vertex 93.1595 1.15929 6.3312
    endloop
  endfacet
  facet normal 0 0 1
    outer loop
      vertex 93.1595 1.15929 6.3312
      vertex 91.4667 1.10281 6.3312
      vertex 90.6226 1.03229 6.3312
    endloop
  endfacet
  facet normal 0 0 1
    outer loop
      vertex 88.9327 0.919411 6.3312
      vertex 88.0858 0.905289 6.3312
      vertex 86.8429 0.761993 6.3312
    endloop
  endfacet
  facet normal 0 0 1
    outer loop
      vertex 86.8429 0.761993 6.3312
      vertex 88.0858 0.905289 6.3312
      vertex 87.2239 0.905289 6.3312
    endloop
  endfacet
  facet normal 0 0 1
    outer loop
      vertex 86.8429 0.761993 6.3312
      vertex 87.2239 0.905289 6.3312
      vertex 87.1253 0.918266 6.3312
    endloop
  endfacet
  facet normal 0 0 1
    outer loop
      vertex 87.1253 0.918266 6.3312
      vertex 87.0334 0.956329 6.3312
      vertex 86.8429 0.761993 6.3312
    endloop
  endfacet
  facet normal 0 0 1
    outer loop
      vertex 86.8429 0.761993 6.3312
      vertex 87.0334 0.956329 6.3312
      vertex 86.9545 1.01688 6.3312
    endloop
  endfacet
  facet normal 0 0 1
    outer loop
      vertex 86.8429 0.761993 6.3312
      vertex 86.9545 1.01688 6.3312
      vertex 86.894 1.09579 6.3312
    endloop
  endfacet
  facet normal 0 0 1
    outer loop
      vertex 86.894 1.09579 6.3312
      vertex 86.8559 1.18768 6.3312
      vertex 86.8429 0.761993 6.3312
    endloop
  endfacet
  facet normal 0 0 1
    outer loop
      vertex 86.8429 0.761993 6.3312
      vertex 86.8559 1.18768 6.3312
      vertex 86.8429 1.28629 6.3312
    endloop
  endfacet
  facet normal -0.0307009 -0.999529 0
    outer loop
      vertex 90.4778 0 3.1816
      vertex 90.4778 0 6.0264
      vertex 88.9194 0.0478668 3.1816
    endloop
  endfacet
  facet normal -0.0307009 -0.999529 0
    outer loop
      vertex 88.9194 0.0478668 3.1816
      vertex 90.4778 0 6.0264
      vertex 88.9194 0.0478668 6.0264
    endloop
  endfacet
  facet normal -0.0919478 -0.995764 0
    outer loop
      vertex 88.9194 0.0478668 3.1816
      vertex 88.9194 0.0478668 6.0264
      vertex 87.3669 0.191223 3.1816
    endloop
  endfacet
  facet normal -0.0919478 -0.995764 0
    outer loop
      vertex 87.3669 0.191223 3.1816
      vertex 88.9194 0.0478668 6.0264
      vertex 87.3669 0.191223 6.0264
    endloop
  endfacet
  facet normal -0.152893 -0.988243 0
    outer loop
      vertex 87.3669 0.191223 3.1816
      vertex 87.3669 0.191223 6.0264
      vertex 85.8262 0.429588 3.1816
    endloop
  endfacet
  facet normal -0.152879 -0.988245 -7.80569e-06
    outer loop
      vertex 85.8262 0.429588 3.1816
      vertex 87.3669 0.191223 6.0264
      vertex 85.8261 0.429581 6.0264
    endloop
  endfacet
  facet normal -0.213202 -0.977008 -9.89849e-06
    outer loop
      vertex 85.8262 0.429588 3.1816
      vertex 85.8261 0.429581 6.0264
      vertex 84.3029 0.762001 3.1816
    endloop
  endfacet
  facet normal -0.213219 -0.977004 0
    outer loop
      vertex 84.3029 0.762001 3.1816
      vertex 85.8261 0.429581 6.0264
      vertex 84.3029 0.762001 6.0264
    endloop
  endfacet
  facet normal -0 -1 -0
    outer loop
      vertex 109.194 0.762001 6.0378
      vertex 109.191 0.762001 6.04896
      vertex 109.195 0.762001 6.0264
    endloop
  endfacet
  facet normal 0.00151156 -0.999999 0.000268006
    outer loop
      vertex 109.195 0.762001 6.0264
      vertex 109.191 0.762001 6.04896
      vertex 109.182 0.761993 6.06987
    endloop
  endfacet
  facet normal 0.222406 -0.972695 0.066333
    outer loop
      vertex 109.195 0.762001 6.0264
      vertex 109.182 0.761993 6.06987
      vertex 108.181 0.533058 6.06903
    endloop
  endfacet
  facet normal 0.217619 -0.952308 0.213894
    outer loop
      vertex 108.181 0.533058 6.06903
      vertex 109.182 0.761993 6.06987
      vertex 108.179 0.541985 6.11081
    endloop
  endfacet
  facet normal 0.174061 -0.961262 0.213722
    outer loop
      vertex 108.181 0.533058 6.06903
      vertex 108.179 0.541985 6.11081
      vertex 106.903 0.301643 6.06903
    endloop
  endfacet
  facet normal 0.173954 -0.960949 0.215214
    outer loop
      vertex 106.903 0.301643 6.06903
      vertex 108.179 0.541985 6.11081
      vertex 106.901 0.310638 6.11081
    endloop
  endfacet
  facet normal 0.124522 -0.968748 0.214527
    outer loop
      vertex 106.903 0.301643 6.06903
      vertex 106.901 0.310638 6.11081
      vertex 105.614 0.135956 6.06903
    endloop
  endfacet
  facet normal 0.124614 -0.969066 0.213032
    outer loop
      vertex 105.614 0.135956 6.06903
      vertex 106.901 0.310638 6.11081
      vertex 105.613 0.145012 6.11081
    endloop
  endfacet
  facet normal 0.0749158 -0.974186 0.212952
    outer loop
      vertex 105.614 0.135956 6.06903
      vertex 105.613 0.145012 6.11081
      vertex 104.319 0.0363693 6.06903
    endloop
  endfacet
  facet normal 0.0748729 -0.974003 0.213804
    outer loop
      vertex 104.319 0.0363693 6.06903
      vertex 105.613 0.145012 6.11081
      vertex 104.318 0.0454636 6.11081
    endloop
  endfacet
  facet normal 0.0254834 -0.976675 0.213204
    outer loop
      vertex 104.319 0.0363693 6.06903
      vertex 104.318 0.0454636 6.11081
      vertex 103.02 0.0103912 6.10529
    endloop
  endfacet
  facet normal 0.0238926 -0.93847 0.344534
    outer loop
      vertex 103.02 0.0103912 6.10529
      vertex 104.318 0.0454636 6.11081
      vertex 104.318 0.0602036 6.15096
    endloop
  endfacet
  facet normal 0.021985 -0.923656 0.382592
    outer loop
      vertex 103.02 0.0103912 6.10529
      vertex 104.318 0.0602036 6.15096
      vertex 103.02 0.0408401 6.1788
    endloop
  endfacet
  facet normal 0.0232391 -0.882542 0.469659
    outer loop
      vertex 103.02 0.0408401 6.1788
      vertex 104.318 0.0602036 6.15096
      vertex 104.317 0.0802612 6.1887
    endloop
  endfacet
  facet normal 0.0194634 -0.793217 0.608628
    outer loop
      vertex 103.02 0.0408401 6.1788
      vertex 104.317 0.0802612 6.1887
      vertex 103.02 0.0892792 6.24193
    endloop
  endfacet
  facet normal 0.0200529 -0.783306 0.621312
    outer loop
      vertex 103.02 0.0892792 6.24193
      vertex 104.317 0.0802612 6.1887
      vertex 104.314 0.122406 6.24193
    endloop
  endfacet
  facet normal 0.016744 -0.654056 0.756261
    outer loop
      vertex 103.02 0.0892792 6.24193
      vertex 104.314 0.122406 6.24193
      vertex 104.313 0.154617 6.26981
    endloop
  endfacet
  facet normal 0.0501973 -0.652729 0.755927
    outer loop
      vertex 104.313 0.154617 6.26981
      vertex 104.314 0.122406 6.24193
      vertex 105.602 0.253746 6.26981
    endloop
  endfacet
  facet normal 0.0414478 -0.538956 0.841313
    outer loop
      vertex 104.313 0.154617 6.26981
      vertex 105.602 0.253746 6.26981
      vertex 105.598 0.289482 6.2929
    endloop
  endfacet
  facet normal 0.06891 -0.535957 0.841429
    outer loop
      vertex 105.598 0.289482 6.2929
      vertex 105.602 0.253746 6.26981
      vertex 106.879 0.454185 6.2929
    endloop
  endfacet
  facet normal 0.0535874 -0.416784 0.907425
    outer loop
      vertex 105.598 0.289482 6.2929
      vertex 106.879 0.454185 6.2929
      vertex 106.873 0.492538 6.31087
    endloop
  endfacet
  facet normal 0.0748161 -0.413469 0.907439
    outer loop
      vertex 106.873 0.492538 6.31087
      vertex 106.879 0.454185 6.2929
      vertex 108.142 0.72216 6.31087
    endloop
  endfacet
  facet normal 0.054406 -0.300673 0.952174
    outer loop
      vertex 106.873 0.492538 6.31087
      vertex 108.142 0.72216 6.31087
      vertex 108.209 0.761993 6.31962
    endloop
  endfacet
  facet normal 0.0871752 -0.351395 0.93216
    outer loop
      vertex 108.209 0.761993 6.31962
      vertex 108.142 0.72216 6.31087
      vertex 108.567 0.761993 6.28614
    endloop
  endfacet
  facet normal 0.0912297 -0.409942 0.907538
    outer loop
      vertex 108.567 0.761993 6.28614
      vertex 108.142 0.72216 6.31087
      vertex 108.15 0.684158 6.2929
    endloop
  endfacet
  facet normal 0.112464 -0.529501 0.840821
    outer loop
      vertex 108.567 0.761993 6.28614
      vertex 108.15 0.684158 6.2929
      vertex 108.157 0.648979 6.26981
    endloop
  endfacet
  facet normal 0.0964404 -0.532679 0.840805
    outer loop
      vertex 108.157 0.648979 6.26981
      vertex 108.15 0.684158 6.2929
      vertex 106.885 0.418686 6.26981
    endloop
  endfacet
  facet normal 0.11685 -0.645412 0.754844
    outer loop
      vertex 108.157 0.648979 6.26981
      vertex 106.885 0.418686 6.26981
      vertex 106.889 0.386803 6.24193
    endloop
  endfacet
  facet normal 0.083602 -0.65 0.755321
    outer loop
      vertex 106.889 0.386803 6.24193
      vertex 106.885 0.418686 6.26981
      vertex 105.605 0.221657 6.24193
    endloop
  endfacet
  facet normal 0.0998914 -0.776649 0.621963
    outer loop
      vertex 106.889 0.386803 6.24193
      vertex 105.605 0.221657 6.24193
      vertex 105.61 0.179672 6.1887
    endloop
  endfacet
  facet normal 0.0600458 -0.780993 0.621646
    outer loop
      vertex 105.61 0.179672 6.1887
      vertex 105.605 0.221657 6.24193
      vertex 104.317 0.0802612 6.1887
    endloop
  endfacet
  facet normal 0.0676783 -0.880267 0.469627
    outer loop
      vertex 105.61 0.179672 6.1887
      vertex 104.317 0.0802612 6.1887
      vertex 104.318 0.0602036 6.15096
    endloop
  endfacet
  facet normal -0 -1 -0
    outer loop
      vertex 109.169 0.761993 6.08854
      vertex 109.152 0.761993 6.10513
      vertex 109.182 0.761993 6.06987
    endloop
  endfacet
  facet normal 0 -1 0
    outer loop
      vertex 109.182 0.761993 6.06987
      vertex 109.152 0.761993 6.10513
      vertex 109.113 0.761993 6.13413
    endloop
  endfacet
  facet normal 0.217418 -0.947749 0.233455
    outer loop
      vertex 109.182 0.761993 6.06987
      vertex 109.113 0.761993 6.13413
      vertex 108.179 0.541985 6.11081
    endloop
  endfacet
  facet normal 0.207037 -0.915499 0.344958
    outer loop
      vertex 108.179 0.541985 6.11081
      vertex 109.113 0.761993 6.13413
      vertex 108.176 0.556435 6.15096
    endloop
  endfacet
  facet normal 0.167197 -0.923626 0.344906
    outer loop
      vertex 108.179 0.541985 6.11081
      vertex 108.176 0.556435 6.15096
      vertex 106.901 0.310638 6.11081
    endloop
  endfacet
  facet normal 0.16727 -0.923885 0.344175
    outer loop
      vertex 106.901 0.310638 6.11081
      vertex 108.176 0.556435 6.15096
      vertex 106.899 0.325233 6.15096
    endloop
  endfacet
  facet normal 0.119737 -0.93114 0.344445
    outer loop
      vertex 106.901 0.310638 6.11081
      vertex 106.899 0.325233 6.15096
      vertex 105.613 0.145012 6.11081
    endloop
  endfacet
  facet normal 0.119799 -0.931416 0.343675
    outer loop
      vertex 105.613 0.145012 6.11081
      vertex 106.899 0.325233 6.15096
      vertex 105.612 0.159698 6.15096
    endloop
  endfacet
  facet normal 0.0719617 -0.936131 0.344209
    outer loop
      vertex 105.613 0.145012 6.11081
      vertex 105.612 0.159698 6.15096
      vertex 104.318 0.0454636 6.11081
    endloop
  endfacet
  facet normal 0.0719913 -0.936302 0.343738
    outer loop
      vertex 104.318 0.0454636 6.11081
      vertex 105.612 0.159698 6.15096
      vertex 104.318 0.0602036 6.15096
    endloop
  endfacet
  facet normal 0.205907 -0.908899 0.362636
    outer loop
      vertex 109.113 0.761993 6.13413
      vertex 109.072 0.761993 6.15741
      vertex 108.176 0.556435 6.15096
    endloop
  endfacet
  facet normal 0.194257 -0.861464 0.469194
    outer loop
      vertex 108.176 0.556435 6.15096
      vertex 109.072 0.761993 6.15741
      vertex 108.172 0.576088 6.1887
    endloop
  endfacet
  facet normal 0.157328 -0.86897 0.469189
    outer loop
      vertex 108.176 0.556435 6.15096
      vertex 108.172 0.576088 6.1887
      vertex 106.899 0.325233 6.15096
    endloop
  endfacet
  facet normal 0.157286 -0.868804 0.469511
    outer loop
      vertex 106.899 0.325233 6.15096
      vertex 108.172 0.576088 6.1887
      vertex 106.896 0.345085 6.1887
    endloop
  endfacet
  facet normal 0.11263 -0.875678 0.469577
    outer loop
      vertex 106.899 0.325233 6.15096
      vertex 106.896 0.345085 6.1887
      vertex 105.612 0.159698 6.15096
    endloop
  endfacet
  facet normal 0.112643 -0.87574 0.469457
    outer loop
      vertex 105.612 0.159698 6.15096
      vertex 106.896 0.345085 6.1887
      vertex 105.61 0.179672 6.1887
    endloop
  endfacet
  facet normal 0.0676878 -0.880331 0.469505
    outer loop
      vertex 105.612 0.159698 6.15096
      vertex 105.61 0.179672 6.1887
      vertex 104.318 0.0602036 6.15096
    endloop
  endfacet
  facet normal 0.189859 -0.831186 0.522573
    outer loop
      vertex 109.072 0.761993 6.15741
      vertex 108.888 0.761993 6.22426
      vertex 108.172 0.576088 6.1887
    endloop
  endfacet
  facet normal 0.168179 -0.766331 0.620043
    outer loop
      vertex 108.172 0.576088 6.1887
      vertex 108.888 0.761993 6.22426
      vertex 108.164 0.617401 6.24193
    endloop
  endfacet
  facet normal 0.139751 -0.77195 0.620131
    outer loop
      vertex 108.172 0.576088 6.1887
      vertex 108.164 0.617401 6.24193
      vertex 106.896 0.345085 6.1887
    endloop
  endfacet
  facet normal 0.139339 -0.770419 0.622125
    outer loop
      vertex 106.896 0.345085 6.1887
      vertex 108.164 0.617401 6.24193
      vertex 106.889 0.386803 6.24193
    endloop
  endfacet
  facet normal 0.099906 -0.776717 0.621875
    outer loop
      vertex 106.896 0.345085 6.1887
      vertex 106.889 0.386803 6.24193
      vertex 105.61 0.179672 6.1887
    endloop
  endfacet
  facet normal 0.145811 -0.637667 0.756386
    outer loop
      vertex 108.888 0.761993 6.22426
      vertex 108.567 0.761993 6.28614
      vertex 108.164 0.617401 6.24193
    endloop
  endfacet
  facet normal 0.145288 -0.636533 0.757441
    outer loop
      vertex 108.164 0.617401 6.24193
      vertex 108.567 0.761993 6.28614
      vertex 108.157 0.648979 6.26981
    endloop
  endfacet
  facet normal 0.11625 -0.642756 0.757199
    outer loop
      vertex 108.164 0.617401 6.24193
      vertex 108.157 0.648979 6.26981
      vertex 106.889 0.386803 6.24193
    endloop
  endfacet
  facet normal 0.0518588 -0.288174 0.956173
    outer loop
      vertex 106.873 0.492538 6.31087
      vertex 108.209 0.761993 6.31962
      vertex 106.867 0.532967 6.32338
    endloop
  endfacet
  facet normal 0.0272121 -0.14321 0.989318
    outer loop
      vertex 106.867 0.532967 6.32338
      vertex 108.209 0.761993 6.31962
      vertex 107.788 0.761993 6.3312
    endloop
  endfacet
  facet normal 0.0178838 -0.105865 0.99422
    outer loop
      vertex 106.867 0.532967 6.32338
      vertex 107.788 0.761993 6.3312
      vertex 106.606 0.562317 6.3312
    endloop
  endfacet
  facet normal 0.0158586 -0.123345 0.992237
    outer loop
      vertex 106.867 0.532967 6.32338
      vertex 106.606 0.562317 6.3312
      vertex 105.59 0.368782 6.32338
    endloop
  endfacet
  facet normal 0.0130307 -0.108571 0.994003
    outer loop
      vertex 105.59 0.368782 6.32338
      vertex 106.606 0.562317 6.3312
      vertex 105.415 0.419373 6.3312
    endloop
  endfacet
  facet normal 0.00932011 -0.121188 0.992586
    outer loop
      vertex 105.59 0.368782 6.32338
      vertex 105.415 0.419373 6.3312
      vertex 104.307 0.270111 6.32338
    endloop
  endfacet
  facet normal 0.00800966 -0.11152 0.99373
    outer loop
      vertex 104.307 0.270111 6.32338
      vertex 105.415 0.419373 6.3312
      vertex 104.219 0.333473 6.3312
    endloop
  endfacet
  facet normal 0.00283618 -0.118607 0.992937
    outer loop
      vertex 104.307 0.270111 6.32338
      vertex 104.219 0.333473 6.3312
      vertex 103.02 0.304802 6.3312
    endloop
  endfacet
  facet normal 0.00250782 -0.130454 0.991451
    outer loop
      vertex 103.02 0.304802 6.3312
      vertex 103.02 0.225914 6.32082
      vertex 104.307 0.270111 6.32338
    endloop
  endfacet
  facet normal 0.00813965 -0.292412 0.956258
    outer loop
      vertex 104.307 0.270111 6.32338
      vertex 103.02 0.225914 6.32082
      vertex 104.309 0.229256 6.31087
    endloop
  endfacet
  facet normal 0.0224343 -0.291708 0.956244
    outer loop
      vertex 104.307 0.270111 6.32338
      vertex 104.309 0.229256 6.31087
      vertex 105.59 0.368782 6.32338
    endloop
  endfacet
  facet normal 0.0224388 -0.291748 0.956232
    outer loop
      vertex 105.59 0.368782 6.32338
      vertex 104.309 0.229256 6.31087
      vertex 105.594 0.328087 6.31087
    endloop
  endfacet
  facet normal 0.0373216 -0.29028 0.956214
    outer loop
      vertex 105.59 0.368782 6.32338
      vertex 105.594 0.328087 6.31087
      vertex 106.867 0.532967 6.32338
    endloop
  endfacet
  facet normal 0.0373309 -0.290337 0.956196
    outer loop
      vertex 106.867 0.532967 6.32338
      vertex 105.594 0.328087 6.31087
      vertex 106.873 0.492538 6.31087
    endloop
  endfacet
  facet normal 0.00812348 -0.382688 0.923842
    outer loop
      vertex 103.02 0.225914 6.32082
      vertex 103.02 0.152405 6.29037
      vertex 104.309 0.229256 6.31087
    endloop
  endfacet
  facet normal 0.0106192 -0.420159 0.907388
    outer loop
      vertex 104.309 0.229256 6.31087
      vertex 103.02 0.152405 6.29037
      vertex 104.311 0.190498 6.2929
    endloop
  endfacet
  facet normal 0.0322294 -0.419046 0.907393
    outer loop
      vertex 104.309 0.229256 6.31087
      vertex 104.311 0.190498 6.2929
      vertex 105.594 0.328087 6.31087
    endloop
  endfacet
  facet normal 0.0322285 -0.419039 0.907396
    outer loop
      vertex 105.594 0.328087 6.31087
      vertex 104.311 0.190498 6.2929
      vertex 105.598 0.289482 6.2929
    endloop
  endfacet
  facet normal 0.0535949 -0.416829 0.907404
    outer loop
      vertex 105.594 0.328087 6.31087
      vertex 105.598 0.289482 6.2929
      vertex 106.873 0.492538 6.31087
    endloop
  endfacet
  facet normal 0.0143007 -0.54053 0.841203
    outer loop
      vertex 104.311 0.190498 6.2929
      vertex 103.02 0.152405 6.29037
      vertex 104.313 0.154617 6.26981
    endloop
  endfacet
  facet normal 0.0136551 -0.608719 0.793268
    outer loop
      vertex 104.313 0.154617 6.26981
      vertex 103.02 0.152405 6.29037
      vertex 103.02 0.0892792 6.24193
    endloop
  endfacet
  facet normal 0.0234661 -0.991164 0.130554
    outer loop
      vertex 103.02 0.0103912 6.10529
      vertex 103.02 0 6.0264
      vertex 104.319 0.0363693 6.06903
    endloop
  endfacet
  facet normal 0.0306035 -0.996103 -0.0827207
    outer loop
      vertex 104.319 0.0363693 6.06903
      vertex 103.02 0 6.0264
      vertex 104.578 0.0478668 6.0264
    endloop
  endfacet
  facet normal 0.0752297 -0.978268 0.193217
    outer loop
      vertex 104.319 0.0363693 6.06903
      vertex 104.578 0.0478668 6.0264
      vertex 105.614 0.135956 6.06903
    endloop
  endfacet
  facet normal 0.090524 -0.980661 -0.173522
    outer loop
      vertex 105.614 0.135956 6.06903
      vertex 104.578 0.0478668 6.0264
      vertex 106.131 0.191223 6.0264
    endloop
  endfacet
  facet normal 0.123379 -0.959855 0.251903
    outer loop
      vertex 105.614 0.135956 6.06903
      vertex 106.131 0.191223 6.0264
      vertex 106.903 0.301643 6.06903
    endloop
  endfacet
  facet normal 0.149644 -0.967457 -0.204045
    outer loop
      vertex 106.903 0.301643 6.06903
      vertex 106.131 0.191223 6.0264
      vertex 107.672 0.429581 6.0264
    endloop
  endfacet
  facet normal 0.172401 -0.952093 0.252582
    outer loop
      vertex 106.903 0.301643 6.06903
      vertex 107.672 0.429581 6.0264
      vertex 108.181 0.533058 6.06903
    endloop
  endfacet
  facet normal 0.210066 -0.96243 -0.172047
    outer loop
      vertex 108.181 0.533058 6.06903
      vertex 107.672 0.429581 6.0264
      vertex 109.195 0.762001 6.0264
    endloop
  endfacet
  facet normal 0.0961247 -0.531256 0.841741
    outer loop
      vertex 106.885 0.418686 6.26981
      vertex 108.15 0.684158 6.2929
      vertex 106.879 0.454185 6.2929
    endloop
  endfacet
  facet normal 0.0747957 -0.413376 0.907483
    outer loop
      vertex 106.879 0.454185 6.2929
      vertex 108.15 0.684158 6.2929
      vertex 108.142 0.72216 6.31087
    endloop
  endfacet
  facet normal 0.0834495 -0.649119 0.756095
    outer loop
      vertex 105.605 0.221657 6.24193
      vertex 106.885 0.418686 6.26981
      vertex 105.602 0.253746 6.26981
    endloop
  endfacet
  facet normal 0.0688746 -0.535747 0.841565
    outer loop
      vertex 105.602 0.253746 6.26981
      vertex 106.885 0.418686 6.26981
      vertex 106.879 0.454185 6.2929
    endloop
  endfacet
  facet normal 0.0414586 -0.539049 0.841253
    outer loop
      vertex 104.313 0.154617 6.26981
      vertex 105.598 0.289482 6.2929
      vertex 104.311 0.190498 6.2929
    endloop
  endfacet
  facet normal 0.0600388 -0.780951 0.621701
    outer loop
      vertex 104.317 0.0802612 6.1887
      vertex 105.605 0.221657 6.24193
      vertex 104.314 0.122406 6.24193
    endloop
  endfacet
  facet normal 0.0501531 -0.652363 0.756246
    outer loop
      vertex 104.314 0.122406 6.24193
      vertex 105.605 0.221657 6.24193
      vertex 105.602 0.253746 6.26981
    endloop
  endfacet
  facet normal -0.0178848 -0.105915 0.994214
    outer loop
      vertex 86.8919 0.562317 6.3312
      vertex 85.7094 0.761993 6.3312
      vertex 86.631 0.532967 6.32338
    endloop
  endfacet
  facet normal -0.0335763 -0.168746 0.985087
    outer loop
      vertex 86.631 0.532967 6.32338
      vertex 85.7094 0.761993 6.3312
      vertex 85.2036 0.761993 6.31396
    endloop
  endfacet
  facet normal -0.0524761 -0.287724 0.956275
    outer loop
      vertex 86.631 0.532967 6.32338
      vertex 85.2036 0.761993 6.31396
      vertex 86.6247 0.492538 6.31087
    endloop
  endfacet
  facet normal -0.0442957 -0.244722 0.968581
    outer loop
      vertex 86.6247 0.492538 6.31087
      vertex 85.2036 0.761993 6.31396
      vertex 85.3561 0.72216 6.31087
    endloop
  endfacet
  facet normal -0.0748501 -0.413527 0.90741
    outer loop
      vertex 86.6247 0.492538 6.31087
      vertex 85.3561 0.72216 6.31087
      vertex 85.3482 0.684158 6.2929
    endloop
  endfacet
  facet normal -0.0888707 -0.410635 0.907458
    outer loop
      vertex 85.3482 0.684158 6.2929
      vertex 85.3561 0.72216 6.31087
      vertex 85.2036 0.761993 6.31396
    endloop
  endfacet
  facet normal -0.106371 -0.439008 0.892164
    outer loop
      vertex 85.3482 0.684158 6.2929
      vertex 85.2036 0.761993 6.31396
      vertex 84.7995 0.761993 6.26578
    endloop
  endfacet
  facet normal -0.167925 -0.730321 0.662143
    outer loop
      vertex 84.5044 0.761993 6.19094
      vertex 85.3343 0.617401 6.24193
      vertex 84.7995 0.761993 6.26578
    endloop
  endfacet
  facet normal -0.139006 -0.638939 0.756594
    outer loop
      vertex 84.7995 0.761993 6.26578
      vertex 85.3343 0.617401 6.24193
      vertex 85.3409 0.648979 6.26981
    endloop
  endfacet
  facet normal -0.116474 -0.527979 0.841232
    outer loop
      vertex 84.7995 0.761993 6.26578
      vertex 85.3409 0.648979 6.26981
      vertex 85.3482 0.684158 6.2929
    endloop
  endfacet
  facet normal -0.0963193 -0.532122 0.841171
    outer loop
      vertex 85.3482 0.684158 6.2929
      vertex 85.3409 0.648979 6.26981
      vertex 86.6187 0.454185 6.2929
    endloop
  endfacet
  facet normal -0.0748413 -0.413465 0.907439
    outer loop
      vertex 85.3482 0.684158 6.2929
      vertex 86.6187 0.454185 6.2929
      vertex 86.6247 0.492538 6.31087
    endloop
  endfacet
  facet normal -0.0535973 -0.416782 0.907425
    outer loop
      vertex 86.6247 0.492538 6.31087
      vertex 86.6187 0.454185 6.2929
      vertex 87.9035 0.328087 6.31087
    endloop
  endfacet
  facet normal -0.0373187 -0.290196 0.956239
    outer loop
      vertex 86.6247 0.492538 6.31087
      vertex 87.9035 0.328087 6.31087
      vertex 87.9076 0.368782 6.32338
    endloop
  endfacet
  facet normal -0.0224266 -0.291699 0.956247
    outer loop
      vertex 87.9076 0.368782 6.32338
      vertex 87.9035 0.328087 6.31087
      vertex 89.191 0.270111 6.32338
    endloop
  endfacet
  facet normal -0.00931781 -0.121195 0.992585
    outer loop
      vertex 87.9076 0.368782 6.32338
      vertex 89.191 0.270111 6.32338
      vertex 88.0826 0.419373 6.3312
    endloop
  endfacet
  facet normal -0.00801007 -0.111544 0.993727
    outer loop
      vertex 88.0826 0.419373 6.3312
      vertex 89.191 0.270111 6.32338
      vertex 89.2788 0.333473 6.3312
    endloop
  endfacet
  facet normal -0.00283639 -0.118616 0.992936
    outer loop
      vertex 89.2788 0.333473 6.3312
      vertex 89.191 0.270111 6.32338
      vertex 90.4778 0.304802 6.3312
    endloop
  endfacet
  facet normal -0.00250821 -0.130454 0.991451
    outer loop
      vertex 90.4778 0.304802 6.3312
      vertex 89.191 0.270111 6.32338
      vertex 90.4778 0.225914 6.32082
    endloop
  endfacet
  facet normal -0.00814028 -0.292394 0.956263
    outer loop
      vertex 90.4778 0.225914 6.32082
      vertex 89.191 0.270111 6.32338
      vertex 89.1889 0.229256 6.31087
    endloop
  endfacet
  facet normal -0.00812411 -0.382688 0.923842
    outer loop
      vertex 90.4778 0.225914 6.32082
      vertex 89.1889 0.229256 6.31087
      vertex 90.4778 0.152405 6.29037
    endloop
  endfacet
  facet normal -0.0106201 -0.420159 0.907388
    outer loop
      vertex 90.4778 0.152405 6.29037
      vertex 89.1889 0.229256 6.31087
      vertex 89.1869 0.190498 6.2929
    endloop
  endfacet
  facet normal -0.0143035 -0.540587 0.841167
    outer loop
      vertex 90.4778 0.152405 6.29037
      vertex 89.1869 0.190498 6.2929
      vertex 89.1851 0.154617 6.26981
    endloop
  endfacet
  facet normal -0.0414579 -0.539213 0.841148
    outer loop
      vertex 89.1851 0.154617 6.26981
      vertex 89.1869 0.190498 6.2929
      vertex 87.8958 0.253746 6.26981
    endloop
  endfacet
  facet normal -0.050137 -0.652096 0.756477
    outer loop
      vertex 89.1851 0.154617 6.26981
      vertex 87.8958 0.253746 6.26981
      vertex 87.8925 0.221657 6.24193
    endloop
  endfacet
  facet normal -0.0834186 -0.648676 0.756479
    outer loop
      vertex 87.8925 0.221657 6.24193
      vertex 87.8958 0.253746 6.26981
      vertex 86.6083 0.386803 6.24193
    endloop
  endfacet
  facet normal -0.0999665 -0.777355 0.621069
    outer loop
      vertex 87.8925 0.221657 6.24193
      vertex 86.6083 0.386803 6.24193
      vertex 86.602 0.345085 6.1887
    endloop
  endfacet
  facet normal -0.139597 -0.77128 0.620998
    outer loop
      vertex 86.602 0.345085 6.1887
      vertex 86.6083 0.386803 6.24193
      vertex 85.3257 0.576088 6.1887
    endloop
  endfacet
  facet normal -0.15725 -0.868809 0.469513
    outer loop
      vertex 86.602 0.345085 6.1887
      vertex 85.3257 0.576088 6.1887
      vertex 85.3216 0.556435 6.15096
    endloop
  endfacet
  facet normal -0.193694 -0.861371 0.469599
    outer loop
      vertex 85.3216 0.556435 6.15096
      vertex 85.3257 0.576088 6.1887
      vertex 84.5044 0.761993 6.19094
    endloop
  endfacet
  facet normal -0.202024 -0.884814 0.419869
    outer loop
      vertex 85.3216 0.556435 6.15096
      vertex 84.5044 0.761993 6.19094
      vertex 84.3786 0.761993 6.13041
    endloop
  endfacet
  facet normal -0.207079 -0.91549 0.344958
    outer loop
      vertex 85.3216 0.556435 6.15096
      vertex 84.3786 0.761993 6.13041
      vertex 85.3186 0.541985 6.11081
    endloop
  endfacet
  facet normal -0.212688 -0.934232 0.286311
    outer loop
      vertex 85.3186 0.541985 6.11081
      vertex 84.3786 0.761993 6.13041
      vertex 84.3513 0.761993 6.11013
    endloop
  endfacet
  facet normal -0.21665 -0.951865 0.216832
    outer loop
      vertex 85.3186 0.541985 6.11081
      vertex 84.3513 0.761993 6.11013
      vertex 84.3275 0.761993 6.08635
    endloop
  endfacet
  facet normal -0.216733 -0.952621 0.2134
    outer loop
      vertex 85.3186 0.541985 6.11081
      vertex 84.3275 0.761993 6.08635
      vertex 85.3167 0.533058 6.06903
    endloop
  endfacet
  facet normal -0.219789 -0.961958 0.162261
    outer loop
      vertex 85.3167 0.533058 6.06903
      vertex 84.3275 0.761993 6.08635
      vertex 84.3176 0.761993 6.07294
    endloop
  endfacet
  facet normal -0.221353 -0.968027 0.118015
    outer loop
      vertex 85.3167 0.533058 6.06903
      vertex 84.3176 0.761993 6.07294
      vertex 84.3098 0.761993 6.05831
    endloop
  endfacet
  facet normal -0.221862 -0.972424 0.0718948
    outer loop
      vertex 84.3098 0.761993 6.05831
      vertex 84.3047 0.762001 6.04268
      vertex 85.3167 0.533058 6.06903
    endloop
  endfacet
  facet normal -0.211146 -0.9565 -0.20131
    outer loop
      vertex 85.3167 0.533058 6.06903
      vertex 84.3047 0.762001 6.04268
      vertex 85.8261 0.429581 6.0264
    endloop
  endfacet
  facet normal -0.172351 -0.952262 0.251976
    outer loop
      vertex 85.3167 0.533058 6.06903
      vertex 85.8261 0.429581 6.0264
      vertex 86.5953 0.301643 6.06903
    endloop
  endfacet
  facet normal -0.149695 -0.967661 -0.203035
    outer loop
      vertex 86.5953 0.301643 6.06903
      vertex 85.8261 0.429581 6.0264
      vertex 87.3669 0.191223 6.0264
    endloop
  endfacet
  facet normal -0.123447 -0.959861 0.251849
    outer loop
      vertex 86.5953 0.301643 6.06903
      vertex 87.3669 0.191223 6.0264
      vertex 87.8836 0.135956 6.06903
    endloop
  endfacet
  facet normal -0.0905485 -0.98061 -0.173797
    outer loop
      vertex 87.8836 0.135956 6.06903
      vertex 87.3669 0.191223 6.0264
      vertex 88.9194 0.0478668 6.0264
    endloop
  endfacet
  facet normal -0.0751854 -0.978069 0.194236
    outer loop
      vertex 87.8836 0.135956 6.06903
      vertex 88.9194 0.0478668 6.0264
      vertex 89.1791 0.0363693 6.06903
    endloop
  endfacet
  facet normal -0.0305968 -0.99614 -0.0822692
    outer loop
      vertex 89.1791 0.0363693 6.06903
      vertex 88.9194 0.0478668 6.0264
      vertex 90.4778 0 6.0264
    endloop
  endfacet
  facet normal -0.0234715 -0.991163 0.130554
    outer loop
      vertex 89.1791 0.0363693 6.06903
      vertex 90.4778 0 6.0264
      vertex 90.4778 0.0103912 6.10529
    endloop
  endfacet
  facet normal -0.21316 -0.976733 0.0235681
    outer loop
      vertex 84.3047 0.762001 6.04268
      vertex 84.3029 0.762001 6.0264
      vertex 85.8261 0.429581 6.0264
    endloop
  endfacet
  facet normal -0.0219935 -0.923656 0.382592
    outer loop
      vertex 90.4778 0.0408401 6.1788
      vertex 89.1803 0.0602036 6.15096
      vertex 90.4778 0.0103912 6.10529
    endloop
  endfacet
  facet normal -0.0238811 -0.938316 0.344953
    outer loop
      vertex 90.4778 0.0103912 6.10529
      vertex 89.1803 0.0602036 6.15096
      vertex 89.1795 0.0454636 6.11081
    endloop
  endfacet
  facet normal -0.0254811 -0.976752 0.212855
    outer loop
      vertex 90.4778 0.0103912 6.10529
      vertex 89.1795 0.0454636 6.11081
      vertex 89.1791 0.0363693 6.06903
    endloop
  endfacet
  facet normal -0.07489 -0.974226 0.212778
    outer loop
      vertex 89.1791 0.0363693 6.06903
      vertex 89.1795 0.0454636 6.11081
      vertex 87.8836 0.135956 6.06903
    endloop
  endfacet
  facet normal -0.0232481 -0.882542 0.469659
    outer loop
      vertex 89.1803 0.0602036 6.15096
      vertex 90.4778 0.0408401 6.1788
      vertex 89.1813 0.0802612 6.1887
    endloop
  endfacet
  facet normal -0.0194709 -0.793217 0.608628
    outer loop
      vertex 89.1813 0.0802612 6.1887
      vertex 90.4778 0.0408401 6.1788
      vertex 90.4778 0.0892792 6.24193
    endloop
  endfacet
  facet normal -0.0200509 -0.783472 0.621104
    outer loop
      vertex 89.1813 0.0802612 6.1887
      vertex 90.4778 0.0892792 6.24193
      vertex 89.1834 0.122406 6.24193
    endloop
  endfacet
  facet normal -0.0167336 -0.653848 0.75644
    outer loop
      vertex 89.1834 0.122406 6.24193
      vertex 90.4778 0.0892792 6.24193
      vertex 89.1851 0.154617 6.26981
    endloop
  endfacet
  facet normal -0.0501374 -0.652108 0.756466
    outer loop
      vertex 89.1834 0.122406 6.24193
      vertex 89.1851 0.154617 6.26981
      vertex 87.8925 0.221657 6.24193
    endloop
  endfacet
  facet normal -0.0136583 -0.608719 0.793268
    outer loop
      vertex 90.4778 0.0892792 6.24193
      vertex 90.4778 0.152405 6.29037
      vertex 89.1851 0.154617 6.26981
    endloop
  endfacet
  facet normal -0.0130331 -0.108563 0.994004
    outer loop
      vertex 88.0826 0.419373 6.3312
      vertex 86.8919 0.562317 6.3312
      vertex 87.9076 0.368782 6.32338
    endloop
  endfacet
  facet normal -0.0158642 -0.12335 0.992236
    outer loop
      vertex 87.9076 0.368782 6.32338
      vertex 86.8919 0.562317 6.3312
      vertex 86.631 0.532967 6.32338
    endloop
  endfacet
  facet normal -0.0373084 -0.290087 0.956273
    outer loop
      vertex 87.9076 0.368782 6.32338
      vertex 86.631 0.532967 6.32338
      vertex 86.6247 0.492538 6.31087
    endloop
  endfacet
  facet normal -0.174014 -0.961359 0.213324
    outer loop
      vertex 85.3186 0.541985 6.11081
      vertex 85.3167 0.533058 6.06903
      vertex 86.5967 0.310638 6.11081
    endloop
  endfacet
  facet normal -0.174017 -0.961468 0.21283
    outer loop
      vertex 86.5967 0.310638 6.11081
      vertex 85.3167 0.533058 6.06903
      vertex 86.5953 0.301643 6.06903
    endloop
  endfacet
  facet normal -0.124639 -0.969109 0.21282
    outer loop
      vertex 86.5967 0.310638 6.11081
      vertex 86.5953 0.301643 6.06903
      vertex 87.8845 0.145012 6.11081
    endloop
  endfacet
  facet normal -0.124638 -0.969125 0.212747
    outer loop
      vertex 87.8845 0.145012 6.11081
      vertex 86.5953 0.301643 6.06903
      vertex 87.8836 0.135956 6.06903
    endloop
  endfacet
  facet normal -0.07489 -0.974226 0.212781
    outer loop
      vertex 87.8845 0.145012 6.11081
      vertex 87.8836 0.135956 6.06903
      vertex 89.1795 0.0454636 6.11081
    endloop
  endfacet
  facet normal -0.167184 -0.923628 0.344906
    outer loop
      vertex 85.3216 0.556435 6.15096
      vertex 85.3186 0.541985 6.11081
      vertex 86.5989 0.325233 6.15096
    endloop
  endfacet
  facet normal -0.167184 -0.923627 0.34491
    outer loop
      vertex 86.5989 0.325233 6.15096
      vertex 85.3186 0.541985 6.11081
      vertex 86.5967 0.310638 6.11081
    endloop
  endfacet
  facet normal -0.11973 -0.930946 0.34497
    outer loop
      vertex 86.5989 0.325233 6.15096
      vertex 86.5967 0.310638 6.11081
      vertex 87.886 0.159698 6.15096
    endloop
  endfacet
  facet normal -0.119729 -0.930939 0.34499
    outer loop
      vertex 87.886 0.159698 6.15096
      vertex 86.5967 0.310638 6.11081
      vertex 87.8845 0.145012 6.11081
    endloop
  endfacet
  facet normal -0.0719393 -0.935842 0.344998
    outer loop
      vertex 87.886 0.159698 6.15096
      vertex 87.8845 0.145012 6.11081
      vertex 89.1803 0.0602036 6.15096
    endloop
  endfacet
  facet normal -0.0719394 -0.935841 0.345002
    outer loop
      vertex 89.1803 0.0602036 6.15096
      vertex 87.8845 0.145012 6.11081
      vertex 89.1795 0.0454636 6.11081
    endloop
  endfacet
  facet normal -0.157231 -0.868638 0.469836
    outer loop
      vertex 85.3216 0.556435 6.15096
      vertex 86.5989 0.325233 6.15096
      vertex 86.602 0.345085 6.1887
    endloop
  endfacet
  facet normal -0.112602 -0.875557 0.46981
    outer loop
      vertex 86.602 0.345085 6.1887
      vertex 86.5989 0.325233 6.15096
      vertex 87.8882 0.179672 6.1887
    endloop
  endfacet
  facet normal -0.0999635 -0.777285 0.621156
    outer loop
      vertex 86.602 0.345085 6.1887
      vertex 87.8882 0.179672 6.1887
      vertex 87.8925 0.221657 6.24193
    endloop
  endfacet
  facet normal -0.0600762 -0.781377 0.621161
    outer loop
      vertex 87.8925 0.221657 6.24193
      vertex 87.8882 0.179672 6.1887
      vertex 89.1834 0.122406 6.24193
    endloop
  endfacet
  facet normal -0.112598 -0.875497 0.469923
    outer loop
      vertex 87.8882 0.179672 6.1887
      vertex 86.5989 0.325233 6.15096
      vertex 87.886 0.159698 6.15096
    endloop
  endfacet
  facet normal -0.116477 -0.643553 0.756487
    outer loop
      vertex 85.3409 0.648979 6.26981
      vertex 85.3343 0.617401 6.24193
      vertex 86.6133 0.418686 6.26981
    endloop
  endfacet
  facet normal -0.116454 -0.643378 0.756639
    outer loop
      vertex 86.6133 0.418686 6.26981
      vertex 85.3343 0.617401 6.24193
      vertex 86.6083 0.386803 6.24193
    endloop
  endfacet
  facet normal -0.0834064 -0.648531 0.756605
    outer loop
      vertex 86.6133 0.418686 6.26981
      vertex 86.6083 0.386803 6.24193
      vertex 87.8958 0.253746 6.26981
    endloop
  endfacet
  facet normal -0.0963542 -0.53237 0.84101
    outer loop
      vertex 85.3409 0.648979 6.26981
      vertex 86.6133 0.418686 6.26981
      vertex 86.6187 0.454185 6.2929
    endloop
  endfacet
  facet normal -0.0689973 -0.536552 0.841042
    outer loop
      vertex 86.6187 0.454185 6.2929
      vertex 86.6133 0.418686 6.26981
      vertex 87.8995 0.289482 6.2929
    endloop
  endfacet
  facet normal -0.0536015 -0.416828 0.907404
    outer loop
      vertex 86.6187 0.454185 6.2929
      vertex 87.8995 0.289482 6.2929
      vertex 87.9035 0.328087 6.31087
    endloop
  endfacet
  facet normal -0.0322189 -0.41904 0.907396
    outer loop
      vertex 87.9035 0.328087 6.31087
      vertex 87.8995 0.289482 6.2929
      vertex 89.1889 0.229256 6.31087
    endloop
  endfacet
  facet normal -0.0224249 -0.291659 0.95626
    outer loop
      vertex 87.9035 0.328087 6.31087
      vertex 89.1889 0.229256 6.31087
      vertex 89.191 0.270111 6.32338
    endloop
  endfacet
  facet normal -0.0689801 -0.536359 0.841167
    outer loop
      vertex 87.8995 0.289482 6.2929
      vertex 86.6133 0.418686 6.26981
      vertex 87.8958 0.253746 6.26981
    endloop
  endfacet
  facet normal -0.171397 -0.764691 0.621185
    outer loop
      vertex 84.5044 0.761993 6.19094
      vertex 85.3257 0.576088 6.1887
      vertex 85.3343 0.617401 6.24193
    endloop
  endfacet
  facet normal -0.13959 -0.771201 0.621099
    outer loop
      vertex 85.3343 0.617401 6.24193
      vertex 85.3257 0.576088 6.1887
      vertex 86.6083 0.386803 6.24193
    endloop
  endfacet
  facet normal -0.0676673 -0.880268 0.469627
    outer loop
      vertex 89.1803 0.0602036 6.15096
      vertex 89.1813 0.0802612 6.1887
      vertex 87.886 0.159698 6.15096
    endloop
  endfacet
  facet normal -0.0676667 -0.880184 0.469784
    outer loop
      vertex 87.886 0.159698 6.15096
      vertex 89.1813 0.0802612 6.1887
      vertex 87.8882 0.179672 6.1887
    endloop
  endfacet
  facet normal -0.0600757 -0.781444 0.621077
    outer loop
      vertex 89.1813 0.0802612 6.1887
      vertex 89.1834 0.122406 6.24193
      vertex 87.8882 0.179672 6.1887
    endloop
  endfacet
  facet normal -0.0322191 -0.419047 0.907393
    outer loop
      vertex 89.1889 0.229256 6.31087
      vertex 87.8995 0.289482 6.2929
      vertex 89.1869 0.190498 6.2929
    endloop
  endfacet
  facet normal -0.0414574 -0.539201 0.841156
    outer loop
      vertex 89.1869 0.190498 6.2929
      vertex 87.8995 0.289482 6.2929
      vertex 87.8958 0.253746 6.26981
    endloop
  endfacet
  facet normal 0 -0.991437 0.13059
    outer loop
      vertex 103.02 0.0103912 6.10529
      vertex 101.452 0.0103912 6.10529
      vertex 103.02 0 6.0264
    endloop
  endfacet
  facet normal 0 -0.991437 0.13059
    outer loop
      vertex 103.02 0 6.0264
      vertex 101.452 0.0103912 6.10529
      vertex 99.8845 0.0103912 6.10529
    endloop
  endfacet
  facet normal 0 -0.991437 0.13059
    outer loop
      vertex 103.02 0 6.0264
      vertex 99.8845 0.0103912 6.10529
      vertex 98.3167 0.0103912 6.10529
    endloop
  endfacet
  facet normal 0 -0.923879 0.382684
    outer loop
      vertex 98.3167 0.0103912 6.10529
      vertex 99.8845 0.0103912 6.10529
      vertex 98.3167 0.0408401 6.1788
    endloop
  endfacet
  facet normal 0 -0.923879 0.382684
    outer loop
      vertex 98.3167 0.0103912 6.10529
      vertex 98.3167 0.0408401 6.1788
      vertex 96.7489 0.0408401 6.1788
    endloop
  endfacet
  facet normal 0 -0.793367 0.608744
    outer loop
      vertex 96.7489 0.0408401 6.1788
      vertex 98.3167 0.0408401 6.1788
      vertex 96.7489 0.0892792 6.24193
    endloop
  endfacet
  facet normal 0 -0.793367 0.608744
    outer loop
      vertex 96.7489 0.0408401 6.1788
      vertex 96.7489 0.0892792 6.24193
      vertex 95.1811 0.0892792 6.24193
    endloop
  endfacet
  facet normal 0 -0.608776 0.793342
    outer loop
      vertex 95.1811 0.0892792 6.24193
      vertex 96.7489 0.0892792 6.24193
      vertex 95.1811 0.152405 6.29037
    endloop
  endfacet
  facet normal 0 -0.608776 0.793342
    outer loop
      vertex 95.1811 0.0892792 6.24193
      vertex 95.1811 0.152405 6.29037
      vertex 93.6133 0.152405 6.29037
    endloop
  endfacet
  facet normal 0 -0.3827 0.923873
    outer loop
      vertex 93.6133 0.152405 6.29037
      vertex 95.1811 0.152405 6.29037
      vertex 93.6133 0.225914 6.32082
    endloop
  endfacet
  facet normal 0 -0.3827 0.923873
    outer loop
      vertex 93.6133 0.152405 6.29037
      vertex 93.6133 0.225914 6.32082
      vertex 92.0455 0.225914 6.32082
    endloop
  endfacet
  facet normal 0 -0.130455 0.991454
    outer loop
      vertex 92.0455 0.225914 6.32082
      vertex 93.6133 0.225914 6.32082
      vertex 90.4778 0.304802 6.3312
    endloop
  endfacet
  facet normal 0 -0.130455 0.991454
    outer loop
      vertex 92.0455 0.225914 6.32082
      vertex 90.4778 0.304802 6.3312
      vertex 90.4778 0.225914 6.32082
    endloop
  endfacet
  facet normal 0 -0.923879 0.382684
    outer loop
      vertex 101.452 0.0103912 6.10529
      vertex 103.02 0.0103912 6.10529
      vertex 101.452 0.0408401 6.1788
    endloop
  endfacet
  facet normal 0 -0.923879 0.382684
    outer loop
      vertex 101.452 0.0408401 6.1788
      vertex 103.02 0.0103912 6.10529
      vertex 103.02 0.0408401 6.1788
    endloop
  endfacet
  facet normal 0 -0.793367 0.608744
    outer loop
      vertex 101.452 0.0408401 6.1788
      vertex 103.02 0.0408401 6.1788
      vertex 101.452 0.0892792 6.24193
    endloop
  endfacet
  facet normal 0 -0.793367 0.608744
    outer loop
      vertex 101.452 0.0892792 6.24193
      vertex 103.02 0.0408401 6.1788
      vertex 103.02 0.0892792 6.24193
    endloop
  endfacet
  facet normal 0 -0.608776 0.793342
    outer loop
      vertex 101.452 0.0892792 6.24193
      vertex 103.02 0.0892792 6.24193
      vertex 101.452 0.152405 6.29037
    endloop
  endfacet
  facet normal 0 -0.608776 0.793342
    outer loop
      vertex 101.452 0.152405 6.29037
      vertex 103.02 0.0892792 6.24193
      vertex 103.02 0.152405 6.29037
    endloop
  endfacet
  facet normal 0 -0.3827 0.923873
    outer loop
      vertex 101.452 0.152405 6.29037
      vertex 103.02 0.152405 6.29037
      vertex 101.452 0.225914 6.32082
    endloop
  endfacet
  facet normal 0 -0.3827 0.923873
    outer loop
      vertex 101.452 0.225914 6.32082
      vertex 103.02 0.152405 6.29037
      vertex 103.02 0.225914 6.32082
    endloop
  endfacet
  facet normal 0 -0.130455 0.991454
    outer loop
      vertex 101.452 0.225914 6.32082
      vertex 103.02 0.225914 6.32082
      vertex 103.02 0.304802 6.3312
    endloop
  endfacet
  facet normal 0 -0.130455 0.991454
    outer loop
      vertex 90.4778 0.304802 6.3312
      vertex 96.7489 0.225914 6.32082
      vertex 103.02 0.304802 6.3312
    endloop
  endfacet
  facet normal 0 -0.130455 0.991454
    outer loop
      vertex 103.02 0.304802 6.3312
      vertex 96.7489 0.225914 6.32082
      vertex 98.3167 0.225914 6.32082
    endloop
  endfacet
  facet normal 0 -0.130455 0.991454
    outer loop
      vertex 103.02 0.304802 6.3312
      vertex 98.3167 0.225914 6.32082
      vertex 99.8845 0.225914 6.32082
    endloop
  endfacet
  facet normal 0 -0.3827 0.923873
    outer loop
      vertex 99.8845 0.225914 6.32082
      vertex 98.3167 0.225914 6.32082
      vertex 99.8845 0.152405 6.29037
    endloop
  endfacet
  facet normal 0 -0.3827 0.923873
    outer loop
      vertex 99.8845 0.225914 6.32082
      vertex 99.8845 0.152405 6.29037
      vertex 101.452 0.152405 6.29037
    endloop
  endfacet
  facet normal 0 -0.608776 0.793342
    outer loop
      vertex 101.452 0.152405 6.29037
      vertex 99.8845 0.152405 6.29037
      vertex 101.452 0.0892792 6.24193
    endloop
  endfacet
  facet normal 0 -0.3827 0.923873
    outer loop
      vertex 92.0455 0.225914 6.32082
      vertex 90.4778 0.225914 6.32082
      vertex 92.0455 0.152405 6.29037
    endloop
  endfacet
  facet normal 0 -0.3827 0.923873
    outer loop
      vertex 92.0455 0.152405 6.29037
      vertex 90.4778 0.225914 6.32082
      vertex 90.4778 0.152405 6.29037
    endloop
  endfacet
  facet normal 0 -0.608776 0.793342
    outer loop
      vertex 92.0455 0.152405 6.29037
      vertex 90.4778 0.152405 6.29037
      vertex 92.0455 0.0892792 6.24193
    endloop
  endfacet
  facet normal 0 -0.608776 0.793342
    outer loop
      vertex 92.0455 0.0892792 6.24193
      vertex 90.4778 0.152405 6.29037
      vertex 90.4778 0.0892792 6.24193
    endloop
  endfacet
  facet normal 0 -0.793367 0.608744
    outer loop
      vertex 92.0455 0.0892792 6.24193
      vertex 90.4778 0.0892792 6.24193
      vertex 92.0455 0.0408401 6.1788
    endloop
  endfacet
  facet normal 0 -0.793367 0.608744
    outer loop
      vertex 92.0455 0.0408401 6.1788
      vertex 90.4778 0.0892792 6.24193
      vertex 90.4778 0.0408401 6.1788
    endloop
  endfacet
  facet normal 0 -0.923879 0.382684
    outer loop
      vertex 92.0455 0.0408401 6.1788
      vertex 90.4778 0.0408401 6.1788
      vertex 92.0455 0.0103912 6.10529
    endloop
  endfacet
  facet normal 0 -0.923879 0.382684
    outer loop
      vertex 92.0455 0.0103912 6.10529
      vertex 90.4778 0.0408401 6.1788
      vertex 90.4778 0.0103912 6.10529
    endloop
  endfacet
  facet normal 0 -0.991437 0.13059
    outer loop
      vertex 92.0455 0.0103912 6.10529
      vertex 90.4778 0.0103912 6.10529
      vertex 90.4778 0 6.0264
    endloop
  endfacet
  facet normal 0 -0.991437 0.13059
    outer loop
      vertex 103.02 0 6.0264
      vertex 96.7489 0.0103912 6.10529
      vertex 90.4778 0 6.0264
    endloop
  endfacet
  facet normal 0 -0.991437 0.13059
    outer loop
      vertex 90.4778 0 6.0264
      vertex 96.7489 0.0103912 6.10529
      vertex 95.1811 0.0103912 6.10529
    endloop
  endfacet
  facet normal 0 -0.991437 0.13059
    outer loop
      vertex 90.4778 0 6.0264
      vertex 95.1811 0.0103912 6.10529
      vertex 93.6133 0.0103912 6.10529
    endloop
  endfacet
  facet normal 0 -0.923879 0.382684
    outer loop
      vertex 93.6133 0.0103912 6.10529
      vertex 95.1811 0.0103912 6.10529
      vertex 93.6133 0.0408401 6.1788
    endloop
  endfacet
  facet normal 0 -0.923879 0.382684
    outer loop
      vertex 93.6133 0.0103912 6.10529
      vertex 93.6133 0.0408401 6.1788
      vertex 92.0455 0.0408401 6.1788
    endloop
  endfacet
  facet normal 0 -0.793367 0.608744
    outer loop
      vertex 92.0455 0.0408401 6.1788
      vertex 93.6133 0.0408401 6.1788
      vertex 92.0455 0.0892792 6.24193
    endloop
  endfacet
  facet normal 0 -0.991437 0.13059
    outer loop
      vertex 96.7489 0.0103912 6.10529
      vertex 103.02 0 6.0264
      vertex 98.3167 0.0103912 6.10529
    endloop
  endfacet
  facet normal 0 -0.923879 0.382684
    outer loop
      vertex 99.8845 0.0103912 6.10529
      vertex 101.452 0.0103912 6.10529
      vertex 99.8845 0.0408401 6.1788
    endloop
  endfacet
  facet normal 0 -0.923879 0.382684
    outer loop
      vertex 99.8845 0.0408401 6.1788
      vertex 101.452 0.0103912 6.10529
      vertex 101.452 0.0408401 6.1788
    endloop
  endfacet
  facet normal 0 -0.793367 0.608744
    outer loop
      vertex 99.8845 0.0408401 6.1788
      vertex 101.452 0.0408401 6.1788
      vertex 99.8845 0.0892792 6.24193
    endloop
  endfacet
  facet normal 0 -0.793367 0.608744
    outer loop
      vertex 99.8845 0.0892792 6.24193
      vertex 101.452 0.0408401 6.1788
      vertex 101.452 0.0892792 6.24193
    endloop
  endfacet
  facet normal 0 -0.608776 0.793342
    outer loop
      vertex 99.8845 0.0892792 6.24193
      vertex 101.452 0.0892792 6.24193
      vertex 99.8845 0.152405 6.29037
    endloop
  endfacet
  facet normal 0 -0.923879 0.382684
    outer loop
      vertex 98.3167 0.0103912 6.10529
      vertex 96.7489 0.0408401 6.1788
      vertex 96.7489 0.0103912 6.10529
    endloop
  endfacet
  facet normal 0 -0.923879 0.382684
    outer loop
      vertex 96.7489 0.0103912 6.10529
      vertex 96.7489 0.0408401 6.1788
      vertex 95.1811 0.0408401 6.1788
    endloop
  endfacet
  facet normal 0 -0.923879 0.382684
    outer loop
      vertex 96.7489 0.0103912 6.10529
      vertex 95.1811 0.0408401 6.1788
      vertex 95.1811 0.0103912 6.10529
    endloop
  endfacet
  facet normal 0 -0.923879 0.382684
    outer loop
      vertex 95.1811 0.0103912 6.10529
      vertex 95.1811 0.0408401 6.1788
      vertex 93.6133 0.0408401 6.1788
    endloop
  endfacet
  facet normal 0 -0.991437 0.13059
    outer loop
      vertex 92.0455 0.0103912 6.10529
      vertex 90.4778 0 6.0264
      vertex 93.6133 0.0103912 6.10529
    endloop
  endfacet
  facet normal 0 -0.923879 0.382684
    outer loop
      vertex 92.0455 0.0408401 6.1788
      vertex 92.0455 0.0103912 6.10529
      vertex 93.6133 0.0103912 6.10529
    endloop
  endfacet
  facet normal 0 -0.923879 0.382684
    outer loop
      vertex 99.8845 0.0103912 6.10529
      vertex 99.8845 0.0408401 6.1788
      vertex 98.3167 0.0408401 6.1788
    endloop
  endfacet
  facet normal 0 -0.793367 0.608744
    outer loop
      vertex 98.3167 0.0408401 6.1788
      vertex 99.8845 0.0408401 6.1788
      vertex 98.3167 0.0892792 6.24193
    endloop
  endfacet
  facet normal 0 -0.793367 0.608744
    outer loop
      vertex 98.3167 0.0408401 6.1788
      vertex 98.3167 0.0892792 6.24193
      vertex 96.7489 0.0892792 6.24193
    endloop
  endfacet
  facet normal 0 -0.608776 0.793342
    outer loop
      vertex 96.7489 0.0892792 6.24193
      vertex 98.3167 0.0892792 6.24193
      vertex 96.7489 0.152405 6.29037
    endloop
  endfacet
  facet normal 0 -0.608776 0.793342
    outer loop
      vertex 96.7489 0.0892792 6.24193
      vertex 96.7489 0.152405 6.29037
      vertex 95.1811 0.152405 6.29037
    endloop
  endfacet
  facet normal 0 -0.3827 0.923873
    outer loop
      vertex 95.1811 0.152405 6.29037
      vertex 96.7489 0.152405 6.29037
      vertex 95.1811 0.225914 6.32082
    endloop
  endfacet
  facet normal 0 -0.3827 0.923873
    outer loop
      vertex 95.1811 0.152405 6.29037
      vertex 95.1811 0.225914 6.32082
      vertex 93.6133 0.225914 6.32082
    endloop
  endfacet
  facet normal 0 -0.130455 0.991454
    outer loop
      vertex 93.6133 0.225914 6.32082
      vertex 95.1811 0.225914 6.32082
      vertex 90.4778 0.304802 6.3312
    endloop
  endfacet
  facet normal 0 -0.793367 0.608744
    outer loop
      vertex 98.3167 0.0892792 6.24193
      vertex 99.8845 0.0408401 6.1788
      vertex 99.8845 0.0892792 6.24193
    endloop
  endfacet
  facet normal 0 -0.793367 0.608744
    outer loop
      vertex 96.7489 0.0408401 6.1788
      vertex 95.1811 0.0892792 6.24193
      vertex 95.1811 0.0408401 6.1788
    endloop
  endfacet
  facet normal 0 -0.793367 0.608744
    outer loop
      vertex 95.1811 0.0408401 6.1788
      vertex 95.1811 0.0892792 6.24193
      vertex 93.6133 0.0892792 6.24193
    endloop
  endfacet
  facet normal 0 -0.793367 0.608744
    outer loop
      vertex 95.1811 0.0408401 6.1788
      vertex 93.6133 0.0892792 6.24193
      vertex 93.6133 0.0408401 6.1788
    endloop
  endfacet
  facet normal 0 -0.793367 0.608744
    outer loop
      vertex 93.6133 0.0408401 6.1788
      vertex 93.6133 0.0892792 6.24193
      vertex 92.0455 0.0892792 6.24193
    endloop
  endfacet
  facet normal 0 -0.608776 0.793342
    outer loop
      vertex 98.3167 0.0892792 6.24193
      vertex 99.8845 0.0892792 6.24193
      vertex 98.3167 0.152405 6.29037
    endloop
  endfacet
  facet normal 0 -0.608776 0.793342
    outer loop
      vertex 98.3167 0.152405 6.29037
      vertex 99.8845 0.0892792 6.24193
      vertex 99.8845 0.152405 6.29037
    endloop
  endfacet
  facet normal 0 -0.3827 0.923873
    outer loop
      vertex 98.3167 0.152405 6.29037
      vertex 99.8845 0.152405 6.29037
      vertex 98.3167 0.225914 6.32082
    endloop
  endfacet
  facet normal 0 -0.608776 0.793342
    outer loop
      vertex 92.0455 0.152405 6.29037
      vertex 92.0455 0.0892792 6.24193
      vertex 93.6133 0.0892792 6.24193
    endloop
  endfacet
  facet normal 0 -0.608776 0.793342
    outer loop
      vertex 92.0455 0.152405 6.29037
      vertex 93.6133 0.0892792 6.24193
      vertex 93.6133 0.152405 6.29037
    endloop
  endfacet
  facet normal 0 -0.608776 0.793342
    outer loop
      vertex 93.6133 0.152405 6.29037
      vertex 93.6133 0.0892792 6.24193
      vertex 95.1811 0.0892792 6.24193
    endloop
  endfacet
  facet normal 0 -0.3827 0.923873
    outer loop
      vertex 99.8845 0.225914 6.32082
      vertex 101.452 0.152405 6.29037
      vertex 101.452 0.225914 6.32082
    endloop
  endfacet
  facet normal 0 -0.608776 0.793342
    outer loop
      vertex 98.3167 0.0892792 6.24193
      vertex 98.3167 0.152405 6.29037
      vertex 96.7489 0.152405 6.29037
    endloop
  endfacet
  facet normal 0 -0.3827 0.923873
    outer loop
      vertex 96.7489 0.152405 6.29037
      vertex 98.3167 0.152405 6.29037
      vertex 96.7489 0.225914 6.32082
    endloop
  endfacet
  facet normal 0 -0.3827 0.923873
    outer loop
      vertex 96.7489 0.152405 6.29037
      vertex 96.7489 0.225914 6.32082
      vertex 95.1811 0.225914 6.32082
    endloop
  endfacet
  facet normal 0 -0.130455 0.991454
    outer loop
      vertex 95.1811 0.225914 6.32082
      vertex 96.7489 0.225914 6.32082
      vertex 90.4778 0.304802 6.3312
    endloop
  endfacet
  facet normal 0 -0.3827 0.923873
    outer loop
      vertex 96.7489 0.225914 6.32082
      vertex 98.3167 0.152405 6.29037
      vertex 98.3167 0.225914 6.32082
    endloop
  endfacet
  facet normal 0 -0.3827 0.923873
    outer loop
      vertex 92.0455 0.225914 6.32082
      vertex 92.0455 0.152405 6.29037
      vertex 93.6133 0.152405 6.29037
    endloop
  endfacet
  facet normal 0 -0.130455 0.991454
    outer loop
      vertex 103.02 0.304802 6.3312
      vertex 99.8845 0.225914 6.32082
      vertex 101.452 0.225914 6.32082
    endloop
  endfacet
  facet normal 0 1 0
    outer loop
      vertex 87.2239 0.905289 2.8768
      vertex 87.2239 0.905289 6.3312
      vertex 88.0858 0.905289 2.8768
    endloop
  endfacet
  facet normal 0 1 -0
    outer loop
      vertex 88.0858 0.905289 2.8768
      vertex 87.2239 0.905289 6.3312
      vertex 88.0858 0.905289 6.3312
    endloop
  endfacet
  facet normal 0.991422 0.130702 -0
    outer loop
      vertex 86.8429 1.28629 2.8768
      vertex 86.8429 1.28629 6.3312
      vertex 86.8559 1.18768 4.604
    endloop
  endfacet
  facet normal 0.991422 0.130702 -0
    outer loop
      vertex 86.8559 1.18768 4.604
      vertex 86.8429 1.28629 6.3312
      vertex 86.8559 1.18768 6.3312
    endloop
  endfacet
  facet normal 0.923745 0.383009 -0
    outer loop
      vertex 86.8559 1.18768 4.604
      vertex 86.8559 1.18768 6.3312
      vertex 86.894 1.09579 4.604
    endloop
  endfacet
  facet normal 0.923745 0.383009 -0
    outer loop
      vertex 86.894 1.09579 4.604
      vertex 86.8559 1.18768 6.3312
      vertex 86.894 1.09579 6.3312
    endloop
  endfacet
  facet normal 0.793595 0.608446 -0
    outer loop
      vertex 86.894 1.09579 4.604
      vertex 86.894 1.09579 6.3312
      vertex 86.9545 1.01688 4.604
    endloop
  endfacet
  facet normal 0.793595 0.608446 -0
    outer loop
      vertex 86.9545 1.01688 4.604
      vertex 86.894 1.09579 6.3312
      vertex 86.9545 1.01688 6.3312
    endloop
  endfacet
  facet normal 0.608818 0.79331 -0
    outer loop
      vertex 86.9545 1.01688 4.604
      vertex 86.9545 1.01688 6.3312
      vertex 87.0334 0.956329 4.604
    endloop
  endfacet
  facet normal 0.608818 0.79331 -0
    outer loop
      vertex 87.0334 0.956329 4.604
      vertex 86.9545 1.01688 6.3312
      vertex 87.0334 0.956329 6.3312
    endloop
  endfacet
  facet normal 0.382656 0.923891 -0
    outer loop
      vertex 87.0334 0.956329 4.604
      vertex 87.0334 0.956329 6.3312
      vertex 87.1253 0.918266 4.604
    endloop
  endfacet
  facet normal 0.382656 0.923891 -0
    outer loop
      vertex 87.1253 0.918266 4.604
      vertex 87.0334 0.956329 6.3312
      vertex 87.1253 0.918266 6.3312
    endloop
  endfacet
  facet normal 0.130487 0.99145 -0
    outer loop
      vertex 87.1253 0.918266 4.604
      vertex 87.1253 0.918266 6.3312
      vertex 87.2239 0.905289 6.3312
    endloop
  endfacet
  facet normal 0.130487 0.99145 0
    outer loop
      vertex 87.2239 0.905289 6.3312
      vertex 87.2239 0.905289 2.8768
      vertex 87.1253 0.918266 4.604
    endloop
  endfacet
  facet normal 0.130487 0.99145 0
    outer loop
      vertex 87.1253 0.918266 4.604
      vertex 87.2239 0.905289 2.8768
      vertex 87.1253 0.918266 2.8768
    endloop
  endfacet
  facet normal 0.382656 0.923891 0
    outer loop
      vertex 87.1253 0.918266 4.604
      vertex 87.1253 0.918266 2.8768
      vertex 87.0334 0.956329 4.604
    endloop
  endfacet
  facet normal 0.382656 0.923891 0
    outer loop
      vertex 87.0334 0.956329 4.604
      vertex 87.1253 0.918266 2.8768
      vertex 87.0334 0.956329 2.8768
    endloop
  endfacet
  facet normal 0.608818 0.79331 0
    outer loop
      vertex 87.0334 0.956329 4.604
      vertex 87.0334 0.956329 2.8768
      vertex 86.9545 1.01688 4.604
    endloop
  endfacet
  facet normal 0.608818 0.79331 0
    outer loop
      vertex 86.9545 1.01688 4.604
      vertex 87.0334 0.956329 2.8768
      vertex 86.9545 1.01688 2.8768
    endloop
  endfacet
  facet normal 0.793595 0.608446 0
    outer loop
      vertex 86.9545 1.01688 4.604
      vertex 86.9545 1.01688 2.8768
      vertex 86.894 1.09579 4.604
    endloop
  endfacet
  facet normal 0.793595 0.608446 0
    outer loop
      vertex 86.894 1.09579 4.604
      vertex 86.9545 1.01688 2.8768
      vertex 86.894 1.09579 2.8768
    endloop
  endfacet
  facet normal 0.923745 0.383009 0
    outer loop
      vertex 86.894 1.09579 4.604
      vertex 86.894 1.09579 2.8768
      vertex 86.8559 1.18768 4.604
    endloop
  endfacet
  facet normal 0.923745 0.383009 0
    outer loop
      vertex 86.8559 1.18768 4.604
      vertex 86.894 1.09579 2.8768
      vertex 86.8559 1.18768 2.8768
    endloop
  endfacet
  facet normal 0.991422 0.130702 0
    outer loop
      vertex 86.8559 1.18768 4.604
      vertex 86.8559 1.18768 2.8768
      vertex 86.8429 1.28629 2.8768
    endloop
  endfacet
  facet normal 1 0 0
    outer loop
      vertex 86.8429 1.28629 2.8768
      vertex 86.8429 0.762001 2.8768
      vertex 86.8429 1.28629 2.6228
    endloop
  endfacet
  facet normal 1 0 0
    outer loop
      vertex 86.8429 1.28629 2.6228
      vertex 86.8429 0.762001 2.8768
      vertex 86.8429 0.762001 2.6228
    endloop
  endfacet
  facet normal 1 0 0
    outer loop
      vertex 86.8429 1.28628 6.5852
      vertex 86.8429 0.762001 6.5852
      vertex 86.8429 1.28629 6.3312
    endloop
  endfacet
  facet normal 1 0 0
    outer loop
      vertex 86.8429 1.28629 6.3312
      vertex 86.8429 0.762001 6.5852
      vertex 86.8429 0.761993 6.3312
    endloop
  endfacet
  facet normal 0.99884 0.0481497 1.89566e-06
    outer loop
      vertex 86.8429 1.28628 6.5852
      vertex 86.8429 1.28629 6.3312
      vertex 86.8411 1.32362 6.58704
    endloop
  endfacet
  facet normal 0.996544 0.0829106 -0.00508628
    outer loop
      vertex 86.8411 1.32362 6.58704
      vertex 86.8429 1.28629 6.3312
      vertex 86.8299 1.38489 5.3914
    endloop
  endfacet
  facet normal 0.989087 0.14732 -0.00171578
    outer loop
      vertex 86.8411 1.32362 6.58704
      vertex 86.8299 1.38489 5.3914
      vertex 86.8356 1.36061 6.59252
    endloop
  endfacet
  facet normal 0.956977 0.29016 0.00132402
    outer loop
      vertex 86.8356 1.36061 6.59252
      vertex 86.8299 1.38489 5.3914
      vertex 86.8139 1.43208 6.6142
    endloop
  endfacet
  facet normal 0.924097 0.382149 -0.00265625
    outer loop
      vertex 86.8139 1.43208 6.6142
      vertex 86.8299 1.38489 5.3914
      vertex 86.7919 1.47678 5.3914
    endloop
  endfacet
  facet normal 0.882263 0.470755 0.00133543
    outer loop
      vertex 86.8139 1.43208 6.6142
      vertex 86.7919 1.47678 5.3914
      vertex 86.7787 1.49795 6.64941
    endloop
  endfacet
  facet normal 0.793108 0.609078 -0.00192777
    outer loop
      vertex 86.7787 1.49795 6.64941
      vertex 86.7919 1.47678 5.3914
      vertex 86.7313 1.55569 5.3914
    endloop
  endfacet
  facet normal 0.772918 0.634505 0
    outer loop
      vertex 86.7787 1.49795 6.64941
      vertex 86.7313 1.55569 5.3914
      vertex 86.7313 1.55569 6.6968
    endloop
  endfacet
  facet normal 0.634608 0.772834 0
    outer loop
      vertex 86.7313 1.55569 6.6968
      vertex 86.7313 1.55569 5.3914
      vertex 86.6736 1.60307 6.75453
    endloop
  endfacet
  facet normal 0.608747 0.793362 -0.00180819
    outer loop
      vertex 86.6736 1.60307 6.75453
      vertex 86.7313 1.55569 5.3914
      vertex 86.6524 1.61623 5.3914
    endloop
  endfacet
  facet normal 0.472155 0.881515 0.0011672
    outer loop
      vertex 86.6736 1.60307 6.75453
      vertex 86.6524 1.61623 5.3914
      vertex 86.6077 1.63828 6.8204
    endloop
  endfacet
  facet normal 0.382715 0.923864 -0.002284
    outer loop
      vertex 86.6077 1.63828 6.8204
      vertex 86.6524 1.61623 5.3914
      vertex 86.5605 1.6543 5.3914
    endloop
  endfacet
  facet normal 0.291545 0.956556 0.00109385
    outer loop
      vertex 86.6077 1.63828 6.8204
      vertex 86.5605 1.6543 5.3914
      vertex 86.5363 1.65996 6.89187
    endloop
  endfacet
  facet normal 0.0957262 0.995405 -0.00221092
    outer loop
      vertex 86.5363 1.65996 6.89187
      vertex 86.5605 1.6543 5.3914
      vertex 86.4619 1.66728 6.9662
    endloop
  endfacet
  facet normal 0.130517 0.991446 0
    outer loop
      vertex 86.4619 1.66728 6.9662
      vertex 86.5605 1.6543 5.3914
      vertex 86.5605 1.6543 3.8166
    endloop
  endfacet
  facet normal 0.164284 0.986412 0.00107785
    outer loop
      vertex 86.4619 1.66728 6.9662
      vertex 86.5605 1.6543 3.8166
      vertex 86.5363 1.65997 2.31613
    endloop
  endfacet
  facet normal 0.291664 0.95652 -0.00108952
    outer loop
      vertex 86.5363 1.65997 2.31613
      vertex 86.5605 1.6543 3.8166
      vertex 86.6077 1.63828 2.38761
    endloop
  endfacet
  facet normal 0.382629 0.923899 0.00228079
    outer loop
      vertex 86.6077 1.63828 2.38761
      vertex 86.5605 1.6543 3.8166
      vertex 86.6524 1.61624 3.8166
    endloop
  endfacet
  facet normal 0.47216 0.881512 -0.00117357
    outer loop
      vertex 86.6077 1.63828 2.38761
      vertex 86.6524 1.61624 3.8166
      vertex 86.6736 1.60307 2.45348
    endloop
  endfacet
  facet normal 0.60881 0.793314 0.00180383
    outer loop
      vertex 86.6736 1.60307 2.45348
      vertex 86.6524 1.61624 3.8166
      vertex 86.7313 1.55569 3.8166
    endloop
  endfacet
  facet normal 0.634608 0.772834 0
    outer loop
      vertex 86.6736 1.60307 2.45348
      vertex 86.7313 1.55569 3.8166
      vertex 86.7313 1.55569 2.51121
    endloop
  endfacet
  facet normal 0.772865 0.634571 -0
    outer loop
      vertex 86.7313 1.55569 2.51121
      vertex 86.7313 1.55569 3.8166
      vertex 86.7787 1.49796 2.55859
    endloop
  endfacet
  facet normal 0.793108 0.609078 0.00193261
    outer loop
      vertex 86.7787 1.49796 2.55859
      vertex 86.7313 1.55569 3.8166
      vertex 86.7919 1.47678 3.8166
    endloop
  endfacet
  facet normal 0.882262 0.470757 -0.00133165
    outer loop
      vertex 86.7787 1.49796 2.55859
      vertex 86.7919 1.47678 3.8166
      vertex 86.8139 1.43209 2.5938
    endloop
  endfacet
  facet normal 0.924082 0.382185 0.00265782
    outer loop
      vertex 86.8139 1.43209 2.5938
      vertex 86.7919 1.47678 3.8166
      vertex 86.8299 1.3849 3.8166
    endloop
  endfacet
  facet normal 0.956977 0.29016 -0.00132402
    outer loop
      vertex 86.8139 1.43209 2.5938
      vertex 86.8299 1.3849 3.8166
      vertex 86.8356 1.36062 2.61548
    endloop
  endfacet
  facet normal 0.989087 0.147321 0.00171577
    outer loop
      vertex 86.8356 1.36062 2.61548
      vertex 86.8299 1.3849 3.8166
      vertex 86.8411 1.32363 2.62097
    endloop
  endfacet
  facet normal 0.996545 0.0828935 0.00508721
    outer loop
      vertex 86.8411 1.32363 2.62097
      vertex 86.8299 1.3849 3.8166
      vertex 86.8429 1.28629 2.8768
    endloop
  endfacet
  facet normal 0.99884 0.0481498 0
    outer loop
      vertex 86.8411 1.32363 2.62097
      vertex 86.8429 1.28629 2.8768
      vertex 86.8429 1.28629 2.6228
    endloop
  endfacet
  facet normal 0.99142 0.130715 0
    outer loop
      vertex 86.8429 1.28629 6.3312
      vertex 86.8429 1.28629 2.8768
      vertex 86.8299 1.38489 5.3914
    endloop
  endfacet
  facet normal 0.991423 0.130694 8.29907e-07
    outer loop
      vertex 86.8299 1.38489 5.3914
      vertex 86.8429 1.28629 2.8768
      vertex 86.8299 1.3849 3.8166
    endloop
  endfacet
  facet normal 0.9241 0.38215 2.42666e-06
    outer loop
      vertex 86.8299 1.38489 5.3914
      vertex 86.8299 1.3849 3.8166
      vertex 86.7919 1.47678 5.3914
    endloop
  endfacet
  facet normal 0.924085 0.382186 0
    outer loop
      vertex 86.7919 1.47678 5.3914
      vertex 86.8299 1.3849 3.8166
      vertex 86.7919 1.47678 3.8166
    endloop
  endfacet
  facet normal 0.793109 0.609079 0
    outer loop
      vertex 86.7919 1.47678 5.3914
      vertex 86.7919 1.47678 3.8166
      vertex 86.7313 1.55569 5.3914
    endloop
  endfacet
  facet normal 0.793109 0.609079 0
    outer loop
      vertex 86.7313 1.55569 5.3914
      vertex 86.7919 1.47678 3.8166
      vertex 86.7313 1.55569 3.8166
    endloop
  endfacet
  facet normal 0.608748 0.793364 0
    outer loop
      vertex 86.7313 1.55569 5.3914
      vertex 86.7313 1.55569 3.8166
      vertex 86.6524 1.61623 5.3914
    endloop
  endfacet
  facet normal 0.608811 0.793315 5.03756e-06
    outer loop
      vertex 86.6524 1.61623 5.3914
      vertex 86.7313 1.55569 3.8166
      vertex 86.6524 1.61624 3.8166
    endloop
  endfacet
  facet normal 0.382716 0.923866 5.86656e-06
    outer loop
      vertex 86.6524 1.61623 5.3914
      vertex 86.6524 1.61624 3.8166
      vertex 86.5605 1.6543 5.3914
    endloop
  endfacet
  facet normal 0.38263 0.923902 0
    outer loop
      vertex 86.5605 1.6543 5.3914
      vertex 86.6524 1.61624 3.8166
      vertex 86.5605 1.6543 3.8166
    endloop
  endfacet
  facet normal 0.0979122 0.995195 2.1065e-06
    outer loop
      vertex 86.5363 1.65997 2.31613
      vertex 86.4619 1.66729 2.2418
      vertex 86.4619 1.66728 6.9662
    endloop
  endfacet
  facet normal 0 1 0
    outer loop
      vertex 106.274 0.905289 6.3312
      vertex 106.274 0.905289 2.8768
      vertex 105.412 0.905289 6.3312
    endloop
  endfacet
  facet normal 0 1 0
    outer loop
      vertex 105.412 0.905289 6.3312
      vertex 106.274 0.905289 2.8768
      vertex 105.412 0.905289 2.8768
    endloop
  endfacet
  facet normal -0.991422 0.130702 0
    outer loop
      vertex 106.655 1.28629 6.3312
      vertex 106.655 1.28629 2.8768
      vertex 106.642 1.18768 4.604
    endloop
  endfacet
  facet normal -0.991422 0.130702 0
    outer loop
      vertex 106.642 1.18768 4.604
      vertex 106.655 1.28629 2.8768
      vertex 106.642 1.18768 2.8768
    endloop
  endfacet
  facet normal -0.9241 0.38215 0
    outer loop
      vertex 106.642 1.18768 4.604
      vertex 106.642 1.18768 2.8768
      vertex 106.604 1.09579 4.604
    endloop
  endfacet
  facet normal -0.9241 0.38215 0
    outer loop
      vertex 106.604 1.09579 4.604
      vertex 106.642 1.18768 2.8768
      vertex 106.604 1.09579 2.8768
    endloop
  endfacet
  facet normal -0.791168 0.611599 0
    outer loop
      vertex 106.604 1.09579 4.604
      vertex 106.604 1.09579 2.8768
      vertex 106.543 1.01688 4.604
    endloop
  endfacet
  facet normal -0.791168 0.611599 0
    outer loop
      vertex 106.543 1.01688 4.604
      vertex 106.604 1.09579 2.8768
      vertex 106.543 1.01688 2.8768
    endloop
  endfacet
  facet normal -0.608332 0.793682 0
    outer loop
      vertex 106.543 1.01688 4.604
      vertex 106.543 1.01688 2.8768
      vertex 106.464 0.956329 4.604
    endloop
  endfacet
  facet normal -0.608332 0.793682 0
    outer loop
      vertex 106.464 0.956329 4.604
      vertex 106.543 1.01688 2.8768
      vertex 106.464 0.956329 2.8768
    endloop
  endfacet
  facet normal -0.385879 0.922549 0
    outer loop
      vertex 106.464 0.956329 4.604
      vertex 106.464 0.956329 2.8768
      vertex 106.373 0.918266 4.604
    endloop
  endfacet
  facet normal -0.385879 0.922549 0
    outer loop
      vertex 106.373 0.918266 4.604
      vertex 106.464 0.956329 2.8768
      vertex 106.373 0.918266 2.8768
    endloop
  endfacet
  facet normal -0.129969 0.991518 0
    outer loop
      vertex 106.373 0.918266 4.604
      vertex 106.373 0.918266 2.8768
      vertex 106.274 0.905289 2.8768
    endloop
  endfacet
  facet normal -0.129969 0.991518 0
    outer loop
      vertex 106.274 0.905289 2.8768
      vertex 106.274 0.905289 6.3312
      vertex 106.373 0.918266 4.604
    endloop
  endfacet
  facet normal -0.129969 0.991518 0
    outer loop
      vertex 106.373 0.918266 4.604
      vertex 106.274 0.905289 6.3312
      vertex 106.373 0.918266 6.3312
    endloop
  endfacet
  facet normal -0.385879 0.922549 0
    outer loop
      vertex 106.373 0.918266 4.604
      vertex 106.373 0.918266 6.3312
      vertex 106.464 0.956329 4.604
    endloop
  endfacet
  facet normal -0.385879 0.922549 0
    outer loop
      vertex 106.464 0.956329 4.604
      vertex 106.373 0.918266 6.3312
      vertex 106.464 0.956329 6.3312
    endloop
  endfacet
  facet normal -0.608332 0.793682 0
    outer loop
      vertex 106.464 0.956329 4.604
      vertex 106.464 0.956329 6.3312
      vertex 106.543 1.01688 4.604
    endloop
  endfacet
  facet normal -0.608332 0.793682 0
    outer loop
      vertex 106.543 1.01688 4.604
      vertex 106.464 0.956329 6.3312
      vertex 106.543 1.01688 6.3312
    endloop
  endfacet
  facet normal -0.791168 0.611599 0
    outer loop
      vertex 106.543 1.01688 4.604
      vertex 106.543 1.01688 6.3312
      vertex 106.604 1.09579 4.604
    endloop
  endfacet
  facet normal -0.791168 0.611599 0
    outer loop
      vertex 106.604 1.09579 4.604
      vertex 106.543 1.01688 6.3312
      vertex 106.604 1.09579 6.3312
    endloop
  endfacet
  facet normal -0.9241 0.38215 0
    outer loop
      vertex 106.604 1.09579 4.604
      vertex 106.604 1.09579 6.3312
      vertex 106.642 1.18768 4.604
    endloop
  endfacet
  facet normal -0.9241 0.38215 0
    outer loop
      vertex 106.642 1.18768 4.604
      vertex 106.604 1.09579 6.3312
      vertex 106.642 1.18768 6.3312
    endloop
  endfacet
  facet normal -0.991422 0.130702 0
    outer loop
      vertex 106.642 1.18768 4.604
      vertex 106.642 1.18768 6.3312
      vertex 106.655 1.28629 6.3312
    endloop
  endfacet
  facet normal -1 -0 -0
    outer loop
      vertex 106.655 1.28628 6.5852
      vertex 106.655 1.28629 6.3312
      vertex 106.655 0.762001 6.5852
    endloop
  endfacet
  facet normal -1 0 -0
    outer loop
      vertex 106.655 0.762001 6.5852
      vertex 106.655 1.28629 6.3312
      vertex 106.655 0.761993 6.3312
    endloop
  endfacet
  facet normal -1 -0 -0
    outer loop
      vertex 106.655 1.28629 2.8768
      vertex 106.655 1.28629 2.6228
      vertex 106.655 0.762001 2.8768
    endloop
  endfacet
  facet normal -1 0 0
    outer loop
      vertex 106.655 0.762001 2.8768
      vertex 106.655 1.28629 2.6228
      vertex 106.655 0.762001 2.6228
    endloop
  endfacet
  facet normal -0.998569 0.0534852 0
    outer loop
      vertex 106.655 1.28629 2.6228
      vertex 106.655 1.28629 2.8768
      vertex 106.657 1.32363 2.62097
    endloop
  endfacet
  facet normal -0.998569 0.0534852 0
    outer loop
      vertex 106.657 1.32363 2.62097
      vertex 106.655 1.28629 2.8768
      vertex 106.655 1.28629 6.3312
    endloop
  endfacet
  facet normal -0.987616 0.156887 0.00104655
    outer loop
      vertex 106.657 1.32363 2.62097
      vertex 106.655 1.28629 6.3312
      vertex 106.668 1.3849 3.8166
    endloop
  endfacet
  facet normal -0.991419 0.130722 8.30089e-07
    outer loop
      vertex 106.668 1.3849 3.8166
      vertex 106.655 1.28629 6.3312
      vertex 106.668 1.38489 5.3914
    endloop
  endfacet
  facet normal -0.924085 0.382186 2.42689e-06
    outer loop
      vertex 106.668 1.3849 3.8166
      vertex 106.668 1.38489 5.3914
      vertex 106.706 1.47678 3.8166
    endloop
  endfacet
  facet normal -0.9241 0.38215 0
    outer loop
      vertex 106.706 1.47678 3.8166
      vertex 106.668 1.38489 5.3914
      vertex 106.706 1.47678 5.3914
    endloop
  endfacet
  facet normal -0.791168 0.611599 0
    outer loop
      vertex 106.706 1.47678 3.8166
      vertex 106.706 1.47678 5.3914
      vertex 106.767 1.55569 3.8166
    endloop
  endfacet
  facet normal -0.791168 0.611599 0
    outer loop
      vertex 106.767 1.55569 3.8166
      vertex 106.706 1.47678 5.3914
      vertex 106.767 1.55569 5.3914
    endloop
  endfacet
  facet normal -0.613204 0.789924 0
    outer loop
      vertex 106.767 1.55569 3.8166
      vertex 106.767 1.55569 5.3914
      vertex 106.845 1.61624 3.8166
    endloop
  endfacet
  facet normal -0.613141 0.789974 5.01634e-06
    outer loop
      vertex 106.845 1.61624 3.8166
      vertex 106.767 1.55569 5.3914
      vertex 106.845 1.61623 5.3914
    endloop
  endfacet
  facet normal -0.382275 0.924049 5.86772e-06
    outer loop
      vertex 106.845 1.61624 3.8166
      vertex 106.845 1.61623 5.3914
      vertex 106.937 1.6543 3.8166
    endloop
  endfacet
  facet normal -0.382361 0.924013 0
    outer loop
      vertex 106.937 1.6543 3.8166
      vertex 106.845 1.61623 5.3914
      vertex 106.937 1.6543 5.3914
    endloop
  endfacet
  facet normal -0.130097 0.991501 0
    outer loop
      vertex 106.937 1.6543 3.8166
      vertex 106.937 1.6543 5.3914
      vertex 107.036 1.66729 2.2418
    endloop
  endfacet
  facet normal -0.162019 0.986787 -0.00102284
    outer loop
      vertex 107.036 1.66729 2.2418
      vertex 106.937 1.6543 5.3914
      vertex 106.962 1.65996 6.89187
    endloop
  endfacet
  facet normal -0.0984406 0.995143 2.10639e-06
    outer loop
      vertex 107.036 1.66729 2.2418
      vertex 106.962 1.65996 6.89187
      vertex 107.036 1.66728 6.9662
    endloop
  endfacet
  facet normal -0.998569 0.0534851 2.10571e-06
    outer loop
      vertex 106.655 1.28628 6.5852
      vertex 106.657 1.32362 6.58704
      vertex 106.655 1.28629 6.3312
    endloop
  endfacet
  facet normal -0.996284 0.0859941 -0.00475918
    outer loop
      vertex 106.655 1.28629 6.3312
      vertex 106.657 1.32362 6.58704
      vertex 106.668 1.38489 5.3914
    endloop
  endfacet
  facet normal -0.990941 0.134278 -0.00223572
    outer loop
      vertex 106.657 1.32362 6.58704
      vertex 106.662 1.36061 6.59252
      vertex 106.668 1.38489 5.3914
    endloop
  endfacet
  facet normal -0.955843 0.293875 0.00116578
    outer loop
      vertex 106.668 1.38489 5.3914
      vertex 106.662 1.36061 6.59252
      vertex 106.684 1.43208 6.6142
    endloop
  endfacet
  facet normal -0.924097 0.382149 -0.00265625
    outer loop
      vertex 106.668 1.38489 5.3914
      vertex 106.684 1.43208 6.6142
      vertex 106.706 1.47678 5.3914
    endloop
  endfacet
  facet normal -0.883353 0.468706 0.00124092
    outer loop
      vertex 106.706 1.47678 5.3914
      vertex 106.684 1.43208 6.6142
      vertex 106.719 1.49795 6.64941
    endloop
  endfacet
  facet normal -0.791166 0.611597 -0.00211632
    outer loop
      vertex 106.706 1.47678 5.3914
      vertex 106.719 1.49795 6.64941
      vertex 106.767 1.55569 5.3914
    endloop
  endfacet
  facet normal -0.768985 0.639267 0
    outer loop
      vertex 106.767 1.55569 5.3914
      vertex 106.719 1.49795 6.64941
      vertex 106.767 1.55569 6.6968
    endloop
  endfacet
  facet normal -0.639228 0.769017 0
    outer loop
      vertex 106.767 1.55569 5.3914
      vertex 106.767 1.55569 6.6968
      vertex 106.824 1.60307 6.75453
    endloop
  endfacet
  facet normal -0.61314 0.789972 -0.00181927
    outer loop
      vertex 106.767 1.55569 5.3914
      vertex 106.824 1.60307 6.75453
      vertex 106.845 1.61623 5.3914
    endloop
  endfacet
  facet normal -0.47166 0.88178 0.00124666
    outer loop
      vertex 106.845 1.61623 5.3914
      vertex 106.824 1.60307 6.75453
      vertex 106.89 1.63828 6.8204
    endloop
  endfacet
  facet normal -0.38236 0.924011 -0.00221711
    outer loop
      vertex 106.845 1.61623 5.3914
      vertex 106.89 1.63828 6.8204
      vertex 106.937 1.6543 5.3914
    endloop
  endfacet
  facet normal -0.289426 0.9572 0.00121156
    outer loop
      vertex 106.937 1.6543 5.3914
      vertex 106.89 1.63828 6.8204
      vertex 106.962 1.65996 6.89187
    endloop
  endfacet
  facet normal -0.0962925 0.995351 0.00215687
    outer loop
      vertex 107.036 1.66729 2.2418
      vertex 106.962 1.65997 2.31613
      vertex 106.937 1.6543 3.8166
    endloop
  endfacet
  facet normal -0.289544 0.957164 -0.00120728
    outer loop
      vertex 106.937 1.6543 3.8166
      vertex 106.962 1.65997 2.31613
      vertex 106.89 1.63828 2.38761
    endloop
  endfacet
  facet normal -0.382274 0.924046 0.00221391
    outer loop
      vertex 106.937 1.6543 3.8166
      vertex 106.89 1.63828 2.38761
      vertex 106.845 1.61624 3.8166
    endloop
  endfacet
  facet normal -0.471665 0.881777 -0.00125303
    outer loop
      vertex 106.845 1.61624 3.8166
      vertex 106.89 1.63828 2.38761
      vertex 106.824 1.60307 2.45348
    endloop
  endfacet
  facet normal -0.613203 0.789923 0.00181494
    outer loop
      vertex 106.845 1.61624 3.8166
      vertex 106.824 1.60307 2.45348
      vertex 106.767 1.55569 3.8166
    endloop
  endfacet
  facet normal -0.639228 0.769017 0
    outer loop
      vertex 106.767 1.55569 3.8166
      vertex 106.824 1.60307 2.45348
      vertex 106.767 1.55569 2.51121
    endloop
  endfacet
  facet normal -0.76893 0.639332 0
    outer loop
      vertex 106.767 1.55569 3.8166
      vertex 106.767 1.55569 2.51121
      vertex 106.719 1.49796 2.55859
    endloop
  endfacet
  facet normal -0.791166 0.611597 0.00212118
    outer loop
      vertex 106.767 1.55569 3.8166
      vertex 106.719 1.49796 2.55859
      vertex 106.706 1.47678 3.8166
    endloop
  endfacet
  facet normal -0.883352 0.468708 -0.00123715
    outer loop
      vertex 106.706 1.47678 3.8166
      vertex 106.719 1.49796 2.55859
      vertex 106.684 1.43209 2.5938
    endloop
  endfacet
  facet normal -0.924082 0.382185 0.00265782
    outer loop
      vertex 106.706 1.47678 3.8166
      vertex 106.684 1.43209 2.5938
      vertex 106.668 1.3849 3.8166
    endloop
  endfacet
  facet normal -0.955843 0.293875 -0.00116578
    outer loop
      vertex 106.668 1.3849 3.8166
      vertex 106.684 1.43209 2.5938
      vertex 106.662 1.36062 2.61548
    endloop
  endfacet
  facet normal -0.990941 0.134279 0.00223571
    outer loop
      vertex 106.668 1.3849 3.8166
      vertex 106.662 1.36062 2.61548
      vertex 106.657 1.32363 2.62097
    endloop
  endfacet
  facet normal 0 0 1
    outer loop
      vertex 106.655 1.28629 2.6228
      vertex 86.8429 1.28629 2.6228
      vertex 106.655 0.762001 2.6228
    endloop
  endfacet
  facet normal 0 0 1
    outer loop
      vertex 106.655 0.762001 2.6228
      vertex 86.8429 1.28629 2.6228
      vertex 86.8429 0.762001 2.6228
    endloop
  endfacet
  facet normal 0.00166624 0.995346 0.0963536
    outer loop
      vertex 86.5363 1.65997 2.31613
      vertex 88.5193 1.6543 2.34041
      vertex 86.4619 1.66729 2.2418
    endloop
  endfacet
  facet normal 0 0.991435 0.130603
    outer loop
      vertex 86.4619 1.66729 2.2418
      vertex 88.5193 1.6543 2.34041
      vertex 90.5767 1.6543 2.34041
    endloop
  endfacet
  facet normal 0 0.991435 0.130603
    outer loop
      vertex 86.4619 1.66729 2.2418
      vertex 90.5767 1.6543 2.34041
      vertex 92.6341 1.6543 2.34041
    endloop
  endfacet
  facet normal 0 0.923887 0.382666
    outer loop
      vertex 92.6341 1.6543 2.34041
      vertex 90.5767 1.6543 2.34041
      vertex 92.6341 1.61624 2.4323
    endloop
  endfacet
  facet normal 0 0.923887 0.382666
    outer loop
      vertex 92.6341 1.6543 2.34041
      vertex 92.6341 1.61624 2.4323
      vertex 94.6915 1.61624 2.4323
    endloop
  endfacet
  facet normal 0 0.793352 0.608763
    outer loop
      vertex 94.6915 1.61624 2.4323
      vertex 92.6341 1.61624 2.4323
      vertex 94.6915 1.55569 2.51121
    endloop
  endfacet
  facet normal 0 0.793352 0.608763
    outer loop
      vertex 94.6915 1.61624 2.4323
      vertex 94.6915 1.55569 2.51121
      vertex 96.7489 1.55569 2.51121
    endloop
  endfacet
  facet normal 0 0.608763 0.793352
    outer loop
      vertex 96.7489 1.55569 2.51121
      vertex 94.6915 1.55569 2.51121
      vertex 96.7489 1.47678 2.57176
    endloop
  endfacet
  facet normal 0 0.608763 0.793352
    outer loop
      vertex 96.7489 1.55569 2.51121
      vertex 96.7489 1.47678 2.57176
      vertex 98.8063 1.47678 2.57176
    endloop
  endfacet
  facet normal 0 0.382701 0.923872
    outer loop
      vertex 98.8063 1.47678 2.57176
      vertex 96.7489 1.47678 2.57176
      vertex 98.8063 1.3849 2.60982
    endloop
  endfacet
  facet normal 0 0.382701 0.923872
    outer loop
      vertex 98.8063 1.47678 2.57176
      vertex 98.8063 1.3849 2.60982
      vertex 100.864 1.3849 2.60982
    endloop
  endfacet
  facet normal 0 0.130504 0.991448
    outer loop
      vertex 100.864 1.3849 2.60982
      vertex 98.8063 1.3849 2.60982
      vertex 106.655 1.28629 2.6228
    endloop
  endfacet
  facet normal -0 0.130504 0.991448
    outer loop
      vertex 100.864 1.3849 2.60982
      vertex 106.655 1.28629 2.6228
      vertex 102.921 1.3849 2.60982
    endloop
  endfacet
  facet normal -0 0.130504 0.991448
    outer loop
      vertex 102.921 1.3849 2.60982
      vertex 106.655 1.28629 2.6228
      vertex 104.979 1.3849 2.60982
    endloop
  endfacet
  facet normal -0 0.382701 0.923872
    outer loop
      vertex 102.921 1.3849 2.60982
      vertex 104.979 1.3849 2.60982
      vertex 102.921 1.47678 2.57176
    endloop
  endfacet
  facet normal -0 0.382701 0.923872
    outer loop
      vertex 102.921 1.47678 2.57176
      vertex 104.979 1.3849 2.60982
      vertex 104.979 1.47678 2.57176
    endloop
  endfacet
  facet normal -0 0.608763 0.793352
    outer loop
      vertex 102.921 1.47678 2.57176
      vertex 104.979 1.47678 2.57176
      vertex 102.921 1.55569 2.51121
    endloop
  endfacet
  facet normal -0 0.608763 0.793352
    outer loop
      vertex 102.921 1.55569 2.51121
      vertex 104.979 1.47678 2.57176
      vertex 104.979 1.55569 2.51121
    endloop
  endfacet
  facet normal -0 0.793352 0.608763
    outer loop
      vertex 102.921 1.55569 2.51121
      vertex 104.979 1.55569 2.51121
      vertex 102.921 1.61624 2.4323
    endloop
  endfacet
  facet normal -0 0.793352 0.608763
    outer loop
      vertex 102.921 1.61624 2.4323
      vertex 104.979 1.55569 2.51121
      vertex 104.979 1.61624 2.4323
    endloop
  endfacet
  facet normal -0 0.923887 0.382666
    outer loop
      vertex 102.921 1.61624 2.4323
      vertex 104.979 1.61624 2.4323
      vertex 102.921 1.6543 2.34041
    endloop
  endfacet
  facet normal -0 0.923887 0.382666
    outer loop
      vertex 102.921 1.6543 2.34041
      vertex 104.979 1.61624 2.4323
      vertex 104.979 1.6543 2.34041
    endloop
  endfacet
  facet normal -0 0.9738 0.227407
    outer loop
      vertex 102.921 1.6543 2.34041
      vertex 104.979 1.6543 2.34041
      vertex 106.962 1.65997 2.31613
    endloop
  endfacet
  facet normal 0.000829201 0.956682 0.291132
    outer loop
      vertex 106.962 1.65997 2.31613
      vertex 104.979 1.6543 2.34041
      vertex 106.89 1.63828 2.38761
    endloop
  endfacet
  facet normal -0.00170651 0.923886 0.382665
    outer loop
      vertex 106.89 1.63828 2.38761
      vertex 104.979 1.6543 2.34041
      vertex 104.979 1.61624 2.4323
    endloop
  endfacet
  facet normal 0.000873172 0.881547 0.472095
    outer loop
      vertex 106.89 1.63828 2.38761
      vertex 104.979 1.61624 2.4323
      vertex 106.824 1.60307 2.45348
    endloop
  endfacet
  facet normal -0.00132528 0.793352 0.608762
    outer loop
      vertex 106.824 1.60307 2.45348
      vertex 104.979 1.61624 2.4323
      vertex 104.979 1.55569 2.51121
    endloop
  endfacet
  facet normal 0 0.772996 0.634411
    outer loop
      vertex 106.824 1.60307 2.45348
      vertex 104.979 1.55569 2.51121
      vertex 106.767 1.55569 2.51121
    endloop
  endfacet
  facet normal 0 0.634411 0.772996
    outer loop
      vertex 106.767 1.55569 2.51121
      vertex 104.979 1.55569 2.51121
      vertex 106.719 1.49796 2.55859
    endloop
  endfacet
  facet normal -0.00140526 0.608762 0.793351
    outer loop
      vertex 106.719 1.49796 2.55859
      vertex 104.979 1.55569 2.51121
      vertex 104.979 1.47678 2.57176
    endloop
  endfacet
  facet normal 0.000943221 0.471025 0.882119
    outer loop
      vertex 106.719 1.49796 2.55859
      vertex 104.979 1.47678 2.57176
      vertex 106.684 1.43209 2.5938
    endloop
  endfacet
  facet normal -0.00191157 0.3827 0.923871
    outer loop
      vertex 106.684 1.43209 2.5938
      vertex 104.979 1.47678 2.57176
      vertex 104.979 1.3849 2.60982
    endloop
  endfacet
  facet normal 0.000965356 0.29001 0.957023
    outer loop
      vertex 106.684 1.43209 2.5938
      vertex 104.979 1.3849 2.60982
      vertex 106.662 1.36062 2.61548
    endloop
  endfacet
  facet normal -0.00120624 0.14697 0.98914
    outer loop
      vertex 106.662 1.36062 2.61548
      vertex 104.979 1.3849 2.60982
      vertex 106.657 1.32363 2.62097
    endloop
  endfacet
  facet normal -0.00483991 0.0492084 0.998777
    outer loop
      vertex 106.657 1.32363 2.62097
      vertex 104.979 1.3849 2.60982
      vertex 106.655 1.28629 2.6228
    endloop
  endfacet
  facet normal -0.000829116 0.956684 0.291126
    outer loop
      vertex 86.5363 1.65997 2.31613
      vertex 86.6077 1.63828 2.38761
      vertex 88.5193 1.6543 2.34041
    endloop
  endfacet
  facet normal 0.00170597 0.923886 0.382665
    outer loop
      vertex 88.5193 1.6543 2.34041
      vertex 86.6077 1.63828 2.38761
      vertex 88.5193 1.61624 2.4323
    endloop
  endfacet
  facet normal 0 0.923887 0.382666
    outer loop
      vertex 88.5193 1.6543 2.34041
      vertex 88.5193 1.61624 2.4323
      vertex 90.5767 1.61624 2.4323
    endloop
  endfacet
  facet normal 0 0.793352 0.608763
    outer loop
      vertex 90.5767 1.61624 2.4323
      vertex 88.5193 1.61624 2.4323
      vertex 90.5767 1.55569 2.51121
    endloop
  endfacet
  facet normal 0 0.793352 0.608763
    outer loop
      vertex 90.5767 1.61624 2.4323
      vertex 90.5767 1.55569 2.51121
      vertex 92.6341 1.55569 2.51121
    endloop
  endfacet
  facet normal 0 0.608763 0.793352
    outer loop
      vertex 92.6341 1.55569 2.51121
      vertex 90.5767 1.55569 2.51121
      vertex 92.6341 1.47678 2.57176
    endloop
  endfacet
  facet normal 0 0.608763 0.793352
    outer loop
      vertex 92.6341 1.55569 2.51121
      vertex 92.6341 1.47678 2.57176
      vertex 94.6915 1.47678 2.57176
    endloop
  endfacet
  facet normal 0 0.382701 0.923872
    outer loop
      vertex 94.6915 1.47678 2.57176
      vertex 92.6341 1.47678 2.57176
      vertex 94.6915 1.3849 2.60982
    endloop
  endfacet
  facet normal 0 0.382701 0.923872
    outer loop
      vertex 94.6915 1.47678 2.57176
      vertex 94.6915 1.3849 2.60982
      vertex 96.7489 1.3849 2.60982
    endloop
  endfacet
  facet normal 0 0.130504 0.991448
    outer loop
      vertex 96.7489 1.3849 2.60982
      vertex 94.6915 1.3849 2.60982
      vertex 106.655 1.28629 2.6228
    endloop
  endfacet
  facet normal -0 0.130504 0.991448
    outer loop
      vertex 96.7489 1.3849 2.60982
      vertex 106.655 1.28629 2.6228
      vertex 98.8063 1.3849 2.60982
    endloop
  endfacet
  facet normal -0.00087286 0.881548 0.472094
    outer loop
      vertex 86.6077 1.63828 2.38761
      vertex 86.6736 1.60307 2.45348
      vertex 88.5193 1.61624 2.4323
    endloop
  endfacet
  facet normal 0.00132478 0.793352 0.608762
    outer loop
      vertex 88.5193 1.61624 2.4323
      vertex 86.6736 1.60307 2.45348
      vertex 88.5193 1.55569 2.51121
    endloop
  endfacet
  facet normal 0 0.793352 0.608763
    outer loop
      vertex 88.5193 1.61624 2.4323
      vertex 88.5193 1.55569 2.51121
      vertex 90.5767 1.55569 2.51121
    endloop
  endfacet
  facet normal 0 0.608763 0.793352
    outer loop
      vertex 90.5767 1.55569 2.51121
      vertex 88.5193 1.55569 2.51121
      vertex 90.5767 1.47678 2.57176
    endloop
  endfacet
  facet normal 0 0.608763 0.793352
    outer loop
      vertex 90.5767 1.55569 2.51121
      vertex 90.5767 1.47678 2.57176
      vertex 92.6341 1.47678 2.57176
    endloop
  endfacet
  facet normal 0 0.382701 0.923872
    outer loop
      vertex 92.6341 1.47678 2.57176
      vertex 90.5767 1.47678 2.57176
      vertex 92.6341 1.3849 2.60982
    endloop
  endfacet
  facet normal 0 0.382701 0.923872
    outer loop
      vertex 92.6341 1.47678 2.57176
      vertex 92.6341 1.3849 2.60982
      vertex 94.6915 1.3849 2.60982
    endloop
  endfacet
  facet normal 0 0.179041 0.983842
    outer loop
      vertex 94.6915 1.3849 2.60982
      vertex 92.6341 1.3849 2.60982
      vertex 86.8411 1.32363 2.62097
    endloop
  endfacet
  facet normal 0.000199436 0.15425 0.988032
    outer loop
      vertex 94.6915 1.3849 2.60982
      vertex 86.8411 1.32363 2.62097
      vertex 106.655 1.28629 2.6228
    endloop
  endfacet
  facet normal 0 0.0489504 0.998801
    outer loop
      vertex 106.655 1.28629 2.6228
      vertex 86.8411 1.32363 2.62097
      vertex 86.8429 1.28629 2.6228
    endloop
  endfacet
  facet normal 0 0.772996 0.634411
    outer loop
      vertex 86.6736 1.60307 2.45348
      vertex 86.7313 1.55569 2.51121
      vertex 88.5193 1.55569 2.51121
    endloop
  endfacet
  facet normal 0 0.634411 0.772996
    outer loop
      vertex 88.5193 1.55569 2.51121
      vertex 86.7313 1.55569 2.51121
      vertex 86.7787 1.49796 2.55859
    endloop
  endfacet
  facet normal 0.00140477 0.608762 0.793351
    outer loop
      vertex 88.5193 1.55569 2.51121
      vertex 86.7787 1.49796 2.55859
      vertex 88.5193 1.47678 2.57176
    endloop
  endfacet
  facet normal -0.00094293 0.471023 0.882121
    outer loop
      vertex 88.5193 1.47678 2.57176
      vertex 86.7787 1.49796 2.55859
      vertex 86.8139 1.43209 2.5938
    endloop
  endfacet
  facet normal 0.00191112 0.3827 0.923871
    outer loop
      vertex 88.5193 1.47678 2.57176
      vertex 86.8139 1.43209 2.5938
      vertex 88.5193 1.3849 2.60982
    endloop
  endfacet
  facet normal -0.000965014 0.290014 0.957022
    outer loop
      vertex 88.5193 1.3849 2.60982
      vertex 86.8139 1.43209 2.5938
      vertex 86.8356 1.36062 2.61548
    endloop
  endfacet
  facet normal 0.00120551 0.146986 0.989138
    outer loop
      vertex 88.5193 1.3849 2.60982
      vertex 86.8356 1.36062 2.61548
      vertex 86.8411 1.32363 2.62097
    endloop
  endfacet
  facet normal 0 0.995186 0.0980057
    outer loop
      vertex 107.036 1.66729 2.2418
      vertex 86.4619 1.66729 2.2418
      vertex 106.962 1.65997 2.31613
    endloop
  endfacet
  facet normal -0.000252687 0.985992 0.166791
    outer loop
      vertex 106.962 1.65997 2.31613
      vertex 86.4619 1.66729 2.2418
      vertex 100.864 1.6543 2.34041
    endloop
  endfacet
  facet normal 0 0.9738 0.227407
    outer loop
      vertex 106.962 1.65997 2.31613
      vertex 100.864 1.6543 2.34041
      vertex 102.921 1.6543 2.34041
    endloop
  endfacet
  facet normal 0 0.923887 0.382666
    outer loop
      vertex 102.921 1.6543 2.34041
      vertex 100.864 1.6543 2.34041
      vertex 102.921 1.61624 2.4323
    endloop
  endfacet
  facet normal 0 0.923887 0.382666
    outer loop
      vertex 92.6341 1.61624 2.4323
      vertex 90.5767 1.6543 2.34041
      vertex 90.5767 1.61624 2.4323
    endloop
  endfacet
  facet normal 0 0.923887 0.382666
    outer loop
      vertex 90.5767 1.61624 2.4323
      vertex 90.5767 1.6543 2.34041
      vertex 88.5193 1.6543 2.34041
    endloop
  endfacet
  facet normal -0 0.991435 0.130603
    outer loop
      vertex 92.6341 1.6543 2.34041
      vertex 94.6915 1.6543 2.34041
      vertex 86.4619 1.66729 2.2418
    endloop
  endfacet
  facet normal 0 0.991435 0.130603
    outer loop
      vertex 86.4619 1.66729 2.2418
      vertex 94.6915 1.6543 2.34041
      vertex 96.7489 1.6543 2.34041
    endloop
  endfacet
  facet normal 0 0.991435 0.130603
    outer loop
      vertex 86.4619 1.66729 2.2418
      vertex 96.7489 1.6543 2.34041
      vertex 98.8063 1.6543 2.34041
    endloop
  endfacet
  facet normal 0 0.923887 0.382666
    outer loop
      vertex 98.8063 1.6543 2.34041
      vertex 96.7489 1.6543 2.34041
      vertex 98.8063 1.61624 2.4323
    endloop
  endfacet
  facet normal 0 0.923887 0.382666
    outer loop
      vertex 98.8063 1.6543 2.34041
      vertex 98.8063 1.61624 2.4323
      vertex 100.864 1.61624 2.4323
    endloop
  endfacet
  facet normal 0 0.793352 0.608763
    outer loop
      vertex 100.864 1.61624 2.4323
      vertex 98.8063 1.61624 2.4323
      vertex 100.864 1.55569 2.51121
    endloop
  endfacet
  facet normal 0 0.793352 0.608763
    outer loop
      vertex 100.864 1.61624 2.4323
      vertex 100.864 1.55569 2.51121
      vertex 102.921 1.55569 2.51121
    endloop
  endfacet
  facet normal 0 0.608763 0.793352
    outer loop
      vertex 102.921 1.55569 2.51121
      vertex 100.864 1.55569 2.51121
      vertex 102.921 1.47678 2.57176
    endloop
  endfacet
  facet normal -0 0.923887 0.382666
    outer loop
      vertex 92.6341 1.6543 2.34041
      vertex 94.6915 1.61624 2.4323
      vertex 94.6915 1.6543 2.34041
    endloop
  endfacet
  facet normal 0 0.923887 0.382666
    outer loop
      vertex 94.6915 1.6543 2.34041
      vertex 94.6915 1.61624 2.4323
      vertex 96.7489 1.61624 2.4323
    endloop
  endfacet
  facet normal -0 0.923887 0.382666
    outer loop
      vertex 94.6915 1.6543 2.34041
      vertex 96.7489 1.61624 2.4323
      vertex 96.7489 1.6543 2.34041
    endloop
  endfacet
  facet normal 0 0.923887 0.382666
    outer loop
      vertex 96.7489 1.6543 2.34041
      vertex 96.7489 1.61624 2.4323
      vertex 98.8063 1.61624 2.4323
    endloop
  endfacet
  facet normal 0 0.991435 0.130603
    outer loop
      vertex 100.864 1.6543 2.34041
      vertex 86.4619 1.66729 2.2418
      vertex 98.8063 1.6543 2.34041
    endloop
  endfacet
  facet normal 0 0.923887 0.382666
    outer loop
      vertex 102.921 1.61624 2.4323
      vertex 100.864 1.6543 2.34041
      vertex 100.864 1.61624 2.4323
    endloop
  endfacet
  facet normal 0 0.923887 0.382666
    outer loop
      vertex 100.864 1.61624 2.4323
      vertex 100.864 1.6543 2.34041
      vertex 98.8063 1.6543 2.34041
    endloop
  endfacet
  facet normal 0 0.793352 0.608763
    outer loop
      vertex 94.6915 1.55569 2.51121
      vertex 92.6341 1.61624 2.4323
      vertex 92.6341 1.55569 2.51121
    endloop
  endfacet
  facet normal 0 0.793352 0.608763
    outer loop
      vertex 92.6341 1.55569 2.51121
      vertex 92.6341 1.61624 2.4323
      vertex 90.5767 1.61624 2.4323
    endloop
  endfacet
  facet normal -0 0.793352 0.608763
    outer loop
      vertex 94.6915 1.61624 2.4323
      vertex 96.7489 1.55569 2.51121
      vertex 96.7489 1.61624 2.4323
    endloop
  endfacet
  facet normal 0 0.793352 0.608763
    outer loop
      vertex 96.7489 1.61624 2.4323
      vertex 96.7489 1.55569 2.51121
      vertex 98.8063 1.55569 2.51121
    endloop
  endfacet
  facet normal -0 0.793352 0.608763
    outer loop
      vertex 96.7489 1.61624 2.4323
      vertex 98.8063 1.55569 2.51121
      vertex 98.8063 1.61624 2.4323
    endloop
  endfacet
  facet normal 0 0.793352 0.608763
    outer loop
      vertex 98.8063 1.61624 2.4323
      vertex 98.8063 1.55569 2.51121
      vertex 100.864 1.55569 2.51121
    endloop
  endfacet
  facet normal 0 0.793352 0.608763
    outer loop
      vertex 102.921 1.55569 2.51121
      vertex 102.921 1.61624 2.4323
      vertex 100.864 1.61624 2.4323
    endloop
  endfacet
  facet normal 0 0.608763 0.793352
    outer loop
      vertex 96.7489 1.47678 2.57176
      vertex 94.6915 1.55569 2.51121
      vertex 94.6915 1.47678 2.57176
    endloop
  endfacet
  facet normal 0 0.608763 0.793352
    outer loop
      vertex 94.6915 1.47678 2.57176
      vertex 94.6915 1.55569 2.51121
      vertex 92.6341 1.55569 2.51121
    endloop
  endfacet
  facet normal -0 0.608763 0.793352
    outer loop
      vertex 96.7489 1.55569 2.51121
      vertex 98.8063 1.47678 2.57176
      vertex 98.8063 1.55569 2.51121
    endloop
  endfacet
  facet normal 0 0.608763 0.793352
    outer loop
      vertex 98.8063 1.55569 2.51121
      vertex 98.8063 1.47678 2.57176
      vertex 100.864 1.47678 2.57176
    endloop
  endfacet
  facet normal -0 0.608763 0.793352
    outer loop
      vertex 98.8063 1.55569 2.51121
      vertex 100.864 1.47678 2.57176
      vertex 100.864 1.55569 2.51121
    endloop
  endfacet
  facet normal 0 0.608763 0.793352
    outer loop
      vertex 100.864 1.55569 2.51121
      vertex 100.864 1.47678 2.57176
      vertex 102.921 1.47678 2.57176
    endloop
  endfacet
  facet normal 0 0.608763 0.793352
    outer loop
      vertex 88.5193 1.55569 2.51121
      vertex 88.5193 1.47678 2.57176
      vertex 90.5767 1.47678 2.57176
    endloop
  endfacet
  facet normal 0 0.382701 0.923872
    outer loop
      vertex 90.5767 1.47678 2.57176
      vertex 88.5193 1.47678 2.57176
      vertex 90.5767 1.3849 2.60982
    endloop
  endfacet
  facet normal 0 0.382701 0.923872
    outer loop
      vertex 90.5767 1.47678 2.57176
      vertex 90.5767 1.3849 2.60982
      vertex 92.6341 1.3849 2.60982
    endloop
  endfacet
  facet normal 0 0.179041 0.983842
    outer loop
      vertex 92.6341 1.3849 2.60982
      vertex 90.5767 1.3849 2.60982
      vertex 86.8411 1.32363 2.62097
    endloop
  endfacet
  facet normal 0 0.382701 0.923872
    outer loop
      vertex 98.8063 1.3849 2.60982
      vertex 96.7489 1.47678 2.57176
      vertex 96.7489 1.3849 2.60982
    endloop
  endfacet
  facet normal 0 0.382701 0.923872
    outer loop
      vertex 96.7489 1.3849 2.60982
      vertex 96.7489 1.47678 2.57176
      vertex 94.6915 1.47678 2.57176
    endloop
  endfacet
  facet normal 0 0.382701 0.923872
    outer loop
      vertex 102.921 1.3849 2.60982
      vertex 102.921 1.47678 2.57176
      vertex 100.864 1.47678 2.57176
    endloop
  endfacet
  facet normal 0 0.382701 0.923872
    outer loop
      vertex 102.921 1.3849 2.60982
      vertex 100.864 1.47678 2.57176
      vertex 100.864 1.3849 2.60982
    endloop
  endfacet
  facet normal 0 0.382701 0.923872
    outer loop
      vertex 100.864 1.3849 2.60982
      vertex 100.864 1.47678 2.57176
      vertex 98.8063 1.47678 2.57176
    endloop
  endfacet
  facet normal 0 0.179041 0.983842
    outer loop
      vertex 86.8411 1.32363 2.62097
      vertex 90.5767 1.3849 2.60982
      vertex 88.5193 1.3849 2.60982
    endloop
  endfacet
  facet normal -0 0.382701 0.923872
    outer loop
      vertex 88.5193 1.3849 2.60982
      vertex 90.5767 1.3849 2.60982
      vertex 88.5193 1.47678 2.57176
    endloop
  endfacet
  facet normal 0 0 -1
    outer loop
      vertex 86.8429 1.28628 6.5852
      vertex 106.655 1.28628 6.5852
      vertex 86.8429 0.762001 6.5852
    endloop
  endfacet
  facet normal 0 0 -1
    outer loop
      vertex 86.8429 0.762001 6.5852
      vertex 106.655 1.28628 6.5852
      vertex 106.655 0.762001 6.5852
    endloop
  endfacet
  facet normal -0.00166104 0.995344 -0.0963676
    outer loop
      vertex 106.962 1.65996 6.89187
      vertex 104.979 1.6543 6.86759
      vertex 107.036 1.66728 6.9662
    endloop
  endfacet
  facet normal 0 0.991448 -0.130504
    outer loop
      vertex 107.036 1.66728 6.9662
      vertex 104.979 1.6543 6.86759
      vertex 102.921 1.6543 6.86759
    endloop
  endfacet
  facet normal 0 0.991448 -0.130504
    outer loop
      vertex 107.036 1.66728 6.9662
      vertex 102.921 1.6543 6.86759
      vertex 100.864 1.6543 6.86759
    endloop
  endfacet
  facet normal 0 0.923851 -0.382751
    outer loop
      vertex 100.864 1.6543 6.86759
      vertex 102.921 1.6543 6.86759
      vertex 100.864 1.61623 6.7757
    endloop
  endfacet
  facet normal 0 0.923851 -0.382751
    outer loop
      vertex 100.864 1.6543 6.86759
      vertex 100.864 1.61623 6.7757
      vertex 98.8063 1.61623 6.7757
    endloop
  endfacet
  facet normal 0 0.793364 -0.608748
    outer loop
      vertex 98.8063 1.61623 6.7757
      vertex 100.864 1.61623 6.7757
      vertex 98.8063 1.55569 6.6968
    endloop
  endfacet
  facet normal 0 0.793364 -0.608748
    outer loop
      vertex 98.8063 1.61623 6.7757
      vertex 98.8063 1.55569 6.6968
      vertex 96.7489 1.55569 6.6968
    endloop
  endfacet
  facet normal 0 0.608763 -0.793352
    outer loop
      vertex 96.7489 1.55569 6.6968
      vertex 98.8063 1.55569 6.6968
      vertex 96.7489 1.47678 6.63625
    endloop
  endfacet
  facet normal 0 0.608763 -0.793352
    outer loop
      vertex 96.7489 1.55569 6.6968
      vertex 96.7489 1.47678 6.63625
      vertex 94.6915 1.47678 6.63625
    endloop
  endfacet
  facet normal 0 0.382666 -0.923887
    outer loop
      vertex 94.6915 1.47678 6.63625
      vertex 96.7489 1.47678 6.63625
      vertex 94.6915 1.38489 6.59819
    endloop
  endfacet
  facet normal 0 0.382666 -0.923887
    outer loop
      vertex 94.6915 1.47678 6.63625
      vertex 94.6915 1.38489 6.59819
      vertex 92.6341 1.38489 6.59819
    endloop
  endfacet
  facet normal 0 0.130603 -0.991435
    outer loop
      vertex 92.6341 1.38489 6.59819
      vertex 94.6915 1.38489 6.59819
      vertex 86.8429 1.28628 6.5852
    endloop
  endfacet
  facet normal 0 0.130603 -0.991435
    outer loop
      vertex 92.6341 1.38489 6.59819
      vertex 86.8429 1.28628 6.5852
      vertex 90.5767 1.38489 6.59819
    endloop
  endfacet
  facet normal 0 0.130603 -0.991435
    outer loop
      vertex 90.5767 1.38489 6.59819
      vertex 86.8429 1.28628 6.5852
      vertex 88.5193 1.38489 6.59819
    endloop
  endfacet
  facet normal 0 0.382666 -0.923887
    outer loop
      vertex 90.5767 1.38489 6.59819
      vertex 88.5193 1.38489 6.59819
      vertex 90.5767 1.47678 6.63625
    endloop
  endfacet
  facet normal 0 0.382666 -0.923887
    outer loop
      vertex 90.5767 1.47678 6.63625
      vertex 88.5193 1.38489 6.59819
      vertex 88.5193 1.47678 6.63625
    endloop
  endfacet
  facet normal 0 0.608763 -0.793352
    outer loop
      vertex 90.5767 1.47678 6.63625
      vertex 88.5193 1.47678 6.63625
      vertex 90.5767 1.55569 6.6968
    endloop
  endfacet
  facet normal 0 0.608763 -0.793352
    outer loop
      vertex 90.5767 1.55569 6.6968
      vertex 88.5193 1.47678 6.63625
      vertex 88.5193 1.55569 6.6968
    endloop
  endfacet
  facet normal 0 0.793364 -0.608748
    outer loop
      vertex 90.5767 1.55569 6.6968
      vertex 88.5193 1.55569 6.6968
      vertex 90.5767 1.61623 6.7757
    endloop
  endfacet
  facet normal 0 0.793364 -0.608748
    outer loop
      vertex 90.5767 1.61623 6.7757
      vertex 88.5193 1.55569 6.6968
      vertex 88.5193 1.61623 6.7757
    endloop
  endfacet
  facet normal 0 0.923851 -0.382751
    outer loop
      vertex 90.5767 1.61623 6.7757
      vertex 88.5193 1.61623 6.7757
      vertex 90.5767 1.6543 6.86759
    endloop
  endfacet
  facet normal 0 0.923851 -0.382751
    outer loop
      vertex 90.5767 1.6543 6.86759
      vertex 88.5193 1.61623 6.7757
      vertex 88.5193 1.6543 6.86759
    endloop
  endfacet
  facet normal 0 0.973889 -0.227027
    outer loop
      vertex 90.5767 1.6543 6.86759
      vertex 88.5193 1.6543 6.86759
      vertex 86.5363 1.65996 6.89187
    endloop
  endfacet
  facet normal -0.000832868 0.956709 -0.291044
    outer loop
      vertex 86.5363 1.65996 6.89187
      vertex 88.5193 1.6543 6.86759
      vertex 86.6077 1.63828 6.8204
    endloop
  endfacet
  facet normal 0.00170639 0.92385 -0.382751
    outer loop
      vertex 86.6077 1.63828 6.8204
      vertex 88.5193 1.6543 6.86759
      vertex 88.5193 1.61623 6.7757
    endloop
  endfacet
  facet normal -0.000870668 0.881549 -0.472092
    outer loop
      vertex 86.6077 1.63828 6.8204
      vertex 88.5193 1.61623 6.7757
      vertex 86.6736 1.60307 6.75453
    endloop
  endfacet
  facet normal 0.00132553 0.793363 -0.608748
    outer loop
      vertex 86.6736 1.60307 6.75453
      vertex 88.5193 1.61623 6.7757
      vertex 88.5193 1.55569 6.6968
    endloop
  endfacet
  facet normal 0 0.772996 -0.634411
    outer loop
      vertex 86.6736 1.60307 6.75453
      vertex 88.5193 1.55569 6.6968
      vertex 86.7313 1.55569 6.6968
    endloop
  endfacet
  facet normal 0 0.634425 -0.772984
    outer loop
      vertex 86.7313 1.55569 6.6968
      vertex 88.5193 1.55569 6.6968
      vertex 86.7787 1.49795 6.64941
    endloop
  endfacet
  facet normal 0.00140583 0.608762 -0.793351
    outer loop
      vertex 86.7787 1.49795 6.64941
      vertex 88.5193 1.55569 6.6968
      vertex 88.5193 1.47678 6.63625
    endloop
  endfacet
  facet normal -0.000940552 0.471024 -0.88212
    outer loop
      vertex 86.7787 1.49795 6.64941
      vertex 88.5193 1.47678 6.63625
      vertex 86.8139 1.43208 6.6142
    endloop
  endfacet
  facet normal 0.00191542 0.382665 -0.923885
    outer loop
      vertex 86.8139 1.43208 6.6142
      vertex 88.5193 1.47678 6.63625
      vertex 88.5193 1.38489 6.59819
    endloop
  endfacet
  facet normal -0.000959354 0.290015 -0.957021
    outer loop
      vertex 86.8139 1.43208 6.6142
      vertex 88.5193 1.38489 6.59819
      vertex 86.8356 1.36061 6.59252
    endloop
  endfacet
  facet normal 0.00121526 0.146725 -0.989177
    outer loop
      vertex 86.8356 1.36061 6.59252
      vertex 88.5193 1.38489 6.59819
      vertex 86.8411 1.32362 6.58704
    endloop
  endfacet
  facet normal 0.00483047 0.0494489 -0.998765
    outer loop
      vertex 86.8411 1.32362 6.58704
      vertex 88.5193 1.38489 6.59819
      vertex 86.8429 1.28628 6.5852
    endloop
  endfacet
  facet normal 0.000832953 0.956707 -0.291051
    outer loop
      vertex 106.962 1.65996 6.89187
      vertex 106.89 1.63828 6.8204
      vertex 104.979 1.6543 6.86759
    endloop
  endfacet
  facet normal -0.00170692 0.92385 -0.382751
    outer loop
      vertex 104.979 1.6543 6.86759
      vertex 106.89 1.63828 6.8204
      vertex 104.979 1.61623 6.7757
    endloop
  endfacet
  facet normal 0 0.923851 -0.382751
    outer loop
      vertex 104.979 1.6543 6.86759
      vertex 104.979 1.61623 6.7757
      vertex 102.921 1.61623 6.7757
    endloop
  endfacet
  facet normal 0 0.793364 -0.608748
    outer loop
      vertex 102.921 1.61623 6.7757
      vertex 104.979 1.61623 6.7757
      vertex 102.921 1.55569 6.6968
    endloop
  endfacet
  facet normal 0 0.793364 -0.608748
    outer loop
      vertex 102.921 1.61623 6.7757
      vertex 102.921 1.55569 6.6968
      vertex 100.864 1.55569 6.6968
    endloop
  endfacet
  facet normal 0 0.608763 -0.793352
    outer loop
      vertex 100.864 1.55569 6.6968
      vertex 102.921 1.55569 6.6968
      vertex 100.864 1.47678 6.63625
    endloop
  endfacet
  facet normal 0 0.608763 -0.793352
    outer loop
      vertex 100.864 1.55569 6.6968
      vertex 100.864 1.47678 6.63625
      vertex 98.8063 1.47678 6.63625
    endloop
  endfacet
  facet normal 0 0.382666 -0.923887
    outer loop
      vertex 98.8063 1.47678 6.63625
      vertex 100.864 1.47678 6.63625
      vertex 98.8063 1.38489 6.59819
    endloop
  endfacet
  facet normal 0 0.382666 -0.923887
    outer loop
      vertex 98.8063 1.47678 6.63625
      vertex 98.8063 1.38489 6.59819
      vertex 96.7489 1.38489 6.59819
    endloop
  endfacet
  facet normal 0 0.130603 -0.991435
    outer loop
      vertex 96.7489 1.38489 6.59819
      vertex 98.8063 1.38489 6.59819
      vertex 86.8429 1.28628 6.5852
    endloop
  endfacet
  facet normal 0 0.130603 -0.991435
    outer loop
      vertex 96.7489 1.38489 6.59819
      vertex 86.8429 1.28628 6.5852
      vertex 94.6915 1.38489 6.59819
    endloop
  endfacet
  facet normal 0.000870979 0.881548 -0.472093
    outer loop
      vertex 106.89 1.63828 6.8204
      vertex 106.824 1.60307 6.75453
      vertex 104.979 1.61623 6.7757
    endloop
  endfacet
  facet normal -0.00132603 0.793363 -0.608748
    outer loop
      vertex 104.979 1.61623 6.7757
      vertex 106.824 1.60307 6.75453
      vertex 104.979 1.55569 6.6968
    endloop
  endfacet
  facet normal 0 0.793364 -0.608748
    outer loop
      vertex 104.979 1.61623 6.7757
      vertex 104.979 1.55569 6.6968
      vertex 102.921 1.55569 6.6968
    endloop
  endfacet
  facet normal 0 0.608763 -0.793352
    outer loop
      vertex 102.921 1.55569 6.6968
      vertex 104.979 1.55569 6.6968
      vertex 102.921 1.47678 6.63625
    endloop
  endfacet
  facet normal 0 0.608763 -0.793352
    outer loop
      vertex 102.921 1.55569 6.6968
      vertex 102.921 1.47678 6.63625
      vertex 100.864 1.47678 6.63625
    endloop
  endfacet
  facet normal 0 0.382666 -0.923887
    outer loop
      vertex 100.864 1.47678 6.63625
      vertex 102.921 1.47678 6.63625
      vertex 100.864 1.38489 6.59819
    endloop
  endfacet
  facet normal 0 0.382666 -0.923887
    outer loop
      vertex 100.864 1.47678 6.63625
      vertex 100.864 1.38489 6.59819
      vertex 98.8063 1.38489 6.59819
    endloop
  endfacet
  facet normal 0 0.179041 -0.983842
    outer loop
      vertex 98.8063 1.38489 6.59819
      vertex 100.864 1.38489 6.59819
      vertex 106.657 1.32362 6.58704
    endloop
  endfacet
  facet normal -0.000199029 0.1543 -0.988024
    outer loop
      vertex 98.8063 1.38489 6.59819
      vertex 106.657 1.32362 6.58704
      vertex 86.8429 1.28628 6.5852
    endloop
  endfacet
  facet normal 0 0.0492172 -0.998788
    outer loop
      vertex 86.8429 1.28628 6.5852
      vertex 106.657 1.32362 6.58704
      vertex 106.655 1.28628 6.5852
    endloop
  endfacet
  facet normal 0 0.772996 -0.634411
    outer loop
      vertex 106.824 1.60307 6.75453
      vertex 106.767 1.55569 6.6968
      vertex 104.979 1.55569 6.6968
    endloop
  endfacet
  facet normal 0 0.634425 -0.772984
    outer loop
      vertex 104.979 1.55569 6.6968
      vertex 106.767 1.55569 6.6968
      vertex 106.719 1.49795 6.64941
    endloop
  endfacet
  facet normal -0.00140632 0.608762 -0.793351
    outer loop
      vertex 104.979 1.55569 6.6968
      vertex 106.719 1.49795 6.64941
      vertex 104.979 1.47678 6.63625
    endloop
  endfacet
  facet normal 0.000940843 0.471026 -0.882119
    outer loop
      vertex 104.979 1.47678 6.63625
      vertex 106.719 1.49795 6.64941
      vertex 106.684 1.43208 6.6142
    endloop
  endfacet
  facet normal -0.00191587 0.382665 -0.923885
    outer loop
      vertex 104.979 1.47678 6.63625
      vertex 106.684 1.43208 6.6142
      vertex 104.979 1.38489 6.59819
    endloop
  endfacet
  facet normal 0.000959695 0.290012 -0.957023
    outer loop
      vertex 104.979 1.38489 6.59819
      vertex 106.684 1.43208 6.6142
      vertex 106.662 1.36061 6.59252
    endloop
  endfacet
  facet normal -0.00121601 0.146709 -0.989179
    outer loop
      vertex 104.979 1.38489 6.59819
      vertex 106.662 1.36061 6.59252
      vertex 106.657 1.32362 6.58704
    endloop
  endfacet
  facet normal 0 0.995186 -0.0980057
    outer loop
      vertex 86.4619 1.66728 6.9662
      vertex 107.036 1.66728 6.9662
      vertex 86.5363 1.65996 6.89187
    endloop
  endfacet
  facet normal 0.000251932 0.986027 -0.166585
    outer loop
      vertex 86.5363 1.65996 6.89187
      vertex 107.036 1.66728 6.9662
      vertex 92.6341 1.6543 6.86759
    endloop
  endfacet
  facet normal 0 0.973889 -0.227027
    outer loop
      vertex 86.5363 1.65996 6.89187
      vertex 92.6341 1.6543 6.86759
      vertex 90.5767 1.6543 6.86759
    endloop
  endfacet
  facet normal 0 0.923851 -0.382751
    outer loop
      vertex 90.5767 1.6543 6.86759
      vertex 92.6341 1.6543 6.86759
      vertex 90.5767 1.61623 6.7757
    endloop
  endfacet
  facet normal 0 0.923851 -0.382751
    outer loop
      vertex 100.864 1.61623 6.7757
      vertex 102.921 1.6543 6.86759
      vertex 102.921 1.61623 6.7757
    endloop
  endfacet
  facet normal 0 0.923851 -0.382751
    outer loop
      vertex 102.921 1.61623 6.7757
      vertex 102.921 1.6543 6.86759
      vertex 104.979 1.6543 6.86759
    endloop
  endfacet
  facet normal 0 0.991448 -0.130504
    outer loop
      vertex 100.864 1.6543 6.86759
      vertex 98.8063 1.6543 6.86759
      vertex 107.036 1.66728 6.9662
    endloop
  endfacet
  facet normal 0 0.991448 -0.130504
    outer loop
      vertex 107.036 1.66728 6.9662
      vertex 98.8063 1.6543 6.86759
      vertex 96.7489 1.6543 6.86759
    endloop
  endfacet
  facet normal 0 0.991448 -0.130504
    outer loop
      vertex 107.036 1.66728 6.9662
      vertex 96.7489 1.6543 6.86759
      vertex 94.6915 1.6543 6.86759
    endloop
  endfacet
  facet normal 0 0.923851 -0.382751
    outer loop
      vertex 94.6915 1.6543 6.86759
      vertex 96.7489 1.6543 6.86759
      vertex 94.6915 1.61623 6.7757
    endloop
  endfacet
  facet normal 0 0.923851 -0.382751
    outer loop
      vertex 94.6915 1.6543 6.86759
      vertex 94.6915 1.61623 6.7757
      vertex 92.6341 1.61623 6.7757
    endloop
  endfacet
  facet normal 0 0.793364 -0.608748
    outer loop
      vertex 92.6341 1.61623 6.7757
      vertex 94.6915 1.61623 6.7757
      vertex 92.6341 1.55569 6.6968
    endloop
  endfacet
  facet normal 0 0.793364 -0.608748
    outer loop
      vertex 92.6341 1.61623 6.7757
      vertex 92.6341 1.55569 6.6968
      vertex 90.5767 1.55569 6.6968
    endloop
  endfacet
  facet normal 0 0.608763 -0.793352
    outer loop
      vertex 90.5767 1.55569 6.6968
      vertex 92.6341 1.55569 6.6968
      vertex 90.5767 1.47678 6.63625
    endloop
  endfacet
  facet normal 0 0.923851 -0.382751
    outer loop
      vertex 100.864 1.6543 6.86759
      vertex 98.8063 1.61623 6.7757
      vertex 98.8063 1.6543 6.86759
    endloop
  endfacet
  facet normal 0 0.923851 -0.382751
    outer loop
      vertex 98.8063 1.6543 6.86759
      vertex 98.8063 1.61623 6.7757
      vertex 96.7489 1.61623 6.7757
    endloop
  endfacet
  facet normal 0 0.923851 -0.382751
    outer loop
      vertex 98.8063 1.6543 6.86759
      vertex 96.7489 1.61623 6.7757
      vertex 96.7489 1.6543 6.86759
    endloop
  endfacet
  facet normal 0 0.923851 -0.382751
    outer loop
      vertex 96.7489 1.6543 6.86759
      vertex 96.7489 1.61623 6.7757
      vertex 94.6915 1.61623 6.7757
    endloop
  endfacet
  facet normal 0 0.991448 -0.130504
    outer loop
      vertex 92.6341 1.6543 6.86759
      vertex 107.036 1.66728 6.9662
      vertex 94.6915 1.6543 6.86759
    endloop
  endfacet
  facet normal 0 0.923851 -0.382751
    outer loop
      vertex 90.5767 1.61623 6.7757
      vertex 92.6341 1.6543 6.86759
      vertex 92.6341 1.61623 6.7757
    endloop
  endfacet
  facet normal 0 0.923851 -0.382751
    outer loop
      vertex 92.6341 1.61623 6.7757
      vertex 92.6341 1.6543 6.86759
      vertex 94.6915 1.6543 6.86759
    endloop
  endfacet
  facet normal 0 0.793364 -0.608748
    outer loop
      vertex 98.8063 1.55569 6.6968
      vertex 100.864 1.61623 6.7757
      vertex 100.864 1.55569 6.6968
    endloop
  endfacet
  facet normal 0 0.793364 -0.608748
    outer loop
      vertex 100.864 1.55569 6.6968
      vertex 100.864 1.61623 6.7757
      vertex 102.921 1.61623 6.7757
    endloop
  endfacet
  facet normal 0 0.793364 -0.608748
    outer loop
      vertex 98.8063 1.61623 6.7757
      vertex 96.7489 1.55569 6.6968
      vertex 96.7489 1.61623 6.7757
    endloop
  endfacet
  facet normal 0 0.793364 -0.608748
    outer loop
      vertex 96.7489 1.61623 6.7757
      vertex 96.7489 1.55569 6.6968
      vertex 94.6915 1.55569 6.6968
    endloop
  endfacet
  facet normal 0 0.793364 -0.608748
    outer loop
      vertex 96.7489 1.61623 6.7757
      vertex 94.6915 1.55569 6.6968
      vertex 94.6915 1.61623 6.7757
    endloop
  endfacet
  facet normal 0 0.793364 -0.608748
    outer loop
      vertex 94.6915 1.61623 6.7757
      vertex 94.6915 1.55569 6.6968
      vertex 92.6341 1.55569 6.6968
    endloop
  endfacet
  facet normal 0 0.793364 -0.608748
    outer loop
      vertex 90.5767 1.55569 6.6968
      vertex 90.5767 1.61623 6.7757
      vertex 92.6341 1.61623 6.7757
    endloop
  endfacet
  facet normal 0 0.608763 -0.793352
    outer loop
      vertex 96.7489 1.47678 6.63625
      vertex 98.8063 1.55569 6.6968
      vertex 98.8063 1.47678 6.63625
    endloop
  endfacet
  facet normal 0 0.608763 -0.793352
    outer loop
      vertex 98.8063 1.47678 6.63625
      vertex 98.8063 1.55569 6.6968
      vertex 100.864 1.55569 6.6968
    endloop
  endfacet
  facet normal 0 0.608763 -0.793352
    outer loop
      vertex 96.7489 1.55569 6.6968
      vertex 94.6915 1.47678 6.63625
      vertex 94.6915 1.55569 6.6968
    endloop
  endfacet
  facet normal 0 0.608763 -0.793352
    outer loop
      vertex 94.6915 1.55569 6.6968
      vertex 94.6915 1.47678 6.63625
      vertex 92.6341 1.47678 6.63625
    endloop
  endfacet
  facet normal 0 0.608763 -0.793352
    outer loop
      vertex 94.6915 1.55569 6.6968
      vertex 92.6341 1.47678 6.63625
      vertex 92.6341 1.55569 6.6968
    endloop
  endfacet
  facet normal 0 0.608763 -0.793352
    outer loop
      vertex 92.6341 1.55569 6.6968
      vertex 92.6341 1.47678 6.63625
      vertex 90.5767 1.47678 6.63625
    endloop
  endfacet
  facet normal 0 0.608763 -0.793352
    outer loop
      vertex 104.979 1.55569 6.6968
      vertex 104.979 1.47678 6.63625
      vertex 102.921 1.47678 6.63625
    endloop
  endfacet
  facet normal 0 0.382666 -0.923887
    outer loop
      vertex 102.921 1.47678 6.63625
      vertex 104.979 1.47678 6.63625
      vertex 102.921 1.38489 6.59819
    endloop
  endfacet
  facet normal 0 0.382666 -0.923887
    outer loop
      vertex 102.921 1.47678 6.63625
      vertex 102.921 1.38489 6.59819
      vertex 100.864 1.38489 6.59819
    endloop
  endfacet
  facet normal 0 0.179041 -0.983842
    outer loop
      vertex 100.864 1.38489 6.59819
      vertex 102.921 1.38489 6.59819
      vertex 106.657 1.32362 6.58704
    endloop
  endfacet
  facet normal 0 0.382666 -0.923887
    outer loop
      vertex 94.6915 1.38489 6.59819
      vertex 96.7489 1.47678 6.63625
      vertex 96.7489 1.38489 6.59819
    endloop
  endfacet
  facet normal 0 0.382666 -0.923887
    outer loop
      vertex 96.7489 1.38489 6.59819
      vertex 96.7489 1.47678 6.63625
      vertex 98.8063 1.47678 6.63625
    endloop
  endfacet
  facet normal 0 0.382666 -0.923887
    outer loop
      vertex 90.5767 1.38489 6.59819
      vertex 90.5767 1.47678 6.63625
      vertex 92.6341 1.47678 6.63625
    endloop
  endfacet
  facet normal 0 0.382666 -0.923887
    outer loop
      vertex 90.5767 1.38489 6.59819
      vertex 92.6341 1.47678 6.63625
      vertex 92.6341 1.38489 6.59819
    endloop
  endfacet
  facet normal 0 0.382666 -0.923887
    outer loop
      vertex 92.6341 1.38489 6.59819
      vertex 92.6341 1.47678 6.63625
      vertex 94.6915 1.47678 6.63625
    endloop
  endfacet
  facet normal 0 0.179041 -0.983842
    outer loop
      vertex 106.657 1.32362 6.58704
      vertex 102.921 1.38489 6.59819
      vertex 104.979 1.38489 6.59819
    endloop
  endfacet
  facet normal 0 0.382666 -0.923887
    outer loop
      vertex 104.979 1.38489 6.59819
      vertex 102.921 1.38489 6.59819
      vertex 104.979 1.47678 6.63625
    endloop
  endfacet
  facet normal 0 1 0
    outer loop
      vertex 112.583 74.4899 3.45418
      vertex 112.162 74.4899 3.10541
      vertex 112.522 74.4899 3.92278
    endloop
  endfacet
  facet normal 0 1 0
    outer loop
      vertex 112.522 74.4899 3.92278
      vertex 112.162 74.4899 3.10541
      vertex 112.162 74.4899 5.6454
    endloop
  endfacet
  facet normal 0 1 -0
    outer loop
      vertex 112.522 74.4899 3.92278
      vertex 112.162 74.4899 5.6454
      vertex 112.522 74.4899 4.82803
    endloop
  endfacet
  facet normal 0 1 -0
    outer loop
      vertex 112.522 74.4899 4.82803
      vertex 112.162 74.4899 5.6454
      vertex 112.583 74.4899 5.29663
    endloop
  endfacet
  facet normal 0 1 -0
    outer loop
      vertex 112.583 74.4899 5.29663
      vertex 112.162 74.4899 5.6454
      vertex 112.764 74.4899 5.73329
    endloop
  endfacet
  facet normal 0 1 0
    outer loop
      vertex 112.764 74.4899 5.73329
      vertex 112.162 74.4899 5.6454
      vertex 112.161 74.4899 5.65694
    endloop
  endfacet
  facet normal 0 1 0
    outer loop
      vertex 112.764 74.4899 5.73329
      vertex 112.161 74.4899 5.65694
      vertex 112.158 74.4899 5.6686
    endloop
  endfacet
  facet normal 0 1 0
    outer loop
      vertex 112.583 74.4899 3.45418
      vertex 112.764 74.4899 3.01752
      vertex 112.162 74.4899 3.10541
    endloop
  endfacet
  facet normal 0 1 0
    outer loop
      vertex 112.162 74.4899 3.10541
      vertex 112.764 74.4899 3.01752
      vertex 112.161 74.4899 3.09387
    endloop
  endfacet
  facet normal 0 1 0
    outer loop
      vertex 112.161 74.4899 3.09387
      vertex 112.764 74.4899 3.01752
      vertex 112.158 74.4899 3.08221
    endloop
  endfacet
  facet normal 0 1 0
    outer loop
      vertex 112.158 74.4899 3.08221
      vertex 112.764 74.4899 3.01752
      vertex 112.148 74.4899 3.06128
    endloop
  endfacet
  facet normal 0 1 0
    outer loop
      vertex 112.148 74.4899 3.06128
      vertex 112.764 74.4899 3.01752
      vertex 112.134 74.4899 3.04217
    endloop
  endfacet
  facet normal 0 1 0
    outer loop
      vertex 112.134 74.4899 3.04217
      vertex 112.764 74.4899 3.01752
      vertex 112.119 74.4899 3.02626
    endloop
  endfacet
  facet normal 0 1 0
    outer loop
      vertex 112.119 74.4899 3.02626
      vertex 112.764 74.4899 3.01752
      vertex 112.082 74.4899 2.99823
    endloop
  endfacet
  facet normal -0 1 0
    outer loop
      vertex 112.082 74.4899 2.99823
      vertex 112.764 74.4899 3.01752
      vertex 112.04 74.4899 2.97477
    endloop
  endfacet
  facet normal -0 1 0
    outer loop
      vertex 112.04 74.4899 2.97477
      vertex 112.764 74.4899 3.01752
      vertex 111.871 74.4899 2.91184
    endloop
  endfacet
  facet normal -0 1 0
    outer loop
      vertex 111.871 74.4899 2.91184
      vertex 112.764 74.4899 3.01752
      vertex 113.052 74.4899 2.64255
    endloop
  endfacet
  facet normal 0 1 0
    outer loop
      vertex 111.871 74.4899 2.91184
      vertex 113.052 74.4899 2.64255
      vertex 111.506 74.4899 2.84199
    endloop
  endfacet
  facet normal 0 1 0
    outer loop
      vertex 111.506 74.4899 2.84199
      vertex 113.052 74.4899 2.64255
      vertex 110.755 74.4899 2.80061
    endloop
  endfacet
  facet normal 0 1 0
    outer loop
      vertex 110.755 74.4899 2.80061
      vertex 113.052 74.4899 2.64255
      vertex 109.622 74.4899 2.5466
    endloop
  endfacet
  facet normal 0 1 0
    outer loop
      vertex 110.755 74.4899 2.80061
      vertex 109.622 74.4899 2.5466
      vertex 109.622 74.4899 2.80061
    endloop
  endfacet
  facet normal 0 1 0
    outer loop
      vertex 113.052 74.4899 2.64255
      vertex 113.427 74.4899 2.35483
      vertex 109.622 74.4899 2.5466
    endloop
  endfacet
  facet normal 0 1 0
    outer loop
      vertex 109.622 74.4899 2.5466
      vertex 113.427 74.4899 2.35483
      vertex 113.863 74.4899 2.17396
    endloop
  endfacet
  facet normal 3.64197e-06 1 4.14491e-05
    outer loop
      vertex 109.622 74.4899 2.5466
      vertex 113.863 74.4899 2.17396
      vertex 82.1643 74.49 2.5466
    endloop
  endfacet
  facet normal 3.46426e-06 1 2.63329e-05
    outer loop
      vertex 82.1643 74.49 2.5466
      vertex 113.863 74.4899 2.17396
      vertex 114.332 74.4899 2.11226
    endloop
  endfacet
  facet normal 3.9319e-06 1 6.09664e-05
    outer loop
      vertex 82.1643 74.49 2.5466
      vertex 114.332 74.4899 2.11226
      vertex 139.207 74.4899 0.507999
    endloop
  endfacet
  facet normal 0 1 0
    outer loop
      vertex 139.207 74.4899 0.507999
      vertex 114.332 74.4899 2.11226
      vertex 118.71 74.4899 2.11226
    endloop
  endfacet
  facet normal 0 1 0
    outer loop
      vertex 139.207 74.4899 0.507999
      vertex 118.71 74.4899 2.11226
      vertex 119.178 74.4899 2.17396
    endloop
  endfacet
  facet normal -0 1 0
    outer loop
      vertex 119.178 74.4899 2.17396
      vertex 119.615 74.4899 2.35483
      vertex 139.207 74.4899 0.507999
    endloop
  endfacet
  facet normal 0 1 0
    outer loop
      vertex 139.207 74.4899 0.507999
      vertex 119.615 74.4899 2.35483
      vertex 119.99 74.4899 2.64255
    endloop
  endfacet
  facet normal 0 1 0
    outer loop
      vertex 139.207 74.4899 0.507999
      vertex 119.99 74.4899 2.64255
      vertex 120.278 74.4899 3.01752
    endloop
  endfacet
  facet normal -0 1 0
    outer loop
      vertex 120.278 74.4899 3.01752
      vertex 120.459 74.4899 3.45418
      vertex 139.207 74.4899 0.507999
    endloop
  endfacet
  facet normal 0 1 0
    outer loop
      vertex 139.207 74.4899 0.507999
      vertex 120.459 74.4899 3.45418
      vertex 120.52 74.4899 3.92278
    endloop
  endfacet
  facet normal 0 1 0
    outer loop
      vertex 139.207 74.4899 0.507999
      vertex 120.52 74.4899 3.92278
      vertex 120.52 74.4899 4.82803
    endloop
  endfacet
  facet normal 0 1 -0
    outer loop
      vertex 139.207 74.4899 0.507999
      vertex 120.52 74.4899 4.82803
      vertex 139.207 74.4899 8.7956
    endloop
  endfacet
  facet normal 0 1 0
    outer loop
      vertex 139.207 74.4899 8.7956
      vertex 120.52 74.4899 4.82803
      vertex 120.459 74.4899 5.29663
    endloop
  endfacet
  facet normal 0 1 0
    outer loop
      vertex 139.207 74.4899 8.7956
      vertex 120.459 74.4899 5.29663
      vertex 120.278 74.4899 5.73329
    endloop
  endfacet
  facet normal 0 1 -0
    outer loop
      vertex 120.278 74.4899 5.73329
      vertex 119.99 74.4899 6.10826
      vertex 139.207 74.4899 8.7956
    endloop
  endfacet
  facet normal 0 1 0
    outer loop
      vertex 139.207 74.4899 8.7956
      vertex 119.99 74.4899 6.10826
      vertex 119.615 74.4899 6.39598
    endloop
  endfacet
  facet normal 0 1 0
    outer loop
      vertex 139.207 74.4899 8.7956
      vertex 119.615 74.4899 6.39598
      vertex 119.178 74.4899 6.57685
    endloop
  endfacet
  facet normal 0 1 -0
    outer loop
      vertex 119.178 74.4899 6.57685
      vertex 118.71 74.4899 6.63854
      vertex 139.207 74.4899 8.7956
    endloop
  endfacet
  facet normal 0 1 0
    outer loop
      vertex 139.207 74.4899 8.7956
      vertex 118.71 74.4899 6.63854
      vertex 114.332 74.4899 6.63854
    endloop
  endfacet
  facet normal 3.68203e-06 1 -4.24608e-05
    outer loop
      vertex 139.207 74.4899 8.7956
      vertex 114.332 74.4899 6.63854
      vertex 82.1643 74.49 6.2042
    endloop
  endfacet
  facet normal 3.46433e-06 1 -2.63377e-05
    outer loop
      vertex 82.1643 74.49 6.2042
      vertex 114.332 74.4899 6.63854
      vertex 113.863 74.4899 6.57685
    endloop
  endfacet
  facet normal 3.64197e-06 1 -4.14479e-05
    outer loop
      vertex 82.1643 74.49 6.2042
      vertex 113.863 74.4899 6.57685
      vertex 109.622 74.4899 6.2042
    endloop
  endfacet
  facet normal 0 1 0
    outer loop
      vertex 109.622 74.4899 6.2042
      vertex 113.863 74.4899 6.57685
      vertex 113.427 74.4899 6.39598
    endloop
  endfacet
  facet normal -0 1 0
    outer loop
      vertex 109.622 74.4899 6.2042
      vertex 113.427 74.4899 6.39598
      vertex 113.052 74.4899 6.10826
    endloop
  endfacet
  facet normal 0 1 -0
    outer loop
      vertex 112.764 74.4899 5.73329
      vertex 111.871 74.4899 5.83897
      vertex 113.052 74.4899 6.10826
    endloop
  endfacet
  facet normal 0 1 0
    outer loop
      vertex 113.052 74.4899 6.10826
      vertex 111.871 74.4899 5.83897
      vertex 111.506 74.4899 5.90882
    endloop
  endfacet
  facet normal 0 1 0
    outer loop
      vertex 113.052 74.4899 6.10826
      vertex 111.506 74.4899 5.90882
      vertex 110.755 74.4899 5.9502
    endloop
  endfacet
  facet normal 2.62291e-06 1 7.90822e-06
    outer loop
      vertex 79.77 74.49 2.96345
      vertex 79.9642 74.49 2.89904
      vertex 10.922 74.4902 0.507999
    endloop
  endfacet
  facet normal 2.34869e-06 1 1.58262e-05
    outer loop
      vertex 10.922 74.4902 0.507999
      vertex 79.9642 74.49 2.89904
      vertex 80.4974 74.49 2.81991
    endloop
  endfacet
  facet normal 2.39018e-06 1 1.45776e-05
    outer loop
      vertex 10.922 74.4902 0.507999
      vertex 80.4974 74.49 2.81991
      vertex 82.1643 74.49 2.5466
    endloop
  endfacet
  facet normal 0 1 0
    outer loop
      vertex 82.1643 74.49 2.5466
      vertex 80.4974 74.49 2.81991
      vertex 81.0307 74.49 2.80061
    endloop
  endfacet
  facet normal 0 1 -0
    outer loop
      vertex 82.1643 74.49 2.5466
      vertex 81.0307 74.49 2.80061
      vertex 82.1643 74.49 2.80061
    endloop
  endfacet
  facet normal 0 1 -0
    outer loop
      vertex 112.158 74.4899 5.6686
      vertex 112.148 74.4899 5.68953
      vertex 112.764 74.4899 5.73329
    endloop
  endfacet
  facet normal 0 1 0
    outer loop
      vertex 112.764 74.4899 5.73329
      vertex 112.148 74.4899 5.68953
      vertex 112.134 74.4899 5.70864
    endloop
  endfacet
  facet normal 0 1 0
    outer loop
      vertex 112.764 74.4899 5.73329
      vertex 112.134 74.4899 5.70864
      vertex 112.119 74.4899 5.72455
    endloop
  endfacet
  facet normal 0 1 -0
    outer loop
      vertex 112.119 74.4899 5.72455
      vertex 112.082 74.4899 5.75258
      vertex 112.764 74.4899 5.73329
    endloop
  endfacet
  facet normal 0 1 0
    outer loop
      vertex 112.764 74.4899 5.73329
      vertex 112.082 74.4899 5.75258
      vertex 112.04 74.4899 5.77604
    endloop
  endfacet
  facet normal 0 1 0
    outer loop
      vertex 112.764 74.4899 5.73329
      vertex 112.04 74.4899 5.77604
      vertex 111.871 74.4899 5.83897
    endloop
  endfacet
  facet normal 0 1 0
    outer loop
      vertex 109.622 74.4899 5.9502
      vertex 109.622 74.4899 6.2042
      vertex 110.755 74.4899 5.9502
    endloop
  endfacet
  facet normal 0 1 -0
    outer loop
      vertex 110.755 74.4899 5.9502
      vertex 109.622 74.4899 6.2042
      vertex 113.052 74.4899 6.10826
    endloop
  endfacet
  facet normal 0 1 -0
    outer loop
      vertex 82.1643 74.49 5.9502
      vertex 81.0307 74.49 5.9502
      vertex 82.1643 74.49 6.2042
    endloop
  endfacet
  facet normal 0 1 0
    outer loop
      vertex 82.1643 74.49 6.2042
      vertex 81.0307 74.49 5.9502
      vertex 80.4974 74.49 5.9309
    endloop
  endfacet
  facet normal 2.29759e-06 1 -1.40134e-05
    outer loop
      vertex 82.1643 74.49 6.2042
      vertex 80.4974 74.49 5.9309
      vertex 10.922 74.4902 8.7956
    endloop
  endfacet
  facet normal 2.25026e-06 1 -1.51629e-05
    outer loop
      vertex 10.922 74.4902 8.7956
      vertex 80.4974 74.49 5.9309
      vertex 79.9642 74.49 5.85177
    endloop
  endfacet
  facet normal 2.5668e-06 1 -7.73906e-06
    outer loop
      vertex 10.922 74.4902 8.7956
      vertex 79.9642 74.49 5.85177
      vertex 79.77 74.49 5.78736
    endloop
  endfacet
  facet normal 2.67308e-06 1 -5.30669e-06
    outer loop
      vertex 79.77 74.49 5.78736
      vertex 79.7216 74.49 5.76298
      vertex 10.922 74.4902 8.7956
    endloop
  endfacet
  facet normal 2.72903e-06 1 -4.0373e-06
    outer loop
      vertex 10.922 74.4902 8.7956
      vertex 79.7216 74.49 5.76298
      vertex 79.6771 74.49 5.7329
    endloop
  endfacet
  facet normal 2.77327e-06 1 -3.04422e-06
    outer loop
      vertex 10.922 74.4902 8.7956
      vertex 79.6771 74.49 5.7329
      vertex 79.658 74.49 5.7155
    endloop
  endfacet
  facet normal 2.80619e-06 1 -2.30967e-06
    outer loop
      vertex 79.658 74.49 5.7155
      vertex 79.6413 74.49 5.69521
      vertex 10.922 74.4902 8.7956
    endloop
  endfacet
  facet normal 2.83244e-06 1 -1.72769e-06
    outer loop
      vertex 10.922 74.4902 8.7956
      vertex 79.6413 74.49 5.69521
      vertex 79.6342 74.49 5.68357
    endloop
  endfacet
  facet normal 2.85397e-06 1 -1.25238e-06
    outer loop
      vertex 10.922 74.4902 8.7956
      vertex 79.6342 74.49 5.68357
      vertex 79.629 74.49 5.67172
    endloop
  endfacet
  facet normal 2.87701e-06 1 -7.45567e-07
    outer loop
      vertex 79.629 74.49 5.67172
      vertex 79.6256 74.49 5.6586
      vertex 10.922 74.4902 8.7956
    endloop
  endfacet
  facet normal 2.89802e-06 1 -2.85411e-07
    outer loop
      vertex 10.922 74.4902 8.7956
      vertex 79.6256 74.49 5.6586
      vertex 79.6243 74.49 5.6454
    endloop
  endfacet
  facet normal 2.91111e-06 1 0
    outer loop
      vertex 10.922 74.4902 8.7956
      vertex 79.6243 74.49 5.6454
      vertex 10.922 74.4902 0.507999
    endloop
  endfacet
  facet normal 2.91111e-06 1 0
    outer loop
      vertex 10.922 74.4902 0.507999
      vertex 79.6243 74.49 5.6454
      vertex 79.6243 74.49 3.10541
    endloop
  endfacet
  facet normal 2.90031e-06 1 2.85637e-07
    outer loop
      vertex 10.922 74.4902 0.507999
      vertex 79.6243 74.49 3.10541
      vertex 79.6256 74.49 3.09221
    endloop
  endfacet
  facet normal 2.88295e-06 1 7.47107e-07
    outer loop
      vertex 79.6256 74.49 3.09221
      vertex 79.629 74.49 3.07909
      vertex 10.922 74.4902 0.507999
    endloop
  endfacet
  facet normal 2.86388e-06 1 1.25673e-06
    outer loop
      vertex 10.922 74.4902 0.507999
      vertex 79.629 74.49 3.07909
      vertex 79.6342 74.49 3.06724
    endloop
  endfacet
  facet normal 2.84603e-06 1 1.73598e-06
    outer loop
      vertex 10.922 74.4902 0.507999
      vertex 79.6342 74.49 3.06724
      vertex 79.6413 74.49 3.0556
    endloop
  endfacet
  facet normal 2.82421e-06 1 2.32451e-06
    outer loop
      vertex 79.6413 74.49 3.0556
      vertex 79.658 74.49 3.03531
      vertex 10.922 74.4902 0.507999
    endloop
  endfacet
  facet normal 2.7968e-06 1 3.07005e-06
    outer loop
      vertex 10.922 74.4902 0.507999
      vertex 79.658 74.49 3.03531
      vertex 79.6771 74.49 3.01791
    endloop
  endfacet
  facet normal 2.75983e-06 1 4.08286e-06
    outer loop
      vertex 10.922 74.4902 0.507999
      vertex 79.6771 74.49 3.01791
      vertex 79.7216 74.49 2.98783
    endloop
  endfacet
  facet normal 2.71287e-06 1 5.38568e-06
    outer loop
      vertex 79.7216 74.49 2.98783
      vertex 79.77 74.49 2.96345
      vertex 10.922 74.4902 0.507999
    endloop
  endfacet
  facet normal 2.33854e-06 1 1.63822e-05
    outer loop
      vertex 139.207 74.4899 0.507999
      vertex 10.922 74.4902 0.507999
      vertex 82.1643 74.49 2.5466
    endloop
  endfacet
  facet normal 2.33854e-06 1 -1.28876e-05
    outer loop
      vertex 10.922 74.4902 8.7956
      vertex 139.207 74.4899 8.7956
      vertex 82.1643 74.49 6.2042
    endloop
  endfacet
  facet normal 0 -1 0
    outer loop
      vertex 123.735 73.5848 7.84769
      vertex 123.735 73.5848 1.49165
      vertex 125.628 73.5848 7.84769
    endloop
  endfacet
  facet normal 0 -1 -0
    outer loop
      vertex 125.628 73.5848 7.84769
      vertex 123.735 73.5848 1.49165
      vertex 125.628 73.5848 1.49165
    endloop
  endfacet
  facet normal 0 -1 0
    outer loop
      vertex 125.628 73.5848 7.84769
      vertex 125.628 73.5848 1.49165
      vertex 128.93 73.5848 1.47647
    endloop
  endfacet
  facet normal 0 -1 0
    outer loop
      vertex 128.93 73.5848 1.47647
      vertex 125.628 73.5848 1.49165
      vertex 125.628 73.5848 1.47647
    endloop
  endfacet
  facet normal 0 -1 0
    outer loop
      vertex 123.735 73.5848 1.49165
      vertex 123.735 73.5848 7.84769
      vertex 123.227 73.5848 1.49165
    endloop
  endfacet
  facet normal 0 -1 0
    outer loop
      vertex 123.227 73.5848 1.49165
      vertex 123.735 73.5848 7.84769
      vertex 123.227 73.5848 7.84769
    endloop
  endfacet
  facet normal 0 -1 0
    outer loop
      vertex 123.227 73.5848 1.49165
      vertex 123.227 73.5848 7.84769
      vertex 122.834 73.5848 1.49165
    endloop
  endfacet
  facet normal 0 -1 0
    outer loop
      vertex 122.834 73.5848 1.49165
      vertex 123.227 73.5848 7.84769
      vertex 122.834 73.5848 7.84769
    endloop
  endfacet
  facet normal 0 -1 0
    outer loop
      vertex 128.93 73.5848 1.47647
      vertex 128.93 73.5848 8.10355
      vertex 125.628 73.5848 7.84769
    endloop
  endfacet
  facet normal 0 -1 0
    outer loop
      vertex 125.628 73.5848 7.84769
      vertex 128.93 73.5848 8.10355
      vertex 125.628 73.5848 8.10355
    endloop
  endfacet
  facet normal -0.996906 -0.0786028 0
    outer loop
      vertex 146.706 27.8065 0
      vertex 146.706 27.8065 0.703972
      vertex 146.607 29.0621 0
    endloop
  endfacet
  facet normal -0.996906 -0.0786028 0
    outer loop
      vertex 146.607 29.0621 0
      vertex 146.706 27.8065 0.703972
      vertex 146.607 29.0621 0.703976
    endloop
  endfacet
  facet normal -0.972374 -0.233427 0
    outer loop
      vertex 146.607 29.0621 0
      vertex 146.607 29.0621 0.703976
      vertex 146.313 30.2868 0
    endloop
  endfacet
  facet normal -0.972374 -0.233427 0
    outer loop
      vertex 146.313 30.2868 0
      vertex 146.607 29.0621 0.703976
      vertex 146.313 30.2868 0.703976
    endloop
  endfacet
  facet normal -0.923874 -0.382698 0
    outer loop
      vertex 146.313 30.2868 0
      vertex 146.313 30.2868 0.703976
      vertex 145.831 31.4504 0
    endloop
  endfacet
  facet normal -0.923874 -0.382698 0
    outer loop
      vertex 145.831 31.4504 0
      vertex 146.313 30.2868 0.703976
      vertex 145.831 31.4504 0.703979
    endloop
  endfacet
  facet normal -0.852671 -0.522448 0
    outer loop
      vertex 145.831 31.4504 0
      vertex 145.831 31.4504 0.703979
      vertex 145.173 32.5243 0
    endloop
  endfacet
  facet normal -0.852671 -0.522448 0
    outer loop
      vertex 145.173 32.5243 0
      vertex 145.831 31.4504 0.703979
      vertex 145.173 32.5243 0.703983
    endloop
  endfacet
  facet normal -0.760388 -0.64947 0
    outer loop
      vertex 145.173 32.5243 0
      vertex 145.173 32.5243 0.703983
      vertex 144.355 33.482 0
    endloop
  endfacet
  facet normal -0.760388 -0.64947 0
    outer loop
      vertex 144.355 33.482 0
      vertex 145.173 32.5243 0.703983
      vertex 144.355 33.482 0.703983
    endloop
  endfacet
  facet normal -0.649744 -0.760153 0
    outer loop
      vertex 144.355 33.482 0
      vertex 144.355 33.482 0.703983
      vertex 143.398 34.3 0
    endloop
  endfacet
  facet normal -0.649744 -0.760153 0
    outer loop
      vertex 143.398 34.3 0
      vertex 144.355 33.482 0.703983
      vertex 143.398 34.3 0.703987
    endloop
  endfacet
  facet normal -0.522413 -0.852693 0
    outer loop
      vertex 143.398 34.3 0
      vertex 143.398 34.3 0.703987
      vertex 142.324 34.958 0
    endloop
  endfacet
  facet normal -0.522413 -0.852693 0
    outer loop
      vertex 142.324 34.958 0
      vertex 143.398 34.3 0.703987
      vertex 142.324 34.958 0.703987
    endloop
  endfacet
  facet normal -0.382585 -0.92392 0
    outer loop
      vertex 142.324 34.958 0
      vertex 142.324 34.958 0.703987
      vertex 141.16 35.44 0
    endloop
  endfacet
  facet normal -0.382585 -0.92392 0
    outer loop
      vertex 141.16 35.44 0
      vertex 142.324 34.958 0.703987
      vertex 141.16 35.44 0.703991
    endloop
  endfacet
  facet normal -0.233448 -0.972369 0
    outer loop
      vertex 141.16 35.44 0
      vertex 141.16 35.44 0.703991
      vertex 139.935 35.7341 0
    endloop
  endfacet
  facet normal -0.233448 -0.972369 0
    outer loop
      vertex 139.935 35.7341 0
      vertex 141.16 35.44 0.703991
      vertex 139.935 35.7341 0.703991
    endloop
  endfacet
  facet normal -0.0784823 -0.996916 0
    outer loop
      vertex 139.935 35.7341 0
      vertex 139.935 35.7341 0.703991
      vertex 138.68 35.8329 0
    endloop
  endfacet
  facet normal -0.0784823 -0.996916 0
    outer loop
      vertex 138.68 35.8329 0
      vertex 139.935 35.7341 0.703991
      vertex 138.68 35.8329 0.703995
    endloop
  endfacet
  facet normal 0.996906 0.0786028 0
    outer loop
      vertex 114.351 12.3353 0.703972
      vertex 114.45 11.0797 0.703972
      vertex 114.351 12.3353 0
    endloop
  endfacet
  facet normal 0.996906 0.0786028 0
    outer loop
      vertex 114.351 12.3353 0
      vertex 114.45 11.0797 0.703972
      vertex 114.45 11.0797 0
    endloop
  endfacet
  facet normal 0.972374 0.233429 -0
    outer loop
      vertex 114.45 11.0797 0
      vertex 114.45 11.0797 0.703972
      vertex 114.744 9.85501 0.703968
    endloop
  endfacet
  facet normal 0.972374 0.233429 0
    outer loop
      vertex 114.45 11.0797 0
      vertex 114.744 9.85501 0.703968
      vertex 114.744 9.85501 0
    endloop
  endfacet
  facet normal 0.923875 0.382695 -0
    outer loop
      vertex 114.744 9.85501 0
      vertex 114.744 9.85501 0.703968
      vertex 115.226 8.6914 0.703964
    endloop
  endfacet
  facet normal 0.923875 0.382695 0
    outer loop
      vertex 114.744 9.85501 0
      vertex 115.226 8.6914 0.703964
      vertex 115.226 8.6914 0
    endloop
  endfacet
  facet normal 0.852669 0.522452 -0
    outer loop
      vertex 115.226 8.6914 0
      vertex 115.226 8.6914 0.703964
      vertex 115.884 7.61751 0.703964
    endloop
  endfacet
  facet normal 0.852669 0.522452 0
    outer loop
      vertex 115.226 8.6914 0
      vertex 115.884 7.61751 0.703964
      vertex 115.884 7.61751 0
    endloop
  endfacet
  facet normal 0.760394 0.649462 -0
    outer loop
      vertex 115.884 7.61751 0
      vertex 115.884 7.61751 0.703964
      vertex 116.702 6.65979 0.70396
    endloop
  endfacet
  facet normal 0.760394 0.649462 0
    outer loop
      vertex 115.884 7.61751 0
      vertex 116.702 6.65979 0.70396
      vertex 116.702 6.65979 0
    endloop
  endfacet
  facet normal 0.649338 0.7605 -0
    outer loop
      vertex 116.702 6.65979 0
      vertex 116.702 6.65979 0.70396
      vertex 117.66 5.84182 0.703957
    endloop
  endfacet
  facet normal 0.649338 0.7605 0
    outer loop
      vertex 116.702 6.65979 0
      vertex 117.66 5.84182 0.703957
      vertex 117.66 5.84182 0
    endloop
  endfacet
  facet normal 0.522465 0.852661 -0
    outer loop
      vertex 117.66 5.84182 0
      vertex 117.66 5.84182 0.703957
      vertex 118.734 5.18373 0.703957
    endloop
  endfacet
  facet normal 0.522465 0.852661 0
    outer loop
      vertex 117.66 5.84182 0
      vertex 118.734 5.18373 0.703957
      vertex 118.734 5.18373 0
    endloop
  endfacet
  facet normal 0.382859 0.923807 -0
    outer loop
      vertex 118.734 5.18373 0
      vertex 118.734 5.18373 0.703957
      vertex 119.897 4.70174 0.703953
    endloop
  endfacet
  facet normal 0.382859 0.923807 0
    outer loop
      vertex 118.734 5.18373 0
      vertex 119.897 4.70174 0.703953
      vertex 119.897 4.70174 0
    endloop
  endfacet
  facet normal 0.233388 0.972384 -0
    outer loop
      vertex 119.897 4.70174 0
      vertex 119.897 4.70174 0.703953
      vertex 121.122 4.40772 0.703953
    endloop
  endfacet
  facet normal 0.233388 0.972384 0
    outer loop
      vertex 119.897 4.70174 0
      vertex 121.122 4.40772 0.703953
      vertex 121.122 4.40772 0
    endloop
  endfacet
  facet normal 0.0784281 0.99692 -0
    outer loop
      vertex 121.122 4.40772 0
      vertex 121.122 4.40772 0.703953
      vertex 122.378 4.30891 0.703953
    endloop
  endfacet
  facet normal 0.0784281 0.99692 0
    outer loop
      vertex 121.122 4.40772 0
      vertex 122.378 4.30891 0.703953
      vertex 122.378 4.30891 0
    endloop
  endfacet
  facet normal 0.065372 -0.997861 0
    outer loop
      vertex 13.3511 73.5848 0.704166
      vertex 13.3511 73.5848 8.4146
      vertex 11.8094 73.4838 0.704166
    endloop
  endfacet
  facet normal 0.065372 -0.997861 0
    outer loop
      vertex 11.8094 73.4838 0.704166
      vertex 13.3511 73.5848 8.4146
      vertex 11.8094 73.4838 8.4146
    endloop
  endfacet
  facet normal 0.195095 -0.980784 0
    outer loop
      vertex 11.8094 73.4838 0.704166
      vertex 11.8094 73.4838 8.4146
      vertex 10.2942 73.1824 0.704166
    endloop
  endfacet
  facet normal 0.195095 -0.980784 0
    outer loop
      vertex 10.2942 73.1824 0.704166
      vertex 11.8094 73.4838 8.4146
      vertex 10.2942 73.1824 8.4146
    endloop
  endfacet
  facet normal 0.321425 -0.946935 0
    outer loop
      vertex 10.2942 73.1824 0.704166
      vertex 10.2942 73.1824 8.4146
      vertex 8.83119 72.6858 0.704166
    endloop
  endfacet
  facet normal 0.321425 -0.946935 0
    outer loop
      vertex 8.83119 72.6858 0.704166
      vertex 10.2942 73.1824 8.4146
      vertex 8.83119 72.6858 8.4146
    endloop
  endfacet
  facet normal 0.442282 -0.896876 0
    outer loop
      vertex 8.83119 72.6858 0.704166
      vertex 8.83119 72.6858 8.4146
      vertex 7.44557 72.0025 0.704166
    endloop
  endfacet
  facet normal 0.442334 -0.89685 -1.16316e-05
    outer loop
      vertex 7.44557 72.0025 0.704166
      vertex 8.83119 72.6858 8.4146
      vertex 7.44557 72.0024 8.4146
    endloop
  endfacet
  facet normal 0.555605 -0.831446 -1.07834e-05
    outer loop
      vertex 7.44557 72.0025 0.704166
      vertex 7.44557 72.0024 8.4146
      vertex 6.161 71.1441 0.704166
    endloop
  endfacet
  facet normal 0.55556 -0.831476 0
    outer loop
      vertex 6.161 71.1441 0.704166
      vertex 7.44557 72.0024 8.4146
      vertex 6.161 71.1441 8.4146
    endloop
  endfacet
  facet normal 0.659324 -0.751859 0
    outer loop
      vertex 6.161 71.1441 0.704166
      vertex 6.161 71.1441 8.4146
      vertex 4.99944 70.1255 0.704166
    endloop
  endfacet
  facet normal 0.659324 -0.751859 0
    outer loop
      vertex 4.99944 70.1255 0.704166
      vertex 6.161 71.1441 8.4146
      vertex 4.99944 70.1255 8.41459
    endloop
  endfacet
  facet normal 0.751848 -0.659336 0
    outer loop
      vertex 4.99944 70.1255 0.704166
      vertex 4.99944 70.1255 8.41459
      vertex 3.98077 68.9639 0.704163
    endloop
  endfacet
  facet normal 0.751848 -0.659336 0
    outer loop
      vertex 3.98077 68.9639 0.704163
      vertex 4.99944 70.1255 8.41459
      vertex 3.98077 68.9639 8.41459
    endloop
  endfacet
  facet normal 0.831473 -0.555565 0
    outer loop
      vertex 3.98077 68.9639 0.704163
      vertex 3.98077 68.9639 8.41459
      vertex 3.12244 67.6793 0.704163
    endloop
  endfacet
  facet normal 0.831473 -0.555565 0
    outer loop
      vertex 3.12244 67.6793 0.704163
      vertex 3.98077 68.9639 8.41459
      vertex 3.12244 67.6793 8.41459
    endloop
  endfacet
  facet normal 0.896871 -0.442293 0
    outer loop
      vertex 3.12244 67.6793 0.704163
      vertex 3.12244 67.6793 8.41459
      vertex 2.43913 66.2937 0.704163
    endloop
  endfacet
  facet normal 0.896871 -0.442293 0
    outer loop
      vertex 2.43913 66.2937 0.704163
      vertex 3.12244 67.6793 8.41459
      vertex 2.43913 66.2937 8.41459
    endloop
  endfacet
  facet normal 0.946932 -0.321433 0
    outer loop
      vertex 2.43913 66.2937 0.704163
      vertex 2.43913 66.2937 8.41459
      vertex 1.94252 64.8307 0.704159
    endloop
  endfacet
  facet normal 0.946932 -0.321433 0
    outer loop
      vertex 1.94252 64.8307 0.704159
      vertex 2.43913 66.2937 8.41459
      vertex 1.94252 64.8307 8.41459
    endloop
  endfacet
  facet normal 0.980783 -0.195102 0
    outer loop
      vertex 1.94252 64.8307 0.704159
      vertex 1.94252 64.8307 8.41459
      vertex 1.64111 63.3155 0.704155
    endloop
  endfacet
  facet normal 0.980783 -0.195102 0
    outer loop
      vertex 1.64111 63.3155 0.704155
      vertex 1.94252 64.8307 8.41459
      vertex 1.64111 63.3155 8.41458
    endloop
  endfacet
  facet normal 0.997859 -0.0653977 0
    outer loop
      vertex 1.64111 63.3155 0.704155
      vertex 1.64111 63.3155 8.41458
      vertex 1.54007 61.7738 0.704155
    endloop
  endfacet
  facet normal 0.997859 -0.0653977 0
    outer loop
      vertex 1.54007 61.7738 0.704155
      vertex 1.64111 63.3155 8.41458
      vertex 1.54007 61.7738 8.41458
    endloop
  endfacet
  facet normal 0 1 0
    outer loop
      vertex 122.378 4.30891 0.703953
      vertex 138.68 4.30891 0.703938
      vertex 122.378 4.30891 0
    endloop
  endfacet
  facet normal 0 1 0
    outer loop
      vertex 122.378 4.30891 0
      vertex 138.68 4.30891 0.703938
      vertex 138.68 4.30891 0
    endloop
  endfacet
  facet normal -0.0784902 0.996915 0
    outer loop
      vertex 138.68 4.30891 0.703938
      vertex 139.935 4.40772 0.703938
      vertex 138.68 4.30891 0
    endloop
  endfacet
  facet normal -0.0784902 0.996915 0
    outer loop
      vertex 138.68 4.30891 0
      vertex 139.935 4.40772 0.703938
      vertex 139.935 4.40772 0
    endloop
  endfacet
  facet normal -0.233388 0.972384 0
    outer loop
      vertex 139.935 4.40772 0
      vertex 139.935 4.40772 0.703938
      vertex 141.16 4.70174 0.703938
    endloop
  endfacet
  facet normal -0.233388 0.972384 0
    outer loop
      vertex 139.935 4.40772 0
      vertex 141.16 4.70174 0.703938
      vertex 141.16 4.70174 0
    endloop
  endfacet
  facet normal -0.382579 0.923923 0
    outer loop
      vertex 141.16 4.70174 0
      vertex 141.16 4.70174 0.703938
      vertex 142.324 5.18373 0.703938
    endloop
  endfacet
  facet normal -0.382579 0.923923 0
    outer loop
      vertex 141.16 4.70174 0
      vertex 142.324 5.18373 0.703938
      vertex 142.324 5.18373 0
    endloop
  endfacet
  facet normal -0.522465 0.852661 0
    outer loop
      vertex 142.324 5.18373 0
      vertex 142.324 5.18373 0.703938
      vertex 143.398 5.84182 0
    endloop
  endfacet
  facet normal -0.522465 0.852661 0
    outer loop
      vertex 143.398 5.84182 0
      vertex 142.324 5.18373 0.703938
      vertex 143.398 5.84182 0.703938
    endloop
  endfacet
  facet normal -0.64973 0.760165 0
    outer loop
      vertex 143.398 5.84182 0
      vertex 143.398 5.84182 0.703938
      vertex 144.355 6.65979 0
    endloop
  endfacet
  facet normal -0.64973 0.760165 0
    outer loop
      vertex 144.355 6.65979 0
      vertex 143.398 5.84182 0.703938
      vertex 144.355 6.65979 0.703938
    endloop
  endfacet
  facet normal -0.760394 0.649462 0
    outer loop
      vertex 144.355 6.65979 0
      vertex 144.355 6.65979 0.703938
      vertex 145.173 7.61751 0
    endloop
  endfacet
  facet normal -0.760394 0.649462 0
    outer loop
      vertex 145.173 7.61751 0
      vertex 144.355 6.65979 0.703938
      vertex 145.173 7.61751 0.703938
    endloop
  endfacet
  facet normal -0.852669 0.522452 0
    outer loop
      vertex 145.173 7.61751 0
      vertex 145.173 7.61751 0.703938
      vertex 145.831 8.6914 0
    endloop
  endfacet
  facet normal -0.852669 0.522452 0
    outer loop
      vertex 145.831 8.6914 0
      vertex 145.173 7.61751 0.703938
      vertex 145.831 8.6914 0.703941
    endloop
  endfacet
  facet normal -0.923875 0.382695 0
    outer loop
      vertex 145.831 8.6914 0
      vertex 145.831 8.6914 0.703941
      vertex 146.313 9.85501 0
    endloop
  endfacet
  facet normal -0.923875 0.382695 0
    outer loop
      vertex 146.313 9.85501 0
      vertex 145.831 8.6914 0.703941
      vertex 146.313 9.85501 0.703941
    endloop
  endfacet
  facet normal -0.972374 0.233429 0
    outer loop
      vertex 146.313 9.85501 0
      vertex 146.313 9.85501 0.703941
      vertex 146.607 11.0797 0
    endloop
  endfacet
  facet normal -0.972374 0.233429 0
    outer loop
      vertex 146.607 11.0797 0
      vertex 146.313 9.85501 0.703941
      vertex 146.607 11.0797 0.703945
    endloop
  endfacet
  facet normal -0.996906 0.0786028 0
    outer loop
      vertex 146.607 11.0797 0
      vertex 146.607 11.0797 0.703945
      vertex 146.706 12.3353 0
    endloop
  endfacet
  facet normal -0.996906 0.0786028 0
    outer loop
      vertex 146.706 12.3353 0
      vertex 146.607 11.0797 0.703945
      vertex 146.706 12.3353 0.703945
    endloop
  endfacet
  facet normal -1 0 -0
    outer loop
      vertex 146.706 27.8065 0.703972
      vertex 146.706 27.8065 0
      vertex 146.706 12.3353 0.703945
    endloop
  endfacet
  facet normal -1 0 0
    outer loop
      vertex 146.706 12.3353 0.703945
      vertex 146.706 27.8065 0
      vertex 146.706 12.3353 0
    endloop
  endfacet
  facet normal 1 0 0
    outer loop
      vertex 114.351 27.8065 0.703999
      vertex 114.351 12.3353 0.703972
      vertex 114.351 27.8065 0
    endloop
  endfacet
  facet normal 1 0 0
    outer loop
      vertex 114.351 27.8065 0
      vertex 114.351 12.3353 0.703972
      vertex 114.351 12.3353 0
    endloop
  endfacet
  facet normal 0.0784202 -0.99692 0
    outer loop
      vertex 122.378 35.8329 0
      vertex 122.378 35.8329 0.704006
      vertex 121.122 35.7341 0
    endloop
  endfacet
  facet normal 0.0784202 -0.99692 0
    outer loop
      vertex 121.122 35.7341 0
      vertex 122.378 35.8329 0.704006
      vertex 121.122 35.7341 0.704006
    endloop
  endfacet
  facet normal 0.233448 -0.972369 0
    outer loop
      vertex 121.122 35.7341 0
      vertex 121.122 35.7341 0.704006
      vertex 119.897 35.44 0
    endloop
  endfacet
  facet normal 0.233448 -0.972369 0
    outer loop
      vertex 119.897 35.44 0
      vertex 121.122 35.7341 0.704006
      vertex 119.897 35.44 0.70401
    endloop
  endfacet
  facet normal 0.382866 -0.923804 0
    outer loop
      vertex 119.897 35.44 0
      vertex 119.897 35.44 0.70401
      vertex 118.734 34.958 0
    endloop
  endfacet
  facet normal 0.382866 -0.923804 0
    outer loop
      vertex 118.734 34.958 0
      vertex 119.897 35.44 0.70401
      vertex 118.734 34.958 0.70401
    endloop
  endfacet
  facet normal 0.522413 -0.852693 0
    outer loop
      vertex 118.734 34.958 0
      vertex 118.734 34.958 0.70401
      vertex 117.66 34.3 0.70401
    endloop
  endfacet
  facet normal 0.522413 -0.852693 0
    outer loop
      vertex 118.734 34.958 0
      vertex 117.66 34.3 0.70401
      vertex 117.66 34.3 0
    endloop
  endfacet
  facet normal 0.649352 -0.760488 0
    outer loop
      vertex 117.66 34.3 0
      vertex 117.66 34.3 0.70401
      vertex 116.702 33.482 0.704006
    endloop
  endfacet
  facet normal 0.649352 -0.760488 0
    outer loop
      vertex 117.66 34.3 0
      vertex 116.702 33.482 0.704006
      vertex 116.702 33.482 0
    endloop
  endfacet
  facet normal 0.760388 -0.64947 0
    outer loop
      vertex 116.702 33.482 0
      vertex 116.702 33.482 0.704006
      vertex 115.884 32.5243 0.704006
    endloop
  endfacet
  facet normal 0.760388 -0.64947 0
    outer loop
      vertex 116.702 33.482 0
      vertex 115.884 32.5243 0.704006
      vertex 115.884 32.5243 0
    endloop
  endfacet
  facet normal 0.852671 -0.522448 0
    outer loop
      vertex 115.884 32.5243 0
      vertex 115.884 32.5243 0.704006
      vertex 115.226 31.4504 0.704006
    endloop
  endfacet
  facet normal 0.852671 -0.522448 0
    outer loop
      vertex 115.884 32.5243 0
      vertex 115.226 31.4504 0.704006
      vertex 115.226 31.4504 0
    endloop
  endfacet
  facet normal 0.923874 -0.382698 0
    outer loop
      vertex 115.226 31.4504 0
      vertex 115.226 31.4504 0.704006
      vertex 114.744 30.2868 0.704002
    endloop
  endfacet
  facet normal 0.923874 -0.382698 0
    outer loop
      vertex 115.226 31.4504 0
      vertex 114.744 30.2868 0.704002
      vertex 114.744 30.2868 0
    endloop
  endfacet
  facet normal 0.972374 -0.233427 0
    outer loop
      vertex 114.744 30.2868 0
      vertex 114.744 30.2868 0.704002
      vertex 114.45 29.0621 0.704002
    endloop
  endfacet
  facet normal 0.972374 -0.233427 0
    outer loop
      vertex 114.744 30.2868 0
      vertex 114.45 29.0621 0.704002
      vertex 114.45 29.0621 0
    endloop
  endfacet
  facet normal 0.996906 -0.0786028 0
    outer loop
      vertex 114.45 29.0621 0
      vertex 114.45 29.0621 0.704002
      vertex 114.351 27.8065 0.703999
    endloop
  endfacet
  facet normal 0.996906 -0.0786028 0
    outer loop
      vertex 114.45 29.0621 0
      vertex 114.351 27.8065 0.703999
      vertex 114.351 27.8065 0
    endloop
  endfacet
  facet normal 0 -1 0
    outer loop
      vertex 122.378 35.8329 0.704006
      vertex 122.378 35.8329 0
      vertex 138.68 35.8329 0.703995
    endloop
  endfacet
  facet normal 0 -1 -0
    outer loop
      vertex 138.68 35.8329 0.703995
      vertex 122.378 35.8329 0
      vertex 138.68 35.8329 0
    endloop
  endfacet
  facet normal 6.74764e-07 -1.575e-06 1
    outer loop
      vertex 122.378 35.8329 0.704006
      vertex 138.68 35.8329 0.703995
      vertex 148.842 61.7738 0.704029
    endloop
  endfacet
  facet normal 2.9918e-06 -2.48267e-06 1
    outer loop
      vertex 148.842 61.7738 0.704029
      vertex 138.68 35.8329 0.703995
      vertex 139.935 35.7341 0.703991
    endloop
  endfacet
  facet normal -3.23766e-07 -1.34856e-06 1
    outer loop
      vertex 148.842 61.7738 0.704029
      vertex 139.935 35.7341 0.703991
      vertex 141.16 35.44 0.703991
    endloop
  endfacet
  facet normal 2.53292e-06 -2.18191e-06 1
    outer loop
      vertex 141.16 35.44 0.703991
      vertex 142.324 34.958 0.703987
      vertex 148.842 61.7738 0.704029
    endloop
  endfacet
  facet normal -8.35202e-07 -1.36323e-06 1
    outer loop
      vertex 148.842 61.7738 0.704029
      vertex 142.324 34.958 0.703987
      vertex 143.398 34.3 0.703987
    endloop
  endfacet
  facet normal 2.45691e-06 -2.01557e-06 1
    outer loop
      vertex 148.842 61.7738 0.704029
      vertex 143.398 34.3 0.703987
      vertex 144.355 33.482 0.703983
    endloop
  endfacet
  facet normal -1.60548e-06 -1.37129e-06 1
    outer loop
      vertex 144.355 33.482 0.703983
      vertex 145.173 32.5243 0.703983
      vertex 148.842 61.7738 0.704029
    endloop
  endfacet
  facet normal 2.91545e-06 -1.93839e-06 1
    outer loop
      vertex 148.842 61.7738 0.704029
      vertex 145.173 32.5243 0.703983
      vertex 145.831 31.4504 0.703979
    endloop
  endfacet
  facet normal 1.80967e-06 -1.82858e-06 1
    outer loop
      vertex 148.842 61.7738 0.704029
      vertex 145.831 31.4504 0.703979
      vertex 146.313 30.2868 0.703976
    endloop
  endfacet
  facet normal -5.25391e-06 -1.26125e-06 1
    outer loop
      vertex 146.313 30.2868 0.703976
      vertex 146.607 29.0621 0.703976
      vertex 148.842 61.7738 0.704029
    endloop
  endfacet
  facet normal 1.74282e-06 -1.73929e-06 1
    outer loop
      vertex 148.842 61.7738 0.704029
      vertex 146.607 29.0621 0.703976
      vertex 148.842 13.4783 0.703945
    endloop
  endfacet
  facet normal -1.85296e-05 -4.64673e-06 1
    outer loop
      vertex 148.842 13.4783 0.703945
      vertex 146.607 29.0621 0.703976
      vertex 146.706 27.8065 0.703972
    endloop
  endfacet
  facet normal 9.33866e-07 -1.74518e-06 1
    outer loop
      vertex 148.842 13.4783 0.703945
      vertex 146.706 27.8065 0.703972
      vertex 146.706 12.3353 0.703945
    endloop
  endfacet
  facet normal 1.43881e-06 -2.6888e-06 1
    outer loop
      vertex 148.842 13.4783 0.703945
      vertex 146.706 12.3353 0.703945
      vertex 148.741 11.9366 0.703941
    endloop
  endfacet
  facet normal 1.9357e-06 -1.52624e-07 1
    outer loop
      vertex 148.741 11.9366 0.703941
      vertex 146.706 12.3353 0.703945
      vertex 146.607 11.0797 0.703945
    endloop
  endfacet
  facet normal 2.03689e-06 -4.04637e-07 1
    outer loop
      vertex 148.741 11.9366 0.703941
      vertex 146.607 11.0797 0.703945
      vertex 148.44 10.4214 0.703941
    endloop
  endfacet
  facet normal 9.29119e-07 -3.48918e-06 1
    outer loop
      vertex 148.44 10.4214 0.703941
      vertex 146.607 11.0797 0.703945
      vertex 146.313 9.85501 0.703941
    endloop
  endfacet
  facet normal 6.00358e-07 -2.25456e-06 1
    outer loop
      vertex 148.44 10.4214 0.703941
      vertex 146.313 9.85501 0.703941
      vertex 147.943 8.95842 0.703938
    endloop
  endfacet
  facet normal 1.49896e-06 -6.2091e-07 1
    outer loop
      vertex 147.943 8.95842 0.703938
      vertex 146.313 9.85501 0.703941
      vertex 145.831 8.6914 0.703941
    endloop
  endfacet
  facet normal 1.51486e-06 -7.46705e-07 1
    outer loop
      vertex 147.943 8.95842 0.703938
      vertex 145.831 8.6914 0.703941
      vertex 147.26 7.5728 0.703938
    endloop
  endfacet
  facet normal -5.90718e-08 -2.75739e-06 1
    outer loop
      vertex 147.26 7.5728 0.703938
      vertex 145.831 8.6914 0.703941
      vertex 145.173 7.61751 0.703938
    endloop
  endfacet
  facet normal -6.57669e-08 -3.06991e-06 1
    outer loop
      vertex 147.26 7.5728 0.703938
      vertex 145.173 7.61751 0.703938
      vertex 146.402 6.28821 0.703934
    endloop
  endfacet
  facet normal 1.69178e-06 -1.44497e-06 1
    outer loop
      vertex 146.402 6.28821 0.703934
      vertex 145.173 7.61751 0.703938
      vertex 144.355 6.65979 0.703938
    endloop
  endfacet
  facet normal 1.68565e-06 -1.47877e-06 1
    outer loop
      vertex 146.402 6.28821 0.703934
      vertex 144.355 6.65979 0.703938
      vertex 145.383 5.12665 0.703934
    endloop
  endfacet
  facet normal 1.41757e-06 -1.65852e-06 1
    outer loop
      vertex 145.383 5.12665 0.703934
      vertex 144.355 6.65979 0.703938
      vertex 143.398 5.84182 0.703938
    endloop
  endfacet
  facet normal 1.26897e-06 -2.07096e-06 1
    outer loop
      vertex 145.383 5.12665 0.703934
      vertex 143.398 5.84182 0.703938
      vertex 142.324 5.18373 0.703938
    endloop
  endfacet
  facet normal 1.28036e-06 -1.46053e-06 1
    outer loop
      vertex 145.383 5.12665 0.703934
      vertex 142.324 5.18373 0.703938
      vertex 144.221 4.10799 0.703934
    endloop
  endfacet
  facet normal 8.89898e-07 -2.14909e-06 1
    outer loop
      vertex 144.221 4.10799 0.703934
      vertex 142.324 5.18373 0.703938
      vertex 141.16 4.70174 0.703938
    endloop
  endfacet
  facet normal 1.01286e-06 -1.51517e-06 1
    outer loop
      vertex 144.221 4.10799 0.703934
      vertex 141.16 4.70174 0.703938
      vertex 142.937 3.24966 0.703934
    endloop
  endfacet
  facet normal 5.11057e-07 -2.12926e-06 1
    outer loop
      vertex 142.937 3.24966 0.703934
      vertex 141.16 4.70174 0.703938
      vertex 139.935 4.40772 0.703938
    endloop
  endfacet
  facet normal 7.47529e-07 -1.51626e-06 1
    outer loop
      vertex 142.937 3.24966 0.703934
      vertex 139.935 4.40772 0.703938
      vertex 141.551 2.56635 0.703934
    endloop
  endfacet
  facet normal 1.59978e-07 -2.0319e-06 1
    outer loop
      vertex 141.551 2.56635 0.703934
      vertex 139.935 4.40772 0.703938
      vertex 138.68 4.30891 0.703938
    endloop
  endfacet
  facet normal 4.99717e-07 -1.47215e-06 1
    outer loop
      vertex 141.551 2.56635 0.703934
      vertex 138.68 4.30891 0.703938
      vertex 140.088 2.06974 0.703934
    endloop
  endfacet
  facet normal 3.15883e-07 -1.58775e-06 1
    outer loop
      vertex 140.088 2.06974 0.703934
      vertex 138.68 4.30891 0.703938
      vertex 138.573 1.76833 0.703934
    endloop
  endfacet
  facet normal 1.03451e-07 -1.5788e-06 1
    outer loop
      vertex 138.573 1.76833 0.703934
      vertex 138.68 4.30891 0.703938
      vertex 137.031 1.66729 0.703934
    endloop
  endfacet
  facet normal 9.20132e-07 -2.0886e-06 1
    outer loop
      vertex 137.031 1.66729 0.703934
      vertex 138.68 4.30891 0.703938
      vertex 122.378 4.30891 0.703953
    endloop
  endfacet
  facet normal -1.00395e-06 -1.27614e-05 1
    outer loop
      vertex 137.031 1.66729 0.703934
      vertex 122.378 4.30891 0.703953
      vertex 121.122 4.40772 0.703953
    endloop
  endfacet
  facet normal 8.32795e-07 -2.0986e-06 1
    outer loop
      vertex 137.031 1.66729 0.703934
      vertex 121.122 4.40772 0.703953
      vertex 13.3511 1.66729 0.704037
    endloop
  endfacet
  facet normal 7.04765e-07 2.93632e-06 1
    outer loop
      vertex 13.3511 1.66729 0.704037
      vertex 121.122 4.40772 0.703953
      vertex 119.897 4.70174 0.703953
    endloop
  endfacet
  facet normal 9.58855e-07 -5.98529e-06 1
    outer loop
      vertex 13.3511 1.66729 0.704037
      vertex 119.897 4.70174 0.703953
      vertex 118.734 5.18373 0.703957
    endloop
  endfacet
  facet normal 7.19931e-07 1.17492e-06 1
    outer loop
      vertex 118.734 5.18373 0.703957
      vertex 117.66 5.84182 0.703957
      vertex 13.3511 1.66729 0.704037
    endloop
  endfacet
  facet normal 8.72823e-07 -2.64537e-06 1
    outer loop
      vertex 13.3511 1.66729 0.704037
      vertex 117.66 5.84182 0.703957
      vertex 116.702 6.65979 0.70396
    endloop
  endfacet
  facet normal 9.09274e-07 -3.39996e-06 1
    outer loop
      vertex 13.3511 1.66729 0.704037
      vertex 116.702 6.65979 0.70396
      vertex 115.884 7.61751 0.703964
    endloop
  endfacet
  facet normal 6.8752e-07 4.21261e-07 1
    outer loop
      vertex 115.884 7.61751 0.703964
      vertex 115.226 8.6914 0.703964
      vertex 13.3511 1.66729 0.704037
    endloop
  endfacet
  facet normal 9.27102e-07 -3.05355e-06 1
    outer loop
      vertex 13.3511 1.66729 0.704037
      vertex 115.226 8.6914 0.703964
      vertex 114.744 9.85501 0.703968
    endloop
  endfacet
  facet normal 9.26312e-07 -3.04376e-06 1
    outer loop
      vertex 13.3511 1.66729 0.704037
      vertex 114.744 9.85501 0.703968
      vertex 114.45 11.0797 0.703972
    endloop
  endfacet
  facet normal 6.3825e-07 5.03239e-08 1
    outer loop
      vertex 114.45 11.0797 0.703972
      vertex 114.351 12.3353 0.703972
      vertex 13.3511 1.66729 0.704037
    endloop
  endfacet
  facet normal 8.27898e-07 -1.74518e-06 1
    outer loop
      vertex 13.3511 1.66729 0.704037
      vertex 114.351 12.3353 0.703972
      vertex 114.351 27.8065 0.703999
    endloop
  endfacet
  facet normal 8.21098e-07 -1.7189e-06 1
    outer loop
      vertex 13.3511 1.66729 0.704037
      vertex 114.351 27.8065 0.703999
      vertex 1.54007 13.4783 0.704067
    endloop
  endfacet
  facet normal 9.15412e-07 -2.46147e-06 1
    outer loop
      vertex 1.54007 13.4783 0.704067
      vertex 114.351 27.8065 0.703999
      vertex 114.45 29.0621 0.704002
    endloop
  endfacet
  facet normal 5.95408e-07 -1.42933e-07 1
    outer loop
      vertex 1.54007 13.4783 0.704067
      vertex 114.45 29.0621 0.704002
      vertex 114.744 30.2868 0.704002
    endloop
  endfacet
  facet normal 1.15568e-06 -3.91633e-06 1
    outer loop
      vertex 114.744 30.2868 0.704002
      vertex 115.226 31.4504 0.704006
      vertex 1.54007 13.4783 0.704067
    endloop
  endfacet
  facet normal 8.24616e-07 -1.82212e-06 1
    outer loop
      vertex 1.54007 13.4783 0.704067
      vertex 115.226 31.4504 0.704006
      vertex 1.54007 61.7738 0.704155
    endloop
  endfacet
  facet normal 1.12652e-06 -6.90242e-07 1
    outer loop
      vertex 1.54007 61.7738 0.704155
      vertex 115.226 31.4504 0.704006
      vertex 115.884 32.5243 0.704006
    endloop
  endfacet
  facet normal 1.06943e-06 -9.1343e-07 1
    outer loop
      vertex 1.54007 61.7738 0.704155
      vertex 115.884 32.5243 0.704006
      vertex 116.702 33.482 0.704006
    endloop
  endfacet
  facet normal 7.18415e-08 -4.97411e-06 1
    outer loop
      vertex 116.702 33.482 0.704006
      vertex 117.66 34.3 0.70401
      vertex 1.54007 61.7738 0.704155
    endloop
  endfacet
  facet normal 8.31601e-07 -1.76294e-06 1
    outer loop
      vertex 1.54007 61.7738 0.704155
      vertex 117.66 34.3 0.70401
      vertex 13.3511 73.5848 0.704166
    endloop
  endfacet
  facet normal -9.96651e-07 6.53186e-08 1
    outer loop
      vertex 1.54007 61.7738 0.704155
      vertex 13.3511 73.5848 0.704166
      vertex 1.64111 63.3155 0.704155
    endloop
  endfacet
  facet normal 1.66647e-06 -2.97142e-06 1
    outer loop
      vertex 1.64111 63.3155 0.704155
      vertex 13.3511 73.5848 0.704166
      vertex 1.94252 64.8307 0.704159
    endloop
  endfacet
  facet normal 2.00718e-06 -3.41544e-06 1
    outer loop
      vertex 1.94252 64.8307 0.704159
      vertex 13.3511 73.5848 0.704166
      vertex 2.43913 66.2937 0.704163
    endloop
  endfacet
  facet normal -4.1004e-07 2.02212e-07 1
    outer loop
      vertex 2.43913 66.2937 0.704163
      vertex 13.3511 73.5848 0.704166
      vertex 3.12244 67.6793 0.704163
    endloop
  endfacet
  facet normal -4.77495e-07 3.19047e-07 1
    outer loop
      vertex 3.12244 67.6793 0.704163
      vertex 13.3511 73.5848 0.704166
      vertex 3.98077 68.9639 0.704163
    endloop
  endfacet
  facet normal 1.67998e-06 -4.05591e-06 1
    outer loop
      vertex 3.98077 68.9639 0.704163
      vertex 13.3511 73.5848 0.704166
      vertex 4.99944 70.1255 0.704166
    endloop
  endfacet
  facet normal 0 0 1
    outer loop
      vertex 4.99944 70.1255 0.704166
      vertex 13.3511 73.5848 0.704166
      vertex 6.161 71.1441 0.704166
    endloop
  endfacet
  facet normal 0 0 1
    outer loop
      vertex 6.161 71.1441 0.704166
      vertex 13.3511 73.5848 0.704166
      vertex 7.44557 72.0025 0.704166
    endloop
  endfacet
  facet normal 0 0 1
    outer loop
      vertex 7.44557 72.0025 0.704166
      vertex 13.3511 73.5848 0.704166
      vertex 8.83119 72.6858 0.704166
    endloop
  endfacet
  facet normal 0 0 1
    outer loop
      vertex 8.83119 72.6858 0.704166
      vertex 13.3511 73.5848 0.704166
      vertex 10.2942 73.1824 0.704166
    endloop
  endfacet
  facet normal 0 0 1
    outer loop
      vertex 10.2942 73.1824 0.704166
      vertex 13.3511 73.5848 0.704166
      vertex 11.8094 73.4838 0.704166
    endloop
  endfacet
  facet normal 9.26199e-07 -1.51176e-06 1
    outer loop
      vertex 117.66 34.3 0.70401
      vertex 118.734 34.958 0.70401
      vertex 13.3511 73.5848 0.704166
    endloop
  endfacet
  facet normal 8.57051e-07 -1.70041e-06 1
    outer loop
      vertex 13.3511 73.5848 0.704166
      vertex 118.734 34.958 0.70401
      vertex 137.031 73.5848 0.70406
    endloop
  endfacet
  facet normal 6.67519e-07 -1.61063e-06 1
    outer loop
      vertex 137.031 73.5848 0.70406
      vertex 118.734 34.958 0.70401
      vertex 119.897 35.44 0.70401
    endloop
  endfacet
  facet normal 4.01274e-06 -3.11325e-06 1
    outer loop
      vertex 137.031 73.5848 0.70406
      vertex 119.897 35.44 0.70401
      vertex 121.122 35.7341 0.704006
    endloop
  endfacet
  facet normal 8.43488e-07 -1.78118e-06 1
    outer loop
      vertex 137.031 73.5848 0.70406
      vertex 121.122 35.7341 0.704006
      vertex 148.842 61.7738 0.704029
    endloop
  endfacet
  facet normal 7.58298e-08 -9.6399e-07 1
    outer loop
      vertex 148.842 61.7738 0.704029
      vertex 121.122 35.7341 0.704006
      vertex 122.378 35.8329 0.704006
    endloop
  endfacet
  facet normal 2.71814e-06 1.78142e-07 1
    outer loop
      vertex 1.54007 13.4783 0.704067
      vertex 1.64111 11.9366 0.704067
      vertex 13.3511 1.66729 0.704037
    endloop
  endfacet
  facet normal 2.98938e-07 -2.58045e-06 1
    outer loop
      vertex 13.3511 1.66729 0.704037
      vertex 1.64111 11.9366 0.704067
      vertex 1.94252 10.4214 0.704063
    endloop
  endfacet
  facet normal 9.53983e-07 -1.72678e-06 1
    outer loop
      vertex 13.3511 1.66729 0.704037
      vertex 1.94252 10.4214 0.704063
      vertex 2.43913 8.95842 0.70406
    endloop
  endfacet
  facet normal 2.66801e-07 -2.75522e-06 1
    outer loop
      vertex 2.43913 8.95842 0.70406
      vertex 3.12245 7.5728 0.704056
      vertex 13.3511 1.66729 0.704037
    endloop
  endfacet
  facet normal 3.02414e-06 2.02063e-06 1
    outer loop
      vertex 13.3511 1.66729 0.704037
      vertex 3.12245 7.5728 0.704056
      vertex 3.98077 6.28821 0.704056
    endloop
  endfacet
  facet normal 5.80533e-07 -2.93453e-06 1
    outer loop
      vertex 13.3511 1.66729 0.704037
      vertex 3.98077 6.28821 0.704056
      vertex 4.99944 5.12665 0.704052
    endloop
  endfacet
  facet normal 3.21314e-07 -3.56034e-06 1
    outer loop
      vertex 4.99944 5.12665 0.704052
      vertex 6.161 4.10799 0.704048
      vertex 13.3511 1.66729 0.704037
    endloop
  endfacet
  facet normal -1.05779e-07 -4.81852e-06 1
    outer loop
      vertex 13.3511 1.66729 0.704037
      vertex 6.161 4.10799 0.704048
      vertex 7.44557 3.24966 0.704044
    endloop
  endfacet
  facet normal 2.59568e-06 5.26353e-06 1
    outer loop
      vertex 13.3511 1.66729 0.704037
      vertex 7.44557 3.24966 0.704044
      vertex 8.83119 2.56635 0.704044
    endloop
  endfacet
  facet normal 8.38363e-07 -3.57114e-06 1
    outer loop
      vertex 8.83119 2.56635 0.704044
      vertex 10.2942 2.06974 0.704041
      vertex 13.3511 1.66729 0.704037
    endloop
  endfacet
  facet normal 3.86934e-06 1.94513e-05 1
    outer loop
      vertex 13.3511 1.66729 0.704037
      vertex 10.2942 2.06974 0.704041
      vertex 11.8094 1.76833 0.704041
    endloop
  endfacet
  facet normal 3.2066e-08 -2.59261e-06 1
    outer loop
      vertex 148.842 61.7738 0.704029
      vertex 148.741 63.3154 0.704033
      vertex 137.031 73.5848 0.70406
    endloop
  endfacet
  facet normal -1.12263e-08 -2.64197e-06 1
    outer loop
      vertex 137.031 73.5848 0.70406
      vertex 148.741 63.3154 0.704033
      vertex 148.44 64.8307 0.704037
    endloop
  endfacet
  facet normal -1.11002e-07 -2.77201e-06 1
    outer loop
      vertex 137.031 73.5848 0.70406
      vertex 148.44 64.8307 0.704037
      vertex 147.943 66.2936 0.704041
    endloop
  endfacet
  facet normal 2.59626e-06 1.27967e-06 1
    outer loop
      vertex 147.943 66.2936 0.704041
      vertex 147.26 67.6793 0.704041
      vertex 137.031 73.5848 0.70406
    endloop
  endfacet
  facet normal 8.28774e-07 -1.78181e-06 1
    outer loop
      vertex 137.031 73.5848 0.70406
      vertex 147.26 67.6793 0.704041
      vertex 146.402 68.9639 0.704044
    endloop
  endfacet
  facet normal 1.62572e-08 -3.42956e-06 1
    outer loop
      vertex 137.031 73.5848 0.70406
      vertex 146.402 68.9639 0.704044
      vertex 145.383 70.1254 0.704048
    endloop
  endfacet
  facet normal -3.59419e-07 -4.33655e-06 1
    outer loop
      vertex 145.383 70.1254 0.704048
      vertex 144.221 71.1441 0.704052
      vertex 137.031 73.5848 0.70406
    endloop
  endfacet
  facet normal 2.26068e-06 3.38193e-06 1
    outer loop
      vertex 137.031 73.5848 0.70406
      vertex 144.221 71.1441 0.704052
      vertex 142.937 72.0024 0.704052
    endloop
  endfacet
  facet normal -4.68529e-07 -6.8043e-06 1
    outer loop
      vertex 137.031 73.5848 0.70406
      vertex 142.937 72.0024 0.704052
      vertex 141.551 72.6857 0.704056
    endloop
  endfacet
  facet normal -1.73258e-06 -1.3159e-05 1
    outer loop
      vertex 141.551 72.6857 0.704056
      vertex 140.088 73.1823 0.70406
      vertex 137.031 73.5848 0.70406
    endloop
  endfacet
  facet normal 0 0 1
    outer loop
      vertex 137.031 73.5848 0.70406
      vertex 140.088 73.1823 0.70406
      vertex 138.573 73.4837 0.70406
    endloop
  endfacet
  facet normal -0.707109 -2.04429e-07 -0.707105
    outer loop
      vertex 0.508011 11.684 0
      vertex 1.52588e-05 11.684 0.507999
      vertex 0.507996 63.5682 0
    endloop
  endfacet
  facet normal -0.707109 -2.07956e-07 -0.707105
    outer loop
      vertex 0.507996 63.5682 0
      vertex 1.52588e-05 11.684 0.507999
      vertex 0 63.5682 0.507999
    endloop
  endfacet
  facet normal -0.0346312 -0.696308 -0.716907
    outer loop
      vertex 9.9014 1.32076 0
      vertex 10.922 1.27 0
      vertex 10.06 1.05136 0.253998
    endloop
  endfacet
  facet normal -0.0289893 -0.706815 -0.706804
    outer loop
      vertex 10.06 1.05136 0.253998
      vertex 10.922 1.27 0
      vertex 10.922 0.762009 0.507999
    endloop
  endfacet
  facet normal -0.0356655 -0.717189 -0.695965
    outer loop
      vertex 10.06 1.05136 0.253998
      vertex 10.922 0.762009 0.507999
      vertex 9.85161 0.815239 0.507999
    endloop
  endfacet
  facet normal -0.0852206 -0.693921 -0.714991
    outer loop
      vertex 10.06 1.05136 0.253998
      vertex 9.85161 0.815239 0.507999
      vertex 9.20372 1.15652 0.253998
    endloop
  endfacet
  facet normal -0.106765 -0.716077 -0.689807
    outer loop
      vertex 9.20372 1.15652 0.253998
      vertex 9.85161 0.815239 0.507999
      vertex 8.79156 0.973289 0.507999
    endloop
  endfacet
  facet normal -0.154037 -0.665684 -0.730163
    outer loop
      vertex 9.20372 1.15652 0.253998
      vertex 8.79156 0.973289 0.507999
      vertex 7.84424 1.4711 0.253998
    endloop
  endfacet
  facet normal -0.172226 -0.68763 -0.705339
    outer loop
      vertex 7.84424 1.4711 0.253998
      vertex 8.79156 0.973289 0.507999
      vertex 7.75188 1.23369 0.507999
    endloop
  endfacet
  facet normal -0.237404 -0.665116 -0.707997
    outer loop
      vertex 7.84424 1.4711 0.253998
      vertex 7.75188 1.23369 0.507999
      vertex 6.74251 1.59397 0.507999
    endloop
  endfacet
  facet normal -0.239552 -0.641559 -0.728709
    outer loop
      vertex 7.84424 1.4711 0.253998
      vertex 6.74251 1.59397 0.507999
      vertex 6.53708 1.95918 0.253998
    endloop
  endfacet
  facet normal -0.308892 -0.654018 -0.690541
    outer loop
      vertex 6.53708 1.95918 0.253998
      vertex 6.74251 1.59397 0.507999
      vertex 5.77342 2.05167 0.507999
    endloop
  endfacet
  facet normal -0.317416 -0.596651 -0.737058
    outer loop
      vertex 6.53708 1.95918 0.253998
      vertex 5.77342 2.05167 0.507999
      vertex 5.30519 2.61454 0.253998
    endloop
  endfacet
  facet normal -0.372354 -0.620993 -0.689725
    outer loop
      vertex 5.30519 2.61454 0.253998
      vertex 5.77342 2.05167 0.507999
      vertex 4.85419 2.60285 0.507999
    endloop
  endfacet
  facet normal -0.396904 -0.555962 -0.730324
    outer loop
      vertex 5.30519 2.61454 0.253998
      vertex 4.85419 2.60285 0.507999
      vertex 4.16948 3.42533 0.253998
    endloop
  endfacet
  facet normal -0.422246 -0.569352 -0.70537
    outer loop
      vertex 4.16948 3.42533 0.253998
      vertex 4.85419 2.60285 0.507999
      vertex 3.99327 3.24133 0.507999
    endloop
  endfacet
  facet normal -0.473681 -0.523761 -0.708026
    outer loop
      vertex 4.16948 3.42533 0.253998
      vertex 3.99327 3.24133 0.507999
      vertex 3.3786 4.14059 0.253998
    endloop
  endfacet
  facet normal -0.475058 -0.524323 -0.706686
    outer loop
      vertex 3.3786 4.14059 0.253998
      vertex 3.99327 3.24133 0.507999
      vertex 3.19899 3.96098 0.507999
    endloop
  endfacet
  facet normal -0.524326 -0.475055 -0.706686
    outer loop
      vertex 3.3786 4.14059 0.253998
      vertex 3.19899 3.96098 0.507999
      vertex 2.47934 4.75527 0.507999
    endloop
  endfacet
  facet normal -0.577946 -0.428631 -0.694444
    outer loop
      vertex 1.84085 5.61618 0.507999
      vertex 2.17717 5.57422 0.253998
      vertex 2.47934 4.75527 0.507999
    endloop
  endfacet
  facet normal -0.565029 -0.427374 -0.705757
    outer loop
      vertex 2.47934 4.75527 0.507999
      vertex 2.17717 5.57422 0.253998
      vertex 2.66333 4.93147 0.253998
    endloop
  endfacet
  facet normal -0.523772 -0.473698 -0.708007
    outer loop
      vertex 2.47934 4.75527 0.507999
      vertex 2.66333 4.93147 0.253998
      vertex 3.3786 4.14059 0.253998
    endloop
  endfacet
  facet normal -0.52573 -0.475469 -0.705364
    outer loop
      vertex 3.3786 4.14059 0.253998
      vertex 2.66333 4.93147 0.253998
      vertex 2.87201 5.07754 0
    endloop
  endfacet
  facet normal -0.524325 -0.475066 -0.70668
    outer loop
      vertex 3.3786 4.14059 0.253998
      vertex 2.87201 5.07754 0
      vertex 3.5582 4.3202 0
    endloop
  endfacet
  facet normal -0.58746 -0.378391 -0.71534
    outer loop
      vertex 2.17717 5.57422 0.253998
      vertex 1.84085 5.61618 0.507999
      vertex 1.74077 6.25174 0.253998
    endloop
  endfacet
  facet normal -0.622152 -0.373049 -0.688304
    outer loop
      vertex 1.74077 6.25174 0.253998
      vertex 1.84085 5.61618 0.507999
      vertex 1.28967 6.53541 0.507999
    endloop
  endfacet
  facet normal -0.612625 -0.331948 -0.717287
    outer loop
      vertex 1.74077 6.25174 0.253998
      vertex 1.28967 6.53541 0.507999
      vertex 1.35684 6.9603 0.253998
    endloop
  endfacet
  facet normal -0.654062 -0.30928 -0.690325
    outer loop
      vertex 1.35684 6.9603 0.253998
      vertex 1.28967 6.53541 0.507999
      vertex 0.831482 7.50438 0.507999
    endloop
  endfacet
  facet normal -0.641301 -0.287038 -0.711577
    outer loop
      vertex 1.35684 6.9603 0.253998
      vertex 0.831482 7.50438 0.507999
      vertex 1.0276 7.69589 0.253998
    endloop
  endfacet
  facet normal -0.671432 -0.241595 -0.700579
    outer loop
      vertex 1.0276 7.69589 0.253998
      vertex 0.831482 7.50438 0.507999
      vertex 0.754745 8.4542 0.253998
    endloop
  endfacet
  facet normal -0.660061 -0.237503 -0.71268
    outer loop
      vertex 1.0276 7.69589 0.253998
      vertex 0.754745 8.4542 0.253998
      vertex 1.30081 7.69877 0
    endloop
  endfacet
  facet normal -0.658454 -0.235634 -0.714784
    outer loop
      vertex 1.30081 7.69877 0
      vertex 0.754745 8.4542 0.253998
      vertex 0.956467 8.661 0
    endloop
  endfacet
  facet normal -0.687498 -0.190178 -0.700841
    outer loop
      vertex 0.956467 8.661 0
      vertex 0.754745 8.4542 0.253998
      vertex 0.539886 9.23092 0.253998
    endloop
  endfacet
  facet normal -0.670411 -0.16793 -0.722737
    outer loop
      vertex 0.956467 8.661 0
      vertex 0.539886 9.23092 0.253998
      vertex 0.708145 9.65235 0
    endloop
  endfacet
  facet normal -0.704269 -0.138477 -0.696297
    outer loop
      vertex 0.708145 9.65235 0
      vertex 0.539886 9.23092 0.253998
      vertex 0.384399 10.0217 0.253998
    endloop
  endfacet
  facet normal -0.683039 -0.10128 -0.723326
    outer loop
      vertex 0.708145 9.65235 0
      vertex 0.384399 10.0217 0.253998
      vertex 0.558243 10.6633 0
    endloop
  endfacet
  facet normal -0.709636 -0.0846278 -0.699467
    outer loop
      vertex 0.558243 10.6633 0
      vertex 0.384399 10.0217 0.253998
      vertex 0.288971 10.8219 0.253998
    endloop
  endfacet
  facet normal -0.696379 -0.0342711 -0.716856
    outer loop
      vertex 0.558243 10.6633 0
      vertex 0.288971 10.8219 0.253998
      vertex 0.508011 11.684 0
    endloop
  endfacet
  facet normal -0.706819 -0.02866 -0.706814
    outer loop
      vertex 0.508011 11.684 0
      vertex 0.288971 10.8219 0.253998
      vertex 1.52588e-05 11.684 0.507999
    endloop
  endfacet
  facet normal -0.717125 -0.0352857 -0.696051
    outer loop
      vertex 1.52588e-05 11.684 0.507999
      vertex 0.288971 10.8219 0.253998
      vertex 0.0526886 10.6135 0.507999
    endloop
  endfacet
  facet normal -0.694849 -0.0828644 -0.714366
    outer loop
      vertex 0.0526886 10.6135 0.507999
      vertex 0.288971 10.8219 0.253998
      vertex 0.384399 10.0217 0.253998
    endloop
  endfacet
  facet normal -0.71714 -0.106345 -0.688768
    outer loop
      vertex 0.0526886 10.6135 0.507999
      vertex 0.384399 10.0217 0.253998
      vertex 0.209915 9.55324 0.507999
    endloop
  endfacet
  facet normal -0.683541 -0.134401 -0.717432
    outer loop
      vertex 0.209915 9.55324 0.507999
      vertex 0.384399 10.0217 0.253998
      vertex 0.539886 9.23092 0.253998
    endloop
  endfacet
  facet normal -0.702633 -0.176004 -0.689441
    outer loop
      vertex 0.209915 9.55324 0.507999
      vertex 0.539886 9.23092 0.253998
      vertex 0.470352 8.51354 0.507999
    endloop
  endfacet
  facet normal -0.675798 -0.186942 -0.712986
    outer loop
      vertex 0.470352 8.51354 0.507999
      vertex 0.539886 9.23092 0.253998
      vertex 0.754745 8.4542 0.253998
    endloop
  endfacet
  facet normal -0.673976 -0.241184 -0.698274
    outer loop
      vertex 0.470352 8.51354 0.507999
      vertex 0.754745 8.4542 0.253998
      vertex 0.831482 7.50438 0.507999
    endloop
  endfacet
  facet normal -0.649806 -0.290844 -0.702254
    outer loop
      vertex 1.0276 7.69589 0.253998
      vertex 1.30081 7.69877 0
      vertex 1.35684 6.9603 0.253998
    endloop
  endfacet
  facet normal -0.625509 -0.295784 -0.721977
    outer loop
      vertex 1.35684 6.9603 0.253998
      vertex 1.30081 7.69877 0
      vertex 1.73769 6.77488 0
    endloop
  endfacet
  facet normal -0.630927 -0.341865 -0.696462
    outer loop
      vertex 1.35684 6.9603 0.253998
      vertex 1.73769 6.77488 0
      vertex 1.74077 6.25174 0.253998
    endloop
  endfacet
  facet normal -0.591843 -0.354875 -0.723731
    outer loop
      vertex 1.74077 6.25174 0.253998
      vertex 1.73769 6.77488 0
      vertex 2.26323 5.89841 0
    endloop
  endfacet
  facet normal -0.60164 -0.387525 -0.698465
    outer loop
      vertex 1.74077 6.25174 0.253998
      vertex 2.26323 5.89841 0
      vertex 2.17717 5.57422 0.253998
    endloop
  endfacet
  facet normal -0.55882 -0.414436 -0.718306
    outer loop
      vertex 2.17717 5.57422 0.253998
      vertex 2.26323 5.89841 0
      vertex 2.87201 5.07754 0
    endloop
  endfacet
  facet normal -0.563343 -0.426098 -0.707874
    outer loop
      vertex 2.17717 5.57422 0.253998
      vertex 2.87201 5.07754 0
      vertex 2.66333 4.93147 0.253998
    endloop
  endfacet
  facet normal -0.475065 -0.524324 -0.706681
    outer loop
      vertex 3.5582 4.3202 0
      vertex 4.31554 3.63401 0
      vertex 3.3786 4.14059 0.253998
    endloop
  endfacet
  facet normal -0.475471 -0.52574 -0.705355
    outer loop
      vertex 3.3786 4.14059 0.253998
      vertex 4.31554 3.63401 0
      vertex 4.16948 3.42533 0.253998
    endloop
  endfacet
  facet normal -0.420698 -0.567263 -0.707973
    outer loop
      vertex 4.31554 3.63401 0
      vertex 5.13641 3.02523 0
      vertex 4.16948 3.42533 0.253998
    endloop
  endfacet
  facet normal -0.425502 -0.596019 -0.680962
    outer loop
      vertex 4.16948 3.42533 0.253998
      vertex 5.13641 3.02523 0
      vertex 5.30519 2.61454 0.253998
    endloop
  endfacet
  facet normal -0.355548 -0.592954 -0.72249
    outer loop
      vertex 5.13641 3.02523 0
      vertex 6.01288 2.49968 0
      vertex 5.30519 2.61454 0.253998
    endloop
  endfacet
  facet normal -0.347479 -0.653162 -0.672783
    outer loop
      vertex 5.30519 2.61454 0.253998
      vertex 6.01288 2.49968 0
      vertex 6.53708 1.95918 0.253998
    endloop
  endfacet
  facet normal -0.295577 -0.625846 -0.72177
    outer loop
      vertex 6.01288 2.49968 0
      vertex 6.9369 2.06328 0
      vertex 6.53708 1.95918 0.253998
    endloop
  endfacet
  facet normal -0.255565 -0.684446 -0.682804
    outer loop
      vertex 6.53708 1.95918 0.253998
      vertex 6.9369 2.06328 0
      vertex 7.84424 1.4711 0.253998
    endloop
  endfacet
  facet normal -0.238308 -0.667654 -0.7053
    outer loop
      vertex 6.9369 2.06328 0
      vertex 7.89932 1.71976 0
      vertex 7.84424 1.4711 0.253998
    endloop
  endfacet
  facet normal -0.171594 -0.685119 -0.707931
    outer loop
      vertex 7.84424 1.4711 0.253998
      vertex 7.89932 1.71976 0
      vertex 8.89066 1.47147 0
    endloop
  endfacet
  facet normal -0.165068 -0.713354 -0.681086
    outer loop
      vertex 7.84424 1.4711 0.253998
      vertex 8.89066 1.47147 0
      vertex 9.20372 1.15652 0.253998
    endloop
  endfacet
  facet normal -0.101982 -0.683942 -0.722373
    outer loop
      vertex 9.20372 1.15652 0.253998
      vertex 8.89066 1.47147 0
      vertex 9.9014 1.32076 0
    endloop
  endfacet
  facet normal -0.087206 -0.710087 -0.698693
    outer loop
      vertex 9.20372 1.15652 0.253998
      vertex 9.9014 1.32076 0
      vertex 10.06 1.05136 0.253998
    endloop
  endfacet
  facet normal -0.696296 0.0346347 -0.716919
    outer loop
      vertex 0.558762 64.5888 0
      vertex 0.507996 63.5682 0
      vertex 0.289352 64.4302 0.253998
    endloop
  endfacet
  facet normal -0.706812 0.0289879 -0.706808
    outer loop
      vertex 0.289352 64.4302 0.253998
      vertex 0.507996 63.5682 0
      vertex 0 63.5682 0.507999
    endloop
  endfacet
  facet normal -0.717196 0.0356708 -0.695958
    outer loop
      vertex 0.289352 64.4302 0.253998
      vertex 0 63.5682 0.507999
      vertex 0.0532379 64.6386 0.507999
    endloop
  endfacet
  facet normal -0.693928 0.0852227 -0.714984
    outer loop
      vertex 0.289352 64.4302 0.253998
      vertex 0.0532379 64.6386 0.507999
      vertex 0.394516 65.2865 0.253998
    endloop
  endfacet
  facet normal -0.716078 0.10676 -0.689808
    outer loop
      vertex 0.394516 65.2865 0.253998
      vertex 0.0532379 64.6386 0.507999
      vertex 0.211288 65.6987 0.507999
    endloop
  endfacet
  facet normal -0.66568 0.154032 -0.730167
    outer loop
      vertex 0.394516 65.2865 0.253998
      vertex 0.211288 65.6987 0.507999
      vertex 0.709091 66.646 0.253998
    endloop
  endfacet
  facet normal -0.687635 0.172227 -0.705334
    outer loop
      vertex 0.709091 66.646 0.253998
      vertex 0.211288 65.6987 0.507999
      vertex 0.471695 66.7384 0.507999
    endloop
  endfacet
  facet normal -0.665112 0.237415 -0.707997
    outer loop
      vertex 0.709091 66.646 0.253998
      vertex 0.471695 66.7384 0.507999
      vertex 0.83197 67.7477 0.507999
    endloop
  endfacet
  facet normal -0.641579 0.239561 -0.728689
    outer loop
      vertex 0.709091 66.646 0.253998
      vertex 0.83197 67.7477 0.507999
      vertex 1.19719 67.9532 0.253998
    endloop
  endfacet
  facet normal -0.654043 0.308894 -0.690516
    outer loop
      vertex 1.19719 67.9532 0.253998
      vertex 0.83197 67.7477 0.507999
      vertex 1.28966 68.7168 0.507999
    endloop
  endfacet
  facet normal -0.596636 0.317426 -0.737066
    outer loop
      vertex 1.19719 67.9532 0.253998
      vertex 1.28966 68.7168 0.507999
      vertex 1.85254 69.185 0.253998
    endloop
  endfacet
  facet normal -0.620951 0.372307 -0.689788
    outer loop
      vertex 1.85254 69.185 0.253998
      vertex 1.28966 68.7168 0.507999
      vertex 1.84085 69.6361 0.507999
    endloop
  endfacet
  facet normal -0.555919 0.396852 -0.730385
    outer loop
      vertex 1.85254 69.185 0.253998
      vertex 1.84085 69.6361 0.507999
      vertex 2.66335 70.3208 0.253998
    endloop
  endfacet
  facet normal -0.569341 0.422254 -0.705374
    outer loop
      vertex 2.66335 70.3208 0.253998
      vertex 1.84085 69.6361 0.507999
      vertex 2.47934 70.497 0.507999
    endloop
  endfacet
  facet normal -0.523739 0.473703 -0.708027
    outer loop
      vertex 2.66335 70.3208 0.253998
      vertex 2.47934 70.497 0.507999
      vertex 3.3786 71.1116 0.253998
    endloop
  endfacet
  facet normal -0.524267 0.474995 -0.70677
    outer loop
      vertex 3.3786 71.1116 0.253998
      vertex 2.47934 70.497 0.507999
      vertex 3.19899 71.2913 0.507999
    endloop
  endfacet
  facet normal -0.474972 0.524277 -0.706778
    outer loop
      vertex 3.3786 71.1116 0.253998
      vertex 3.19899 71.2913 0.507999
      vertex 3.99329 72.0109 0.507999
    endloop
  endfacet
  facet normal -0.428655 0.577963 -0.694416
    outer loop
      vertex 4.85419 72.6494 0.507999
      vertex 4.81223 72.3131 0.253998
      vertex 3.99329 72.0109 0.507999
    endloop
  endfacet
  facet normal -0.427394 0.565009 -0.705762
    outer loop
      vertex 3.99329 72.0109 0.507999
      vertex 4.81223 72.3131 0.253998
      vertex 4.16948 71.8269 0.253998
    endloop
  endfacet
  facet normal -0.473708 0.523761 -0.708008
    outer loop
      vertex 3.99329 72.0109 0.507999
      vertex 4.16948 71.8269 0.253998
      vertex 3.3786 71.1116 0.253998
    endloop
  endfacet
  facet normal -0.475466 0.525705 -0.705384
    outer loop
      vertex 3.3786 71.1116 0.253998
      vertex 4.16948 71.8269 0.253998
      vertex 4.31555 71.6182 0
    endloop
  endfacet
  facet normal -0.475072 0.524331 -0.70667
    outer loop
      vertex 3.3786 71.1116 0.253998
      vertex 4.31555 71.6182 0
      vertex 3.5582 70.932 0
    endloop
  endfacet
  facet normal -0.378403 0.587479 -0.715318
    outer loop
      vertex 4.81223 72.3131 0.253998
      vertex 4.85419 72.6494 0.507999
      vertex 5.48975 72.7495 0.253998
    endloop
  endfacet
  facet normal -0.373064 0.622155 -0.688292
    outer loop
      vertex 5.48975 72.7495 0.253998
      vertex 4.85419 72.6494 0.507999
      vertex 5.77342 73.2006 0.507999
    endloop
  endfacet
  facet normal -0.331924 0.612619 -0.717303
    outer loop
      vertex 5.48975 72.7495 0.253998
      vertex 5.77342 73.2006 0.507999
      vertex 6.1983 73.1334 0.253998
    endloop
  endfacet
  facet normal -0.309271 0.654024 -0.690365
    outer loop
      vertex 6.1983 73.1334 0.253998
      vertex 5.77342 73.2006 0.507999
      vertex 6.74239 73.6588 0.507999
    endloop
  endfacet
  facet normal -0.286966 0.641227 -0.711673
    outer loop
      vertex 6.1983 73.1334 0.253998
      vertex 6.74239 73.6588 0.507999
      vertex 6.9339 73.4626 0.253998
    endloop
  endfacet
  facet normal -0.241593 0.671308 -0.700698
    outer loop
      vertex 6.9339 73.4626 0.253998
      vertex 6.74239 73.6588 0.507999
      vertex 7.6922 73.7355 0.253998
    endloop
  endfacet
  facet normal -0.237547 0.660066 -0.71266
    outer loop
      vertex 6.9339 73.4626 0.253998
      vertex 7.6922 73.7355 0.253998
      vertex 6.93678 73.1894 0
    endloop
  endfacet
  facet normal -0.23567 0.658452 -0.714773
    outer loop
      vertex 6.93678 73.1894 0
      vertex 7.6922 73.7355 0.253998
      vertex 7.89902 73.5338 0
    endloop
  endfacet
  facet normal -0.190137 0.687548 -0.700803
    outer loop
      vertex 7.89902 73.5338 0
      vertex 7.6922 73.7355 0.253998
      vertex 8.46893 73.9503 0.253998
    endloop
  endfacet
  facet normal -0.167937 0.670497 -0.722655
    outer loop
      vertex 7.89902 73.5338 0
      vertex 8.46893 73.9503 0.253998
      vertex 8.89037 73.7821 0
    endloop
  endfacet
  facet normal -0.138503 0.704335 -0.696225
    outer loop
      vertex 8.89037 73.7821 0
      vertex 8.46893 73.9503 0.253998
      vertex 9.2597 74.1058 0.253998
    endloop
  endfacet
  facet normal -0.10129 0.683097 -0.72327
    outer loop
      vertex 8.89037 73.7821 0
      vertex 9.2597 74.1058 0.253998
      vertex 9.90129 73.932 0
    endloop
  endfacet
  facet normal -0.0846891 0.709615 -0.699481
    outer loop
      vertex 9.90129 73.932 0
      vertex 9.2597 74.1058 0.253998
      vertex 10.0599 74.2013 0.253998
    endloop
  endfacet
  facet normal -0.0342468 0.696335 -0.7169
    outer loop
      vertex 9.90129 73.932 0
      vertex 10.0599 74.2013 0.253998
      vertex 10.922 73.9822 0
    endloop
  endfacet
  facet normal -0.0286125 0.706817 -0.706818
    outer loop
      vertex 10.922 73.9822 0
      vertex 10.0599 74.2013 0.253998
      vertex 10.922 74.4902 0.507999
    endloop
  endfacet
  facet normal -0.0353089 0.717233 -0.695938
    outer loop
      vertex 10.922 74.4902 0.507999
      vertex 10.0599 74.2013 0.253998
      vertex 9.8515 74.4375 0.507999
    endloop
  endfacet
  facet normal -0.0829368 0.694932 -0.714277
    outer loop
      vertex 9.8515 74.4375 0.507999
      vertex 10.0599 74.2013 0.253998
      vertex 9.2597 74.1058 0.253998
    endloop
  endfacet
  facet normal -0.106329 0.717137 -0.688773
    outer loop
      vertex 9.8515 74.4375 0.507999
      vertex 9.2597 74.1058 0.253998
      vertex 8.79126 74.2803 0.507999
    endloop
  endfacet
  facet normal -0.134408 0.683512 -0.717458
    outer loop
      vertex 8.79126 74.2803 0.507999
      vertex 9.2597 74.1058 0.253998
      vertex 8.46893 73.9503 0.253998
    endloop
  endfacet
  facet normal -0.175967 0.702585 -0.6895
    outer loop
      vertex 8.79126 74.2803 0.507999
      vertex 8.46893 73.9503 0.253998
      vertex 7.75156 74.0199 0.507999
    endloop
  endfacet
  facet normal -0.186888 0.675797 -0.713001
    outer loop
      vertex 7.75156 74.0199 0.507999
      vertex 8.46893 73.9503 0.253998
      vertex 7.6922 73.7355 0.253998
    endloop
  endfacet
  facet normal -0.241162 0.673978 -0.69828
    outer loop
      vertex 7.75156 74.0199 0.507999
      vertex 7.6922 73.7355 0.253998
      vertex 6.74239 73.6588 0.507999
    endloop
  endfacet
  facet normal -0.290814 0.649826 -0.702249
    outer loop
      vertex 6.9339 73.4626 0.253998
      vertex 6.93678 73.1894 0
      vertex 6.1983 73.1334 0.253998
    endloop
  endfacet
  facet normal -0.29575 0.625551 -0.721954
    outer loop
      vertex 6.1983 73.1334 0.253998
      vertex 6.93678 73.1894 0
      vertex 6.01289 72.7526 0
    endloop
  endfacet
  facet normal -0.341868 0.630973 -0.696418
    outer loop
      vertex 6.1983 73.1334 0.253998
      vertex 6.01289 72.7526 0
      vertex 5.48975 72.7495 0.253998
    endloop
  endfacet
  facet normal -0.354899 0.591823 -0.723735
    outer loop
      vertex 5.48975 72.7495 0.253998
      vertex 6.01289 72.7526 0
      vertex 5.13641 72.227 0
    endloop
  endfacet
  facet normal -0.387503 0.601607 -0.698506
    outer loop
      vertex 5.48975 72.7495 0.253998
      vertex 5.13641 72.227 0
      vertex 4.81223 72.3131 0.253998
    endloop
  endfacet
  facet normal -0.414423 0.558777 -0.718346
    outer loop
      vertex 4.81223 72.3131 0.253998
      vertex 5.13641 72.227 0
      vertex 4.31555 71.6182 0
    endloop
  endfacet
  facet normal -0.426108 0.563309 -0.707895
    outer loop
      vertex 4.81223 72.3131 0.253998
      vertex 4.31555 71.6182 0
      vertex 4.16948 71.8269 0.253998
    endloop
  endfacet
  facet normal -0.524319 0.475085 -0.706671
    outer loop
      vertex 3.5582 70.932 0
      vertex 2.87201 70.1747 0
      vertex 3.3786 71.1116 0.253998
    endloop
  endfacet
  facet normal -0.525708 0.475484 -0.705369
    outer loop
      vertex 3.3786 71.1116 0.253998
      vertex 2.87201 70.1747 0
      vertex 2.66335 70.3208 0.253998
    endloop
  endfacet
  facet normal -0.567262 0.420682 -0.707984
    outer loop
      vertex 2.87201 70.1747 0
      vertex 2.26323 69.3538 0
      vertex 2.66335 70.3208 0.253998
    endloop
  endfacet
  facet normal -0.596033 0.425488 -0.680959
    outer loop
      vertex 2.66335 70.3208 0.253998
      vertex 2.26323 69.3538 0
      vertex 1.85254 69.185 0.253998
    endloop
  endfacet
  facet normal -0.592968 0.355578 -0.722464
    outer loop
      vertex 2.26323 69.3538 0
      vertex 1.73769 68.4774 0
      vertex 1.85254 69.185 0.253998
    endloop
  endfacet
  facet normal -0.653176 0.347507 -0.672756
    outer loop
      vertex 1.85254 69.185 0.253998
      vertex 1.73769 68.4774 0
      vertex 1.19719 67.9532 0.253998
    endloop
  endfacet
  facet normal -0.625837 0.295561 -0.721784
    outer loop
      vertex 1.73769 68.4774 0
      vertex 1.30127 67.5533 0
      vertex 1.19719 67.9532 0.253998
    endloop
  endfacet
  facet normal -0.684431 0.255562 -0.682819
    outer loop
      vertex 1.19719 67.9532 0.253998
      vertex 1.30127 67.5533 0
      vertex 0.709091 66.646 0.253998
    endloop
  endfacet
  facet normal -0.667647 0.238312 -0.705305
    outer loop
      vertex 1.30127 67.5533 0
      vertex 0.957748 66.5909 0
      vertex 0.709091 66.646 0.253998
    endloop
  endfacet
  facet normal -0.685115 0.171601 -0.707934
    outer loop
      vertex 0.709091 66.646 0.253998
      vertex 0.957748 66.5909 0
      vertex 0.709457 65.5996 0
    endloop
  endfacet
  facet normal -0.713376 0.165068 -0.681063
    outer loop
      vertex 0.709091 66.646 0.253998
      vertex 0.709457 65.5996 0
      vertex 0.394516 65.2865 0.253998
    endloop
  endfacet
  facet normal -0.683954 0.101967 -0.722364
    outer loop
      vertex 0.394516 65.2865 0.253998
      vertex 0.709457 65.5996 0
      vertex 0.558762 64.5888 0
    endloop
  endfacet
  facet normal -0.710073 0.0872056 -0.698707
    outer loop
      vertex 0.394516 65.2865 0.253998
      vertex 0.558762 64.5888 0
      vertex 0.289352 64.4302 0.253998
    endloop
  endfacet
  facet normal 1.6536e-06 0.707106 -0.707107
    outer loop
      vertex 139.207 73.9819 0
      vertex 10.922 73.9822 0
      vertex 139.207 74.4899 0.507999
    endloop
  endfacet
  facet normal 1.6536e-06 0.707106 -0.707107
    outer loop
      vertex 139.207 74.4899 0.507999
      vertex 10.922 73.9822 0
      vertex 10.922 74.4902 0.507999
    endloop
  endfacet
  facet normal 0.717426 0.0355228 -0.695728
    outer loop
      vertex 150.076 64.6382 0.507999
      vertex 150.129 63.5678 0.507999
      vertex 149.84 64.4298 0.253998
    endloop
  endfacet
  facet normal 0.706815 0.0286977 -0.706816
    outer loop
      vertex 149.84 64.4298 0.253998
      vertex 150.129 63.5678 0.507999
      vertex 149.621 63.5678 0
    endloop
  endfacet
  facet normal 0.695535 0.0347563 -0.717651
    outer loop
      vertex 149.84 64.4298 0.253998
      vertex 149.621 63.5678 0
      vertex 149.57 64.5884 0
    endloop
  endfacet
  facet normal 0.709222 0.0869652 -0.699601
    outer loop
      vertex 149.84 64.4298 0.253998
      vertex 149.57 64.5884 0
      vertex 149.735 65.2861 0.253998
    endloop
  endfacet
  facet normal 0.683607 0.101455 -0.722764
    outer loop
      vertex 149.735 65.2861 0.253998
      vertex 149.57 64.5884 0
      vertex 149.42 65.5991 0
    endloop
  endfacet
  facet normal 0.713372 0.16529 -0.681014
    outer loop
      vertex 149.735 65.2861 0.253998
      vertex 149.42 65.5991 0
      vertex 149.42 66.6456 0.253998
    endloop
  endfacet
  facet normal 0.684561 0.171934 -0.708389
    outer loop
      vertex 149.42 66.6456 0.253998
      vertex 149.42 65.5991 0
      vertex 149.171 66.5905 0
    endloop
  endfacet
  facet normal 0.667317 0.237832 -0.705779
    outer loop
      vertex 149.42 66.6456 0.253998
      vertex 149.171 66.5905 0
      vertex 148.828 67.5529 0
    endloop
  endfacet
  facet normal 0.684608 0.255596 -0.682629
    outer loop
      vertex 149.42 66.6456 0.253998
      vertex 148.828 67.5529 0
      vertex 148.932 67.9527 0.253998
    endloop
  endfacet
  facet normal 0.625598 0.295872 -0.721864
    outer loop
      vertex 148.932 67.9527 0.253998
      vertex 148.828 67.5529 0
      vertex 148.391 68.4769 0
    endloop
  endfacet
  facet normal 0.652466 0.346915 -0.673749
    outer loop
      vertex 148.932 67.9527 0.253998
      vertex 148.391 68.4769 0
      vertex 148.277 69.1846 0.253998
    endloop
  endfacet
  facet normal 0.592628 0.354968 -0.723042
    outer loop
      vertex 148.277 69.1846 0.253998
      vertex 148.391 68.4769 0
      vertex 147.866 69.3534 0
    endloop
  endfacet
  facet normal 0.595739 0.425378 -0.681285
    outer loop
      vertex 148.277 69.1846 0.253998
      vertex 147.866 69.3534 0
      vertex 147.466 70.3204 0.253998
    endloop
  endfacet
  facet normal 0.566886 0.420555 -0.70836
    outer loop
      vertex 147.466 70.3204 0.253998
      vertex 147.866 69.3534 0
      vertex 147.257 70.1743 0
    endloop
  endfacet
  facet normal 0.525524 0.475151 -0.705731
    outer loop
      vertex 147.466 70.3204 0.253998
      vertex 147.257 70.1743 0
      vertex 146.751 71.1112 0.253998
    endloop
  endfacet
  facet normal 0.52408 0.474738 -0.707082
    outer loop
      vertex 146.751 71.1112 0.253998
      vertex 147.257 70.1743 0
      vertex 146.571 70.9316 0
    endloop
  endfacet
  facet normal 0.474939 0.523942 -0.707049
    outer loop
      vertex 146.751 71.1112 0.253998
      vertex 146.571 70.9316 0
      vertex 145.814 71.6178 0
    endloop
  endfacet
  facet normal 0.414479 0.558948 -0.718181
    outer loop
      vertex 144.993 72.2266 0
      vertex 145.317 72.3127 0.253998
      vertex 145.814 71.6178 0
    endloop
  endfacet
  facet normal 0.426036 0.563433 -0.707839
    outer loop
      vertex 145.814 71.6178 0
      vertex 145.317 72.3127 0.253998
      vertex 145.96 71.8265 0.253998
    endloop
  endfacet
  facet normal 0.475468 0.525787 -0.705321
    outer loop
      vertex 145.814 71.6178 0
      vertex 145.96 71.8265 0.253998
      vertex 146.751 71.1112 0.253998
    endloop
  endfacet
  facet normal 0.473788 0.523929 -0.70783
    outer loop
      vertex 146.751 71.1112 0.253998
      vertex 145.96 71.8265 0.253998
      vertex 146.136 72.0105 0.507999
    endloop
  endfacet
  facet normal 0.475556 0.524651 -0.706107
    outer loop
      vertex 146.751 71.1112 0.253998
      vertex 146.136 72.0105 0.507999
      vertex 146.93 71.2908 0.507999
    endloop
  endfacet
  facet normal 0.387439 0.601933 -0.69826
    outer loop
      vertex 145.317 72.3127 0.253998
      vertex 144.993 72.2266 0
      vertex 144.639 72.7491 0.253998
    endloop
  endfacet
  facet normal 0.354877 0.592136 -0.72349
    outer loop
      vertex 144.639 72.7491 0.253998
      vertex 144.993 72.2266 0
      vertex 144.116 72.7522 0
    endloop
  endfacet
  facet normal 0.342017 0.630759 -0.69654
    outer loop
      vertex 144.639 72.7491 0.253998
      vertex 144.116 72.7522 0
      vertex 143.931 73.133 0.253998
    endloop
  endfacet
  facet normal 0.295683 0.62534 -0.722164
    outer loop
      vertex 143.931 73.133 0.253998
      vertex 144.116 72.7522 0
      vertex 143.192 73.1891 0
    endloop
  endfacet
  facet normal 0.290694 0.64991 -0.702221
    outer loop
      vertex 143.931 73.133 0.253998
      vertex 143.192 73.1891 0
      vertex 143.195 73.4622 0.253998
    endloop
  endfacet
  facet normal 0.237661 0.66012 -0.712572
    outer loop
      vertex 143.195 73.4622 0.253998
      vertex 143.192 73.1891 0
      vertex 142.437 73.7351 0.253998
    endloop
  endfacet
  facet normal 0.241592 0.671039 -0.700956
    outer loop
      vertex 143.195 73.4622 0.253998
      vertex 142.437 73.7351 0.253998
      vertex 143.387 73.6584 0.507999
    endloop
  endfacet
  facet normal 0.241144 0.673815 -0.698444
    outer loop
      vertex 143.387 73.6584 0.507999
      vertex 142.437 73.7351 0.253998
      vertex 142.378 74.0195 0.507999
    endloop
  endfacet
  facet normal 0.186874 0.675669 -0.713126
    outer loop
      vertex 142.378 74.0195 0.507999
      vertex 142.437 73.7351 0.253998
      vertex 141.66 73.95 0.253998
    endloop
  endfacet
  facet normal 0.175958 0.702483 -0.689606
    outer loop
      vertex 142.378 74.0195 0.507999
      vertex 141.66 73.95 0.253998
      vertex 141.338 74.28 0.507999
    endloop
  endfacet
  facet normal 0.134348 0.683405 -0.717571
    outer loop
      vertex 141.338 74.28 0.507999
      vertex 141.66 73.95 0.253998
      vertex 140.869 74.1055 0.253998
    endloop
  endfacet
  facet normal 0.106332 0.716998 -0.688918
    outer loop
      vertex 141.338 74.28 0.507999
      vertex 140.869 74.1055 0.253998
      vertex 140.278 74.4372 0.507999
    endloop
  endfacet
  facet normal 0.0828465 0.69473 -0.714484
    outer loop
      vertex 140.278 74.4372 0.507999
      vertex 140.869 74.1055 0.253998
      vertex 140.069 74.2009 0.253998
    endloop
  endfacet
  facet normal 0.0352838 0.717058 -0.69612
    outer loop
      vertex 140.278 74.4372 0.507999
      vertex 140.069 74.2009 0.253998
      vertex 139.207 74.4899 0.507999
    endloop
  endfacet
  facet normal 0.0286977 0.706815 -0.706816
    outer loop
      vertex 139.207 74.4899 0.507999
      vertex 140.069 74.2009 0.253998
      vertex 139.207 73.9819 0
    endloop
  endfacet
  facet normal 0.0343074 0.696378 -0.716855
    outer loop
      vertex 139.207 73.9819 0
      vertex 140.069 74.2009 0.253998
      vertex 140.228 73.9316 0
    endloop
  endfacet
  facet normal 0.0846273 0.709663 -0.69944
    outer loop
      vertex 140.228 73.9316 0
      vertex 140.069 74.2009 0.253998
      vertex 140.869 74.1055 0.253998
    endloop
  endfacet
  facet normal 0.101281 0.683091 -0.723277
    outer loop
      vertex 140.228 73.9316 0
      vertex 140.869 74.1055 0.253998
      vertex 141.239 73.7817 0
    endloop
  endfacet
  facet normal 0.138466 0.704353 -0.696214
    outer loop
      vertex 141.239 73.7817 0
      vertex 140.869 74.1055 0.253998
      vertex 141.66 73.95 0.253998
    endloop
  endfacet
  facet normal 0.167986 0.670456 -0.722682
    outer loop
      vertex 141.239 73.7817 0
      vertex 141.66 73.95 0.253998
      vertex 142.23 73.5334 0
    endloop
  endfacet
  facet normal 0.190139 0.687471 -0.700878
    outer loop
      vertex 142.23 73.5334 0
      vertex 141.66 73.95 0.253998
      vertex 142.437 73.7351 0.253998
    endloop
  endfacet
  facet normal 0.235634 0.658379 -0.714853
    outer loop
      vertex 142.23 73.5334 0
      vertex 142.437 73.7351 0.253998
      vertex 143.192 73.1891 0
    endloop
  endfacet
  facet normal 0.286734 0.641057 -0.71192
    outer loop
      vertex 143.195 73.4622 0.253998
      vertex 143.387 73.6584 0.507999
      vertex 143.931 73.133 0.253998
    endloop
  endfacet
  facet normal 0.309234 0.653968 -0.690435
    outer loop
      vertex 143.931 73.133 0.253998
      vertex 143.387 73.6584 0.507999
      vertex 144.356 73.2002 0.507999
    endloop
  endfacet
  facet normal 0.332013 0.612309 -0.717527
    outer loop
      vertex 143.931 73.133 0.253998
      vertex 144.356 73.2002 0.507999
      vertex 144.639 72.7491 0.253998
    endloop
  endfacet
  facet normal 0.372919 0.621757 -0.688731
    outer loop
      vertex 144.639 72.7491 0.253998
      vertex 144.356 73.2002 0.507999
      vertex 145.275 72.649 0.507999
    endloop
  endfacet
  facet normal 0.378178 0.587545 -0.715383
    outer loop
      vertex 144.639 72.7491 0.253998
      vertex 145.275 72.649 0.507999
      vertex 145.317 72.3127 0.253998
    endloop
  endfacet
  facet normal 0.428632 0.577999 -0.694401
    outer loop
      vertex 145.317 72.3127 0.253998
      vertex 145.275 72.649 0.507999
      vertex 146.136 72.0105 0.507999
    endloop
  endfacet
  facet normal 0.427389 0.565223 -0.705593
    outer loop
      vertex 145.317 72.3127 0.253998
      vertex 146.136 72.0105 0.507999
      vertex 145.96 71.8265 0.253998
    endloop
  endfacet
  facet normal 0.524654 0.475637 -0.70605
    outer loop
      vertex 146.93 71.2908 0.507999
      vertex 147.65 70.4966 0.507999
      vertex 146.751 71.1112 0.253998
    endloop
  endfacet
  facet normal 0.52383 0.47362 -0.708015
    outer loop
      vertex 146.751 71.1112 0.253998
      vertex 147.65 70.4966 0.507999
      vertex 147.466 70.3204 0.253998
    endloop
  endfacet
  facet normal 0.569518 0.422061 -0.705346
    outer loop
      vertex 147.65 70.4966 0.507999
      vertex 148.288 69.6357 0.507999
      vertex 147.466 70.3204 0.253998
    endloop
  endfacet
  facet normal 0.556445 0.39732 -0.72973
    outer loop
      vertex 147.466 70.3204 0.253998
      vertex 148.288 69.6357 0.507999
      vertex 148.277 69.1846 0.253998
    endloop
  endfacet
  facet normal 0.621802 0.372689 -0.688815
    outer loop
      vertex 148.288 69.6357 0.507999
      vertex 148.839 68.7164 0.507999
      vertex 148.277 69.1846 0.253998
    endloop
  endfacet
  facet normal 0.597424 0.31765 -0.736331
    outer loop
      vertex 148.277 69.1846 0.253998
      vertex 148.839 68.7164 0.507999
      vertex 148.932 67.9527 0.253998
    endloop
  endfacet
  facet normal 0.654278 0.309214 -0.69015
    outer loop
      vertex 148.839 68.7164 0.507999
      vertex 149.297 67.7473 0.507999
      vertex 148.932 67.9527 0.253998
    endloop
  endfacet
  facet normal 0.641788 0.239609 -0.728489
    outer loop
      vertex 148.932 67.9527 0.253998
      vertex 149.297 67.7473 0.507999
      vertex 149.42 66.6456 0.253998
    endloop
  endfacet
  facet normal 0.665712 0.237424 -0.70743
    outer loop
      vertex 149.297 67.7473 0.507999
      vertex 149.657 66.7379 0.507999
      vertex 149.42 66.6456 0.253998
    endloop
  endfacet
  facet normal 0.688072 0.172729 -0.704785
    outer loop
      vertex 149.42 66.6456 0.253998
      vertex 149.657 66.7379 0.507999
      vertex 149.918 65.6982 0.507999
    endloop
  endfacet
  facet normal 0.665815 0.154271 -0.729994
    outer loop
      vertex 149.42 66.6456 0.253998
      vertex 149.918 65.6982 0.507999
      vertex 149.735 65.2861 0.253998
    endloop
  endfacet
  facet normal 0.716437 0.10679 -0.68943
    outer loop
      vertex 149.735 65.2861 0.253998
      vertex 149.918 65.6982 0.507999
      vertex 150.076 64.6382 0.507999
    endloop
  endfacet
  facet normal 0.694144 0.0851164 -0.714786
    outer loop
      vertex 149.735 65.2861 0.253998
      vertex 150.076 64.6382 0.507999
      vertex 149.84 64.4298 0.253998
    endloop
  endfacet
  facet normal 0.707106 0 -0.707107
    outer loop
      vertex 149.621 11.6839 0
      vertex 149.621 63.5678 0
      vertex 150.129 11.6839 0.507999
    endloop
  endfacet
  facet normal 0.707106 0 -0.707107
    outer loop
      vertex 150.129 11.6839 0.507999
      vertex 149.621 63.5678 0
      vertex 150.129 63.5678 0.507999
    endloop
  endfacet
  facet normal 0.0356796 -0.717211 -0.695942
    outer loop
      vertex 140.277 0.815239 0.507999
      vertex 139.207 0.762009 0.507999
      vertex 140.069 1.05136 0.253998
    endloop
  endfacet
  facet normal 0.0289893 -0.706815 -0.706804
    outer loop
      vertex 140.069 1.05136 0.253998
      vertex 139.207 0.762009 0.507999
      vertex 139.207 1.27 0
    endloop
  endfacet
  facet normal 0.0346498 -0.696273 -0.71694
    outer loop
      vertex 140.069 1.05136 0.253998
      vertex 139.207 1.27 0
      vertex 140.227 1.32076 0
    endloop
  endfacet
  facet normal 0.0872228 -0.709992 -0.698787
    outer loop
      vertex 140.069 1.05136 0.253998
      vertex 140.227 1.32076 0
      vertex 140.925 1.15652 0.253998
    endloop
  endfacet
  facet normal 0.101952 -0.683916 -0.722402
    outer loop
      vertex 140.925 1.15652 0.253998
      vertex 140.227 1.32076 0
      vertex 141.238 1.47147 0
    endloop
  endfacet
  facet normal 0.165123 -0.713361 -0.681066
    outer loop
      vertex 140.925 1.15652 0.253998
      vertex 141.238 1.47147 0
      vertex 142.284 1.47109 0.253998
    endloop
  endfacet
  facet normal 0.17165 -0.685134 -0.707904
    outer loop
      vertex 142.284 1.47109 0.253998
      vertex 141.238 1.47147 0
      vertex 142.229 1.71975 0
    endloop
  endfacet
  facet normal 0.23819 -0.667726 -0.705271
    outer loop
      vertex 142.284 1.47109 0.253998
      vertex 142.229 1.71975 0
      vertex 143.192 2.06327 0
    endloop
  endfacet
  facet normal 0.255433 -0.684518 -0.68278
    outer loop
      vertex 142.284 1.47109 0.253998
      vertex 143.192 2.06327 0
      vertex 143.592 1.95918 0.253998
    endloop
  endfacet
  facet normal 0.295541 -0.625756 -0.721862
    outer loop
      vertex 143.592 1.95918 0.253998
      vertex 143.192 2.06327 0
      vertex 144.116 2.49967 0
    endloop
  endfacet
  facet normal 0.347749 -0.653217 -0.672591
    outer loop
      vertex 143.592 1.95918 0.253998
      vertex 144.116 2.49967 0
      vertex 144.823 2.61452 0.253998
    endloop
  endfacet
  facet normal 0.35582 -0.59309 -0.722244
    outer loop
      vertex 144.823 2.61452 0.253998
      vertex 144.116 2.49967 0
      vertex 144.992 3.02522 0
    endloop
  endfacet
  facet normal 0.425492 -0.596158 -0.680847
    outer loop
      vertex 144.823 2.61452 0.253998
      vertex 144.992 3.02522 0
      vertex 145.959 3.42531 0.253998
    endloop
  endfacet
  facet normal 0.420678 -0.567325 -0.707935
    outer loop
      vertex 145.959 3.42531 0.253998
      vertex 144.992 3.02522 0
      vertex 145.813 3.634 0
    endloop
  endfacet
  facet normal 0.475456 -0.52581 -0.705312
    outer loop
      vertex 145.959 3.42531 0.253998
      vertex 145.813 3.634 0
      vertex 146.75 4.14056 0.253998
    endloop
  endfacet
  facet normal 0.474921 -0.523945 -0.707059
    outer loop
      vertex 146.75 4.14056 0.253998
      vertex 145.813 3.634 0
      vertex 146.57 4.32017 0
    endloop
  endfacet
  facet normal 0.523733 -0.475089 -0.707103
    outer loop
      vertex 146.75 4.14056 0.253998
      vertex 146.57 4.32017 0
      vertex 147.257 5.07751 0
    endloop
  endfacet
  facet normal 0.558381 -0.413585 -0.719137
    outer loop
      vertex 147.865 5.89837 0
      vertex 147.952 5.57418 0.253998
      vertex 147.257 5.07751 0
    endloop
  endfacet
  facet normal 0.563595 -0.427032 -0.70711
    outer loop
      vertex 147.257 5.07751 0
      vertex 147.952 5.57418 0.253998
      vertex 147.465 4.93144 0.253998
    endloop
  endfacet
  facet normal 0.526335 -0.475837 -0.704664
    outer loop
      vertex 147.257 5.07751 0
      vertex 147.465 4.93144 0.253998
      vertex 146.75 4.14056 0.253998
    endloop
  endfacet
  facet normal 0.523848 -0.473588 -0.708024
    outer loop
      vertex 146.75 4.14056 0.253998
      vertex 147.465 4.93144 0.253998
      vertex 147.649 4.75523 0.507999
    endloop
  endfacet
  facet normal 0.524248 -0.474567 -0.707072
    outer loop
      vertex 146.75 4.14056 0.253998
      vertex 147.649 4.75523 0.507999
      vertex 146.93 3.96096 0.507999
    endloop
  endfacet
  facet normal 0.600978 -0.386743 -0.699468
    outer loop
      vertex 147.952 5.57418 0.253998
      vertex 147.865 5.89837 0
      vertex 148.388 6.2517 0.253998
    endloop
  endfacet
  facet normal 0.591424 -0.354934 -0.724044
    outer loop
      vertex 148.388 6.2517 0.253998
      vertex 147.865 5.89837 0
      vertex 148.391 6.77484 0
    endloop
  endfacet
  facet normal 0.630764 -0.341844 -0.69662
    outer loop
      vertex 148.388 6.2517 0.253998
      vertex 148.391 6.77484 0
      vertex 148.772 6.96025 0.253998
    endloop
  endfacet
  facet normal 0.625348 -0.29579 -0.722113
    outer loop
      vertex 148.772 6.96025 0.253998
      vertex 148.391 6.77484 0
      vertex 148.828 7.69873 0
    endloop
  endfacet
  facet normal 0.650088 -0.290758 -0.70203
    outer loop
      vertex 148.772 6.96025 0.253998
      vertex 148.828 7.69873 0
      vertex 149.101 7.69584 0.253998
    endloop
  endfacet
  facet normal 0.660292 -0.237716 -0.712394
    outer loop
      vertex 149.101 7.69584 0.253998
      vertex 148.828 7.69873 0
      vertex 149.374 8.45414 0.253998
    endloop
  endfacet
  facet normal 0.671506 -0.241753 -0.700453
    outer loop
      vertex 149.101 7.69584 0.253998
      vertex 149.374 8.45414 0.253998
      vertex 149.297 7.50432 0.507999
    endloop
  endfacet
  facet normal 0.674472 -0.241274 -0.697764
    outer loop
      vertex 149.297 7.50432 0.507999
      vertex 149.374 8.45414 0.253998
      vertex 149.658 8.51348 0.507999
    endloop
  endfacet
  facet normal 0.676301 -0.187203 -0.712441
    outer loop
      vertex 149.658 8.51348 0.507999
      vertex 149.374 8.45414 0.253998
      vertex 149.589 9.23086 0.253998
    endloop
  endfacet
  facet normal 0.702778 -0.176423 -0.689186
    outer loop
      vertex 149.658 8.51348 0.507999
      vertex 149.589 9.23086 0.253998
      vertex 149.919 9.55317 0.507999
    endloop
  endfacet
  facet normal 0.68328 -0.133936 -0.717767
    outer loop
      vertex 149.919 9.55317 0.507999
      vertex 149.589 9.23086 0.253998
      vertex 149.744 10.0216 0.253998
    endloop
  endfacet
  facet normal 0.716575 -0.106111 -0.689392
    outer loop
      vertex 149.919 9.55317 0.507999
      vertex 149.744 10.0216 0.253998
      vertex 150.076 10.6134 0.507999
    endloop
  endfacet
  facet normal 0.695002 -0.0833794 -0.714157
    outer loop
      vertex 150.076 10.6134 0.507999
      vertex 149.744 10.0216 0.253998
      vertex 149.84 10.8218 0.253998
    endloop
  endfacet
  facet normal 0.717428 -0.0355196 -0.695727
    outer loop
      vertex 150.076 10.6134 0.507999
      vertex 149.84 10.8218 0.253998
      vertex 150.129 11.6839 0.507999
    endloop
  endfacet
  facet normal 0.706815 -0.0286944 -0.706816
    outer loop
      vertex 150.129 11.6839 0.507999
      vertex 149.84 10.8218 0.253998
      vertex 149.621 11.6839 0
    endloop
  endfacet
  facet normal 0.695534 -0.0347528 -0.717653
    outer loop
      vertex 149.621 11.6839 0
      vertex 149.84 10.8218 0.253998
      vertex 149.57 10.6632 0
    endloop
  endfacet
  facet normal 0.708754 -0.0850292 -0.700313
    outer loop
      vertex 149.57 10.6632 0
      vertex 149.84 10.8218 0.253998
      vertex 149.744 10.0216 0.253998
    endloop
  endfacet
  facet normal 0.683631 -0.100761 -0.722839
    outer loop
      vertex 149.57 10.6632 0
      vertex 149.744 10.0216 0.253998
      vertex 149.421 9.65228 0
    endloop
  endfacet
  facet normal 0.705013 -0.138196 -0.695599
    outer loop
      vertex 149.421 9.65228 0
      vertex 149.744 10.0216 0.253998
      vertex 149.589 9.23086 0.253998
    endloop
  endfacet
  facet normal 0.670322 -0.16837 -0.722717
    outer loop
      vertex 149.421 9.65228 0
      vertex 149.589 9.23086 0.253998
      vertex 149.172 8.66095 0
    endloop
  endfacet
  facet normal 0.687067 -0.190184 -0.701263
    outer loop
      vertex 149.172 8.66095 0
      vertex 149.589 9.23086 0.253998
      vertex 149.374 8.45414 0.253998
    endloop
  endfacet
  facet normal 0.658235 -0.235323 -0.715087
    outer loop
      vertex 149.172 8.66095 0
      vertex 149.374 8.45414 0.253998
      vertex 148.828 7.69873 0
    endloop
  endfacet
  facet normal 0.641543 -0.286936 -0.7114
    outer loop
      vertex 149.101 7.69584 0.253998
      vertex 149.297 7.50432 0.507999
      vertex 148.772 6.96025 0.253998
    endloop
  endfacet
  facet normal 0.65438 -0.30931 -0.69001
    outer loop
      vertex 148.772 6.96025 0.253998
      vertex 149.297 7.50432 0.507999
      vertex 148.839 6.53537 0.507999
    endloop
  endfacet
  facet normal 0.61275 -0.332081 -0.717119
    outer loop
      vertex 148.772 6.96025 0.253998
      vertex 148.839 6.53537 0.507999
      vertex 148.388 6.2517 0.253998
    endloop
  endfacet
  facet normal 0.622225 -0.372967 -0.688281
    outer loop
      vertex 148.388 6.2517 0.253998
      vertex 148.839 6.53537 0.507999
      vertex 148.288 5.61613 0.507999
    endloop
  endfacet
  facet normal 0.587818 -0.378274 -0.715108
    outer loop
      vertex 148.388 6.2517 0.253998
      vertex 148.288 5.61613 0.507999
      vertex 147.952 5.57418 0.253998
    endloop
  endfacet
  facet normal 0.578169 -0.429144 -0.693943
    outer loop
      vertex 147.952 5.57418 0.253998
      vertex 148.288 5.61613 0.507999
      vertex 147.649 4.75523 0.507999
    endloop
  endfacet
  facet normal 0.564628 -0.427815 -0.705811
    outer loop
      vertex 147.952 5.57418 0.253998
      vertex 147.649 4.75523 0.507999
      vertex 147.465 4.93144 0.253998
    endloop
  endfacet
  facet normal 0.474589 -0.524281 -0.707032
    outer loop
      vertex 146.93 3.96096 0.507999
      vertex 146.135 3.24131 0.507999
      vertex 146.75 4.14056 0.253998
    endloop
  endfacet
  facet normal 0.47377 -0.523946 -0.70783
    outer loop
      vertex 146.75 4.14056 0.253998
      vertex 146.135 3.24131 0.507999
      vertex 145.959 3.42531 0.253998
    endloop
  endfacet
  facet normal 0.422326 -0.569513 -0.705193
    outer loop
      vertex 146.135 3.24131 0.507999
      vertex 145.274 2.60283 0.507999
      vertex 145.959 3.42531 0.253998
    endloop
  endfacet
  facet normal 0.396871 -0.556057 -0.73027
    outer loop
      vertex 145.959 3.42531 0.253998
      vertex 145.274 2.60283 0.507999
      vertex 144.823 2.61452 0.253998
    endloop
  endfacet
  facet normal 0.372391 -0.6209 -0.689788
    outer loop
      vertex 145.274 2.60283 0.507999
      vertex 144.355 2.05165 0.507999
      vertex 144.823 2.61452 0.253998
    endloop
  endfacet
  facet normal 0.317641 -0.596661 -0.736953
    outer loop
      vertex 144.823 2.61452 0.253998
      vertex 144.355 2.05165 0.507999
      vertex 143.592 1.95918 0.253998
    endloop
  endfacet
  facet normal 0.309058 -0.654323 -0.690178
    outer loop
      vertex 144.355 2.05165 0.507999
      vertex 143.386 1.59396 0.507999
      vertex 143.592 1.95918 0.253998
    endloop
  endfacet
  facet normal 0.23948 -0.641765 -0.728551
    outer loop
      vertex 143.592 1.95918 0.253998
      vertex 143.386 1.59396 0.507999
      vertex 142.284 1.47109 0.253998
    endloop
  endfacet
  facet normal 0.237379 -0.664821 -0.708283
    outer loop
      vertex 143.386 1.59396 0.507999
      vertex 142.377 1.23369 0.507999
      vertex 142.284 1.47109 0.253998
    endloop
  endfacet
  facet normal 0.172127 -0.687448 -0.705541
    outer loop
      vertex 142.284 1.47109 0.253998
      vertex 142.377 1.23369 0.507999
      vertex 141.337 0.973289 0.507999
    endloop
  endfacet
  facet normal 0.154088 -0.665687 -0.730149
    outer loop
      vertex 142.284 1.47109 0.253998
      vertex 141.337 0.973289 0.507999
      vertex 140.925 1.15652 0.253998
    endloop
  endfacet
  facet normal 0.106774 -0.716106 -0.689776
    outer loop
      vertex 140.925 1.15652 0.253998
      vertex 141.337 0.973289 0.507999
      vertex 140.277 0.815239 0.507999
    endloop
  endfacet
  facet normal 0.0852549 -0.693973 -0.714936
    outer loop
      vertex 140.925 1.15652 0.253998
      vertex 140.277 0.815239 0.507999
      vertex 140.069 1.05136 0.253998
    endloop
  endfacet
  facet normal 0 -0.707112 -0.707101
    outer loop
      vertex 10.922 1.27 0
      vertex 139.207 1.27 0
      vertex 10.922 0.762009 0.507999
    endloop
  endfacet
  facet normal 0 -0.707112 -0.707101
    outer loop
      vertex 10.922 0.762009 0.507999
      vertex 139.207 1.27 0
      vertex 139.207 0.762009 0.507999
    endloop
  endfacet
  facet normal 0.998776 0.0494536 -0
    outer loop
      vertex 150.129 63.5678 0.507999
      vertex 150.076 64.6382 0.507999
      vertex 150.129 63.5678 8.79558
    endloop
  endfacet
  facet normal 0.997877 0.0650972 0.00202623
    outer loop
      vertex 150.129 63.5678 8.79558
      vertex 150.076 64.6382 0.507999
      vertex 150.036 64.9934 8.79559
    endloop
  endfacet
  facet normal 0.989072 0.147428 -0.00154489
    outer loop
      vertex 150.036 64.9934 8.79559
      vertex 150.076 64.6382 0.507999
      vertex 149.918 65.6982 0.507999
    endloop
  endfacet
  facet normal 0.980744 0.195281 0.00264325
    outer loop
      vertex 150.036 64.9934 8.79559
      vertex 149.918 65.6982 0.507999
      vertex 149.757 66.3946 8.79559
    endloop
  endfacet
  facet normal 0.969905 0.243479 -0.00161737
    outer loop
      vertex 149.757 66.3946 8.79559
      vertex 149.918 65.6982 0.507999
      vertex 149.657 66.7379 0.507999
    endloop
  endfacet
  facet normal 0.946981 0.321283 0.00188215
    outer loop
      vertex 149.757 66.3946 8.79559
      vertex 149.657 66.7379 0.507999
      vertex 149.298 67.7475 8.79559
    endloop
  endfacet
  facet normal 0.94189 0.335923 -0.000121757
    outer loop
      vertex 149.298 67.7475 8.79559
      vertex 149.657 66.7379 0.507999
      vertex 149.297 67.7473 0.507999
    endloop
  endfacet
  facet normal 0.904116 0.427288 -0.000119404
    outer loop
      vertex 149.298 67.7475 8.79559
      vertex 149.297 67.7473 0.507999
      vertex 148.839 68.7164 0.507999
    endloop
  endfacet
  facet normal 0.896834 0.442363 0.00204622
    outer loop
      vertex 149.298 67.7475 8.79559
      vertex 148.839 68.7164 0.507999
      vertex 148.666 69.0288 8.79559
    endloop
  endfacet
  facet normal 0.857731 0.514097 -0.00147408
    outer loop
      vertex 148.666 69.0288 8.79559
      vertex 148.839 68.7164 0.507999
      vertex 148.288 69.6357 0.507999
    endloop
  endfacet
  facet normal 0.831379 0.555699 0.00277433
    outer loop
      vertex 148.666 69.0288 8.79559
      vertex 148.288 69.6357 0.507999
      vertex 147.872 70.2167 8.79559
    endloop
  endfacet
  facet normal 0.803424 0.595405 -0.00141249
    outer loop
      vertex 147.872 70.2167 8.79559
      vertex 148.288 69.6357 0.507999
      vertex 147.65 70.4966 0.507999
    endloop
  endfacet
  facet normal 0.751824 0.65936 0.00212967
    outer loop
      vertex 147.872 70.2167 8.79559
      vertex 147.65 70.4966 0.507999
      vertex 146.93 71.2908 8.7956
    endloop
  endfacet
  facet normal 0.740868 0.671651 0
    outer loop
      vertex 146.93 71.2908 8.7956
      vertex 147.65 70.4966 0.507999
      vertex 146.93 71.2908 0.507999
    endloop
  endfacet
  facet normal 0.67159 0.740923 0
    outer loop
      vertex 146.93 71.2908 8.7956
      vertex 146.93 71.2908 0.507999
      vertex 146.136 72.0105 0.507999
    endloop
  endfacet
  facet normal 0.659395 0.751794 0.0021124
    outer loop
      vertex 146.93 71.2908 8.7956
      vertex 146.136 72.0105 0.507999
      vertex 145.856 72.2328 8.7956
    endloop
  endfacet
  facet normal 0.595662 0.803234 -0.00142063
    outer loop
      vertex 145.856 72.2328 8.7956
      vertex 146.136 72.0105 0.507999
      vertex 145.275 72.649 0.507999
    endloop
  endfacet
  facet normal 0.55557 0.831465 0.00280777
    outer loop
      vertex 145.856 72.2328 8.7956
      vertex 145.275 72.649 0.507999
      vertex 144.668 73.0266 8.7956
    endloop
  endfacet
  facet normal 0.514358 0.857574 -0.00140026
    outer loop
      vertex 144.668 73.0266 8.7956
      vertex 145.275 72.649 0.507999
      vertex 144.356 73.2002 0.507999
    endloop
  endfacet
  facet normal 0.442333 0.896848 0.0021339
    outer loop
      vertex 144.668 73.0266 8.7956
      vertex 144.356 73.2002 0.507999
      vertex 143.387 73.6584 8.7956
    endloop
  endfacet
  facet normal 0.427477 0.904026 0
    outer loop
      vertex 143.387 73.6584 8.7956
      vertex 144.356 73.2002 0.507999
      vertex 143.387 73.6584 0.507999
    endloop
  endfacet
  facet normal 0.336951 0.941522 0
    outer loop
      vertex 143.387 73.6584 8.7956
      vertex 143.387 73.6584 0.507999
      vertex 142.378 74.0195 0.507999
    endloop
  endfacet
  facet normal 0.32145 0.946924 0.00212256
    outer loop
      vertex 143.387 73.6584 8.7956
      vertex 142.378 74.0195 0.507999
      vertex 142.034 74.1177 8.7956
    endloop
  endfacet
  facet normal 0.242974 0.970032 -0.00140861
    outer loop
      vertex 142.034 74.1177 8.7956
      vertex 142.378 74.0195 0.507999
      vertex 141.338 74.28 0.507999
    endloop
  endfacet
  facet normal 0.195106 0.980778 0.00282191
    outer loop
      vertex 142.034 74.1177 8.7956
      vertex 141.338 74.28 0.507999
      vertex 140.633 74.3964 8.7956
    endloop
  endfacet
  facet normal 0.146697 0.98918 -0.00141404
    outer loop
      vertex 140.633 74.3964 8.7956
      vertex 141.338 74.28 0.507999
      vertex 140.278 74.4372 0.507999
    endloop
  endfacet
  facet normal 0.0654274 0.997855 0.00210987
    outer loop
      vertex 140.633 74.3964 8.7956
      vertex 140.278 74.4372 0.507999
      vertex 139.207 74.4899 8.7956
    endloop
  endfacet
  facet normal 0.0491469 0.998792 0
    outer loop
      vertex 139.207 74.4899 8.7956
      vertex 140.278 74.4372 0.507999
      vertex 139.207 74.4899 0.507999
    endloop
  endfacet
  facet normal -0.0491698 0.99879 0
    outer loop
      vertex 10.922 74.4902 0.507999
      vertex 9.8515 74.4375 0.507999
      vertex 10.922 74.4902 8.7956
    endloop
  endfacet
  facet normal -0.0653773 0.997858 0.00209944
    outer loop
      vertex 10.922 74.4902 8.7956
      vertex 9.8515 74.4375 0.507999
      vertex 9.49643 74.3968 8.7956
    endloop
  endfacet
  facet normal -0.146665 0.989185 -0.0014258
    outer loop
      vertex 9.49643 74.3968 8.7956
      vertex 9.8515 74.4375 0.507999
      vertex 8.79126 74.2803 0.507999
    endloop
  endfacet
  facet normal -0.195075 0.980784 0.00281137
    outer loop
      vertex 9.49643 74.3968 8.7956
      vertex 8.79126 74.2803 0.507999
      vertex 8.0952 74.1181 8.7956
    endloop
  endfacet
  facet normal -0.242952 0.970037 -0.00142013
    outer loop
      vertex 8.0952 74.1181 8.7956
      vertex 8.79126 74.2803 0.507999
      vertex 7.75156 74.0199 0.507999
    endloop
  endfacet
  facet normal -0.321484 0.946913 0.00211015
    outer loop
      vertex 8.0952 74.1181 8.7956
      vertex 7.75156 74.0199 0.507999
      vertex 6.74236 73.6588 8.7956
    endloop
  endfacet
  facet normal -0.336901 0.94154 -1.21954e-06
    outer loop
      vertex 6.74236 73.6588 8.7956
      vertex 7.75156 74.0199 0.507999
      vertex 6.74239 73.6588 0.507999
    endloop
  endfacet
  facet normal -0.427487 0.904021 -1.54745e-06
    outer loop
      vertex 6.74236 73.6588 8.7956
      vertex 6.74239 73.6588 0.507999
      vertex 5.77342 73.2006 0.507999
    endloop
  endfacet
  facet normal -0.442292 0.896868 0.0021248
    outer loop
      vertex 6.74236 73.6588 8.7956
      vertex 5.77342 73.2006 0.507999
      vertex 5.46101 73.0269 8.7956
    endloop
  endfacet
  facet normal -0.514263 0.857631 -0.0014106
    outer loop
      vertex 5.46101 73.0269 8.7956
      vertex 5.77342 73.2006 0.507999
      vertex 4.85419 72.6494 0.507999
    endloop
  endfacet
  facet normal -0.555557 0.831474 0.00280441
    outer loop
      vertex 5.46101 73.0269 8.7956
      vertex 4.85419 72.6494 0.507999
      vertex 4.27312 72.2332 8.7956
    endloop
  endfacet
  facet normal -0.595707 0.803201 -0.00143045
    outer loop
      vertex 4.27312 72.2332 8.7956
      vertex 4.85419 72.6494 0.507999
      vertex 3.99329 72.0109 0.507999
    endloop
  endfacet
  facet normal -0.65935 0.751834 0.00209629
    outer loop
      vertex 4.27312 72.2332 8.7956
      vertex 3.99329 72.0109 0.507999
      vertex 3.19899 71.2912 8.7956
    endloop
  endfacet
  facet normal -0.671399 0.741096 8.94222e-06
    outer loop
      vertex 3.19899 71.2912 8.7956
      vertex 3.99329 72.0109 0.507999
      vertex 3.19899 71.2913 0.507999
    endloop
  endfacet
  facet normal -0.741073 0.671425 8.10156e-06
    outer loop
      vertex 3.19899 71.2912 8.7956
      vertex 3.19899 71.2913 0.507999
      vertex 2.47934 70.497 0.507999
    endloop
  endfacet
  facet normal -0.751828 0.659356 0.0020986
    outer loop
      vertex 3.19899 71.2912 8.7956
      vertex 2.47934 70.497 0.507999
      vertex 2.257 70.2171 8.79559
    endloop
  endfacet
  facet normal -0.803205 0.595701 -0.00142962
    outer loop
      vertex 2.257 70.2171 8.79559
      vertex 2.47934 70.497 0.507999
      vertex 1.84085 69.6361 0.507999
    endloop
  endfacet
  facet normal -0.831466 0.555568 0.00280292
    outer loop
      vertex 2.257 70.2171 8.79559
      vertex 1.84085 69.6361 0.507999
      vertex 1.46327 69.0292 8.79559
    endloop
  endfacet
  facet normal -0.857653 0.514228 -0.0014175
    outer loop
      vertex 1.46327 69.0292 8.79559
      vertex 1.84085 69.6361 0.507999
      vertex 1.28966 68.7168 0.507999
    endloop
  endfacet
  facet normal -0.896867 0.442295 0.00211547
    outer loop
      vertex 1.46327 69.0292 8.79559
      vertex 1.28966 68.7168 0.507999
      vertex 0.83139 67.7479 8.79559
    endloop
  endfacet
  facet normal -0.904227 0.427052 -7.35874e-05
    outer loop
      vertex 0.83139 67.7479 8.79559
      vertex 1.28966 68.7168 0.507999
      vertex 0.83197 67.7477 0.507999
    endloop
  endfacet
  facet normal -0.941798 0.33618 -7.40238e-05
    outer loop
      vertex 0.83139 67.7479 8.79559
      vertex 0.83197 67.7477 0.507999
      vertex 0.471695 66.7384 0.507999
    endloop
  endfacet
  facet normal -0.946933 0.321427 0.0019459
    outer loop
      vertex 0.83139 67.7479 8.79559
      vertex 0.471695 66.7384 0.507999
      vertex 0.372162 66.395 8.79559
    endloop
  endfacet
  facet normal -0.970035 0.242959 -0.00158292
    outer loop
      vertex 0.372162 66.395 8.79559
      vertex 0.471695 66.7384 0.507999
      vertex 0.211288 65.6987 0.507999
    endloop
  endfacet
  facet normal -0.980782 0.19509 0.00264743
    outer loop
      vertex 0.372162 66.395 8.79559
      vertex 0.211288 65.6987 0.507999
      vertex 0.0934448 64.9938 8.79559
    endloop
  endfacet
  facet normal -0.989067 0.14746 -0.0015216
    outer loop
      vertex 0.0934448 64.9938 8.79559
      vertex 0.211288 65.6987 0.507999
      vertex 0.0532379 64.6386 0.507999
    endloop
  endfacet
  facet normal -0.997857 0.0654072 0.00203776
    outer loop
      vertex 0.0934448 64.9938 8.79559
      vertex 0.0532379 64.6386 0.507999
      vertex 0 63.5682 8.79558
    endloop
  endfacet
  facet normal -0.998765 0.0496751 0
    outer loop
      vertex 0 63.5682 8.79558
      vertex 0.0532379 64.6386 0.507999
      vertex 0 63.5682 0.507999
    endloop
  endfacet
  facet normal -1 0 0
    outer loop
      vertex 0 54.238 7.50207
      vertex 0 53.5357 7.59251
      vertex 0 63.5682 8.79558
    endloop
  endfacet
  facet normal -1 0 0
    outer loop
      vertex 0 63.5682 8.79558
      vertex 0 53.5357 7.59251
      vertex 0 48.9819 7.59251
    endloop
  endfacet
  facet normal -1 0 0
    outer loop
      vertex 0 63.5682 8.79558
      vertex 0 48.9819 7.59251
      vertex 0 41.255 7.83127
    endloop
  endfacet
  facet normal -1 0 0
    outer loop
      vertex 0 41.255 7.83127
      vertex 0 48.9819 7.59251
      vertex 0 41.965 7.7378
    endloop
  endfacet
  facet normal -1 0 0
    outer loop
      vertex 0 41.965 7.7378
      vertex 0 48.9819 7.59251
      vertex 0 48.1963 7.48908
    endloop
  endfacet
  facet normal -1 0 0
    outer loop
      vertex 0 41.965 7.7378
      vertex 0 48.1963 7.48908
      vertex 0 42.6266 7.46375
    endloop
  endfacet
  facet normal -1 0 0
    outer loop
      vertex 0 42.6266 7.46375
      vertex 0 48.1963 7.48908
      vertex 0 47.4643 7.18585
    endloop
  endfacet
  facet normal -1 0 0
    outer loop
      vertex 0 42.6266 7.46375
      vertex 0 47.4643 7.18585
      vertex 0 43.1948 7.02781
    endloop
  endfacet
  facet normal -1 0 0
    outer loop
      vertex 0 43.1948 7.02781
      vertex 0 47.4643 7.18585
      vertex 0 46.8357 6.70349
    endloop
  endfacet
  facet normal -1 0 0
    outer loop
      vertex 0 43.1948 7.02781
      vertex 0 46.8357 6.70349
      vertex 0 43.6307 6.45967
    endloop
  endfacet
  facet normal -1 0 0
    outer loop
      vertex 0 43.6307 6.45967
      vertex 0 46.8357 6.70349
      vertex 0 46.3533 6.07486
    endloop
  endfacet
  facet normal -1 0 0
    outer loop
      vertex 0 43.6307 6.45967
      vertex 0 46.3533 6.07486
      vertex 0 43.9048 5.79806
    endloop
  endfacet
  facet normal -1 0 0
    outer loop
      vertex 0 43.9048 5.79806
      vertex 0 46.3533 6.07486
      vertex 0 46.0501 5.3428
    endloop
  endfacet
  facet normal -1 0 0
    outer loop
      vertex 0 43.9048 5.79806
      vertex 0 46.0501 5.3428
      vertex 0 43.9982 5.08807
    endloop
  endfacet
  facet normal -1 0 0
    outer loop
      vertex 0 43.9982 5.08807
      vertex 0 46.0501 5.3428
      vertex 0 45.9466 4.55721
    endloop
  endfacet
  facet normal -1 0 0
    outer loop
      vertex 0 43.9982 5.08807
      vertex 0 45.9466 4.55721
      vertex 0 43.9982 4.02635
    endloop
  endfacet
  facet normal -1 0 0
    outer loop
      vertex 0 43.9982 4.02635
      vertex 0 45.9466 4.55721
      vertex 0 46.0501 3.77162
    endloop
  endfacet
  facet normal -1 0 -0
    outer loop
      vertex 0 43.9982 4.02635
      vertex 0 46.0501 3.77162
      vertex 0 43.9048 3.31636
    endloop
  endfacet
  facet normal -1 0 0
    outer loop
      vertex 0 43.9048 3.31636
      vertex 0 46.0501 3.77162
      vertex 0 46.3533 3.03956
    endloop
  endfacet
  facet normal -1 0 -0
    outer loop
      vertex 0 43.9048 3.31636
      vertex 0 46.3533 3.03956
      vertex 0 43.6307 2.65475
    endloop
  endfacet
  facet normal -1 0 0
    outer loop
      vertex 0 43.6307 2.65475
      vertex 0 46.3533 3.03956
      vertex 0 46.8357 2.41093
    endloop
  endfacet
  facet normal -1 0 -0
    outer loop
      vertex 0 43.6307 2.65475
      vertex 0 46.8357 2.41093
      vertex 0 43.1948 2.08661
    endloop
  endfacet
  facet normal -1 0 0
    outer loop
      vertex 0 43.1948 2.08661
      vertex 0 46.8357 2.41093
      vertex 0 47.4643 1.92857
    endloop
  endfacet
  facet normal -1 0 -0
    outer loop
      vertex 0 43.1948 2.08661
      vertex 0 47.4643 1.92857
      vertex 0 42.6266 1.65067
    endloop
  endfacet
  facet normal -1 0 0
    outer loop
      vertex 0 42.6266 1.65067
      vertex 0 47.4643 1.92857
      vertex 0 48.1963 1.62534
    endloop
  endfacet
  facet normal -1 0 -0
    outer loop
      vertex 0 42.6266 1.65067
      vertex 0 48.1963 1.62534
      vertex 0 41.965 1.37662
    endloop
  endfacet
  facet normal -1 0 0
    outer loop
      vertex 0 41.965 1.37662
      vertex 0 48.1963 1.62534
      vertex 0 48.9819 1.52192
    endloop
  endfacet
  facet normal -1 0 -0
    outer loop
      vertex 0 41.965 1.37662
      vertex 0 48.9819 1.52192
      vertex 0 41.255 1.28315
    endloop
  endfacet
  facet normal -1 0 0
    outer loop
      vertex 0 41.255 1.28315
      vertex 0 48.9819 1.52192
      vertex 0 63.5682 0.507999
    endloop
  endfacet
  facet normal -1 -2.94093e-07 -8.46566e-06
    outer loop
      vertex 0 41.255 1.28315
      vertex 0 63.5682 0.507999
      vertex 1.52588e-05 11.684 0.507999
    endloop
  endfacet
  facet normal -1 0 0
    outer loop
      vertex 0 48.9819 1.52192
      vertex 0 53.5357 1.52192
      vertex 0 63.5682 0.507999
    endloop
  endfacet
  facet normal -1 0 0
    outer loop
      vertex 0 63.5682 0.507999
      vertex 0 53.5357 1.52192
      vertex 0 54.238 1.61236
    endloop
  endfacet
  facet normal -1 0 0
    outer loop
      vertex 0 63.5682 0.507999
      vertex 0 54.238 1.61236
      vertex 0 54.8871 1.87785
    endloop
  endfacet
  facet normal -1 0 0
    outer loop
      vertex 0 54.8871 1.87785
      vertex 0 55.4413 2.30131
      vertex 0 63.5682 0.507999
    endloop
  endfacet
  facet normal -1 0 0
    outer loop
      vertex 0 63.5682 0.507999
      vertex 0 55.4413 2.30131
      vertex 0 55.8647 2.85545
    endloop
  endfacet
  facet normal -1 0 0
    outer loop
      vertex 0 63.5682 0.507999
      vertex 0 55.8647 2.85545
      vertex 0 56.1302 3.50459
    endloop
  endfacet
  facet normal -1 0 0
    outer loop
      vertex 0 56.1302 3.50459
      vertex 0 56.2207 4.20693
      vertex 0 63.5682 0.507999
    endloop
  endfacet
  facet normal -1 0 0
    outer loop
      vertex 0 63.5682 0.507999
      vertex 0 56.2207 4.20693
      vertex 0 56.2207 4.9075
    endloop
  endfacet
  facet normal -1 0 0
    outer loop
      vertex 0 63.5682 0.507999
      vertex 0 56.2207 4.9075
      vertex 0 63.5682 8.79558
    endloop
  endfacet
  facet normal -1 0 0
    outer loop
      vertex 0 63.5682 8.79558
      vertex 0 56.2207 4.9075
      vertex 0 56.1302 5.60984
    endloop
  endfacet
  facet normal -1 0 0
    outer loop
      vertex 0 63.5682 8.79558
      vertex 0 56.1302 5.60984
      vertex 0 55.8647 6.25898
    endloop
  endfacet
  facet normal -1 0 0
    outer loop
      vertex 0 55.8647 6.25898
      vertex 0 55.4413 6.81312
      vertex 0 63.5682 8.79558
    endloop
  endfacet
  facet normal -1 0 0
    outer loop
      vertex 0 63.5682 8.79558
      vertex 0 55.4413 6.81312
      vertex 0 54.8871 7.23658
    endloop
  endfacet
  facet normal -1 0 0
    outer loop
      vertex 0 63.5682 8.79558
      vertex 0 54.8871 7.23658
      vertex 0 54.238 7.50207
    endloop
  endfacet
  facet normal -1 -1.6748e-06 -7.85028e-06
    outer loop
      vertex 1.52588e-05 17.2766 7.60235
      vertex 1.52588e-05 11.684 8.79549
      vertex 0 26.3698 7.60611
    endloop
  endfacet
  facet normal -1 -2.78133e-07 9.39497e-06
    outer loop
      vertex 0 26.3698 7.60611
      vertex 1.52588e-05 11.684 8.79549
      vertex 0 33.9754 7.83127
    endloop
  endfacet
  facet normal -1 0 0
    outer loop
      vertex 0 26.3698 7.60611
      vertex 0 33.9754 7.83127
      vertex 0 33.2654 7.7378
    endloop
  endfacet
  facet normal -1 -0 0
    outer loop
      vertex 1.52588e-05 17.2766 7.60235
      vertex 1.52588e-05 16.4878 7.49816
      vertex 1.52588e-05 11.684 8.79549
    endloop
  endfacet
  facet normal -1 0 0
    outer loop
      vertex 1.52588e-05 11.684 8.79549
      vertex 1.52588e-05 16.4878 7.49816
      vertex 1.52588e-05 15.7528 7.19336
    endloop
  endfacet
  facet normal -1 0 0
    outer loop
      vertex 1.52588e-05 11.684 8.79549
      vertex 1.52588e-05 15.7528 7.19336
      vertex 1.52588e-05 15.1217 6.70872
    endloop
  endfacet
  facet normal -1 -0 0
    outer loop
      vertex 1.52588e-05 15.1217 6.70872
      vertex 1.52588e-05 14.6376 6.07726
      vertex 1.52588e-05 11.684 8.79549
    endloop
  endfacet
  facet normal -1 0 0
    outer loop
      vertex 1.52588e-05 11.684 8.79549
      vertex 1.52588e-05 14.6376 6.07726
      vertex 1.52588e-05 14.3334 5.34201
    endloop
  endfacet
  facet normal -1 0 0
    outer loop
      vertex 1.52588e-05 11.684 8.79549
      vertex 1.52588e-05 14.3334 5.34201
      vertex 1.52588e-05 14.2299 4.55309
    endloop
  endfacet
  facet normal -1 0 0
    outer loop
      vertex 1.52588e-05 11.684 8.79549
      vertex 1.52588e-05 14.2299 4.55309
      vertex 1.52588e-05 11.684 0.507999
    endloop
  endfacet
  facet normal -1 0 0
    outer loop
      vertex 1.52588e-05 11.684 0.507999
      vertex 1.52588e-05 14.2299 4.55309
      vertex 1.52588e-05 14.3341 3.76425
    endloop
  endfacet
  facet normal -1 0 0
    outer loop
      vertex 1.52588e-05 11.684 0.507999
      vertex 1.52588e-05 14.3341 3.76425
      vertex 1.52588e-05 14.6389 3.02926
    endloop
  endfacet
  facet normal -1 0 -0
    outer loop
      vertex 1.52588e-05 14.6389 3.02926
      vertex 1.52588e-05 15.1235 2.3982
      vertex 1.52588e-05 11.684 0.507999
    endloop
  endfacet
  facet normal -1 0 0
    outer loop
      vertex 1.52588e-05 11.684 0.507999
      vertex 1.52588e-05 15.1235 2.3982
      vertex 1.52588e-05 15.755 1.91407
    endloop
  endfacet
  facet normal -1 0 0
    outer loop
      vertex 1.52588e-05 11.684 0.507999
      vertex 1.52588e-05 15.755 1.91407
      vertex 1.52588e-05 16.4902 1.60988
    endloop
  endfacet
  facet normal -1 0 -0
    outer loop
      vertex 1.52588e-05 16.4902 1.60988
      vertex 1.52588e-05 17.2791 1.50635
      vertex 1.52588e-05 11.684 0.507999
    endloop
  endfacet
  facet normal -1 -1.68192e-06 9.42608e-06
    outer loop
      vertex 1.52588e-05 11.684 0.507999
      vertex 1.52588e-05 17.2791 1.50635
      vertex 0 26.3724 1.51011
    endloop
  endfacet
  facet normal -1 -3.16189e-07 -1.05921e-05
    outer loop
      vertex 1.52588e-05 11.684 0.507999
      vertex 0 26.3724 1.51011
      vertex 0 33.9754 1.28315
    endloop
  endfacet
  facet normal -1 0 0
    outer loop
      vertex 0 33.9754 1.28315
      vertex 0 26.3724 1.51011
      vertex 0 33.2654 1.37662
    endloop
  endfacet
  facet normal -1 0 0
    outer loop
      vertex 0 33.2654 1.37662
      vertex 0 26.3724 1.51011
      vertex 0 27.1612 1.61429
    endloop
  endfacet
  facet normal -1 0 0
    outer loop
      vertex 0 33.2654 1.37662
      vertex 0 27.1612 1.61429
      vertex 0 32.6038 1.65067
    endloop
  endfacet
  facet normal -1 -0 0
    outer loop
      vertex 0 32.6038 1.65067
      vertex 0 27.1612 1.61429
      vertex 0 27.8962 1.91909
    endloop
  endfacet
  facet normal -1 0 0
    outer loop
      vertex 0 32.6038 1.65067
      vertex 0 27.8962 1.91909
      vertex 0 32.0357 2.08661
    endloop
  endfacet
  facet normal -1 -0 0
    outer loop
      vertex 0 32.0357 2.08661
      vertex 0 27.8962 1.91909
      vertex 0 28.5273 2.40374
    endloop
  endfacet
  facet normal -1 0 0
    outer loop
      vertex 0 32.0357 2.08661
      vertex 0 28.5273 2.40374
      vertex 0 31.5997 2.65475
    endloop
  endfacet
  facet normal -1 -0 0
    outer loop
      vertex 0 31.5997 2.65475
      vertex 0 28.5273 2.40374
      vertex 0 29.0114 3.0352
    endloop
  endfacet
  facet normal -1 0 0
    outer loop
      vertex 0 31.5997 2.65475
      vertex 0 29.0114 3.0352
      vertex 0 31.3257 3.31636
    endloop
  endfacet
  facet normal -1 -0 0
    outer loop
      vertex 0 31.3257 3.31636
      vertex 0 29.0114 3.0352
      vertex 0 29.3156 3.77045
    endloop
  endfacet
  facet normal -1 0 0
    outer loop
      vertex 0 31.3257 3.31636
      vertex 0 29.3156 3.77045
      vertex 0 31.2322 4.02635
    endloop
  endfacet
  facet normal -1 -0 0
    outer loop
      vertex 0 31.2322 4.02635
      vertex 0 29.3156 3.77045
      vertex 0 29.4191 4.55937
    endloop
  endfacet
  facet normal -1 0 0
    outer loop
      vertex 0 31.2322 4.02635
      vertex 0 29.4191 4.55937
      vertex 0 31.2322 5.08807
    endloop
  endfacet
  facet normal -1 -0 0
    outer loop
      vertex 0 31.2322 5.08807
      vertex 0 29.4191 4.55937
      vertex 0 29.3149 5.34821
    endloop
  endfacet
  facet normal -1 0 0
    outer loop
      vertex 0 31.2322 5.08807
      vertex 0 29.3149 5.34821
      vertex 0 31.3257 5.79806
    endloop
  endfacet
  facet normal -1 -0 0
    outer loop
      vertex 0 31.3257 5.79806
      vertex 0 29.3149 5.34821
      vertex 0 29.0101 6.0832
    endloop
  endfacet
  facet normal -1 0 0
    outer loop
      vertex 0 31.3257 5.79806
      vertex 0 29.0101 6.0832
      vertex 0 31.5997 6.45967
    endloop
  endfacet
  facet normal -1 -0 0
    outer loop
      vertex 0 31.5997 6.45967
      vertex 0 29.0101 6.0832
      vertex 0 28.5255 6.71426
    endloop
  endfacet
  facet normal -1 0 0
    outer loop
      vertex 0 31.5997 6.45967
      vertex 0 28.5255 6.71426
      vertex 0 32.0357 7.02781
    endloop
  endfacet
  facet normal -1 -0 0
    outer loop
      vertex 0 32.0357 7.02781
      vertex 0 28.5255 6.71426
      vertex 0 27.894 7.19839
    endloop
  endfacet
  facet normal -1 0 0
    outer loop
      vertex 0 32.0357 7.02781
      vertex 0 27.894 7.19839
      vertex 0 32.6038 7.46375
    endloop
  endfacet
  facet normal -1 -0 0
    outer loop
      vertex 0 32.6038 7.46375
      vertex 0 27.894 7.19839
      vertex 0 27.1588 7.50258
    endloop
  endfacet
  facet normal -1 0 0
    outer loop
      vertex 0 32.6038 7.46375
      vertex 0 27.1588 7.50258
      vertex 0 33.2654 7.7378
    endloop
  endfacet
  facet normal -1 0 0
    outer loop
      vertex 0 33.2654 7.7378
      vertex 0 27.1588 7.50258
      vertex 0 26.3698 7.60611
    endloop
  endfacet
  facet normal -1 0 1.5825e-05
    outer loop
      vertex 0 33.9754 7.83127
      vertex 1.52588e-05 11.684 8.79549
      vertex 0 41.255 7.83127
    endloop
  endfacet
  facet normal -1 -2.94105e-07 6.80531e-06
    outer loop
      vertex 0 41.255 7.83127
      vertex 1.52588e-05 11.684 8.79549
      vertex 0 63.5682 8.79558
    endloop
  endfacet
  facet normal -1 0 -1.96849e-05
    outer loop
      vertex 0 33.9754 1.28315
      vertex 0 41.255 1.28315
      vertex 1.52588e-05 11.684 0.507999
    endloop
  endfacet
  facet normal 0 0 -1
    outer loop
      vertex 114.45 11.0797 0
      vertex 76.4305 30.0715 0
      vertex 114.351 12.3353 0
    endloop
  endfacet
  facet normal 0 0 -1
    outer loop
      vertex 114.351 12.3353 0
      vertex 76.4305 30.0715 0
      vertex 77.4156 30.1738 0
    endloop
  endfacet
  facet normal 0 0 -1
    outer loop
      vertex 114.351 12.3353 0
      vertex 77.4156 30.1738 0
      vertex 78.3038 30.4098 0
    endloop
  endfacet
  facet normal -0 -0 -1
    outer loop
      vertex 76.4305 30.0715 0
      vertex 114.45 11.0797 0
      vertex 75.4336 30.1106 0
    endloop
  endfacet
  facet normal 0 0 -1
    outer loop
      vertex 75.4336 30.1106 0
      vertex 114.45 11.0797 0
      vertex 114.744 9.85501 0
    endloop
  endfacet
  facet normal 0 -0 -1
    outer loop
      vertex 75.4336 30.1106 0
      vertex 114.744 9.85501 0
      vertex 10.922 1.27 0
    endloop
  endfacet
  facet normal 0 0 -1
    outer loop
      vertex 10.922 1.27 0
      vertex 114.744 9.85501 0
      vertex 115.226 8.6914 0
    endloop
  endfacet
  facet normal 0 0 -1
    outer loop
      vertex 10.922 1.27 0
      vertex 115.226 8.6914 0
      vertex 115.884 7.61751 0
    endloop
  endfacet
  facet normal 0 -0 -1
    outer loop
      vertex 115.884 7.61751 0
      vertex 116.702 6.65979 0
      vertex 10.922 1.27 0
    endloop
  endfacet
  facet normal 0 0 -1
    outer loop
      vertex 10.922 1.27 0
      vertex 116.702 6.65979 0
      vertex 117.66 5.84182 0
    endloop
  endfacet
  facet normal 0 0 -1
    outer loop
      vertex 10.922 1.27 0
      vertex 117.66 5.84182 0
      vertex 118.734 5.18373 0
    endloop
  endfacet
  facet normal 0 -0 -1
    outer loop
      vertex 118.734 5.18373 0
      vertex 119.897 4.70174 0
      vertex 10.922 1.27 0
    endloop
  endfacet
  facet normal 0 0 -1
    outer loop
      vertex 10.922 1.27 0
      vertex 119.897 4.70174 0
      vertex 121.122 4.40772 0
    endloop
  endfacet
  facet normal 0 0 -1
    outer loop
      vertex 10.922 1.27 0
      vertex 121.122 4.40772 0
      vertex 139.207 1.27 0
    endloop
  endfacet
  facet normal 0 0 -1
    outer loop
      vertex 139.207 1.27 0
      vertex 121.122 4.40772 0
      vertex 122.378 4.30891 0
    endloop
  endfacet
  facet normal 0 0 -1
    outer loop
      vertex 139.207 1.27 0
      vertex 122.378 4.30891 0
      vertex 138.68 4.30891 0
    endloop
  endfacet
  facet normal 0 -0 -1
    outer loop
      vertex 139.935 4.40772 0
      vertex 141.238 1.47147 0
      vertex 138.68 4.30891 0
    endloop
  endfacet
  facet normal 0 0 -1
    outer loop
      vertex 138.68 4.30891 0
      vertex 141.238 1.47147 0
      vertex 140.227 1.32076 0
    endloop
  endfacet
  facet normal 0 0 -1
    outer loop
      vertex 138.68 4.30891 0
      vertex 140.227 1.32076 0
      vertex 139.207 1.27 0
    endloop
  endfacet
  facet normal 0 -0 -1
    outer loop
      vertex 141.16 4.70174 0
      vertex 144.116 2.49967 0
      vertex 139.935 4.40772 0
    endloop
  endfacet
  facet normal 0 0 -1
    outer loop
      vertex 139.935 4.40772 0
      vertex 144.116 2.49967 0
      vertex 143.192 2.06327 0
    endloop
  endfacet
  facet normal 0 0 -1
    outer loop
      vertex 139.935 4.40772 0
      vertex 143.192 2.06327 0
      vertex 142.229 1.71975 0
    endloop
  endfacet
  facet normal 0 -0 -1
    outer loop
      vertex 142.324 5.18373 0
      vertex 145.813 3.634 0
      vertex 141.16 4.70174 0
    endloop
  endfacet
  facet normal 0 0 -1
    outer loop
      vertex 141.16 4.70174 0
      vertex 145.813 3.634 0
      vertex 144.992 3.02522 0
    endloop
  endfacet
  facet normal 0 0 -1
    outer loop
      vertex 141.16 4.70174 0
      vertex 144.992 3.02522 0
      vertex 144.116 2.49967 0
    endloop
  endfacet
  facet normal 0 0 -1
    outer loop
      vertex 145.813 3.634 0
      vertex 142.324 5.18373 0
      vertex 146.57 4.32017 0
    endloop
  endfacet
  facet normal 0 0 -1
    outer loop
      vertex 146.57 4.32017 0
      vertex 142.324 5.18373 0
      vertex 143.398 5.84182 0
    endloop
  endfacet
  facet normal 0 0 -1
    outer loop
      vertex 146.57 4.32017 0
      vertex 143.398 5.84182 0
      vertex 147.257 5.07751 0
    endloop
  endfacet
  facet normal 0 0 -1
    outer loop
      vertex 147.257 5.07751 0
      vertex 143.398 5.84182 0
      vertex 144.355 6.65979 0
    endloop
  endfacet
  facet normal 0 0 -1
    outer loop
      vertex 147.257 5.07751 0
      vertex 144.355 6.65979 0
      vertex 147.865 5.89837 0
    endloop
  endfacet
  facet normal 0 0 -1
    outer loop
      vertex 147.865 5.89837 0
      vertex 144.355 6.65979 0
      vertex 148.391 6.77484 0
    endloop
  endfacet
  facet normal -0 0 -1
    outer loop
      vertex 148.391 6.77484 0
      vertex 144.355 6.65979 0
      vertex 145.173 7.61751 0
    endloop
  endfacet
  facet normal 0 0 -1
    outer loop
      vertex 148.391 6.77484 0
      vertex 145.173 7.61751 0
      vertex 148.828 7.69873 0
    endloop
  endfacet
  facet normal -0 0 -1
    outer loop
      vertex 148.828 7.69873 0
      vertex 145.173 7.61751 0
      vertex 145.831 8.6914 0
    endloop
  endfacet
  facet normal 0 0 -1
    outer loop
      vertex 148.828 7.69873 0
      vertex 145.831 8.6914 0
      vertex 149.172 8.66095 0
    endloop
  endfacet
  facet normal 0 0 -1
    outer loop
      vertex 149.172 8.66095 0
      vertex 145.831 8.6914 0
      vertex 146.313 9.85501 0
    endloop
  endfacet
  facet normal 0 0 -1
    outer loop
      vertex 149.172 8.66095 0
      vertex 146.313 9.85501 0
      vertex 149.421 9.65228 0
    endloop
  endfacet
  facet normal 0 0 -1
    outer loop
      vertex 149.421 9.65228 0
      vertex 146.313 9.85501 0
      vertex 149.57 10.6632 0
    endloop
  endfacet
  facet normal -0 0 -1
    outer loop
      vertex 149.57 10.6632 0
      vertex 146.313 9.85501 0
      vertex 146.607 11.0797 0
    endloop
  endfacet
  facet normal 0 0 -1
    outer loop
      vertex 149.57 10.6632 0
      vertex 146.607 11.0797 0
      vertex 149.621 11.6839 0
    endloop
  endfacet
  facet normal -0 0 -1
    outer loop
      vertex 149.621 11.6839 0
      vertex 146.607 11.0797 0
      vertex 146.706 12.3353 0
    endloop
  endfacet
  facet normal 0 0 -1
    outer loop
      vertex 149.621 11.6839 0
      vertex 146.706 12.3353 0
      vertex 146.706 27.8065 0
    endloop
  endfacet
  facet normal 0 0 -1
    outer loop
      vertex 146.706 27.8065 0
      vertex 146.607 29.0621 0
      vertex 149.621 11.6839 0
    endloop
  endfacet
  facet normal 0 0 -1
    outer loop
      vertex 149.621 11.6839 0
      vertex 146.607 29.0621 0
      vertex 149.621 63.5678 0
    endloop
  endfacet
  facet normal 0 0 -1
    outer loop
      vertex 149.621 63.5678 0
      vertex 146.607 29.0621 0
      vertex 146.313 30.2868 0
    endloop
  endfacet
  facet normal 0 0 -1
    outer loop
      vertex 149.621 63.5678 0
      vertex 146.313 30.2868 0
      vertex 145.831 31.4504 0
    endloop
  endfacet
  facet normal 0 0 -1
    outer loop
      vertex 145.831 31.4504 0
      vertex 145.173 32.5243 0
      vertex 149.621 63.5678 0
    endloop
  endfacet
  facet normal 0 0 -1
    outer loop
      vertex 149.621 63.5678 0
      vertex 145.173 32.5243 0
      vertex 144.355 33.482 0
    endloop
  endfacet
  facet normal 0 0 -1
    outer loop
      vertex 149.621 63.5678 0
      vertex 144.355 33.482 0
      vertex 143.398 34.3 0
    endloop
  endfacet
  facet normal 0 0 -1
    outer loop
      vertex 143.398 34.3 0
      vertex 142.324 34.958 0
      vertex 149.621 63.5678 0
    endloop
  endfacet
  facet normal 0 0 -1
    outer loop
      vertex 149.621 63.5678 0
      vertex 142.324 34.958 0
      vertex 141.16 35.44 0
    endloop
  endfacet
  facet normal 0 0 -1
    outer loop
      vertex 149.621 63.5678 0
      vertex 141.16 35.44 0
      vertex 139.935 35.7341 0
    endloop
  endfacet
  facet normal 0 0 -1
    outer loop
      vertex 139.935 35.7341 0
      vertex 138.68 35.8329 0
      vertex 149.621 63.5678 0
    endloop
  endfacet
  facet normal 0 0 -1
    outer loop
      vertex 149.621 63.5678 0
      vertex 138.68 35.8329 0
      vertex 122.378 35.8329 0
    endloop
  endfacet
  facet normal 0 0 -1
    outer loop
      vertex 149.621 63.5678 0
      vertex 122.378 35.8329 0
      vertex 121.122 35.7341 0
    endloop
  endfacet
  facet normal 0 0 -1
    outer loop
      vertex 149.621 63.5678 0
      vertex 121.122 35.7341 0
      vertex 85.2943 40.6707 0
    endloop
  endfacet
  facet normal 0 0 -1
    outer loop
      vertex 85.2943 40.6707 0
      vertex 121.122 35.7341 0
      vertex 119.897 35.44 0
    endloop
  endfacet
  facet normal 0 0 -1
    outer loop
      vertex 85.2943 40.6707 0
      vertex 119.897 35.44 0
      vertex 118.734 34.958 0
    endloop
  endfacet
  facet normal -0 0 -1
    outer loop
      vertex 118.734 34.958 0
      vertex 117.66 34.3 0
      vertex 85.2943 40.6707 0
    endloop
  endfacet
  facet normal 0 -0 -1
    outer loop
      vertex 85.2943 40.6707 0
      vertex 117.66 34.3 0
      vertex 85.2485 40.3107 0
    endloop
  endfacet
  facet normal 0 -0 -1
    outer loop
      vertex 85.2485 40.3107 0
      vertex 117.66 34.3 0
      vertex 85.1485 39.917 0
    endloop
  endfacet
  facet normal 0 0 -1
    outer loop
      vertex 85.1485 39.917 0
      vertex 117.66 34.3 0
      vertex 116.702 33.482 0
    endloop
  endfacet
  facet normal 0 -0 -1
    outer loop
      vertex 85.1485 39.917 0
      vertex 116.702 33.482 0
      vertex 84.86 39.2078 0
    endloop
  endfacet
  facet normal 0 -0 -1
    outer loop
      vertex 84.86 39.2078 0
      vertex 116.702 33.482 0
      vertex 84.4744 38.6093 0
    endloop
  endfacet
  facet normal 0 0 -1
    outer loop
      vertex 84.4744 38.6093 0
      vertex 116.702 33.482 0
      vertex 115.884 32.5243 0
    endloop
  endfacet
  facet normal 0 -0 -1
    outer loop
      vertex 84.4744 38.6093 0
      vertex 115.884 32.5243 0
      vertex 84.0476 38.1429 0
    endloop
  endfacet
  facet normal 0 0 -1
    outer loop
      vertex 84.0476 38.1429 0
      vertex 115.884 32.5243 0
      vertex 115.226 31.4504 0
    endloop
  endfacet
  facet normal 0 -0 -1
    outer loop
      vertex 84.0476 38.1429 0
      vertex 115.226 31.4504 0
      vertex 83.6107 37.7877 0
    endloop
  endfacet
  facet normal 0 -0 -1
    outer loop
      vertex 83.6107 37.7877 0
      vertex 115.226 31.4504 0
      vertex 81.2411 33.9147 0
    endloop
  endfacet
  facet normal 0 0 -1
    outer loop
      vertex 83.6107 37.7877 0
      vertex 81.2411 33.9147 0
      vertex 81.2249 34.7115 0
    endloop
  endfacet
  facet normal 0 -0 -1
    outer loop
      vertex 81.2411 33.9147 0
      vertex 115.226 31.4504 0
      vertex 81.0932 33.1322 0
    endloop
  endfacet
  facet normal 0 0 -1
    outer loop
      vertex 81.0932 33.1322 0
      vertex 115.226 31.4504 0
      vertex 114.744 30.2868 0
    endloop
  endfacet
  facet normal 0 -0 -1
    outer loop
      vertex 81.0932 33.1322 0
      vertex 114.744 30.2868 0
      vertex 80.7807 32.4013 0
    endloop
  endfacet
  facet normal 0 0 -1
    outer loop
      vertex 80.7807 32.4013 0
      vertex 114.744 30.2868 0
      vertex 114.45 29.0621 0
    endloop
  endfacet
  facet normal 0 -0 -1
    outer loop
      vertex 80.7807 32.4013 0
      vertex 114.45 29.0621 0
      vertex 80.3208 31.7491 0
    endloop
  endfacet
  facet normal 0 0 -1
    outer loop
      vertex 80.3208 31.7491 0
      vertex 114.45 29.0621 0
      vertex 114.351 27.8065 0
    endloop
  endfacet
  facet normal 0 -0 -1
    outer loop
      vertex 80.3208 31.7491 0
      vertex 114.351 27.8065 0
      vertex 79.7426 31.1971 0
    endloop
  endfacet
  facet normal 0 -0 -1
    outer loop
      vertex 79.7426 31.1971 0
      vertex 114.351 27.8065 0
      vertex 79.0736 30.7538 0
    endloop
  endfacet
  facet normal 0 -0 -1
    outer loop
      vertex 79.0736 30.7538 0
      vertex 114.351 27.8065 0
      vertex 78.3038 30.4098 0
    endloop
  endfacet
  facet normal 0 0 -1
    outer loop
      vertex 78.3038 30.4098 0
      vertex 114.351 27.8065 0
      vertex 114.351 12.3353 0
    endloop
  endfacet
  facet normal 0 0 -1
    outer loop
      vertex 79.1607 43.0907 0
      vertex 73.3926 43.4803 0
      vertex 79.6451 43.7635 0
    endloop
  endfacet
  facet normal -0 0 -1
    outer loop
      vertex 79.6451 43.7635 0
      vertex 73.3926 43.4803 0
      vertex 73.0032 44.2122 0
    endloop
  endfacet
  facet normal 0 0 -1
    outer loop
      vertex 79.6451 43.7635 0
      vertex 73.0032 44.2122 0
      vertex 139.207 73.9819 0
    endloop
  endfacet
  facet normal -0 0 -1
    outer loop
      vertex 139.207 73.9819 0
      vertex 73.0032 44.2122 0
      vertex 10.922 73.9822 0
    endloop
  endfacet
  facet normal 0 0 -1
    outer loop
      vertex 10.922 73.9822 0
      vertex 73.0032 44.2122 0
      vertex 72.6854 44.0968 0
    endloop
  endfacet
  facet normal 0 0 -1
    outer loop
      vertex 10.922 73.9822 0
      vertex 72.6854 44.0968 0
      vertex 72.2865 43.9321 0
    endloop
  endfacet
  facet normal 0 0 -1
    outer loop
      vertex 73.3926 43.4803 0
      vertex 79.1607 43.0907 0
      vertex 73.9358 42.8541 0
    endloop
  endfacet
  facet normal 0 0 -1
    outer loop
      vertex 73.9358 42.8541 0
      vertex 79.1607 43.0907 0
      vertex 78.5383 42.5431 0
    endloop
  endfacet
  facet normal 0 0 -1
    outer loop
      vertex 73.9358 42.8541 0
      vertex 78.5383 42.5431 0
      vertex 74.6051 42.365 0
    endloop
  endfacet
  facet normal 0 0 -1
    outer loop
      vertex 74.6051 42.365 0
      vertex 78.5383 42.5431 0
      vertex 77.8093 42.1486 0
    endloop
  endfacet
  facet normal 0 0 -1
    outer loop
      vertex 74.6051 42.365 0
      vertex 77.8093 42.1486 0
      vertex 75.3668 42.038 0
    endloop
  endfacet
  facet normal 0 0 -1
    outer loop
      vertex 75.3668 42.038 0
      vertex 77.8093 42.1486 0
      vertex 77.0105 41.9269 0
    endloop
  endfacet
  facet normal 0 0 -1
    outer loop
      vertex 75.3668 42.038 0
      vertex 77.0105 41.9269 0
      vertex 76.1824 41.8894 0
    endloop
  endfacet
  facet normal 0 -0 -1
    outer loop
      vertex 10.922 73.9822 0
      vertex 72.2865 43.9321 0
      vertex 0.507996 63.5682 0
    endloop
  endfacet
  facet normal 0 0 -1
    outer loop
      vertex 0.507996 63.5682 0
      vertex 72.2865 43.9321 0
      vertex 71.8257 43.7178 0
    endloop
  endfacet
  facet normal 0 0 -1
    outer loop
      vertex 0.507996 63.5682 0
      vertex 71.8257 43.7178 0
      vertex 71.3223 43.4537 0
    endloop
  endfacet
  facet normal -0 0 -1
    outer loop
      vertex 71.3223 43.4537 0
      vertex 70.2644 42.775 0
      vertex 0.507996 63.5682 0
    endloop
  endfacet
  facet normal 0 0 -1
    outer loop
      vertex 0.507996 63.5682 0
      vertex 70.2644 42.775 0
      vertex 69.7463 42.3579 0
    endloop
  endfacet
  facet normal 0 0 -1
    outer loop
      vertex 0.507996 63.5682 0
      vertex 69.7463 42.3579 0
      vertex 69.2531 41.8746 0
    endloop
  endfacet
  facet normal -0 0 -1
    outer loop
      vertex 69.2531 41.8746 0
      vertex 68.8437 41.3409 0
      vertex 0.507996 63.5682 0
    endloop
  endfacet
  facet normal 0 0 -1
    outer loop
      vertex 0.507996 63.5682 0
      vertex 68.8437 41.3409 0
      vertex 68.6081 40.8615 0
    endloop
  endfacet
  facet normal 0 0 -1
    outer loop
      vertex 0.507996 63.5682 0
      vertex 68.6081 40.8615 0
      vertex 68.5179 40.4688 0
    endloop
  endfacet
  facet normal -0 -0 -1
    outer loop
      vertex 68.5179 40.4688 0
      vertex 68.5191 40.1101 0
      vertex 0.507996 63.5682 0
    endloop
  endfacet
  facet normal 0 0 -1
    outer loop
      vertex 0.507996 63.5682 0
      vertex 68.5191 40.1101 0
      vertex 0.508011 11.684 0
    endloop
  endfacet
  facet normal 0 0 -1
    outer loop
      vertex 0.508011 11.684 0
      vertex 68.5191 40.1101 0
      vertex 68.5696 35.0472 0
    endloop
  endfacet
  facet normal 0 0 -1
    outer loop
      vertex 0.508011 11.684 0
      vertex 68.5696 35.0472 0
      vertex 68.5306 34.6624 0
    endloop
  endfacet
  facet normal 0 0 -1
    outer loop
      vertex 68.5191 40.1101 0
      vertex 68.5877 39.7694 0
      vertex 68.5696 35.0472 0
    endloop
  endfacet
  facet normal 0 0 -1
    outer loop
      vertex 68.5696 35.0472 0
      vertex 68.5877 39.7694 0
      vertex 68.6663 35.4277 0
    endloop
  endfacet
  facet normal 0 0 -1
    outer loop
      vertex 68.6663 35.4277 0
      vertex 68.5877 39.7694 0
      vertex 68.7018 39.4374 0
    endloop
  endfacet
  facet normal 0 0 -1
    outer loop
      vertex 68.6663 35.4277 0
      vertex 68.7018 39.4374 0
      vertex 68.942 36.2177 0
    endloop
  endfacet
  facet normal 0 0 -1
    outer loop
      vertex 68.942 36.2177 0
      vertex 68.7018 39.4374 0
      vertex 68.9803 38.7617 0
    endloop
  endfacet
  facet normal 0 0 -1
    outer loop
      vertex 68.942 36.2177 0
      vertex 68.9803 38.7617 0
      vertex 69.173 37.0927 0
    endloop
  endfacet
  facet normal 0 0 -1
    outer loop
      vertex 69.173 37.0927 0
      vertex 68.9803 38.7617 0
      vertex 69.2141 37.5434 0
    endloop
  endfacet
  facet normal 0 0 -1
    outer loop
      vertex 69.2141 37.5434 0
      vertex 68.9803 38.7617 0
      vertex 69.1877 37.9913 0
    endloop
  endfacet
  facet normal 0 -0 -1
    outer loop
      vertex 68.5306 34.6624 0
      vertex 68.5726 34.2614 0
      vertex 0.508011 11.684 0
    endloop
  endfacet
  facet normal 0 0 -1
    outer loop
      vertex 0.508011 11.684 0
      vertex 68.5726 34.2614 0
      vertex 68.7252 33.8245 0
    endloop
  endfacet
  facet normal 0 0 -1
    outer loop
      vertex 0.508011 11.684 0
      vertex 68.7252 33.8245 0
      vertex 68.8682 33.5668 0
    endloop
  endfacet
  facet normal 0 -0 -1
    outer loop
      vertex 68.8682 33.5668 0
      vertex 69.0747 33.2766 0
      vertex 0.508011 11.684 0
    endloop
  endfacet
  facet normal 0 0 -1
    outer loop
      vertex 0.508011 11.684 0
      vertex 69.0747 33.2766 0
      vertex 69.6256 32.6949 0
    endloop
  endfacet
  facet normal 0 0 -1
    outer loop
      vertex 0.508011 11.684 0
      vertex 69.6256 32.6949 0
      vertex 70.2523 32.1854 0
    endloop
  endfacet
  facet normal 0 -0 -1
    outer loop
      vertex 70.2523 32.1854 0
      vertex 70.927 31.7313 0
      vertex 0.508011 11.684 0
    endloop
  endfacet
  facet normal 0 0 -1
    outer loop
      vertex 0.508011 11.684 0
      vertex 70.927 31.7313 0
      vertex 71.7029 31.2907 0
    endloop
  endfacet
  facet normal 0 0 -1
    outer loop
      vertex 0.508011 11.684 0
      vertex 71.7029 31.2907 0
      vertex 72.5613 30.8854 0
    endloop
  endfacet
  facet normal 0 0 -1
    outer loop
      vertex 0.508011 11.684 0
      vertex 72.5613 30.8854 0
      vertex 10.922 1.27 0
    endloop
  endfacet
  facet normal 0 0 -1
    outer loop
      vertex 10.922 1.27 0
      vertex 72.5613 30.8854 0
      vertex 73.4824 30.5385 0
    endloop
  endfacet
  facet normal 0 0 -1
    outer loop
      vertex 10.922 1.27 0
      vertex 73.4824 30.5385 0
      vertex 74.446 30.273 0
    endloop
  endfacet
  facet normal 0 -0 -1
    outer loop
      vertex 74.446 30.273 0
      vertex 75.4336 30.1106 0
      vertex 10.922 1.27 0
    endloop
  endfacet
  facet normal 0 0 -1
    outer loop
      vertex 81.0811 35.4408 0
      vertex 82.9968 37.439 0
      vertex 81.2249 34.7115 0
    endloop
  endfacet
  facet normal 0 0 -1
    outer loop
      vertex 81.2249 34.7115 0
      vertex 82.9968 37.439 0
      vertex 83.3315 37.6093 0
    endloop
  endfacet
  facet normal 0 0 -1
    outer loop
      vertex 81.2249 34.7115 0
      vertex 83.3315 37.6093 0
      vertex 83.6107 37.7877 0
    endloop
  endfacet
  facet normal 0 0 -1
    outer loop
      vertex 82.9968 37.439 0
      vertex 81.0811 35.4408 0
      vertex 82.6077 37.2947 0
    endloop
  endfacet
  facet normal 0 0 -1
    outer loop
      vertex 82.6077 37.2947 0
      vertex 81.0811 35.4408 0
      vertex 80.8851 36.0364 0
    endloop
  endfacet
  facet normal 0 0 -1
    outer loop
      vertex 82.6077 37.2947 0
      vertex 80.8851 36.0364 0
      vertex 82.1932 37.199 0
    endloop
  endfacet
  facet normal 0 0 -1
    outer loop
      vertex 82.1932 37.199 0
      vertex 80.8851 36.0364 0
      vertex 80.7026 36.4989 0
    endloop
  endfacet
  facet normal 0 0 -1
    outer loop
      vertex 82.1932 37.199 0
      vertex 80.7026 36.4989 0
      vertex 81.3465 37.1702 0
    endloop
  endfacet
  facet normal 0 0 -1
    outer loop
      vertex 81.3465 37.1702 0
      vertex 80.7026 36.4989 0
      vertex 80.5677 36.8813 0
    endloop
  endfacet
  facet normal 0 0 -1
    outer loop
      vertex 81.3465 37.1702 0
      vertex 80.5677 36.8813 0
      vertex 80.5287 37.0568 0
    endloop
  endfacet
  facet normal 0 0 -1
    outer loop
      vertex 80.5287 37.0568 0
      vertex 80.5142 37.2268 0
      vertex 81.3465 37.1702 0
    endloop
  endfacet
  facet normal 0 0 -1
    outer loop
      vertex 81.3465 37.1702 0
      vertex 80.5142 37.2268 0
      vertex 80.5255 37.3959 0
    endloop
  endfacet
  facet normal 0 0 -1
    outer loop
      vertex 81.3465 37.1702 0
      vertex 80.5255 37.3959 0
      vertex 81.3368 37.532 0
    endloop
  endfacet
  facet normal -0 0 -1
    outer loop
      vertex 81.3368 37.532 0
      vertex 80.5255 37.3959 0
      vertex 80.5624 37.5736 0
    endloop
  endfacet
  facet normal 0 0 -1
    outer loop
      vertex 81.3368 37.532 0
      vertex 80.5624 37.5736 0
      vertex 81.382 37.891 0
    endloop
  endfacet
  facet normal -0 0 -1
    outer loop
      vertex 81.382 37.891 0
      vertex 80.5624 37.5736 0
      vertex 80.7003 37.9644 0
    endloop
  endfacet
  facet normal 0 0 -1
    outer loop
      vertex 81.382 37.891 0
      vertex 80.7003 37.9644 0
      vertex 81.4806 38.2407 0
    endloop
  endfacet
  facet normal -0 0 -1
    outer loop
      vertex 81.4806 38.2407 0
      vertex 80.7003 37.9644 0
      vertex 80.8902 38.4235 0
    endloop
  endfacet
  facet normal 0 0 -1
    outer loop
      vertex 81.4806 38.2407 0
      vertex 80.8902 38.4235 0
      vertex 81.6262 38.5731 0
    endloop
  endfacet
  facet normal -0 0 -1
    outer loop
      vertex 81.6262 38.5731 0
      vertex 80.8902 38.4235 0
      vertex 81.0904 38.9818 0
    endloop
  endfacet
  facet normal 0 0 -1
    outer loop
      vertex 81.6262 38.5731 0
      vertex 81.0904 38.9818 0
      vertex 82.031 39.182 0
    endloop
  endfacet
  facet normal -0 0 -1
    outer loop
      vertex 82.031 39.182 0
      vertex 81.0904 38.9818 0
      vertex 81.2466 39.6478 0
    endloop
  endfacet
  facet normal 0 0 -1
    outer loop
      vertex 82.031 39.182 0
      vertex 81.2466 39.6478 0
      vertex 82.5323 39.697 0
    endloop
  endfacet
  facet normal -0 0 -1
    outer loop
      vertex 82.5323 39.697 0
      vertex 81.2466 39.6478 0
      vertex 81.3016 40.4168 0
    endloop
  endfacet
  facet normal 0 0 -1
    outer loop
      vertex 82.5323 39.697 0
      vertex 81.3016 40.4168 0
      vertex 83.0933 40.1131 0
    endloop
  endfacet
  facet normal 0 0 -1
    outer loop
      vertex 83.0933 40.1131 0
      vertex 81.3016 40.4168 0
      vertex 83.7601 40.4432 0
    endloop
  endfacet
  facet normal -0 0 -1
    outer loop
      vertex 83.7601 40.4432 0
      vertex 81.3016 40.4168 0
      vertex 81.2274 41.1616 0
    endloop
  endfacet
  facet normal 0 0 -1
    outer loop
      vertex 83.7601 40.4432 0
      vertex 81.2274 41.1616 0
      vertex 84.526 40.6415 0
    endloop
  endfacet
  facet normal 0 0 -1
    outer loop
      vertex 84.526 40.6415 0
      vertex 81.2274 41.1616 0
      vertex 81.0544 41.8233 0
    endloop
  endfacet
  facet normal 0 0 -1
    outer loop
      vertex 84.526 40.6415 0
      vertex 81.0544 41.8233 0
      vertex 80.8062 42.4105 0
    endloop
  endfacet
  facet normal 0 0 -1
    outer loop
      vertex 84.526 40.6415 0
      vertex 80.8062 42.4105 0
      vertex 85.2943 40.6707 0
    endloop
  endfacet
  facet normal 0 0 -1
    outer loop
      vertex 85.2943 40.6707 0
      vertex 80.8062 42.4105 0
      vertex 80.4748 42.9537 0
    endloop
  endfacet
  facet normal 0 0 -1
    outer loop
      vertex 85.2943 40.6707 0
      vertex 80.4748 42.9537 0
      vertex 80.0791 43.4127 0
    endloop
  endfacet
  facet normal 0 0 -1
    outer loop
      vertex 80.0791 43.4127 0
      vertex 79.6451 43.7635 0
      vertex 85.2943 40.6707 0
    endloop
  endfacet
  facet normal 0 0 -1
    outer loop
      vertex 85.2943 40.6707 0
      vertex 79.6451 43.7635 0
      vertex 149.621 63.5678 0
    endloop
  endfacet
  facet normal 0 0 -1
    outer loop
      vertex 0.507996 63.5682 0
      vertex 0.558762 64.5888 0
      vertex 10.922 73.9822 0
    endloop
  endfacet
  facet normal 0 0 -1
    outer loop
      vertex 10.922 73.9822 0
      vertex 0.558762 64.5888 0
      vertex 0.709457 65.5996 0
    endloop
  endfacet
  facet normal 0 0 -1
    outer loop
      vertex 10.922 73.9822 0
      vertex 0.709457 65.5996 0
      vertex 0.957748 66.5909 0
    endloop
  endfacet
  facet normal 0 0 -1
    outer loop
      vertex 0.957748 66.5909 0
      vertex 1.30127 67.5533 0
      vertex 10.922 73.9822 0
    endloop
  endfacet
  facet normal 0 0 -1
    outer loop
      vertex 10.922 73.9822 0
      vertex 1.30127 67.5533 0
      vertex 1.73769 68.4774 0
    endloop
  endfacet
  facet normal 0 0 -1
    outer loop
      vertex 10.922 73.9822 0
      vertex 1.73769 68.4774 0
      vertex 2.26323 69.3538 0
    endloop
  endfacet
  facet normal 0 0 -1
    outer loop
      vertex 2.26323 69.3538 0
      vertex 2.87201 70.1747 0
      vertex 10.922 73.9822 0
    endloop
  endfacet
  facet normal 0 0 -1
    outer loop
      vertex 10.922 73.9822 0
      vertex 2.87201 70.1747 0
      vertex 3.5582 70.932 0
    endloop
  endfacet
  facet normal 0 0 -1
    outer loop
      vertex 10.922 73.9822 0
      vertex 3.5582 70.932 0
      vertex 4.31555 71.6182 0
    endloop
  endfacet
  facet normal 0 0 -1
    outer loop
      vertex 4.31555 71.6182 0
      vertex 5.13641 72.227 0
      vertex 10.922 73.9822 0
    endloop
  endfacet
  facet normal 0 0 -1
    outer loop
      vertex 10.922 73.9822 0
      vertex 5.13641 72.227 0
      vertex 6.01289 72.7526 0
    endloop
  endfacet
  facet normal 0 0 -1
    outer loop
      vertex 10.922 73.9822 0
      vertex 6.01289 72.7526 0
      vertex 6.93678 73.1894 0
    endloop
  endfacet
  facet normal 0 0 -1
    outer loop
      vertex 6.93678 73.1894 0
      vertex 7.89902 73.5338 0
      vertex 10.922 73.9822 0
    endloop
  endfacet
  facet normal 0 0 -1
    outer loop
      vertex 10.922 73.9822 0
      vertex 7.89902 73.5338 0
      vertex 8.89037 73.7821 0
    endloop
  endfacet
  facet normal 0 0 -1
    outer loop
      vertex 10.922 73.9822 0
      vertex 8.89037 73.7821 0
      vertex 9.90129 73.932 0
    endloop
  endfacet
  facet normal -0 -0 -1
    outer loop
      vertex 140.228 73.9316 0
      vertex 141.239 73.7817 0
      vertex 139.207 73.9819 0
    endloop
  endfacet
  facet normal 0 0 -1
    outer loop
      vertex 139.207 73.9819 0
      vertex 141.239 73.7817 0
      vertex 142.23 73.5334 0
    endloop
  endfacet
  facet normal 0 0 -1
    outer loop
      vertex 139.207 73.9819 0
      vertex 142.23 73.5334 0
      vertex 143.192 73.1891 0
    endloop
  endfacet
  facet normal -0 -0 -1
    outer loop
      vertex 143.192 73.1891 0
      vertex 144.116 72.7522 0
      vertex 139.207 73.9819 0
    endloop
  endfacet
  facet normal 0 0 -1
    outer loop
      vertex 139.207 73.9819 0
      vertex 144.116 72.7522 0
      vertex 144.993 72.2266 0
    endloop
  endfacet
  facet normal 0 0 -1
    outer loop
      vertex 139.207 73.9819 0
      vertex 144.993 72.2266 0
      vertex 145.814 71.6178 0
    endloop
  endfacet
  facet normal -0 -0 -1
    outer loop
      vertex 145.814 71.6178 0
      vertex 146.571 70.9316 0
      vertex 139.207 73.9819 0
    endloop
  endfacet
  facet normal 0 0 -1
    outer loop
      vertex 139.207 73.9819 0
      vertex 146.571 70.9316 0
      vertex 147.257 70.1743 0
    endloop
  endfacet
  facet normal 0 0 -1
    outer loop
      vertex 139.207 73.9819 0
      vertex 147.257 70.1743 0
      vertex 147.866 69.3534 0
    endloop
  endfacet
  facet normal -0 -0 -1
    outer loop
      vertex 147.866 69.3534 0
      vertex 148.391 68.4769 0
      vertex 139.207 73.9819 0
    endloop
  endfacet
  facet normal 0 0 -1
    outer loop
      vertex 139.207 73.9819 0
      vertex 148.391 68.4769 0
      vertex 148.828 67.5529 0
    endloop
  endfacet
  facet normal 0 0 -1
    outer loop
      vertex 139.207 73.9819 0
      vertex 148.828 67.5529 0
      vertex 149.171 66.5905 0
    endloop
  endfacet
  facet normal -0 -0 -1
    outer loop
      vertex 149.171 66.5905 0
      vertex 149.42 65.5991 0
      vertex 139.207 73.9819 0
    endloop
  endfacet
  facet normal 0 0 -1
    outer loop
      vertex 139.207 73.9819 0
      vertex 149.42 65.5991 0
      vertex 149.57 64.5884 0
    endloop
  endfacet
  facet normal 0 0 -1
    outer loop
      vertex 139.207 73.9819 0
      vertex 149.57 64.5884 0
      vertex 149.621 63.5678 0
    endloop
  endfacet
  facet normal -0 0 -1
    outer loop
      vertex 142.229 1.71975 0
      vertex 141.238 1.47147 0
      vertex 139.935 4.40772 0
    endloop
  endfacet
  facet normal 0 0 -1
    outer loop
      vertex 9.9014 1.32076 0
      vertex 8.89066 1.47147 0
      vertex 10.922 1.27 0
    endloop
  endfacet
  facet normal 0 0 -1
    outer loop
      vertex 10.922 1.27 0
      vertex 8.89066 1.47147 0
      vertex 7.89932 1.71976 0
    endloop
  endfacet
  facet normal 0 0 -1
    outer loop
      vertex 10.922 1.27 0
      vertex 7.89932 1.71976 0
      vertex 6.9369 2.06328 0
    endloop
  endfacet
  facet normal 0 0 -1
    outer loop
      vertex 6.9369 2.06328 0
      vertex 6.01288 2.49968 0
      vertex 10.922 1.27 0
    endloop
  endfacet
  facet normal 0 0 -1
    outer loop
      vertex 10.922 1.27 0
      vertex 6.01288 2.49968 0
      vertex 5.13641 3.02523 0
    endloop
  endfacet
  facet normal 0 0 -1
    outer loop
      vertex 10.922 1.27 0
      vertex 5.13641 3.02523 0
      vertex 4.31554 3.63401 0
    endloop
  endfacet
  facet normal 0 0 -1
    outer loop
      vertex 4.31554 3.63401 0
      vertex 3.5582 4.3202 0
      vertex 10.922 1.27 0
    endloop
  endfacet
  facet normal 0 0 -1
    outer loop
      vertex 10.922 1.27 0
      vertex 3.5582 4.3202 0
      vertex 2.87201 5.07754 0
    endloop
  endfacet
  facet normal 0 0 -1
    outer loop
      vertex 10.922 1.27 0
      vertex 2.87201 5.07754 0
      vertex 2.26323 5.89841 0
    endloop
  endfacet
  facet normal 0 0 -1
    outer loop
      vertex 2.26323 5.89841 0
      vertex 1.73769 6.77488 0
      vertex 10.922 1.27 0
    endloop
  endfacet
  facet normal 0 0 -1
    outer loop
      vertex 10.922 1.27 0
      vertex 1.73769 6.77488 0
      vertex 1.30081 7.69877 0
    endloop
  endfacet
  facet normal 0 0 -1
    outer loop
      vertex 10.922 1.27 0
      vertex 1.30081 7.69877 0
      vertex 0.956467 8.661 0
    endloop
  endfacet
  facet normal 0 0 -1
    outer loop
      vertex 0.956467 8.661 0
      vertex 0.708145 9.65235 0
      vertex 10.922 1.27 0
    endloop
  endfacet
  facet normal 0 0 -1
    outer loop
      vertex 10.922 1.27 0
      vertex 0.708145 9.65235 0
      vertex 0.558243 10.6633 0
    endloop
  endfacet
  facet normal 0 0 -1
    outer loop
      vertex 10.922 1.27 0
      vertex 0.558243 10.6633 0
      vertex 0.508011 11.684 0
    endloop
  endfacet
  facet normal 0 0 -1
    outer loop
      vertex 79.6451 43.7635 0
      vertex 139.207 73.9819 0
      vertex 149.621 63.5678 0
    endloop
  endfacet
  facet normal -0.70711 -1.43099e-06 0.707104
    outer loop
      vertex 0.253998 63.5682 9.04958
      vertex 0 63.5682 8.79558
      vertex 0.254013 11.684 9.04949
    endloop
  endfacet
  facet normal -0.70711 -1.43452e-06 0.707104
    outer loop
      vertex 0.254013 11.684 9.04949
      vertex 0 63.5682 8.79558
      vertex 1.52588e-05 11.684 8.79549
    endloop
  endfacet
  facet normal -0.0463144 0.706348 0.706348
    outer loop
      vertex 10.922 74.2362 9.0496
      vertex 10.922 74.4902 8.7956
      vertex 9.52957 74.1449 9.0496
    endloop
  endfacet
  facet normal -0.0462719 0.70625 0.706448
    outer loop
      vertex 9.52957 74.1449 9.0496
      vertex 10.922 74.4902 8.7956
      vertex 9.49643 74.3968 8.7956
    endloop
  endfacet
  facet normal -0.138061 0.694171 0.706445
    outer loop
      vertex 9.52957 74.1449 9.0496
      vertex 9.49643 74.3968 8.7956
      vertex 8.16095 73.8727 9.0496
    endloop
  endfacet
  facet normal -0.138072 0.694189 0.706426
    outer loop
      vertex 8.16095 73.8727 9.0496
      vertex 9.49643 74.3968 8.7956
      vertex 8.0952 74.1181 8.7956
    endloop
  endfacet
  facet normal -0.227486 0.670233 0.706426
    outer loop
      vertex 8.16095 73.8727 9.0496
      vertex 8.0952 74.1181 8.7956
      vertex 6.83955 73.4242 9.0496
    endloop
  endfacet
  facet normal -0.227597 0.670373 0.706258
    outer loop
      vertex 6.83955 73.4242 9.0496
      vertex 8.0952 74.1181 8.7956
      vertex 6.74236 73.6588 8.7956
    endloop
  endfacet
  facet normal -0.313123 0.634942 0.706259
    outer loop
      vertex 6.83955 73.4242 9.0496
      vertex 6.74236 73.6588 8.7956
      vertex 5.58801 72.807 9.0496
    endloop
  endfacet
  facet normal -0.313122 0.634941 0.70626
    outer loop
      vertex 5.58801 72.807 9.0496
      vertex 6.74236 73.6588 8.7956
      vertex 5.46101 73.0269 8.7956
    endloop
  endfacet
  facet normal -0.393328 0.588627 0.706266
    outer loop
      vertex 5.58801 72.807 9.0496
      vertex 5.46101 73.0269 8.7956
      vertex 4.42775 72.0317 9.0496
    endloop
  endfacet
  facet normal -0.393266 0.588581 0.706338
    outer loop
      vertex 4.42775 72.0317 9.0496
      vertex 5.46101 73.0269 8.7956
      vertex 4.27312 72.2332 8.7956
    endloop
  endfacet
  facet normal -0.466742 0.532198 0.70634
    outer loop
      vertex 4.42775 72.0317 9.0496
      vertex 4.27312 72.2332 8.7956
      vertex 3.3786 71.1116 9.04959
    endloop
  endfacet
  facet normal -0.466722 0.532187 0.706362
    outer loop
      vertex 3.3786 71.1116 9.04959
      vertex 4.27312 72.2332 8.7956
      vertex 3.19899 71.2912 8.7956
    endloop
  endfacet
  facet normal -0.532176 0.466733 0.706364
    outer loop
      vertex 3.3786 71.1116 9.04959
      vertex 3.19899 71.2912 8.7956
      vertex 2.45851 70.0625 9.04959
    endloop
  endfacet
  facet normal -0.532216 0.466749 0.706323
    outer loop
      vertex 2.45851 70.0625 9.04959
      vertex 3.19899 71.2912 8.7956
      vertex 2.257 70.2171 8.79559
    endloop
  endfacet
  facet normal -0.58859 0.393274 0.706327
    outer loop
      vertex 2.45851 70.0625 9.04959
      vertex 2.257 70.2171 8.79559
      vertex 1.68324 68.9022 9.04959
    endloop
  endfacet
  facet normal -0.588568 0.393269 0.706348
    outer loop
      vertex 1.68324 68.9022 9.04959
      vertex 2.257 70.2171 8.79559
      vertex 1.46327 69.0292 8.79559
    endloop
  endfacet
  facet normal -0.634863 0.313084 0.706348
    outer loop
      vertex 1.68324 68.9022 9.04959
      vertex 1.46327 69.0292 8.79559
      vertex 1.06606 67.6507 9.04959
    endloop
  endfacet
  facet normal -0.634857 0.313083 0.706353
    outer loop
      vertex 1.06606 67.6507 9.04959
      vertex 1.46327 69.0292 8.79559
      vertex 0.83139 67.7479 8.79559
    endloop
  endfacet
  facet normal -0.670293 0.227532 0.706354
    outer loop
      vertex 1.06606 67.6507 9.04959
      vertex 0.83139 67.7479 8.79559
      vertex 0.617508 66.3293 9.04959
    endloop
  endfacet
  facet normal -0.670317 0.227532 0.706332
    outer loop
      vertex 0.617508 66.3293 9.04959
      vertex 0.83139 67.7479 8.79559
      vertex 0.372162 66.395 8.79559
    endloop
  endfacet
  facet normal -0.694272 0.1381 0.706339
    outer loop
      vertex 0.617508 66.3293 9.04959
      vertex 0.372162 66.395 8.79559
      vertex 0.345276 64.9607 9.04959
    endloop
  endfacet
  facet normal -0.694271 0.1381 0.70634
    outer loop
      vertex 0.345276 64.9607 9.04959
      vertex 0.372162 66.395 8.79559
      vertex 0.0934448 64.9938 8.79559
    endloop
  endfacet
  facet normal -0.706348 0.0462958 0.70635
    outer loop
      vertex 0.345276 64.9607 9.04959
      vertex 0.0934448 64.9938 8.79559
      vertex 0.253998 63.5682 9.04958
    endloop
  endfacet
  facet normal -0.706351 0.0462948 0.706346
    outer loop
      vertex 0.253998 63.5682 9.04958
      vertex 0.0934448 64.9938 8.79559
      vertex 0 63.5682 8.79558
    endloop
  endfacet
  facet normal -0.706352 -0.0462936 0.706346
    outer loop
      vertex 0.254013 11.684 9.04949
      vertex 1.52588e-05 11.684 8.79549
      vertex 0.345276 10.2915 9.04949
    endloop
  endfacet
  facet normal -0.706348 -0.0462919 0.706349
    outer loop
      vertex 0.345276 10.2915 9.04949
      vertex 1.52588e-05 11.684 8.79549
      vertex 0.0934448 10.2584 8.79549
    endloop
  endfacet
  facet normal -0.694271 -0.138101 0.70634
    outer loop
      vertex 0.345276 10.2915 9.04949
      vertex 0.0934448 10.2584 8.79549
      vertex 0.617508 8.92292 9.04949
    endloop
  endfacet
  facet normal -0.69426 -0.138094 0.706352
    outer loop
      vertex 0.617508 8.92292 9.04949
      vertex 0.0934448 10.2584 8.79549
      vertex 0.372162 8.85717 8.79549
    endloop
  endfacet
  facet normal -0.670291 -0.227539 0.706354
    outer loop
      vertex 0.617508 8.92292 9.04949
      vertex 0.372162 8.85717 8.79549
      vertex 1.06606 7.60153 9.04948
    endloop
  endfacet
  facet normal -0.670291 -0.227539 0.706354
    outer loop
      vertex 1.06606 7.60153 9.04948
      vertex 0.372162 8.85717 8.79549
      vertex 0.83139 7.50433 8.79548
    endloop
  endfacet
  facet normal -0.634858 -0.313082 0.706353
    outer loop
      vertex 1.06606 7.60153 9.04948
      vertex 0.83139 7.50433 8.79548
      vertex 1.68326 6.34999 9.04948
    endloop
  endfacet
  facet normal -0.634866 -0.31309 0.706342
    outer loop
      vertex 1.68326 6.34999 9.04948
      vertex 0.83139 7.50433 8.79548
      vertex 1.46329 6.223 8.79548
    endloop
  endfacet
  facet normal -0.588577 -0.393269 0.70634
    outer loop
      vertex 1.68326 6.34999 9.04948
      vertex 1.46329 6.223 8.79548
      vertex 2.45851 5.18973 9.04948
    endloop
  endfacet
  facet normal -0.588571 -0.393261 0.70635
    outer loop
      vertex 2.45851 5.18973 9.04948
      vertex 1.46329 6.223 8.79548
      vertex 2.257 5.0351 8.79548
    endloop
  endfacet
  facet normal -0.532196 -0.466729 0.706351
    outer loop
      vertex 2.45851 5.18973 9.04948
      vertex 2.257 5.0351 8.79548
      vertex 3.3786 4.14058 9.04948
    endloop
  endfacet
  facet normal -0.532192 -0.466722 0.706358
    outer loop
      vertex 3.3786 4.14058 9.04948
      vertex 2.257 5.0351 8.79548
      vertex 3.19899 3.96097 8.79548
    endloop
  endfacet
  facet normal -0.466721 -0.532193 0.706358
    outer loop
      vertex 3.3786 4.14058 9.04948
      vertex 3.19899 3.96097 8.79548
      vertex 4.42775 3.2205 9.04948
    endloop
  endfacet
  facet normal -0.466724 -0.5322 0.706351
    outer loop
      vertex 4.42775 3.2205 9.04948
      vertex 3.19899 3.96097 8.79548
      vertex 4.27312 3.01899 8.79548
    endloop
  endfacet
  facet normal -0.393263 -0.588569 0.70635
    outer loop
      vertex 4.42775 3.2205 9.04948
      vertex 4.27312 3.01899 8.79548
      vertex 5.58801 2.44524 9.04947
    endloop
  endfacet
  facet normal -0.39326 -0.588557 0.706362
    outer loop
      vertex 5.58801 2.44524 9.04947
      vertex 4.27312 3.01899 8.79548
      vertex 5.46101 2.22527 8.79548
    endloop
  endfacet
  facet normal -0.313076 -0.634851 0.706362
    outer loop
      vertex 5.58801 2.44524 9.04947
      vertex 5.46101 2.22527 8.79548
      vertex 6.83954 1.82805 9.04947
    endloop
  endfacet
  facet normal -0.313077 -0.63486 0.706353
    outer loop
      vertex 6.83954 1.82805 9.04947
      vertex 5.46101 2.22527 8.79548
      vertex 6.74234 1.59338 8.79547
    endloop
  endfacet
  facet normal -0.227538 -0.670291 0.706354
    outer loop
      vertex 6.83954 1.82805 9.04947
      vertex 6.74234 1.59338 8.79547
      vertex 8.16093 1.37949 9.04947
    endloop
  endfacet
  facet normal -0.227537 -0.6703 0.706346
    outer loop
      vertex 8.16093 1.37949 9.04947
      vertex 6.74234 1.59338 8.79547
      vertex 8.09518 1.13415 8.79547
    endloop
  endfacet
  facet normal -0.138095 -0.694268 0.706344
    outer loop
      vertex 8.16093 1.37949 9.04947
      vertex 8.09518 1.13415 8.79547
      vertex 9.52956 1.10726 9.04947
    endloop
  endfacet
  facet normal -0.138096 -0.694258 0.706353
    outer loop
      vertex 9.52956 1.10726 9.04947
      vertex 8.09518 1.13415 8.79547
      vertex 9.4964 0.855431 8.79547
    endloop
  endfacet
  facet normal -0.0462987 -0.706345 0.706352
    outer loop
      vertex 9.52956 1.10726 9.04947
      vertex 9.4964 0.855431 8.79547
      vertex 10.922 1.01599 9.04947
    endloop
  endfacet
  facet normal -0.0462964 -0.706353 0.706344
    outer loop
      vertex 10.922 1.01599 9.04947
      vertex 9.4964 0.855431 8.79547
      vertex 10.922 0.761993 8.79547
    endloop
  endfacet
  facet normal 0 -0.707111 0.707103
    outer loop
      vertex 139.207 1.01599 9.04947
      vertex 10.922 1.01599 9.04947
      vertex 139.207 0.761993 8.79547
    endloop
  endfacet
  facet normal 0 -0.707111 0.707103
    outer loop
      vertex 139.207 0.761993 8.79547
      vertex 10.922 1.01599 9.04947
      vertex 10.922 0.761993 8.79547
    endloop
  endfacet
  facet normal 0.706339 -0.046574 0.706339
    outer loop
      vertex 150.129 11.6839 8.79549
      vertex 149.875 11.6839 9.04949
      vertex 150.035 10.2583 8.79549
    endloop
  endfacet
  facet normal 0.706068 -0.046652 0.706606
    outer loop
      vertex 150.035 10.2583 8.79549
      vertex 149.875 11.6839 9.04949
      vertex 149.783 10.2915 9.04949
    endloop
  endfacet
  facet normal 0.694075 -0.137706 0.706609
    outer loop
      vertex 150.035 10.2583 8.79549
      vertex 149.783 10.2915 9.04949
      vertex 149.757 8.85711 8.79549
    endloop
  endfacet
  facet normal 0.69341 -0.137807 0.707243
    outer loop
      vertex 149.757 8.85711 8.79549
      vertex 149.783 10.2915 9.04949
      vertex 149.511 8.92286 9.04949
    endloop
  endfacet
  facet normal 0.669369 -0.227609 0.707205
    outer loop
      vertex 149.757 8.85711 8.79549
      vertex 149.511 8.92286 9.04949
      vertex 149.297 7.50428 8.79548
    endloop
  endfacet
  facet normal 0.671227 -0.227576 0.705453
    outer loop
      vertex 149.297 7.50428 8.79548
      vertex 149.511 8.92286 9.04949
      vertex 149.063 7.60147 9.04948
    endloop
  endfacet
  facet normal 0.635595 -0.313499 0.705505
    outer loop
      vertex 149.297 7.50428 8.79548
      vertex 149.063 7.60147 9.04948
      vertex 148.665 6.22295 8.79548
    endloop
  endfacet
  facet normal 0.634655 -0.313393 0.706398
    outer loop
      vertex 148.665 6.22295 8.79548
      vertex 149.063 7.60147 9.04948
      vertex 148.445 6.34995 9.04948
    endloop
  endfacet
  facet normal 0.588696 -0.392996 0.706393
    outer loop
      vertex 148.665 6.22295 8.79548
      vertex 148.445 6.34995 9.04948
      vertex 147.872 5.03506 8.79548
    endloop
  endfacet
  facet normal 0.588158 -0.392863 0.706915
    outer loop
      vertex 147.872 5.03506 8.79548
      vertex 148.445 6.34995 9.04948
      vertex 147.67 5.18969 9.04948
    endloop
  endfacet
  facet normal 0.531806 -0.466396 0.706864
    outer loop
      vertex 147.872 5.03506 8.79548
      vertex 147.67 5.18969 9.04948
      vertex 146.93 3.96095 8.79548
    endloop
  endfacet
  facet normal 0.531912 -0.466438 0.706757
    outer loop
      vertex 146.93 3.96095 8.79548
      vertex 147.67 5.18969 9.04948
      vertex 146.75 4.14055 9.04948
    endloop
  endfacet
  facet normal 0.466521 -0.531904 0.706708
    outer loop
      vertex 146.93 3.96095 8.79548
      vertex 146.75 4.14055 9.04948
      vertex 145.856 3.01897 8.79548
    endloop
  endfacet
  facet normal 0.466537 -0.531914 0.70669
    outer loop
      vertex 145.856 3.01897 8.79548
      vertex 146.75 4.14055 9.04948
      vertex 145.701 3.22048 9.04948
    endloop
  endfacet
  facet normal 0.393083 -0.588346 0.706636
    outer loop
      vertex 145.856 3.01897 8.79548
      vertex 145.701 3.22048 9.04948
      vertex 144.668 2.22525 8.79548
    endloop
  endfacet
  facet normal 0.393318 -0.588521 0.70636
    outer loop
      vertex 144.668 2.22525 8.79548
      vertex 145.701 3.22048 9.04948
      vertex 144.541 2.44522 9.04947
    endloop
  endfacet
  facet normal 0.312936 -0.634926 0.706357
    outer loop
      vertex 144.668 2.22525 8.79548
      vertex 144.541 2.44522 9.04947
      vertex 143.386 1.59338 8.79547
    endloop
  endfacet
  facet normal 0.31304 -0.635026 0.706221
    outer loop
      vertex 143.386 1.59338 8.79547
      vertex 144.541 2.44522 9.04947
      vertex 143.289 1.82804 9.04947
    endloop
  endfacet
  facet normal 0.227693 -0.670343 0.706255
    outer loop
      vertex 143.386 1.59338 8.79547
      vertex 143.289 1.82804 9.04947
      vertex 142.034 1.13415 8.79547
    endloop
  endfacet
  facet normal 0.22756 -0.670176 0.706456
    outer loop
      vertex 142.034 1.13415 8.79547
      vertex 143.289 1.82804 9.04947
      vertex 141.968 1.37949 9.04947
    endloop
  endfacet
  facet normal 0.138011 -0.694218 0.70641
    outer loop
      vertex 142.034 1.13415 8.79547
      vertex 141.968 1.37949 9.04947
      vertex 140.632 0.855431 8.79547
    endloop
  endfacet
  facet normal 0.138073 -0.69432 0.706297
    outer loop
      vertex 140.632 0.855431 8.79547
      vertex 141.968 1.37949 9.04947
      vertex 140.599 1.10725 9.04947
    endloop
  endfacet
  facet normal 0.0463172 -0.706372 0.706324
    outer loop
      vertex 140.632 0.855431 8.79547
      vertex 140.599 1.10725 9.04947
      vertex 139.207 0.761993 8.79547
    endloop
  endfacet
  facet normal 0.0463087 -0.706352 0.706344
    outer loop
      vertex 139.207 0.761993 8.79547
      vertex 140.599 1.10725 9.04947
      vertex 139.207 1.01599 9.04947
    endloop
  endfacet
  facet normal 0.707107 -1.22658e-06 0.707107
    outer loop
      vertex 150.129 63.5678 8.79558
      vertex 149.875 63.5678 9.04958
      vertex 150.129 11.6839 8.79549
    endloop
  endfacet
  facet normal 0.707107 -1.22658e-06 0.707107
    outer loop
      vertex 150.129 11.6839 8.79549
      vertex 149.875 63.5678 9.04958
      vertex 149.875 11.6839 9.04949
    endloop
  endfacet
  facet normal 0.0463138 0.706348 0.706348
    outer loop
      vertex 139.207 74.4899 8.7956
      vertex 139.207 74.2359 9.0496
      vertex 140.633 74.3964 8.7956
    endloop
  endfacet
  facet normal 0.0462989 0.7064 0.706297
    outer loop
      vertex 140.633 74.3964 8.7956
      vertex 139.207 74.2359 9.0496
      vertex 140.6 74.1446 9.0496
    endloop
  endfacet
  facet normal 0.138124 0.694338 0.706269
    outer loop
      vertex 140.633 74.3964 8.7956
      vertex 140.6 74.1446 9.0496
      vertex 142.034 74.1177 8.7956
    endloop
  endfacet
  facet normal 0.13816 0.694099 0.706498
    outer loop
      vertex 142.034 74.1177 8.7956
      vertex 140.6 74.1446 9.0496
      vertex 141.968 73.8723 9.0496
    endloop
  endfacet
  facet normal 0.227483 0.670117 0.706537
    outer loop
      vertex 142.034 74.1177 8.7956
      vertex 141.968 73.8723 9.0496
      vertex 143.387 73.6584 8.7956
    endloop
  endfacet
  facet normal 0.227476 0.670509 0.706168
    outer loop
      vertex 143.387 73.6584 8.7956
      vertex 141.968 73.8723 9.0496
      vertex 143.29 73.4238 9.0496
    endloop
  endfacet
  facet normal 0.313204 0.635034 0.706141
    outer loop
      vertex 143.387 73.6584 8.7956
      vertex 143.29 73.4238 9.0496
      vertex 144.668 73.0266 8.7956
    endloop
  endfacet
  facet normal 0.313174 0.634772 0.70639
    outer loop
      vertex 144.668 73.0266 8.7956
      vertex 143.29 73.4238 9.0496
      vertex 144.541 72.8066 9.0496
    endloop
  endfacet
  facet normal 0.393251 0.588538 0.706383
    outer loop
      vertex 144.668 73.0266 8.7956
      vertex 144.541 72.8066 9.0496
      vertex 145.856 72.2328 8.7956
    endloop
  endfacet
  facet normal 0.393188 0.588285 0.706628
    outer loop
      vertex 145.856 72.2328 8.7956
      vertex 144.541 72.8066 9.0496
      vertex 145.701 72.0313 9.0496
    endloop
  endfacet
  facet normal 0.466545 0.531921 0.706679
    outer loop
      vertex 145.856 72.2328 8.7956
      vertex 145.701 72.0313 9.0496
      vertex 146.93 71.2908 8.7956
    endloop
  endfacet
  facet normal 0.46689 0.532798 0.705791
    outer loop
      vertex 146.93 71.2908 8.7956
      vertex 145.701 72.0313 9.0496
      vertex 146.751 71.1112 9.04959
    endloop
  endfacet
  facet normal 0.532664 0.467147 0.705722
    outer loop
      vertex 146.93 71.2908 8.7956
      vertex 146.751 71.1112 9.04959
      vertex 147.872 70.2167 8.79559
    endloop
  endfacet
  facet normal 0.53263 0.467086 0.705788
    outer loop
      vertex 147.872 70.2167 8.79559
      vertex 146.751 71.1112 9.04959
      vertex 147.671 70.0621 9.04959
    endloop
  endfacet
  facet normal 0.589012 0.393699 0.705738
    outer loop
      vertex 147.872 70.2167 8.79559
      vertex 147.671 70.0621 9.04959
      vertex 148.666 69.0288 8.79559
    endloop
  endfacet
  facet normal 0.588603 0.393146 0.706387
    outer loop
      vertex 148.666 69.0288 8.79559
      vertex 147.671 70.0621 9.04959
      vertex 148.446 68.9018 9.04959
    endloop
  endfacet
  facet normal 0.634803 0.313116 0.706388
    outer loop
      vertex 148.666 69.0288 8.79559
      vertex 148.446 68.9018 9.04959
      vertex 149.298 67.7475 8.79559
    endloop
  endfacet
  facet normal 0.634522 0.312825 0.706769
    outer loop
      vertex 149.298 67.7475 8.79559
      vertex 148.446 68.9018 9.04959
      vertex 149.063 67.6503 9.04959
    endloop
  endfacet
  facet normal 0.669922 0.227285 0.706786
    outer loop
      vertex 149.298 67.7475 8.79559
      vertex 149.063 67.6503 9.04959
      vertex 149.757 66.3946 8.79559
    endloop
  endfacet
  facet normal 0.670684 0.227893 0.705867
    outer loop
      vertex 149.757 66.3946 8.79559
      vertex 149.063 67.6503 9.04959
      vertex 149.512 66.3289 9.04959
    endloop
  endfacet
  facet normal 0.694705 0.138326 0.705869
    outer loop
      vertex 149.757 66.3946 8.79559
      vertex 149.512 66.3289 9.04959
      vertex 150.036 64.9934 8.79559
    endloop
  endfacet
  facet normal 0.694039 0.137925 0.706602
    outer loop
      vertex 150.036 64.9934 8.79559
      vertex 149.512 66.3289 9.04959
      vertex 149.784 64.9602 9.04959
    endloop
  endfacet
  facet normal 0.706126 0.0460597 0.706586
    outer loop
      vertex 150.036 64.9934 8.79559
      vertex 149.784 64.9602 9.04959
      vertex 150.129 63.5678 8.79558
    endloop
  endfacet
  facet normal 0.706353 0.0461585 0.706353
    outer loop
      vertex 150.129 63.5678 8.79558
      vertex 149.784 64.9602 9.04959
      vertex 149.875 63.5678 9.04958
    endloop
  endfacet
  facet normal 1.6536e-06 0.707107 0.707107
    outer loop
      vertex 10.922 74.4902 8.7956
      vertex 10.922 74.2362 9.0496
      vertex 139.207 74.4899 8.7956
    endloop
  endfacet
  facet normal 1.6536e-06 0.707107 0.707107
    outer loop
      vertex 139.207 74.4899 8.7956
      vertex 10.922 74.2362 9.0496
      vertex 139.207 74.2359 9.0496
    endloop
  endfacet
  facet normal 0.0496862 -0.998765 -1.92824e-06
    outer loop
      vertex 139.207 0.762009 0.507999
      vertex 140.277 0.815239 0.507999
      vertex 139.207 0.761993 8.79547
    endloop
  endfacet
  facet normal 0.0654299 -0.997855 0.00203659
    outer loop
      vertex 139.207 0.761993 8.79547
      vertex 140.277 0.815239 0.507999
      vertex 140.632 0.855431 8.79547
    endloop
  endfacet
  facet normal 0.147473 -0.989065 -0.00152043
    outer loop
      vertex 140.632 0.855431 8.79547
      vertex 140.277 0.815239 0.507999
      vertex 141.337 0.973289 0.507999
    endloop
  endfacet
  facet normal 0.194985 -0.980803 0.00263876
    outer loop
      vertex 140.632 0.855431 8.79547
      vertex 141.337 0.973289 0.507999
      vertex 142.034 1.13415 8.79547
    endloop
  endfacet
  facet normal 0.242887 -0.970053 -0.00159865
    outer loop
      vertex 142.034 1.13415 8.79547
      vertex 141.337 0.973289 0.507999
      vertex 142.377 1.23369 0.507999
    endloop
  endfacet
  facet normal 0.32162 -0.946867 0.00193839
    outer loop
      vertex 142.034 1.13415 8.79547
      vertex 142.377 1.23369 0.507999
      vertex 143.386 1.59338 8.79547
    endloop
  endfacet
  facet normal 0.336264 -0.941768 -6.59098e-05
    outer loop
      vertex 143.386 1.59338 8.79547
      vertex 142.377 1.23369 0.507999
      vertex 143.386 1.59396 0.507999
    endloop
  endfacet
  facet normal 0.427088 -0.90421 -6.32813e-05
    outer loop
      vertex 143.386 1.59338 8.79547
      vertex 143.386 1.59396 0.507999
      vertex 144.355 2.05165 0.507999
    endloop
  endfacet
  facet normal 0.442095 -0.896966 0.00209202
    outer loop
      vertex 143.386 1.59338 8.79547
      vertex 144.355 2.05165 0.507999
      vertex 144.668 2.22525 8.79548
    endloop
  endfacet
  facet normal 0.514344 -0.857583 -0.00146165
    outer loop
      vertex 144.668 2.22525 8.79548
      vertex 144.355 2.05165 0.507999
      vertex 145.274 2.60283 0.507999
    endloop
  endfacet
  facet normal 0.555531 -0.831491 0.00273877
    outer loop
      vertex 144.668 2.22525 8.79548
      vertex 145.274 2.60283 0.507999
      vertex 145.856 3.01897 8.79548
    endloop
  endfacet
  facet normal 0.59565 -0.803243 -0.00149704
    outer loop
      vertex 145.856 3.01897 8.79548
      vertex 145.274 2.60283 0.507999
      vertex 146.135 3.24131 0.507999
    endloop
  endfacet
  facet normal 0.659387 -0.751801 0.00202878
    outer loop
      vertex 145.856 3.01897 8.79548
      vertex 146.135 3.24131 0.507999
      vertex 146.93 3.96095 8.79548
    endloop
  endfacet
  facet normal 0.6711 -0.741367 -8.94562e-07
    outer loop
      vertex 146.93 3.96095 8.79548
      vertex 146.135 3.24131 0.507999
      vertex 146.93 3.96096 0.507999
    endloop
  endfacet
  facet normal 0.741362 -0.671106 -8.09782e-07
    outer loop
      vertex 146.93 3.96095 8.79548
      vertex 146.93 3.96096 0.507999
      vertex 147.649 4.75523 0.507999
    endloop
  endfacet
  facet normal 0.751828 -0.659357 0.00203321
    outer loop
      vertex 146.93 3.96095 8.79548
      vertex 147.649 4.75523 0.507999
      vertex 147.872 5.03506 8.79548
    endloop
  endfacet
  facet normal 0.802978 -0.596007 -0.00148215
    outer loop
      vertex 147.872 5.03506 8.79548
      vertex 147.649 4.75523 0.507999
      vertex 148.288 5.61613 0.507999
    endloop
  endfacet
  facet normal 0.8317 -0.555218 0.0028195
    outer loop
      vertex 147.872 5.03506 8.79548
      vertex 148.288 5.61613 0.507999
      vertex 148.665 6.22295 8.79548
    endloop
  endfacet
  facet normal 0.857716 -0.514122 -0.00137308
    outer loop
      vertex 148.665 6.22295 8.79548
      vertex 148.288 5.61613 0.507999
      vertex 148.839 6.53537 0.507999
    endloop
  endfacet
  facet normal 0.896838 -0.442354 0.00215379
    outer loop
      vertex 148.665 6.22295 8.79548
      vertex 148.839 6.53537 0.507999
      vertex 149.297 7.50428 8.79548
    endloop
  endfacet
  facet normal 0.90409 -0.427342 -2.06259e-06
    outer loop
      vertex 149.297 7.50428 8.79548
      vertex 148.839 6.53537 0.507999
      vertex 149.297 7.50432 0.507999
    endloop
  endfacet
  facet normal 0.941569 -0.336821 -1.62569e-06
    outer loop
      vertex 149.297 7.50428 8.79548
      vertex 149.297 7.50432 0.507999
      vertex 149.658 8.51348 0.507999
    endloop
  endfacet
  facet normal 0.946763 -0.321926 0.00203848
    outer loop
      vertex 149.297 7.50428 8.79548
      vertex 149.658 8.51348 0.507999
      vertex 149.757 8.85711 8.79549
    endloop
  endfacet
  facet normal 0.969904 -0.243481 -0.00149057
    outer loop
      vertex 149.757 8.85711 8.79549
      vertex 149.658 8.51348 0.507999
      vertex 149.919 9.55317 0.507999
    endloop
  endfacet
  facet normal 0.980877 -0.194609 0.00282869
    outer loop
      vertex 149.757 8.85711 8.79549
      vertex 149.919 9.55317 0.507999
      vertex 150.035 10.2583 8.79549
    endloop
  endfacet
  facet normal 0.989212 -0.146484 -0.00138264
    outer loop
      vertex 150.035 10.2583 8.79549
      vertex 149.919 9.55317 0.507999
      vertex 150.076 10.6134 0.507999
    endloop
  endfacet
  facet normal 0.997831 -0.0657941 0.00211736
    outer loop
      vertex 150.035 10.2583 8.79549
      vertex 150.076 10.6134 0.507999
      vertex 150.129 11.6839 8.79549
    endloop
  endfacet
  facet normal 0.998777 -0.049449 0
    outer loop
      vertex 150.129 11.6839 8.79549
      vertex 150.076 10.6134 0.507999
      vertex 150.129 11.6839 0.507999
    endloop
  endfacet
  facet normal -0.998792 -0.049145 0
    outer loop
      vertex 1.52588e-05 11.684 0.507999
      vertex 0.0526886 10.6135 0.507999
      vertex 1.52588e-05 11.684 8.79549
    endloop
  endfacet
  facet normal -0.997857 -0.0653966 0.00210517
    outer loop
      vertex 1.52588e-05 11.684 8.79549
      vertex 0.0526886 10.6135 0.507999
      vertex 0.0934448 10.2584 8.79549
    endloop
  endfacet
  facet normal -0.989182 -0.146686 -0.00142057
    outer loop
      vertex 0.0934448 10.2584 8.79549
      vertex 0.0526886 10.6135 0.507999
      vertex 0.209915 9.55324 0.507999
    endloop
  endfacet
  facet normal -0.980782 -0.195086 0.00281571
    outer loop
      vertex 0.0934448 10.2584 8.79549
      vertex 0.209915 9.55324 0.507999
      vertex 0.372162 8.85717 8.79549
    endloop
  endfacet
  facet normal -0.970029 -0.242985 -0.00141783
    outer loop
      vertex 0.372162 8.85717 8.79549
      vertex 0.209915 9.55324 0.507999
      vertex 0.470352 8.51354 0.507999
    endloop
  endfacet
  facet normal -0.946928 -0.321439 0.00210888
    outer loop
      vertex 0.372162 8.85717 8.79549
      vertex 0.470352 8.51354 0.507999
      vertex 0.83139 7.50433 8.79548
    endloop
  endfacet
  facet normal -0.94153 -0.336929 -1.24848e-05
    outer loop
      vertex 0.83139 7.50433 8.79548
      vertex 0.470352 8.51354 0.507999
      vertex 0.831482 7.50438 0.507999
    endloop
  endfacet
  facet normal -0.904026 -0.427478 -1.26147e-05
    outer loop
      vertex 0.83139 7.50433 8.79548
      vertex 0.831482 7.50438 0.507999
      vertex 1.28967 6.53541 0.507999
    endloop
  endfacet
  facet normal -0.896866 -0.442298 0.00211591
    outer loop
      vertex 0.83139 7.50433 8.79548
      vertex 1.28967 6.53541 0.507999
      vertex 1.46329 6.223 8.79548
    endloop
  endfacet
  facet normal -0.857639 -0.51425 -0.00141821
    outer loop
      vertex 1.46329 6.223 8.79548
      vertex 1.28967 6.53541 0.507999
      vertex 1.84085 5.61618 0.507999
    endloop
  endfacet
  facet normal -0.831473 -0.555559 0.0027986
    outer loop
      vertex 1.46329 6.223 8.79548
      vertex 1.84085 5.61618 0.507999
      vertex 2.257 5.0351 8.79548
    endloop
  endfacet
  facet normal -0.803209 -0.595696 -0.00143491
    outer loop
      vertex 2.257 5.0351 8.79548
      vertex 1.84085 5.61618 0.507999
      vertex 2.47934 4.75527 0.507999
    endloop
  endfacet
  facet normal -0.751837 -0.659346 0.00209246
    outer loop
      vertex 2.257 5.0351 8.79548
      vertex 2.47934 4.75527 0.507999
      vertex 3.19899 3.96097 8.79548
    endloop
  endfacet
  facet normal -0.741068 -0.67143 -8.10173e-07
    outer loop
      vertex 3.19899 3.96097 8.79548
      vertex 2.47934 4.75527 0.507999
      vertex 3.19899 3.96098 0.507999
    endloop
  endfacet
  facet normal -0.671434 -0.741064 -8.94197e-07
    outer loop
      vertex 3.19899 3.96097 8.79548
      vertex 3.19899 3.96098 0.507999
      vertex 3.99327 3.24133 0.507999
    endloop
  endfacet
  facet normal -0.659342 -0.75184 0.00209383
    outer loop
      vertex 3.19899 3.96097 8.79548
      vertex 3.99327 3.24133 0.507999
      vertex 4.27312 3.01899 8.79548
    endloop
  endfacet
  facet normal -0.595686 -0.803216 -0.00143403
    outer loop
      vertex 4.27312 3.01899 8.79548
      vertex 3.99327 3.24133 0.507999
      vertex 4.85419 2.60285 0.507999
    endloop
  endfacet
  facet normal -0.555567 -0.831467 0.00279743
    outer loop
      vertex 4.27312 3.01899 8.79548
      vertex 4.85419 2.60285 0.507999
      vertex 5.46101 2.22527 8.79548
    endloop
  endfacet
  facet normal -0.51425 -0.857639 -0.00142028
    outer loop
      vertex 5.46101 2.22527 8.79548
      vertex 4.85419 2.60285 0.507999
      vertex 5.77342 2.05167 0.507999
    endloop
  endfacet
  facet normal -0.442292 -0.896869 0.00211402
    outer loop
      vertex 5.46101 2.22527 8.79548
      vertex 5.77342 2.05167 0.507999
      vertex 6.74234 1.59338 8.79547
    endloop
  endfacet
  facet normal -0.427063 -0.904222 -7.31335e-05
    outer loop
      vertex 6.74234 1.59338 8.79547
      vertex 5.77342 2.05167 0.507999
      vertex 6.74251 1.59397 0.507999
    endloop
  endfacet
  facet normal -0.336163 -0.941804 -7.39444e-05
    outer loop
      vertex 6.74234 1.59338 8.79547
      vertex 6.74251 1.59397 0.507999
      vertex 7.75188 1.23369 0.507999
    endloop
  endfacet
  facet normal -0.321441 -0.946928 0.00194189
    outer loop
      vertex 6.74234 1.59338 8.79547
      vertex 7.75188 1.23369 0.507999
      vertex 8.09518 1.13415 8.79547
    endloop
  endfacet
  facet normal -0.242958 -0.970036 -0.00158673
    outer loop
      vertex 8.09518 1.13415 8.79547
      vertex 7.75188 1.23369 0.507999
      vertex 8.79156 0.973289 0.507999
    endloop
  endfacet
  facet normal -0.195089 -0.980782 0.00264417
    outer loop
      vertex 8.09518 1.13415 8.79547
      vertex 8.79156 0.973289 0.507999
      vertex 9.4964 0.855431 8.79547
    endloop
  endfacet
  facet normal -0.147466 -0.989066 -0.00152387
    outer loop
      vertex 9.4964 0.855431 8.79547
      vertex 8.79156 0.973289 0.507999
      vertex 9.85161 0.815239 0.507999
    endloop
  endfacet
  facet normal -0.0654025 -0.997857 0.00203612
    outer loop
      vertex 9.4964 0.855431 8.79547
      vertex 9.85161 0.815239 0.507999
      vertex 10.922 0.761993 8.79547
    endloop
  endfacet
  facet normal -0.0496682 -0.998766 -1.92824e-06
    outer loop
      vertex 10.922 0.761993 8.79547
      vertex 9.85161 0.815239 0.507999
      vertex 10.922 0.762009 0.507999
    endloop
  endfacet
  facet normal 0 0 1
    outer loop
      vertex 147.541 8.42891 9.04949
      vertex 149.511 8.92286 9.04949
      vertex 147.875 9.63121 9.04949
    endloop
  endfacet
  facet normal -0 0 1
    outer loop
      vertex 147.875 9.63121 9.04949
      vertex 149.511 8.92286 9.04949
      vertex 149.783 10.2915 9.04949
    endloop
  endfacet
  facet normal 0 0 1
    outer loop
      vertex 147.875 9.63121 9.04949
      vertex 149.783 10.2915 9.04949
      vertex 148.242 10.8857 9.04949
    endloop
  endfacet
  facet normal -0 0 1
    outer loop
      vertex 148.242 10.8857 9.04949
      vertex 149.783 10.2915 9.04949
      vertex 149.875 11.6839 9.04949
    endloop
  endfacet
  facet normal 0 0 1
    outer loop
      vertex 148.242 10.8857 9.04949
      vertex 149.875 11.6839 9.04949
      vertex 148.463 12.1735 9.04949
    endloop
  endfacet
  facet normal -0 0 1
    outer loop
      vertex 148.463 12.1735 9.04949
      vertex 149.875 11.6839 9.04949
      vertex 148.538 13.4783 9.04949
    endloop
  endfacet
  facet normal -2.32808e-06 -1.73464e-06 1
    outer loop
      vertex 148.538 13.4783 9.04949
      vertex 149.875 11.6839 9.04949
      vertex 149.875 63.5678 9.04958
    endloop
  endfacet
  facet normal 2.5005e-06 -1.86353e-06 1
    outer loop
      vertex 148.538 13.4783 9.04949
      vertex 149.875 63.5678 9.04958
      vertex 148.538 61.7738 9.04958
    endloop
  endfacet
  facet normal 0 -0 1
    outer loop
      vertex 148.538 61.7738 9.04958
      vertex 149.875 63.5678 9.04958
      vertex 148.439 63.2756 9.04958
    endloop
  endfacet
  facet normal 1.32491e-06 -6.51118e-06 1
    outer loop
      vertex 148.439 63.2756 9.04958
      vertex 149.875 63.5678 9.04958
      vertex 148.146 64.7518 9.04959
    endloop
  endfacet
  facet normal 9.06199e-07 -7.12262e-06 1
    outer loop
      vertex 148.146 64.7518 9.04959
      vertex 149.875 63.5678 9.04958
      vertex 149.784 64.9602 9.04959
    endloop
  endfacet
  facet normal 0 -0 1
    outer loop
      vertex 148.146 64.7518 9.04959
      vertex 149.784 64.9602 9.04959
      vertex 147.662 66.177 9.04959
    endloop
  endfacet
  facet normal -0 0 1
    outer loop
      vertex 147.662 66.177 9.04959
      vertex 149.784 64.9602 9.04959
      vertex 149.512 66.3289 9.04959
    endloop
  endfacet
  facet normal 0 0 1
    outer loop
      vertex 147.662 66.177 9.04959
      vertex 149.512 66.3289 9.04959
      vertex 149.063 67.6503 9.04959
    endloop
  endfacet
  facet normal 2.07381e-06 -8.27089e-06 1
    outer loop
      vertex 149.511 8.92286 9.04949
      vertex 147.541 8.42891 9.04949
      vertex 149.063 7.60147 9.04948
    endloop
  endfacet
  facet normal 1.43047e-06 -9.45425e-06 1
    outer loop
      vertex 149.063 7.60147 9.04948
      vertex 147.541 8.42891 9.04949
      vertex 147.024 7.29296 9.04948
    endloop
  endfacet
  facet normal 0 0 1
    outer loop
      vertex 149.063 7.60147 9.04948
      vertex 147.024 7.29296 9.04948
      vertex 148.445 6.34995 9.04948
    endloop
  endfacet
  facet normal 0 0 1
    outer loop
      vertex 148.445 6.34995 9.04948
      vertex 147.024 7.29296 9.04948
      vertex 146.338 6.25083 9.04948
    endloop
  endfacet
  facet normal 0 0 1
    outer loop
      vertex 148.445 6.34995 9.04948
      vertex 146.338 6.25083 9.04948
      vertex 147.67 5.18969 9.04948
    endloop
  endfacet
  facet normal 0 0 1
    outer loop
      vertex 147.67 5.18969 9.04948
      vertex 146.338 6.25083 9.04948
      vertex 145.498 5.32771 9.04948
    endloop
  endfacet
  facet normal 0 0 1
    outer loop
      vertex 147.67 5.18969 9.04948
      vertex 145.498 5.32771 9.04948
      vertex 146.75 4.14055 9.04948
    endloop
  endfacet
  facet normal 0 0 1
    outer loop
      vertex 146.75 4.14055 9.04948
      vertex 145.498 5.32771 9.04948
      vertex 144.526 4.5459 9.04948
    endloop
  endfacet
  facet normal 0 0 1
    outer loop
      vertex 146.75 4.14055 9.04948
      vertex 144.526 4.5459 9.04948
      vertex 145.701 3.22048 9.04948
    endloop
  endfacet
  facet normal 0 0 1
    outer loop
      vertex 145.701 3.22048 9.04948
      vertex 144.526 4.5459 9.04948
      vertex 143.443 3.92432 9.04948
    endloop
  endfacet
  facet normal -2.74189e-06 -8.79629e-06 1
    outer loop
      vertex 145.701 3.22048 9.04948
      vertex 143.443 3.92432 9.04948
      vertex 144.541 2.44522 9.04947
    endloop
  endfacet
  facet normal 2.77033e-06 -4.70433e-06 1
    outer loop
      vertex 144.541 2.44522 9.04947
      vertex 143.443 3.92432 9.04948
      vertex 142.272 3.23473 9.04948
    endloop
  endfacet
  facet normal 2.58359e-06 -5.24102e-06 1
    outer loop
      vertex 144.541 2.44522 9.04947
      vertex 142.272 3.23473 9.04948
      vertex 143.289 1.82804 9.04947
    endloop
  endfacet
  facet normal -3.728e-06 -9.80413e-06 1
    outer loop
      vertex 143.289 1.82804 9.04947
      vertex 142.272 3.23473 9.04948
      vertex 141.027 2.68816 9.04947
    endloop
  endfacet
  facet normal 0 0 1
    outer loop
      vertex 143.289 1.82804 9.04947
      vertex 141.027 2.68816 9.04947
      vertex 141.968 1.37949 9.04947
    endloop
  endfacet
  facet normal 0 0 1
    outer loop
      vertex 141.968 1.37949 9.04947
      vertex 141.027 2.68816 9.04947
      vertex 139.727 2.29219 9.04947
    endloop
  endfacet
  facet normal 0 0 1
    outer loop
      vertex 141.968 1.37949 9.04947
      vertex 139.727 2.29219 9.04947
      vertex 140.599 1.10725 9.04947
    endloop
  endfacet
  facet normal 0 0 1
    outer loop
      vertex 140.599 1.10725 9.04947
      vertex 139.727 2.29219 9.04947
      vertex 139.207 1.01599 9.04947
    endloop
  endfacet
  facet normal 0 -0 1
    outer loop
      vertex 139.207 1.01599 9.04947
      vertex 139.727 2.29219 9.04947
      vertex 138.388 2.05238 9.04947
    endloop
  endfacet
  facet normal 0 0 1
    outer loop
      vertex 139.207 1.01599 9.04947
      vertex 138.388 2.05238 9.04947
      vertex 137.031 1.97208 9.04947
    endloop
  endfacet
  facet normal 0 0 1
    outer loop
      vertex 137.031 1.97208 9.04947
      vertex 13.3511 1.97208 9.04947
      vertex 139.207 1.01599 9.04947
    endloop
  endfacet
  facet normal 0 0 1
    outer loop
      vertex 139.207 1.01599 9.04947
      vertex 13.3511 1.97208 9.04947
      vertex 10.922 1.01599 9.04947
    endloop
  endfacet
  facet normal 0 0 1
    outer loop
      vertex 10.922 1.01599 9.04947
      vertex 13.3511 1.97208 9.04947
      vertex 11.8492 2.07051 9.04947
    endloop
  endfacet
  facet normal 0 -0 1
    outer loop
      vertex 10.922 1.01599 9.04947
      vertex 11.8492 2.07051 9.04947
      vertex 10.373 2.36414 9.04947
    endloop
  endfacet
  facet normal 3.98087e-06 -8.94325e-06 1
    outer loop
      vertex 8.94785 2.84793 9.04948
      vertex 8.16093 1.37949 9.04947
      vertex 10.373 2.36414 9.04947
    endloop
  endfacet
  facet normal 0 0 1
    outer loop
      vertex 10.373 2.36414 9.04947
      vertex 8.16093 1.37949 9.04947
      vertex 9.52956 1.10726 9.04947
    endloop
  endfacet
  facet normal 0 0 1
    outer loop
      vertex 10.373 2.36414 9.04947
      vertex 9.52956 1.10726 9.04947
      vertex 10.922 1.01599 9.04947
    endloop
  endfacet
  facet normal -2.3944e-06 -4.85537e-06 1
    outer loop
      vertex 7.59798 3.51361 9.04948
      vertex 5.58801 2.44524 9.04947
      vertex 8.94785 2.84793 9.04948
    endloop
  endfacet
  facet normal -2.3944e-06 -4.85534e-06 1
    outer loop
      vertex 8.94785 2.84793 9.04948
      vertex 5.58801 2.44524 9.04947
      vertex 6.83954 1.82805 9.04947
    endloop
  endfacet
  facet normal -1.95591e-06 -5.7618e-06 1
    outer loop
      vertex 8.94785 2.84793 9.04948
      vertex 6.83954 1.82805 9.04947
      vertex 8.16093 1.37949 9.04947
    endloop
  endfacet
  facet normal 1.04763e-06 -1.1331e-05 1
    outer loop
      vertex 5.58801 2.44524 9.04947
      vertex 7.59798 3.51361 9.04948
      vertex 4.42775 3.2205 9.04948
    endloop
  endfacet
  facet normal 0 0 1
    outer loop
      vertex 4.42775 3.2205 9.04948
      vertex 7.59798 3.51361 9.04948
      vertex 6.34654 4.34979 9.04948
    endloop
  endfacet
  facet normal 0 -0 1
    outer loop
      vertex 4.42775 3.2205 9.04948
      vertex 6.34654 4.34979 9.04948
      vertex 3.3786 4.14058 9.04948
    endloop
  endfacet
  facet normal 0 0 1
    outer loop
      vertex 3.3786 4.14058 9.04948
      vertex 6.34654 4.34979 9.04948
      vertex 5.21497 5.34216 9.04948
    endloop
  endfacet
  facet normal 0 -0 1
    outer loop
      vertex 3.3786 4.14058 9.04948
      vertex 5.21497 5.34216 9.04948
      vertex 2.45851 5.18973 9.04948
    endloop
  endfacet
  facet normal 0 0 1
    outer loop
      vertex 2.45851 5.18973 9.04948
      vertex 5.21497 5.34216 9.04948
      vertex 4.2226 6.47375 9.04948
    endloop
  endfacet
  facet normal 0 -0 1
    outer loop
      vertex 2.45851 5.18973 9.04948
      vertex 4.2226 6.47375 9.04948
      vertex 1.68326 6.34999 9.04948
    endloop
  endfacet
  facet normal 0 0 1
    outer loop
      vertex 1.68326 6.34999 9.04948
      vertex 4.2226 6.47375 9.04948
      vertex 3.38641 7.72518 9.04948
    endloop
  endfacet
  facet normal 0 -0 1
    outer loop
      vertex 1.68326 6.34999 9.04948
      vertex 3.38641 7.72518 9.04948
      vertex 1.06606 7.60153 9.04948
    endloop
  endfacet
  facet normal 3.84665e-07 -7.21843e-06 1
    outer loop
      vertex 1.06606 7.60153 9.04948
      vertex 3.38641 7.72518 9.04948
      vertex 2.72073 9.07505 9.04949
    endloop
  endfacet
  facet normal 5.34274e-07 -7.38643e-06 1
    outer loop
      vertex 1.06606 7.60153 9.04948
      vertex 2.72073 9.07505 9.04949
      vertex 0.617508 8.92292 9.04949
    endloop
  endfacet
  facet normal 0 -0 1
    outer loop
      vertex 0.617508 8.92292 9.04949
      vertex 2.72073 9.07505 9.04949
      vertex 0.345276 10.2915 9.04949
    endloop
  endfacet
  facet normal -0 0 1
    outer loop
      vertex 0.345276 10.2915 9.04949
      vertex 2.72073 9.07505 9.04949
      vertex 2.23694 10.5003 9.04949
    endloop
  endfacet
  facet normal 0 -0 1
    outer loop
      vertex 0.345276 10.2915 9.04949
      vertex 2.23694 10.5003 9.04949
      vertex 0.254013 11.684 9.04949
    endloop
  endfacet
  facet normal -0 0 1
    outer loop
      vertex 0.254013 11.684 9.04949
      vertex 2.23694 10.5003 9.04949
      vertex 1.94331 11.9764 9.04949
    endloop
  endfacet
  facet normal 0 0 1
    outer loop
      vertex 0.254013 11.684 9.04949
      vertex 1.94331 11.9764 9.04949
      vertex 1.84488 13.4783 9.04949
    endloop
  endfacet
  facet normal 2.10183e-06 -1.86353e-06 1
    outer loop
      vertex 1.84488 13.4783 9.04949
      vertex 1.84486 61.7738 9.04958
      vertex 0.254013 11.684 9.04949
    endloop
  endfacet
  facet normal -1.95656e-06 -1.73463e-06 1
    outer loop
      vertex 0.254013 11.684 9.04949
      vertex 1.84486 61.7738 9.04958
      vertex 0.253998 63.5682 9.04958
    endloop
  endfacet
  facet normal 0 0 1
    outer loop
      vertex 0.253998 63.5682 9.04958
      vertex 1.84486 61.7738 9.04958
      vertex 1.9433 63.2757 9.04958
    endloop
  endfacet
  facet normal -1.13395e-06 -6.54903e-06 1
    outer loop
      vertex 0.253998 63.5682 9.04958
      vertex 1.9433 63.2757 9.04958
      vertex 2.23694 64.7518 9.04959
    endloop
  endfacet
  facet normal -7.87348e-07 -7.12972e-06 1
    outer loop
      vertex 0.253998 63.5682 9.04958
      vertex 2.23694 64.7518 9.04959
      vertex 0.345276 64.9607 9.04959
    endloop
  endfacet
  facet normal -0 0 1
    outer loop
      vertex 0.345276 64.9607 9.04959
      vertex 2.23694 64.7518 9.04959
      vertex 2.72073 66.177 9.04959
    endloop
  endfacet
  facet normal 0 0 1
    outer loop
      vertex 0.345276 64.9607 9.04959
      vertex 2.72073 66.177 9.04959
      vertex 0.617508 66.3293 9.04959
    endloop
  endfacet
  facet normal -0 0 1
    outer loop
      vertex 0.617508 66.3293 9.04959
      vertex 2.72073 66.177 9.04959
      vertex 1.06606 67.6507 9.04959
    endloop
  endfacet
  facet normal 0 0 1
    outer loop
      vertex 1.06606 67.6507 9.04959
      vertex 2.72073 66.177 9.04959
      vertex 3.38641 67.5269 9.04959
    endloop
  endfacet
  facet normal -0 0 1
    outer loop
      vertex 1.06606 67.6507 9.04959
      vertex 3.38641 67.5269 9.04959
      vertex 1.68324 68.9022 9.04959
    endloop
  endfacet
  facet normal 0 0 1
    outer loop
      vertex 1.68324 68.9022 9.04959
      vertex 3.38641 67.5269 9.04959
      vertex 4.22258 68.7784 9.04959
    endloop
  endfacet
  facet normal -0 0 1
    outer loop
      vertex 1.68324 68.9022 9.04959
      vertex 4.22258 68.7784 9.04959
      vertex 2.45851 70.0625 9.04959
    endloop
  endfacet
  facet normal 0 0 1
    outer loop
      vertex 2.45851 70.0625 9.04959
      vertex 4.22258 68.7784 9.04959
      vertex 5.21495 69.9099 9.04959
    endloop
  endfacet
  facet normal -0 0 1
    outer loop
      vertex 2.45851 70.0625 9.04959
      vertex 5.21495 69.9099 9.04959
      vertex 3.3786 71.1116 9.04959
    endloop
  endfacet
  facet normal 0 0 1
    outer loop
      vertex 3.3786 71.1116 9.04959
      vertex 5.21495 69.9099 9.04959
      vertex 6.34654 70.9023 9.04959
    endloop
  endfacet
  facet normal -7.09398e-07 -1.00595e-05 1
    outer loop
      vertex 3.3786 71.1116 9.04959
      vertex 6.34654 70.9023 9.04959
      vertex 4.42775 72.0317 9.0496
    endloop
  endfacet
  facet normal -9.71547e-07 -1.05049e-05 1
    outer loop
      vertex 4.42775 72.0317 9.0496
      vertex 6.34654 70.9023 9.04959
      vertex 7.59798 71.7385 9.0496
    endloop
  endfacet
  facet normal -0 0 1
    outer loop
      vertex 4.42775 72.0317 9.0496
      vertex 7.59798 71.7385 9.0496
      vertex 5.58801 72.807 9.0496
    endloop
  endfacet
  facet normal 0 0 1
    outer loop
      vertex 5.58801 72.807 9.0496
      vertex 7.59798 71.7385 9.0496
      vertex 8.94785 72.4042 9.0496
    endloop
  endfacet
  facet normal -0 0 1
    outer loop
      vertex 5.58801 72.807 9.0496
      vertex 8.94785 72.4042 9.0496
      vertex 6.83955 73.4242 9.0496
    endloop
  endfacet
  facet normal -0 0 1
    outer loop
      vertex 6.83955 73.4242 9.0496
      vertex 8.94785 72.4042 9.0496
      vertex 8.16095 73.8727 9.0496
    endloop
  endfacet
  facet normal 0 0 1
    outer loop
      vertex 8.16095 73.8727 9.0496
      vertex 8.94785 72.4042 9.0496
      vertex 10.373 72.888 9.0496
    endloop
  endfacet
  facet normal -0 0 1
    outer loop
      vertex 8.16095 73.8727 9.0496
      vertex 10.373 72.888 9.0496
      vertex 9.52957 74.1449 9.0496
    endloop
  endfacet
  facet normal -0 0 1
    outer loop
      vertex 9.52957 74.1449 9.0496
      vertex 10.373 72.888 9.0496
      vertex 10.922 74.2362 9.0496
    endloop
  endfacet
  facet normal 0 0 1
    outer loop
      vertex 10.922 74.2362 9.0496
      vertex 10.373 72.888 9.0496
      vertex 11.8492 73.1816 9.0496
    endloop
  endfacet
  facet normal 0 0 1
    outer loop
      vertex 10.922 74.2362 9.0496
      vertex 11.8492 73.1816 9.0496
      vertex 13.3511 73.28 9.0496
    endloop
  endfacet
  facet normal 0 0 1
    outer loop
      vertex 10.922 74.2362 9.0496
      vertex 13.3511 73.28 9.0496
      vertex 139.207 74.2359 9.0496
    endloop
  endfacet
  facet normal 0 0 1
    outer loop
      vertex 139.207 74.2359 9.0496
      vertex 13.3511 73.28 9.0496
      vertex 137.031 73.28 9.0496
    endloop
  endfacet
  facet normal 0 0 1
    outer loop
      vertex 139.207 74.2359 9.0496
      vertex 137.031 73.28 9.0496
      vertex 138.533 73.1815 9.0496
    endloop
  endfacet
  facet normal -0 0 1
    outer loop
      vertex 138.533 73.1815 9.0496
      vertex 140.009 72.8879 9.0496
      vertex 139.207 74.2359 9.0496
    endloop
  endfacet
  facet normal 0 0 1
    outer loop
      vertex 139.207 74.2359 9.0496
      vertex 140.009 72.8879 9.0496
      vertex 140.6 74.1446 9.0496
    endloop
  endfacet
  facet normal 0 0 1
    outer loop
      vertex 140.6 74.1446 9.0496
      vertex 140.009 72.8879 9.0496
      vertex 141.968 73.8723 9.0496
    endloop
  endfacet
  facet normal 0 0 1
    outer loop
      vertex 141.968 73.8723 9.0496
      vertex 140.009 72.8879 9.0496
      vertex 141.435 72.4041 9.0496
    endloop
  endfacet
  facet normal 0 0 1
    outer loop
      vertex 141.968 73.8723 9.0496
      vertex 141.435 72.4041 9.0496
      vertex 143.29 73.4238 9.0496
    endloop
  endfacet
  facet normal 0 0 1
    outer loop
      vertex 143.29 73.4238 9.0496
      vertex 141.435 72.4041 9.0496
      vertex 144.541 72.8066 9.0496
    endloop
  endfacet
  facet normal 0 0 1
    outer loop
      vertex 144.541 72.8066 9.0496
      vertex 141.435 72.4041 9.0496
      vertex 142.784 71.7384 9.0496
    endloop
  endfacet
  facet normal 0 0 1
    outer loop
      vertex 144.541 72.8066 9.0496
      vertex 142.784 71.7384 9.0496
      vertex 145.701 72.0313 9.0496
    endloop
  endfacet
  facet normal 1.04387e-06 -1.03959e-05 1
    outer loop
      vertex 145.701 72.0313 9.0496
      vertex 142.784 71.7384 9.0496
      vertex 144.036 70.9022 9.04959
    endloop
  endfacet
  facet normal 7.69083e-07 -9.99072e-06 1
    outer loop
      vertex 145.701 72.0313 9.0496
      vertex 144.036 70.9022 9.04959
      vertex 146.751 71.1112 9.04959
    endloop
  endfacet
  facet normal 0 0 1
    outer loop
      vertex 146.751 71.1112 9.04959
      vertex 144.036 70.9022 9.04959
      vertex 145.167 69.9099 9.04959
    endloop
  endfacet
  facet normal 0 0 1
    outer loop
      vertex 146.751 71.1112 9.04959
      vertex 145.167 69.9099 9.04959
      vertex 147.671 70.0621 9.04959
    endloop
  endfacet
  facet normal 0 0 1
    outer loop
      vertex 147.671 70.0621 9.04959
      vertex 145.167 69.9099 9.04959
      vertex 146.16 68.7783 9.04959
    endloop
  endfacet
  facet normal 0 0 1
    outer loop
      vertex 147.671 70.0621 9.04959
      vertex 146.16 68.7783 9.04959
      vertex 148.446 68.9018 9.04959
    endloop
  endfacet
  facet normal 0 0 1
    outer loop
      vertex 148.446 68.9018 9.04959
      vertex 146.16 68.7783 9.04959
      vertex 146.996 67.5269 9.04959
    endloop
  endfacet
  facet normal 0 0 1
    outer loop
      vertex 148.446 68.9018 9.04959
      vertex 146.996 67.5269 9.04959
      vertex 149.063 67.6503 9.04959
    endloop
  endfacet
  facet normal 0 0 1
    outer loop
      vertex 149.063 67.6503 9.04959
      vertex 146.996 67.5269 9.04959
      vertex 147.662 66.177 9.04959
    endloop
  endfacet
  facet normal -0.895556 -0.0128659 -0.444762
    outer loop
      vertex 0.889008 53.1184 5.81451
      vertex 0 53.5357 7.59251
      vertex 0.887863 53.1981 5.81451
    endloop
  endfacet
  facet normal -0.897469 -0.0563353 -0.437464
    outer loop
      vertex 0.887863 53.1981 5.81451
      vertex 0 53.5357 7.59251
      vertex 0 54.238 7.50207
    endloop
  endfacet
  facet normal -0.89887 -0.0639193 -0.433528
    outer loop
      vertex 0.887863 53.1981 5.81451
      vertex 0 54.238 7.50207
      vertex 0.882187 53.4428 5.7902
    endloop
  endfacet
  facet normal -0.905009 -0.137125 -0.402686
    outer loop
      vertex 0.882187 53.4428 5.7902
      vertex 0 54.238 7.50207
      vertex 0.878662 53.679 5.71769
    endloop
  endfacet
  facet normal -0.90447 -0.161475 -0.394792
    outer loop
      vertex 0.878662 53.679 5.71769
      vertex 0 54.238 7.50207
      vertex 0 54.8871 7.23658
    endloop
  endfacet
  facet normal -0.908896 -0.203193 -0.364171
    outer loop
      vertex 0.878662 53.679 5.71769
      vertex 0 54.8871 7.23658
      vertex 0.876846 53.8878 5.60572
    endloop
  endfacet
  facet normal -0.90819 -0.254124 -0.332583
    outer loop
      vertex 0.876846 53.8878 5.60572
      vertex 0 54.8871 7.23658
      vertex 0 55.4413 6.81312
    endloop
  endfacet
  facet normal -0.909701 -0.264931 -0.319776
    outer loop
      vertex 0.876846 53.8878 5.60572
      vertex 0 55.4413 6.81312
      vertex 0.876236 54.0793 5.4488
    endloop
  endfacet
  facet normal -0.909655 -0.320216 -0.264556
    outer loop
      vertex 0.876236 54.0793 5.4488
      vertex 0 55.4413 6.81312
      vertex 0.876846 54.2345 5.25885
    endloop
  endfacet
  facet normal -0.908189 -0.33259 -0.254121
    outer loop
      vertex 0.876846 54.2345 5.25885
      vertex 0 55.4413 6.81312
      vertex 0 55.8647 6.25898
    endloop
  endfacet
  facet normal -0.908872 -0.364507 -0.202695
    outer loop
      vertex 0.876846 54.2345 5.25885
      vertex 0 55.8647 6.25898
      vertex 0.878677 54.3465 5.04923
    endloop
  endfacet
  facet normal -0.904465 -0.394802 -0.161475
    outer loop
      vertex 0.878677 54.3465 5.04923
      vertex 0 55.8647 6.25898
      vertex 0 56.1302 5.60984
    endloop
  endfacet
  facet normal -0.905003 -0.402968 -0.136334
    outer loop
      vertex 0.878677 54.3465 5.04923
      vertex 0 56.1302 5.60984
      vertex 0.882248 54.4189 4.81153
    endloop
  endfacet
  facet normal -0.898809 -0.433702 -0.0636078
    outer loop
      vertex 0.882248 54.4189 4.81153
      vertex 0 56.1302 5.60984
      vertex 0.887863 54.4427 4.56991
    endloop
  endfacet
  facet normal -0.89747 -0.437458 -0.0563687
    outer loop
      vertex 0.887863 54.4427 4.56991
      vertex 0 56.1302 5.60984
      vertex 0 56.2207 4.9075
    endloop
  endfacet
  facet normal -0.895544 -0.444793 -0.0126721
    outer loop
      vertex 0.887863 54.4427 4.56991
      vertex 0 56.2207 4.9075
      vertex 0.746292 54.7281 4.55721
    endloop
  endfacet
  facet normal -0.895169 -0.445097 -0.0236832
    outer loop
      vertex 0.746292 54.7281 4.55721
      vertex 0.888199 54.4427 4.55721
      vertex 0.887863 54.4427 4.56991
    endloop
  endfacet
  facet normal -0.894426 0 -0.447217
    outer loop
      vertex 0 48.9819 7.59251
      vertex 0 53.5357 7.59251
      vertex 0.444504 48.9819 6.70351
    endloop
  endfacet
  facet normal -0.894426 4.49869e-17 -0.447217
    outer loop
      vertex 0.444504 48.9819 6.70351
      vertex 0 53.5357 7.59251
      vertex 0.889008 53.1184 5.81451
    endloop
  endfacet
  facet normal -0.894426 0 -0.447217
    outer loop
      vertex 0.444504 48.9819 6.70351
      vertex 0.889008 53.1184 5.81451
      vertex 0.889008 48.9819 5.81451
    endloop
  endfacet
  facet normal -0.895169 -0.445097 0.0237019
    outer loop
      vertex 0.888199 54.4427 4.55721
      vertex 0.746292 54.7281 4.55721
      vertex 0.887863 54.4427 4.54452
    endloop
  endfacet
  facet normal -0.895544 -0.444793 0.012674
    outer loop
      vertex 0.887863 54.4427 4.54452
      vertex 0.746292 54.7281 4.55721
      vertex 0 56.2207 4.20693
    endloop
  endfacet
  facet normal -0.89747 -0.437458 0.0563687
    outer loop
      vertex 0.887863 54.4427 4.54452
      vertex 0 56.2207 4.20693
      vertex 0 56.1302 3.50459
    endloop
  endfacet
  facet normal -0.904463 -0.394807 0.161477
    outer loop
      vertex 0 55.8647 2.85545
      vertex 0.878662 54.3459 4.06357
      vertex 0 56.1302 3.50459
    endloop
  endfacet
  facet normal -0.905002 -0.402702 0.137124
    outer loop
      vertex 0 56.1302 3.50459
      vertex 0.878662 54.3459 4.06357
      vertex 0.882187 54.4184 4.29975
    endloop
  endfacet
  facet normal -0.898859 -0.433557 0.0638859
    outer loop
      vertex 0 56.1302 3.50459
      vertex 0.882187 54.4184 4.29975
      vertex 0.887863 54.4427 4.54452
    endloop
  endfacet
  facet normal -0.908894 -0.364148 0.203243
    outer loop
      vertex 0.878662 54.3459 4.06357
      vertex 0 55.8647 2.85545
      vertex 0.876846 54.2339 3.85478
    endloop
  endfacet
  facet normal -0.908188 -0.332591 0.254122
    outer loop
      vertex 0.876846 54.2339 3.85478
      vertex 0 55.8647 2.85545
      vertex 0 55.4413 2.30131
    endloop
  endfacet
  facet normal -0.909699 -0.319774 0.264937
    outer loop
      vertex 0.876846 54.2339 3.85478
      vertex 0 55.4413 2.30131
      vertex 0.876236 54.077 3.66331
    endloop
  endfacet
  facet normal -0.909653 -0.264547 0.320228
    outer loop
      vertex 0.876236 54.077 3.66331
      vertex 0 55.4413 2.30131
      vertex 0.876846 53.887 3.50808
    endloop
  endfacet
  facet normal -0.908189 -0.254126 0.332585
    outer loop
      vertex 0.876846 53.887 3.50808
      vertex 0 55.4413 2.30131
      vertex 0 54.8871 1.87785
    endloop
  endfacet
  facet normal -0.908873 -0.202669 0.36452
    outer loop
      vertex 0.876846 53.887 3.50808
      vertex 0 54.8871 1.87785
      vertex 0.878677 53.6774 3.39611
    endloop
  endfacet
  facet normal -0.904469 -0.161475 0.394793
    outer loop
      vertex 0.878677 53.6774 3.39611
      vertex 0 54.8871 1.87785
      vertex 0 54.238 1.61236
    endloop
  endfacet
  facet normal -0.905006 -0.136409 0.402936
    outer loop
      vertex 0.878677 53.6774 3.39611
      vertex 0 54.238 1.61236
      vertex 0.882248 53.4397 3.32366
    endloop
  endfacet
  facet normal -0.898796 -0.063509 0.433742
    outer loop
      vertex 0.882248 53.4397 3.32366
      vertex 0 54.238 1.61236
      vertex 0.887863 53.1981 3.29992
    endloop
  endfacet
  facet normal -0.897469 -0.0563353 0.437464
    outer loop
      vertex 0.887863 53.1981 3.29992
      vertex 0 54.238 1.61236
      vertex 0 53.5357 1.52192
    endloop
  endfacet
  facet normal -0.895556 -0.0128659 0.444762
    outer loop
      vertex 0.887863 53.1981 3.29992
      vertex 0 53.5357 1.52192
      vertex 0.889008 53.1184 3.29992
    endloop
  endfacet
  facet normal -0.894429 -0.44721 0
    outer loop
      vertex 0.746292 54.7281 4.55721
      vertex 0 56.2207 4.9075
      vertex 0 56.2207 4.20693
    endloop
  endfacet
  facet normal -0.707099 -0.707114 -0
    outer loop
      vertex 0 43.9982 5.08807
      vertex 0 43.9982 4.02635
      vertex 0.508011 43.4902 5.08807
    endloop
  endfacet
  facet normal -0.707099 -0.707114 -0
    outer loop
      vertex 0.508011 43.4902 5.08807
      vertex 0 43.9982 4.02635
      vertex 0.508011 43.4902 4.02635
    endloop
  endfacet
  facet normal -0.704056 -0.0926755 -0.704071
    outer loop
      vertex 0.508011 41.255 7.32327
      vertex 0 41.255 7.83127
      vertex 0.508011 41.8336 7.24711
    endloop
  endfacet
  facet normal -0.704047 -0.0926904 -0.704078
    outer loop
      vertex 0.508011 41.8336 7.24711
      vertex 0 41.255 7.83127
      vertex 0 41.965 7.7378
    endloop
  endfacet
  facet normal -0.70403 -0.271811 -0.656095
    outer loop
      vertex 0.508011 41.8336 7.24711
      vertex 0 41.965 7.7378
      vertex 0.508011 42.3726 7.02381
    endloop
  endfacet
  facet normal -0.704055 -0.271766 -0.656087
    outer loop
      vertex 0.508011 42.3726 7.02381
      vertex 0 41.965 7.7378
      vertex 0 42.6266 7.46375
    endloop
  endfacet
  facet normal -0.704058 -0.432267 -0.563425
    outer loop
      vertex 0.508011 42.3726 7.02381
      vertex 0 42.6266 7.46375
      vertex 0.508011 42.8356 6.66859
    endloop
  endfacet
  facet normal -0.704053 -0.432276 -0.563424
    outer loop
      vertex 0.508011 42.8356 6.66859
      vertex 0 42.6266 7.46375
      vertex 0 43.1948 7.02781
    endloop
  endfacet
  facet normal -0.704053 -0.563405 -0.432302
    outer loop
      vertex 0.508011 42.8356 6.66859
      vertex 0 43.1948 7.02781
      vertex 0.508011 43.1908 6.20567
    endloop
  endfacet
  facet normal -0.704035 -0.563436 -0.432291
    outer loop
      vertex 0.508011 43.1908 6.20567
      vertex 0 43.1948 7.02781
      vertex 0 43.6307 6.45967
    endloop
  endfacet
  facet normal -0.704028 -0.656113 -0.271773
    outer loop
      vertex 0.508011 43.1908 6.20567
      vertex 0 43.6307 6.45967
      vertex 0.508011 43.4141 5.66658
    endloop
  endfacet
  facet normal -0.704058 -0.656068 -0.271804
    outer loop
      vertex 0.508011 43.4141 5.66658
      vertex 0 43.6307 6.45967
      vertex 0 43.9048 5.79806
    endloop
  endfacet
  facet normal -0.704057 -0.704078 -0.0926178
    outer loop
      vertex 0.508011 43.4141 5.66658
      vertex 0 43.9048 5.79806
      vertex 0.508011 43.4902 5.08807
    endloop
  endfacet
  facet normal -0.70406 -0.704075 -0.0926218
    outer loop
      vertex 0.508011 43.4902 5.08807
      vertex 0 43.9048 5.79806
      vertex 0 43.9982 5.08807
    endloop
  endfacet
  facet normal -0.707099 0 -0.707114
    outer loop
      vertex 0.508011 33.9754 7.32327
      vertex 0 33.9754 7.83127
      vertex 0.508011 41.255 7.32327
    endloop
  endfacet
  facet normal -0.707099 0 -0.707114
    outer loop
      vertex 0.508011 41.255 7.32327
      vertex 0 33.9754 7.83127
      vertex 0 41.255 7.83127
    endloop
  endfacet
  facet normal -0.704052 0.704067 -0.0927381
    outer loop
      vertex 0.508011 31.7402 5.08807
      vertex 0 31.2322 5.08807
      vertex 0.508011 31.8164 5.66658
    endloop
  endfacet
  facet normal -0.704063 0.704058 -0.0927188
    outer loop
      vertex 0.508011 31.8164 5.66658
      vertex 0 31.2322 5.08807
      vertex 0 31.3257 5.79806
    endloop
  endfacet
  facet normal -0.704061 0.656083 -0.27176
    outer loop
      vertex 0.508011 31.8164 5.66658
      vertex 0 31.3257 5.79806
      vertex 0.508011 32.0397 6.20567
    endloop
  endfacet
  facet normal -0.704091 0.656073 -0.271707
    outer loop
      vertex 0.508011 32.0397 6.20567
      vertex 0 31.3257 5.79806
      vertex 0 31.5997 6.45967
    endloop
  endfacet
  facet normal -0.704089 0.563376 -0.43228
    outer loop
      vertex 0.508011 32.0397 6.20567
      vertex 0 31.5997 6.45967
      vertex 0.508011 32.3949 6.66859
    endloop
  endfacet
  facet normal -0.704056 0.563371 -0.43234
    outer loop
      vertex 0.508011 32.3949 6.66859
      vertex 0 31.5997 6.45967
      vertex 0 32.0357 7.02781
    endloop
  endfacet
  facet normal -0.704058 0.432326 -0.56338
    outer loop
      vertex 0.508011 32.3949 6.66859
      vertex 0 32.0357 7.02781
      vertex 0.508011 32.8578 7.02381
    endloop
  endfacet
  facet normal -0.704053 0.432324 -0.563387
    outer loop
      vertex 0.508011 32.8578 7.02381
      vertex 0 32.0357 7.02781
      vertex 0 32.6038 7.46375
    endloop
  endfacet
  facet normal -0.704054 0.271759 -0.656091
    outer loop
      vertex 0.508011 32.8578 7.02381
      vertex 0 32.6038 7.46375
      vertex 0.508011 33.3969 7.24711
    endloop
  endfacet
  facet normal -0.70406 0.271764 -0.656082
    outer loop
      vertex 0.508011 33.3969 7.24711
      vertex 0 32.6038 7.46375
      vertex 0 33.2654 7.7378
    endloop
  endfacet
  facet normal -0.704056 0.0926912 -0.704069
    outer loop
      vertex 0.508011 33.3969 7.24711
      vertex 0 33.2654 7.7378
      vertex 0.508011 33.9754 7.32327
    endloop
  endfacet
  facet normal -0.704055 0.0926894 -0.70407
    outer loop
      vertex 0.508011 33.9754 7.32327
      vertex 0 33.2654 7.7378
      vertex 0 33.9754 7.83127
    endloop
  endfacet
  facet normal -0.707099 0.707114 0
    outer loop
      vertex 0.508011 31.7402 4.02635
      vertex 0 31.2322 4.02635
      vertex 0.508011 31.7402 5.08807
    endloop
  endfacet
  facet normal -0.707099 0.707114 0
    outer loop
      vertex 0.508011 31.7402 5.08807
      vertex 0 31.2322 4.02635
      vertex 0 31.2322 5.08807
    endloop
  endfacet
  facet normal -0.704055 0.0926914 0.70407
    outer loop
      vertex 0.508011 33.9754 1.79115
      vertex 0 33.9754 1.28315
      vertex 0.508011 33.3969 1.86731
    endloop
  endfacet
  facet normal -0.704056 0.0926892 0.704069
    outer loop
      vertex 0.508011 33.3969 1.86731
      vertex 0 33.9754 1.28315
      vertex 0 33.2654 1.37662
    endloop
  endfacet
  facet normal -0.70406 0.271756 0.656085
    outer loop
      vertex 0.508011 33.3969 1.86731
      vertex 0 33.2654 1.37662
      vertex 0.508011 32.8578 2.09061
    endloop
  endfacet
  facet normal -0.704055 0.271766 0.656087
    outer loop
      vertex 0.508011 32.8578 2.09061
      vertex 0 33.2654 1.37662
      vertex 0 32.6038 1.65067
    endloop
  endfacet
  facet normal -0.704053 0.432329 0.563384
    outer loop
      vertex 0.508011 32.8578 2.09061
      vertex 0 32.6038 1.65067
      vertex 0.508011 32.3949 2.44583
    endloop
  endfacet
  facet normal -0.704057 0.432321 0.563384
    outer loop
      vertex 0.508011 32.3949 2.44583
      vertex 0 32.6038 1.65067
      vertex 0 32.0357 2.08661
    endloop
  endfacet
  facet normal -0.704053 0.563405 0.432302
    outer loop
      vertex 0.508011 32.3949 2.44583
      vertex 0 32.0357 2.08661
      vertex 0.508011 32.0397 2.90875
    endloop
  endfacet
  facet normal -0.704085 0.563348 0.432323
    outer loop
      vertex 0.508011 32.0397 2.90875
      vertex 0 32.0357 2.08661
      vertex 0 31.5997 2.65475
    endloop
  endfacet
  facet normal -0.704094 0.656053 0.271748
    outer loop
      vertex 0.508011 32.0397 2.90875
      vertex 0 31.5997 2.65475
      vertex 0.508011 31.8164 3.44784
    endloop
  endfacet
  facet normal -0.704064 0.656097 0.271717
    outer loop
      vertex 0.508011 31.8164 3.44784
      vertex 0 31.5997 2.65475
      vertex 0 31.3257 3.31636
    endloop
  endfacet
  facet normal -0.704063 0.704058 0.0927188
    outer loop
      vertex 0.508011 31.8164 3.44784
      vertex 0 31.3257 3.31636
      vertex 0 31.2322 4.02635
    endloop
  endfacet
  facet normal -0.704052 0.704067 0.0927381
    outer loop
      vertex 0 31.2322 4.02635
      vertex 0.508011 31.7402 4.02635
      vertex 0.508011 31.8164 3.44784
    endloop
  endfacet
  facet normal -0.707099 0 0.707114
    outer loop
      vertex 0 41.255 1.28315
      vertex 0 33.9754 1.28315
      vertex 0.508011 41.255 1.79115
    endloop
  endfacet
  facet normal -0.707099 0 0.707114
    outer loop
      vertex 0.508011 41.255 1.79115
      vertex 0 33.9754 1.28315
      vertex 0.508011 33.9754 1.79115
    endloop
  endfacet
  facet normal -0.70406 -0.704075 0.0926218
    outer loop
      vertex 0 43.9982 4.02635
      vertex 0 43.9048 3.31636
      vertex 0.508011 43.4902 4.02635
    endloop
  endfacet
  facet normal -0.704057 -0.704078 0.0926178
    outer loop
      vertex 0.508011 43.4902 4.02635
      vertex 0 43.9048 3.31636
      vertex 0.508011 43.4141 3.44784
    endloop
  endfacet
  facet normal -0.704061 -0.656083 0.27176
    outer loop
      vertex 0.508011 43.4141 3.44784
      vertex 0 43.9048 3.31636
      vertex 0.508011 43.1908 2.90875
    endloop
  endfacet
  facet normal -0.704031 -0.656092 0.271814
    outer loop
      vertex 0.508011 43.1908 2.90875
      vertex 0 43.9048 3.31636
      vertex 0 43.6307 2.65475
    endloop
  endfacet
  facet normal -0.704033 -0.56342 0.432314
    outer loop
      vertex 0.508011 43.1908 2.90875
      vertex 0 43.6307 2.65475
      vertex 0.508011 42.8356 2.44583
    endloop
  endfacet
  facet normal -0.704051 -0.563423 0.432281
    outer loop
      vertex 0.508011 42.8356 2.44583
      vertex 0 43.6307 2.65475
      vertex 0 43.1948 2.08661
    endloop
  endfacet
  facet normal -0.704053 -0.43227 0.563429
    outer loop
      vertex 0.508011 42.8356 2.44583
      vertex 0 43.1948 2.08661
      vertex 0.508011 42.3726 2.09061
    endloop
  endfacet
  facet normal -0.704057 -0.432273 0.563421
    outer loop
      vertex 0.508011 42.3726 2.09061
      vertex 0 43.1948 2.08661
      vertex 0 42.6266 1.65067
    endloop
  endfacet
  facet normal -0.704057 -0.2718 0.65607
    outer loop
      vertex 0.508011 42.3726 2.09061
      vertex 0 42.6266 1.65067
      vertex 0.508011 41.8336 1.86731
    endloop
  endfacet
  facet normal -0.704033 -0.271775 0.656107
    outer loop
      vertex 0.508011 41.8336 1.86731
      vertex 0 42.6266 1.65067
      vertex 0 41.965 1.37662
    endloop
  endfacet
  facet normal -0.704046 -0.0926768 0.704081
    outer loop
      vertex 0.508011 41.8336 1.86731
      vertex 0 41.965 1.37662
      vertex 0.508011 41.255 1.79115
    endloop
  endfacet
  facet normal -0.704055 -0.0926894 0.70407
    outer loop
      vertex 0.508011 41.255 1.79115
      vertex 0 41.965 1.37662
      vertex 0 41.255 1.28315
    endloop
  endfacet
  facet normal 0 0.991436 -0.13059
    outer loop
      vertex 1.54007 31.7402 5.08807
      vertex 0.508011 31.7402 5.08807
      vertex 1.54007 31.8164 5.66658
    endloop
  endfacet
  facet normal 0 0.991436 -0.13059
    outer loop
      vertex 1.54007 31.8164 5.66658
      vertex 0.508011 31.7402 5.08807
      vertex 0.508011 31.8164 5.66658
    endloop
  endfacet
  facet normal 0 0.923879 -0.382686
    outer loop
      vertex 1.54007 31.8164 5.66658
      vertex 0.508011 31.8164 5.66658
      vertex 1.54007 32.0397 6.20567
    endloop
  endfacet
  facet normal 0 0.923879 -0.382686
    outer loop
      vertex 1.54007 32.0397 6.20567
      vertex 0.508011 31.8164 5.66658
      vertex 0.508011 32.0397 6.20567
    endloop
  endfacet
  facet normal 0 0.793362 -0.60875
    outer loop
      vertex 1.54007 32.0397 6.20567
      vertex 0.508011 32.0397 6.20567
      vertex 1.54007 32.3949 6.66859
    endloop
  endfacet
  facet normal 0 0.793362 -0.60875
    outer loop
      vertex 1.54007 32.3949 6.66859
      vertex 0.508011 32.0397 6.20567
      vertex 0.508011 32.3949 6.66859
    endloop
  endfacet
  facet normal 0 0.608788 -0.793333
    outer loop
      vertex 1.54007 32.3949 6.66859
      vertex 0.508011 32.3949 6.66859
      vertex 1.54007 32.8578 7.02381
    endloop
  endfacet
  facet normal 0 0.608788 -0.793333
    outer loop
      vertex 1.54007 32.8578 7.02381
      vertex 0.508011 32.3949 6.66859
      vertex 0.508011 32.8578 7.02381
    endloop
  endfacet
  facet normal 0 0.38268 -0.923881
    outer loop
      vertex 1.54007 32.8578 7.02381
      vertex 0.508011 32.8578 7.02381
      vertex 1.54007 33.3969 7.24711
    endloop
  endfacet
  facet normal 0 0.38268 -0.923881
    outer loop
      vertex 1.54007 33.3969 7.24711
      vertex 0.508011 32.8578 7.02381
      vertex 0.508011 33.3969 7.24711
    endloop
  endfacet
  facet normal 0 0.130525 -0.991445
    outer loop
      vertex 1.54007 33.3969 7.24711
      vertex 0.508011 33.3969 7.24711
      vertex 1.54007 33.9754 7.32327
    endloop
  endfacet
  facet normal 0 0.130525 -0.991445
    outer loop
      vertex 1.54007 33.9754 7.32327
      vertex 0.508011 33.3969 7.24711
      vertex 0.508011 33.9754 7.32327
    endloop
  endfacet
  facet normal 0 0 -1
    outer loop
      vertex 0.508011 41.255 7.32327
      vertex 1.54007 41.255 7.32327
      vertex 0.508011 33.9754 7.32327
    endloop
  endfacet
  facet normal 0 0 -1
    outer loop
      vertex 0.508011 33.9754 7.32327
      vertex 1.54007 41.255 7.32327
      vertex 1.54007 33.9754 7.32327
    endloop
  endfacet
  facet normal -0 -0.130502 -0.991448
    outer loop
      vertex 1.54007 41.255 7.32327
      vertex 0.508011 41.255 7.32327
      vertex 1.54007 41.8336 7.24711
    endloop
  endfacet
  facet normal -0 -0.130502 -0.991448
    outer loop
      vertex 1.54007 41.8336 7.24711
      vertex 0.508011 41.255 7.32327
      vertex 0.508011 41.8336 7.24711
    endloop
  endfacet
  facet normal -0 -0.38274 -0.923856
    outer loop
      vertex 1.54007 41.8336 7.24711
      vertex 0.508011 41.8336 7.24711
      vertex 1.54007 42.3726 7.02381
    endloop
  endfacet
  facet normal -0 -0.38274 -0.923856
    outer loop
      vertex 1.54007 42.3726 7.02381
      vertex 0.508011 41.8336 7.24711
      vertex 0.508011 42.3726 7.02381
    endloop
  endfacet
  facet normal -0 -0.608705 -0.793397
    outer loop
      vertex 1.54007 42.3726 7.02381
      vertex 0.508011 42.3726 7.02381
      vertex 1.54007 42.8356 6.66859
    endloop
  endfacet
  facet normal -0 -0.608705 -0.793397
    outer loop
      vertex 1.54007 42.8356 6.66859
      vertex 0.508011 42.3726 7.02381
      vertex 0.508011 42.8356 6.66859
    endloop
  endfacet
  facet normal -0 -0.793362 -0.60875
    outer loop
      vertex 1.54007 42.8356 6.66859
      vertex 0.508011 42.8356 6.66859
      vertex 1.54007 43.1908 6.20567
    endloop
  endfacet
  facet normal -0 -0.793362 -0.60875
    outer loop
      vertex 1.54007 43.1908 6.20567
      vertex 0.508011 42.8356 6.66859
      vertex 0.508011 43.1908 6.20567
    endloop
  endfacet
  facet normal -0 -0.923879 -0.382686
    outer loop
      vertex 1.54007 43.1908 6.20567
      vertex 0.508011 43.1908 6.20567
      vertex 1.54007 43.4141 5.66658
    endloop
  endfacet
  facet normal -0 -0.923879 -0.382686
    outer loop
      vertex 1.54007 43.4141 5.66658
      vertex 0.508011 43.1908 6.20567
      vertex 0.508011 43.4141 5.66658
    endloop
  endfacet
  facet normal -0 -0.991459 -0.130421
    outer loop
      vertex 1.54007 43.4141 5.66658
      vertex 0.508011 43.4141 5.66658
      vertex 1.54007 43.4902 5.08807
    endloop
  endfacet
  facet normal -0 -0.991459 -0.130421
    outer loop
      vertex 1.54007 43.4902 5.08807
      vertex 0.508011 43.4141 5.66658
      vertex 0.508011 43.4902 5.08807
    endloop
  endfacet
  facet normal 0 -1 0
    outer loop
      vertex 0.508011 43.4902 5.08807
      vertex 0.508011 43.4902 4.02635
      vertex 1.54007 43.4902 5.08807
    endloop
  endfacet
  facet normal 0 -1 -0
    outer loop
      vertex 1.54007 43.4902 5.08807
      vertex 0.508011 43.4902 4.02635
      vertex 1.54007 43.4902 4.02635
    endloop
  endfacet
  facet normal 0 -0.995184 -0.0980274
    outer loop
      vertex 0.887863 54.4427 4.56991
      vertex 1.54007 54.4427 4.56991
      vertex 0.882248 54.4189 4.81153
    endloop
  endfacet
  facet normal -0.0120609 -0.991376 -0.130489
    outer loop
      vertex 0.882248 54.4189 4.81153
      vertex 1.54007 54.4427 4.56991
      vertex 1.54007 54.4003 4.89204
    endloop
  endfacet
  facet normal 0.0085963 -0.956611 -0.291241
    outer loop
      vertex 0.882248 54.4189 4.81153
      vertex 1.54007 54.4003 4.89204
      vertex 0.878677 54.3465 5.04923
    endloop
  endfacet
  facet normal -0.0158436 -0.923692 -0.382807
    outer loop
      vertex 0.878677 54.3465 5.04923
      vertex 1.54007 54.4003 4.89204
      vertex 1.54007 54.2759 5.19221
    endloop
  endfacet
  facet normal 0.00771234 -0.882 -0.471186
    outer loop
      vertex 0.878677 54.3465 5.04923
      vertex 1.54007 54.2759 5.19221
      vertex 0.876846 54.2345 5.25885
    endloop
  endfacet
  facet normal -0.0116457 -0.79329 -0.608732
    outer loop
      vertex 0.876846 54.2345 5.25885
      vertex 1.54007 54.2759 5.19221
      vertex 1.54007 54.0781 5.44998
    endloop
  endfacet
  facet normal -0.000275151 -0.774384 -0.632716
    outer loop
      vertex 0.876846 54.2345 5.25885
      vertex 1.54007 54.0781 5.44998
      vertex 0.876236 54.0793 5.4488
    endloop
  endfacet
  facet normal 0.00022918 -0.633813 -0.773486
    outer loop
      vertex 0.876236 54.0793 5.4488
      vertex 1.54007 54.0781 5.44998
      vertex 0.876846 53.8878 5.60572
    endloop
  endfacet
  facet normal -0.0115785 -0.608817 -0.793226
    outer loop
      vertex 0.876846 53.8878 5.60572
      vertex 1.54007 54.0781 5.44998
      vertex 1.54007 53.8204 5.64777
    endloop
  endfacet
  facet normal 0.00785532 -0.472524 -0.881283
    outer loop
      vertex 0.876846 53.8878 5.60572
      vertex 1.54007 53.8204 5.64777
      vertex 0.878662 53.679 5.71769
    endloop
  endfacet
  facet normal -0.0158638 -0.382591 -0.923782
    outer loop
      vertex 0.878662 53.679 5.71769
      vertex 1.54007 53.8204 5.64777
      vertex 1.54007 53.5202 5.7721
    endloop
  endfacet
  facet normal 0.00821113 -0.293347 -0.955971
    outer loop
      vertex 0.878662 53.679 5.71769
      vertex 1.54007 53.5202 5.7721
      vertex 0.882187 53.4428 5.7902
    endloop
  endfacet
  facet normal -0.0119181 -0.130531 -0.991373
    outer loop
      vertex 0.882187 53.4428 5.7902
      vertex 1.54007 53.5202 5.7721
      vertex 1.54007 53.1981 5.81451
    endloop
  endfacet
  facet normal 0 -0.0988595 -0.995101
    outer loop
      vertex 0.882187 53.4428 5.7902
      vertex 1.54007 53.1981 5.81451
      vertex 0.887863 53.1981 5.81451
    endloop
  endfacet
  facet normal 0 -0.0977906 0.995207
    outer loop
      vertex 0.887863 53.1981 3.29992
      vertex 1.54007 53.1981 3.29992
      vertex 0.882248 53.4397 3.32366
    endloop
  endfacet
  facet normal -0.0121631 -0.130531 0.99137
    outer loop
      vertex 0.882248 53.4397 3.32366
      vertex 1.54007 53.1981 3.29992
      vertex 1.54007 53.5202 3.34233
    endloop
  endfacet
  facet normal 0.00851435 -0.291426 0.956555
    outer loop
      vertex 0.882248 53.4397 3.32366
      vertex 1.54007 53.5202 3.34233
      vertex 0.878677 53.6774 3.39611
    endloop
  endfacet
  facet normal -0.0158186 -0.382591 0.923782
    outer loop
      vertex 0.878677 53.6774 3.39611
      vertex 1.54007 53.5202 3.34233
      vertex 1.54007 53.8204 3.46666
    endloop
  endfacet
  facet normal 0.00777587 -0.471122 0.882034
    outer loop
      vertex 0.878677 53.6774 3.39611
      vertex 1.54007 53.8204 3.46666
      vertex 0.876846 53.887 3.50808
    endloop
  endfacet
  facet normal -0.0115976 -0.608817 0.793226
    outer loop
      vertex 0.876846 53.887 3.50808
      vertex 1.54007 53.8204 3.46666
      vertex 1.54007 54.0781 3.66445
    endloop
  endfacet
  facet normal -0.000281491 -0.63269 0.774405
    outer loop
      vertex 0.876846 53.887 3.50808
      vertex 1.54007 54.0781 3.66445
      vertex 0.876236 54.077 3.66331
    endloop
  endfacet
  facet normal 0.000193218 -0.773477 0.633825
    outer loop
      vertex 0.876236 54.077 3.66331
      vertex 1.54007 54.0781 3.66445
      vertex 0.876846 54.2339 3.85478
    endloop
  endfacet
  facet normal -0.0116623 -0.79329 0.608732
    outer loop
      vertex 0.876846 54.2339 3.85478
      vertex 1.54007 54.0781 3.66445
      vertex 1.54007 54.2759 3.92222
    endloop
  endfacet
  facet normal 0.00774457 -0.881221 0.472641
    outer loop
      vertex 0.876846 54.2339 3.85478
      vertex 1.54007 54.2759 3.92222
      vertex 0.878662 54.3459 4.06357
    endloop
  endfacet
  facet normal -0.0159487 -0.923691 0.382807
    outer loop
      vertex 0.878662 54.3459 4.06357
      vertex 1.54007 54.2759 3.92222
      vertex 1.54007 54.4003 4.22239
    endloop
  endfacet
  facet normal 0.00819153 -0.955975 0.293333
    outer loop
      vertex 0.878662 54.3459 4.06357
      vertex 1.54007 54.4003 4.22239
      vertex 0.882187 54.4184 4.29975
    endloop
  endfacet
  facet normal -0.0119312 -0.991378 0.130489
    outer loop
      vertex 0.882187 54.4184 4.29975
      vertex 1.54007 54.4003 4.22239
      vertex 1.54007 54.4427 4.54452
    endloop
  endfacet
  facet normal 0 -0.995108 0.0987912
    outer loop
      vertex 0.882187 54.4184 4.29975
      vertex 1.54007 54.4427 4.54452
      vertex 0.887863 54.4427 4.54452
    endloop
  endfacet
  facet normal 0 -1 0
    outer loop
      vertex 0.887863 54.4427 4.54452
      vertex 1.54007 54.4427 4.54452
      vertex 0.888199 54.4427 4.55721
    endloop
  endfacet
  facet normal 0 -1 0
    outer loop
      vertex 0.888199 54.4427 4.55721
      vertex 1.54007 54.4427 4.54452
      vertex 1.54007 54.4427 4.56991
    endloop
  endfacet
  facet normal 0 -1 0
    outer loop
      vertex 0.888199 54.4427 4.55721
      vertex 1.54007 54.4427 4.56991
      vertex 0.887863 54.4427 4.56991
    endloop
  endfacet
  facet normal -0.894426 0 0.447217
    outer loop
      vertex 0 53.5357 1.52192
      vertex 0 48.9819 1.52192
      vertex 0.889008 53.1184 3.29992
    endloop
  endfacet
  facet normal -0.894426 0 0.447217
    outer loop
      vertex 0.889008 53.1184 3.29992
      vertex 0 48.9819 1.52192
      vertex 0.889008 48.9819 3.29992
    endloop
  endfacet
  facet normal 1 -0 0
    outer loop
      vertex 150.129 11.6839 8.79549
      vertex 150.129 11.6839 0.507999
      vertex 150.129 63.5678 8.79558
    endloop
  endfacet
  facet normal 1 0 0
    outer loop
      vertex 150.129 63.5678 8.79558
      vertex 150.129 11.6839 0.507999
      vertex 150.129 63.5678 0.507999
    endloop
  endfacet
  facet normal 0 -0.991459 0.130421
    outer loop
      vertex 0.508011 43.4902 4.02635
      vertex 0.508011 43.4141 3.44784
      vertex 1.54007 43.4902 4.02635
    endloop
  endfacet
  facet normal 0 -0.991459 0.130421
    outer loop
      vertex 1.54007 43.4902 4.02635
      vertex 0.508011 43.4141 3.44784
      vertex 1.54007 43.4141 3.44784
    endloop
  endfacet
  facet normal 0 -0.923879 0.382686
    outer loop
      vertex 1.54007 43.4141 3.44784
      vertex 0.508011 43.4141 3.44784
      vertex 0.508011 43.1908 2.90875
    endloop
  endfacet
  facet normal 0 -0.923879 0.382686
    outer loop
      vertex 1.54007 43.4141 3.44784
      vertex 0.508011 43.1908 2.90875
      vertex 1.54007 43.1908 2.90875
    endloop
  endfacet
  facet normal 0 -0.793362 0.60875
    outer loop
      vertex 1.54007 43.1908 2.90875
      vertex 0.508011 43.1908 2.90875
      vertex 0.508011 42.8356 2.44583
    endloop
  endfacet
  facet normal 0 -0.793362 0.60875
    outer loop
      vertex 1.54007 43.1908 2.90875
      vertex 0.508011 42.8356 2.44583
      vertex 1.54007 42.8356 2.44583
    endloop
  endfacet
  facet normal 0 -0.608705 0.793397
    outer loop
      vertex 1.54007 42.8356 2.44583
      vertex 0.508011 42.8356 2.44583
      vertex 0.508011 42.3726 2.09061
    endloop
  endfacet
  facet normal 0 -0.608705 0.793397
    outer loop
      vertex 1.54007 42.8356 2.44583
      vertex 0.508011 42.3726 2.09061
      vertex 1.54007 42.3726 2.09061
    endloop
  endfacet
  facet normal 0 -0.38274 0.923856
    outer loop
      vertex 1.54007 42.3726 2.09061
      vertex 0.508011 42.3726 2.09061
      vertex 0.508011 41.8336 1.86731
    endloop
  endfacet
  facet normal 0 -0.38274 0.923856
    outer loop
      vertex 1.54007 42.3726 2.09061
      vertex 0.508011 41.8336 1.86731
      vertex 1.54007 41.8336 1.86731
    endloop
  endfacet
  facet normal 0 -0.130502 0.991448
    outer loop
      vertex 1.54007 41.8336 1.86731
      vertex 0.508011 41.8336 1.86731
      vertex 0.508011 41.255 1.79115
    endloop
  endfacet
  facet normal 0 -0.130502 0.991448
    outer loop
      vertex 1.54007 41.8336 1.86731
      vertex 0.508011 41.255 1.79115
      vertex 1.54007 41.255 1.79115
    endloop
  endfacet
  facet normal -0 0 1
    outer loop
      vertex 0.508011 41.255 1.79115
      vertex 0.508011 33.9754 1.79115
      vertex 1.54007 41.255 1.79115
    endloop
  endfacet
  facet normal 0 0 1
    outer loop
      vertex 1.54007 41.255 1.79115
      vertex 0.508011 33.9754 1.79115
      vertex 1.54007 33.9754 1.79115
    endloop
  endfacet
  facet normal -0 0.130525 0.991445
    outer loop
      vertex 0.508011 33.9754 1.79115
      vertex 0.508011 33.3969 1.86731
      vertex 1.54007 33.9754 1.79115
    endloop
  endfacet
  facet normal 0 0.130525 0.991445
    outer loop
      vertex 1.54007 33.9754 1.79115
      vertex 0.508011 33.3969 1.86731
      vertex 1.54007 33.3969 1.86731
    endloop
  endfacet
  facet normal 0 0.38268 0.923881
    outer loop
      vertex 1.54007 33.3969 1.86731
      vertex 0.508011 33.3969 1.86731
      vertex 0.508011 32.8578 2.09061
    endloop
  endfacet
  facet normal 0 0.38268 0.923881
    outer loop
      vertex 1.54007 33.3969 1.86731
      vertex 0.508011 32.8578 2.09061
      vertex 1.54007 32.8578 2.09061
    endloop
  endfacet
  facet normal 0 0.608788 0.793333
    outer loop
      vertex 1.54007 32.8578 2.09061
      vertex 0.508011 32.8578 2.09061
      vertex 0.508011 32.3949 2.44583
    endloop
  endfacet
  facet normal 0 0.608788 0.793333
    outer loop
      vertex 1.54007 32.8578 2.09061
      vertex 0.508011 32.3949 2.44583
      vertex 1.54007 32.3949 2.44583
    endloop
  endfacet
  facet normal 0 0.793362 0.60875
    outer loop
      vertex 1.54007 32.3949 2.44583
      vertex 0.508011 32.3949 2.44583
      vertex 0.508011 32.0397 2.90875
    endloop
  endfacet
  facet normal 0 0.793362 0.60875
    outer loop
      vertex 1.54007 32.3949 2.44583
      vertex 0.508011 32.0397 2.90875
      vertex 1.54007 32.0397 2.90875
    endloop
  endfacet
  facet normal 0 0.923879 0.382686
    outer loop
      vertex 1.54007 32.0397 2.90875
      vertex 0.508011 32.0397 2.90875
      vertex 0.508011 31.8164 3.44784
    endloop
  endfacet
  facet normal 0 0.923879 0.382686
    outer loop
      vertex 1.54007 32.0397 2.90875
      vertex 0.508011 31.8164 3.44784
      vertex 1.54007 31.8164 3.44784
    endloop
  endfacet
  facet normal 0 0.991436 0.13059
    outer loop
      vertex 1.54007 31.8164 3.44784
      vertex 0.508011 31.8164 3.44784
      vertex 0.508011 31.7402 4.02635
    endloop
  endfacet
  facet normal 0 0.991436 0.13059
    outer loop
      vertex 1.54007 31.8164 3.44784
      vertex 0.508011 31.7402 4.02635
      vertex 1.54007 31.7402 4.02635
    endloop
  endfacet
  facet normal -0 1 0
    outer loop
      vertex 0.508011 31.7402 5.08807
      vertex 1.54007 31.7402 5.08807
      vertex 0.508011 31.7402 4.02635
    endloop
  endfacet
  facet normal 0 1 0
    outer loop
      vertex 0.508011 31.7402 4.02635
      vertex 1.54007 31.7402 5.08807
      vertex 1.54007 31.7402 4.02635
    endloop
  endfacet
  facet normal -0.438967 0.898503 -3.53741e-05
    outer loop
      vertex 143.443 3.92431 8.79548
      vertex 143.443 3.92432 9.04948
      vertex 143.602 4.00198 8.54148
    endloop
  endfacet
  facet normal -0.447722 0.894166 -0.00343862
    outer loop
      vertex 143.602 4.00198 8.54148
      vertex 143.443 3.92432 9.04948
      vertex 143.658 4.03002 8.54148
    endloop
  endfacet
  facet normal -0.459551 0.888099 -0.00970742
    outer loop
      vertex 143.658 4.03002 8.54148
      vertex 143.443 3.92432 9.04948
      vertex 143.713 4.05848 8.54148
    endloop
  endfacet
  facet normal -0.471531 0.881671 -0.0177723
    outer loop
      vertex 143.713 4.05848 8.54148
      vertex 143.443 3.92432 9.04948
      vertex 143.767 4.08736 8.54148
    endloop
  endfacet
  facet normal -0.497401 0.866639 -0.0390968
    outer loop
      vertex 143.767 4.08736 8.54148
      vertex 143.443 3.92432 9.04948
      vertex 144.526 4.5459 9.04948
    endloop
  endfacet
  facet normal -0.516439 0.856323 -0.00134129
    outer loop
      vertex 143.767 4.08736 8.54148
      vertex 144.526 4.5459 9.04948
      vertex 144.498 4.52814 8.4918
    endloop
  endfacet
  facet normal -0.602991 0.797733 0.00487017
    outer loop
      vertex 144.498 4.52814 8.4918
      vertex 144.526 4.5459 9.04948
      vertex 145.169 5.03555 8.45667
    endloop
  endfacet
  facet normal -0.626341 0.77871 -0.0361697
    outer loop
      vertex 145.169 5.03555 8.45667
      vertex 144.526 4.5459 9.04948
      vertex 145.498 5.32771 9.04948
    endloop
  endfacet
  facet normal -0.681289 0.731807 0.0174414
    outer loop
      vertex 145.169 5.03555 8.45667
      vertex 145.498 5.32771 9.04948
      vertex 145.77 5.59556 8.43578
    endloop
  endfacet
  facet normal -0.739192 0.672633 -0.0340482
    outer loop
      vertex 145.77 5.59556 8.43578
      vertex 145.498 5.32771 9.04948
      vertex 146.338 6.25083 9.04948
    endloop
  endfacet
  facet normal -0.755146 0.655555 -0.00104733
    outer loop
      vertex 145.77 5.59556 8.43578
      vertex 146.338 6.25083 9.04948
      vertex 146.313 6.22104 8.42853
    endloop
  endfacet
  facet normal -0.818888 0.573927 0.00543507
    outer loop
      vertex 146.313 6.22104 8.42853
      vertex 146.338 6.25083 9.04948
      vertex 146.799 6.91441 8.43507
    endloop
  endfacet
  facet normal -0.834823 0.549537 -0.0328639
    outer loop
      vertex 146.799 6.91441 8.43507
      vertex 146.338 6.25083 9.04948
      vertex 147.024 7.29296 9.04948
    endloop
  endfacet
  facet normal -0.873799 0.485848 0.0206493
    outer loop
      vertex 146.799 6.91441 8.43507
      vertex 147.024 7.29296 9.04948
      vertex 147.216 7.6635 8.45592
    endloop
  endfacet
  facet normal -0.909584 0.413975 -0.0357937
    outer loop
      vertex 147.216 7.6635 8.45592
      vertex 147.024 7.29296 9.04948
      vertex 147.541 8.42891 9.04949
    endloop
  endfacet
  facet normal -0.92112 0.389272 0.00237732
    outer loop
      vertex 147.216 7.6635 8.45592
      vertex 147.541 8.42891 9.04949
      vertex 147.551 8.45598 8.49155
    endloop
  endfacet
  facet normal -0.957533 0.288308 -0.00317387
    outer loop
      vertex 147.551 8.45598 8.49155
      vertex 147.541 8.42891 9.04949
      vertex 147.798 9.27687 8.54149
    endloop
  endfacet
  facet normal -0.962717 0.267444 -0.0406235
    outer loop
      vertex 147.798 9.27687 8.54149
      vertex 147.541 8.42891 9.04949
      vertex 147.875 9.63121 9.04949
    endloop
  endfacet
  facet normal -0.974016 0.226252 -0.0101791
    outer loop
      vertex 147.798 9.27687 8.54149
      vertex 147.875 9.63121 9.04949
      vertex 147.812 9.33714 8.54149
    endloop
  endfacet
  facet normal -0.974109 0.225862 -0.00994147
    outer loop
      vertex 147.812 9.33714 8.54149
      vertex 147.875 9.63121 9.04949
      vertex 147.826 9.39752 8.54149
    endloop
  endfacet
  facet normal -0.977667 0.210147 -0.00236908
    outer loop
      vertex 147.826 9.39752 8.54149
      vertex 147.875 9.63121 9.04949
      vertex 147.839 9.458 8.54149
    endloop
  endfacet
  facet normal -0.979077 0.203491 0
    outer loop
      vertex 147.839 9.458 8.54149
      vertex 147.875 9.63121 9.04949
      vertex 147.875 9.63121 8.79549
    endloop
  endfacet
  facet normal -0.507439 0.861688 -3.39247e-05
    outer loop
      vertex 143.443 3.92432 9.04948
      vertex 143.443 3.92431 8.79548
      vertex 142.272 3.23473 9.04948
    endloop
  endfacet
  facet normal -0.507434 0.861691 0
    outer loop
      vertex 142.272 3.23473 9.04948
      vertex 143.443 3.92431 8.79548
      vertex 142.272 3.23473 8.79548
    endloop
  endfacet
  facet normal -0.401981 0.915648 0
    outer loop
      vertex 142.272 3.23473 9.04948
      vertex 142.272 3.23473 8.79548
      vertex 141.027 2.68816 9.04947
    endloop
  endfacet
  facet normal -0.401981 0.915648 0
    outer loop
      vertex 141.027 2.68816 9.04947
      vertex 142.272 3.23473 8.79548
      vertex 141.027 2.68816 8.79548
    endloop
  endfacet
  facet normal -0.291376 0.956609 0
    outer loop
      vertex 141.027 2.68816 9.04947
      vertex 141.027 2.68816 8.79548
      vertex 139.727 2.29219 9.04947
    endloop
  endfacet
  facet normal -0.291376 0.956609 0
    outer loop
      vertex 139.727 2.29219 9.04947
      vertex 141.027 2.68816 8.79548
      vertex 139.727 2.29219 8.79548
    endloop
  endfacet
  facet normal -0.176291 0.984338 0
    outer loop
      vertex 139.727 2.29219 9.04947
      vertex 139.727 2.29219 8.79548
      vertex 138.388 2.05238 9.04947
    endloop
  endfacet
  facet normal -0.176291 0.984338 0
    outer loop
      vertex 138.388 2.05238 9.04947
      vertex 139.727 2.29219 8.79548
      vertex 138.388 2.05238 8.79548
    endloop
  endfacet
  facet normal -0.0590713 0.998254 0
    outer loop
      vertex 138.388 2.05238 9.04947
      vertex 138.388 2.05238 8.79548
      vertex 137.031 1.97208 9.04947
    endloop
  endfacet
  facet normal -0.0590713 0.998254 0
    outer loop
      vertex 137.031 1.97208 9.04947
      vertex 138.388 2.05238 8.79548
      vertex 137.031 1.97208 8.79548
    endloop
  endfacet
  facet normal -0.959772 0.28078 0
    outer loop
      vertex 147.875 9.63121 9.04949
      vertex 148.242 10.8857 9.04949
      vertex 147.875 9.63121 8.79549
    endloop
  endfacet
  facet normal -0.959772 0.28078 0
    outer loop
      vertex 147.875 9.63121 8.79549
      vertex 148.242 10.8857 9.04949
      vertex 148.242 10.8857 8.79549
    endloop
  endfacet
  facet normal -0.985592 0.169138 0
    outer loop
      vertex 148.242 10.8857 8.79549
      vertex 148.242 10.8857 9.04949
      vertex 148.463 12.1735 9.04949
    endloop
  endfacet
  facet normal -0.985592 0.169138 0
    outer loop
      vertex 148.242 10.8857 8.79549
      vertex 148.463 12.1735 9.04949
      vertex 148.463 12.1735 8.79549
    endloop
  endfacet
  facet normal -0.998352 0.0573854 0
    outer loop
      vertex 148.463 12.1735 8.79549
      vertex 148.463 12.1735 9.04949
      vertex 148.538 13.4783 9.04949
    endloop
  endfacet
  facet normal -0.998352 0.0573854 0
    outer loop
      vertex 148.463 12.1735 8.79549
      vertex 148.538 13.4783 9.04949
      vertex 148.538 13.4783 8.79549
    endloop
  endfacet
  facet normal -0.518099 0.852961 -0.0634969
    outer loop
      vertex 143.602 4.00198 8.54148
      vertex 142.408 3.27673 8.54148
      vertex 143.443 3.92431 8.79548
    endloop
  endfacet
  facet normal -0.50325 0.854586 -0.128147
    outer loop
      vertex 143.443 3.92431 8.79548
      vertex 142.408 3.27673 8.54148
      vertex 142.272 3.23473 8.79548
    endloop
  endfacet
  facet normal -0.410635 0.909144 -0.0695366
    outer loop
      vertex 142.272 3.23473 8.79548
      vertex 142.408 3.27673 8.54148
      vertex 141.134 2.7013 8.54148
    endloop
  endfacet
  facet normal -0.399023 0.908912 -0.121072
    outer loop
      vertex 142.272 3.23473 8.79548
      vertex 141.134 2.7013 8.54148
      vertex 141.027 2.68816 8.79548
    endloop
  endfacet
  facet normal -0.297802 0.95158 -0.0762248
    outer loop
      vertex 141.027 2.68816 8.79548
      vertex 141.134 2.7013 8.54148
      vertex 139.801 2.28413 8.54148
    endloop
  endfacet
  facet normal -0.28946 0.950319 -0.114487
    outer loop
      vertex 141.027 2.68816 8.79548
      vertex 139.801 2.28413 8.54148
      vertex 139.727 2.29219 8.79548
    endloop
  endfacet
  facet normal -0.180177 0.980076 -0.0835926
    outer loop
      vertex 139.727 2.29219 8.79548
      vertex 139.801 2.28413 8.54148
      vertex 138.426 2.03135 8.54148
    endloop
  endfacet
  facet normal -0.175274 0.97866 -0.107251
    outer loop
      vertex 139.727 2.29219 8.79548
      vertex 138.426 2.03135 8.54148
      vertex 138.388 2.05238 8.79548
    endloop
  endfacet
  facet normal -0.06033 0.993992 -0.0913236
    outer loop
      vertex 138.388 2.05238 8.79548
      vertex 138.426 2.03135 8.54148
      vertex 137.031 1.94668 8.54147
    endloop
  endfacet
  facet normal -0.0587792 0.993317 -0.0993278
    outer loop
      vertex 138.388 2.05238 8.79548
      vertex 137.031 1.94668 8.54147
      vertex 137.031 1.97208 8.79548
    endloop
  endfacet
  facet normal -0.954118 0.292464 -0.0642104
    outer loop
      vertex 147.839 9.458 8.54149
      vertex 147.875 9.63121 8.79549
      vertex 148.24 10.7662 8.54149
    endloop
  endfacet
  facet normal -0.952414 0.278628 -0.123587
    outer loop
      vertex 148.24 10.7662 8.54149
      vertex 147.875 9.63121 8.79549
      vertex 148.242 10.8857 8.79549
    endloop
  endfacet
  facet normal -0.981439 0.176389 -0.0752585
    outer loop
      vertex 148.24 10.7662 8.54149
      vertex 148.242 10.8857 8.79549
      vertex 148.482 12.1127 8.54149
    endloop
  endfacet
  facet normal -0.979226 0.168046 -0.113474
    outer loop
      vertex 148.482 12.1127 8.54149
      vertex 148.242 10.8857 8.79549
      vertex 148.463 12.1735 8.79549
    endloop
  endfacet
  facet normal -0.994329 0.0589782 -0.0884966
    outer loop
      vertex 148.482 12.1127 8.54149
      vertex 148.463 12.1735 8.79549
      vertex 148.563 13.4783 8.54149
    endloop
  endfacet
  facet normal -0.993567 0.0571103 -0.097792
    outer loop
      vertex 148.563 13.4783 8.54149
      vertex 148.463 12.1735 8.79549
      vertex 148.538 13.4783 8.79549
    endloop
  endfacet
  facet normal -0 1 0
    outer loop
      vertex 13.3511 1.97208 9.04947
      vertex 137.031 1.97208 9.04947
      vertex 13.3511 1.97208 8.79548
    endloop
  endfacet
  facet normal 0 1 0
    outer loop
      vertex 13.3511 1.97208 8.79548
      vertex 137.031 1.97208 9.04947
      vertex 137.031 1.97208 8.79548
    endloop
  endfacet
  facet normal 0 0.995038 -0.0994998
    outer loop
      vertex 137.031 1.97208 8.79548
      vertex 137.031 1.94668 8.54147
      vertex 13.3511 1.97208 8.79548
    endloop
  endfacet
  facet normal 0 0.995038 -0.0994998
    outer loop
      vertex 13.3511 1.97208 8.79548
      vertex 137.031 1.94668 8.54147
      vertex 13.3511 1.94668 8.54147
    endloop
  endfacet
  facet normal 0 0.447214 -0.894427
    outer loop
      vertex 13.3511 1.92127 8.54147
      vertex 137.031 1.92127 8.54147
      vertex 13.3511 1.66727 8.41447
    endloop
  endfacet
  facet normal 0 0.447214 -0.894427
    outer loop
      vertex 13.3511 1.66727 8.41447
      vertex 137.031 1.92127 8.54147
      vertex 137.031 1.66727 8.41447
    endloop
  endfacet
  facet normal -0.894429 0.00018492 -0.447211
    outer loop
      vertex 0.889008 17.2774 5.82435
      vertex 1.52588e-05 17.2766 7.60235
      vertex 0.889008 26.3706 5.82811
    endloop
  endfacet
  facet normal -0.894426 0.000183421 -0.447217
    outer loop
      vertex 0.889008 26.3706 5.82811
      vertex 1.52588e-05 17.2766 7.60235
      vertex 0 26.3698 7.60611
    endloop
  endfacet
  facet normal -0.89288 -0.0589602 0.446418
    outer loop
      vertex 0 26.3724 1.51011
      vertex 0.889008 26.3716 3.28811
      vertex 0 27.1612 1.61429
    endloop
  endfacet
  facet normal -0.89288 -0.0589566 0.446419
    outer loop
      vertex 0 27.1612 1.61429
      vertex 0.889008 26.3716 3.28811
      vertex 0.889008 26.7003 3.33152
    endloop
  endfacet
  facet normal -0.89288 -0.172491 0.415947
    outer loop
      vertex 0 27.1612 1.61429
      vertex 0.889008 26.7003 3.33152
      vertex 0 27.8962 1.91909
    endloop
  endfacet
  facet normal -0.892877 -0.172469 0.415963
    outer loop
      vertex 0 27.8962 1.91909
      vertex 0.889008 26.7003 3.33152
      vertex 0.889008 27.0066 3.45852
    endloop
  endfacet
  facet normal -0.892878 -0.274263 0.357139
    outer loop
      vertex 0 27.8962 1.91909
      vertex 0.889008 27.0066 3.45852
      vertex 0 28.5273 2.40374
    endloop
  endfacet
  facet normal -0.892885 -0.274296 0.357098
    outer loop
      vertex 0 28.5273 2.40374
      vertex 0.889008 27.0066 3.45852
      vertex 0.889008 27.2695 3.66046
    endloop
  endfacet
  facet normal -0.892883 -0.357358 0.273963
    outer loop
      vertex 0 28.5273 2.40374
      vertex 0.889008 27.2695 3.66046
      vertex 0 29.0114 3.0352
    endloop
  endfacet
  facet normal -0.892883 -0.357359 0.273961
    outer loop
      vertex 0 29.0114 3.0352
      vertex 0.889008 27.2695 3.66046
      vertex 0.889008 27.4712 3.92356
    endloop
  endfacet
  facet normal -0.892883 -0.416082 0.172149
    outer loop
      vertex 0 29.0114 3.0352
      vertex 0.889008 27.4712 3.92356
      vertex 0 29.3156 3.77045
    endloop
  endfacet
  facet normal -0.892875 -0.416074 0.17221
    outer loop
      vertex 0 29.3156 3.77045
      vertex 0.889008 27.4712 3.92356
      vertex 0.889008 27.598 4.22992
    endloop
  endfacet
  facet normal -0.892878 -0.446473 0.0585737
    outer loop
      vertex 0 29.3156 3.77045
      vertex 0.889008 27.598 4.22992
      vertex 0 29.4191 4.55937
    endloop
  endfacet
  facet normal -0.892882 -0.446469 0.0585386
    outer loop
      vertex 0 29.4191 4.55937
      vertex 0.889008 27.598 4.22992
      vertex 0.889008 27.6411 4.55864
    endloop
  endfacet
  facet normal -0.892879 -0.446419 -0.0589687
    outer loop
      vertex 0 29.4191 4.55937
      vertex 0.889008 27.6411 4.55864
      vertex 0 29.3149 5.34821
    endloop
  endfacet
  facet normal -0.892876 -0.446428 -0.0589478
    outer loop
      vertex 0 29.3149 5.34821
      vertex 0.889008 27.6411 4.55864
      vertex 0.889008 27.5977 4.88732
    endloop
  endfacet
  facet normal -0.892877 -0.415952 -0.172495
    outer loop
      vertex 0 29.3149 5.34821
      vertex 0.889008 27.5977 4.88732
      vertex 0 29.0101 6.0832
    endloop
  endfacet
  facet normal -0.892877 -0.415954 -0.172493
    outer loop
      vertex 0 29.0101 6.0832
      vertex 0.889008 27.5977 4.88732
      vertex 0.889008 27.4707 5.19357
    endloop
  endfacet
  facet normal -0.892878 -0.357145 -0.274257
    outer loop
      vertex 0 29.0101 6.0832
      vertex 0.889008 27.4707 5.19357
      vertex 0 28.5255 6.71426
    endloop
  endfacet
  facet normal -0.892876 -0.357158 -0.274246
    outer loop
      vertex 0 28.5255 6.71426
      vertex 0.889008 27.4707 5.19357
      vertex 0.889008 27.2688 5.45651
    endloop
  endfacet
  facet normal -0.892877 -0.27397 -0.357366
    outer loop
      vertex 0 28.5255 6.71426
      vertex 0.889008 27.2688 5.45651
      vertex 0 27.894 7.19839
    endloop
  endfacet
  facet normal -0.892887 -0.2739 -0.357396
    outer loop
      vertex 0 27.894 7.19839
      vertex 0.889008 27.2688 5.45651
      vertex 0.889008 27.0056 5.65822
    endloop
  endfacet
  facet normal -0.892882 -0.172155 -0.416082
    outer loop
      vertex 0 27.894 7.19839
      vertex 0.889008 27.0056 5.65822
      vertex 0 27.1588 7.50258
    endloop
  endfacet
  facet normal -0.892879 -0.172178 -0.416079
    outer loop
      vertex 0 27.1588 7.50258
      vertex 0.889008 27.0056 5.65822
      vertex 0.889008 26.6993 5.78497
    endloop
  endfacet
  facet normal -0.89288 -0.058596 -0.446465
    outer loop
      vertex 0 27.1588 7.50258
      vertex 0.889008 26.6993 5.78497
      vertex 0.889008 26.3706 5.82811
    endloop
  endfacet
  facet normal -0.892879 -0.0585843 -0.44647
    outer loop
      vertex 0.889008 26.3706 5.82811
      vertex 0 26.3698 7.60611
      vertex 0 27.1588 7.50258
    endloop
  endfacet
  facet normal -0.892883 0.0585954 0.446461
    outer loop
      vertex 0.889008 17.2784 3.28435
      vertex 1.52588e-05 17.2791 1.50635
      vertex 0.889008 16.9497 3.32749
    endloop
  endfacet
  facet normal -0.892883 0.0585905 0.44646
    outer loop
      vertex 0.889008 16.9497 3.32749
      vertex 1.52588e-05 17.2791 1.50635
      vertex 1.52588e-05 16.4902 1.60988
    endloop
  endfacet
  facet normal -0.892886 0.172113 0.416092
    outer loop
      vertex 0.889008 16.9497 3.32749
      vertex 1.52588e-05 16.4902 1.60988
      vertex 0.889008 16.6433 3.45423
    endloop
  endfacet
  facet normal -0.89288 0.172156 0.416085
    outer loop
      vertex 0.889008 16.6433 3.45423
      vertex 1.52588e-05 16.4902 1.60988
      vertex 1.52588e-05 15.755 1.91407
    endloop
  endfacet
  facet normal -0.892878 0.273985 0.357353
    outer loop
      vertex 0.889008 16.6433 3.45423
      vertex 1.52588e-05 15.755 1.91407
      vertex 0.889008 16.3802 3.65595
    endloop
  endfacet
  facet normal -0.89288 0.273966 0.357361
    outer loop
      vertex 0.889008 16.3802 3.65595
      vertex 1.52588e-05 15.755 1.91407
      vertex 1.52588e-05 15.1235 2.3982
    endloop
  endfacet
  facet normal -0.892879 0.357153 0.274242
    outer loop
      vertex 0.889008 16.3802 3.65595
      vertex 1.52588e-05 15.1235 2.3982
      vertex 0.889008 16.1783 3.91889
    endloop
  endfacet
  facet normal -0.892881 0.35714 0.274253
    outer loop
      vertex 0.889008 16.1783 3.91889
      vertex 1.52588e-05 15.1235 2.3982
      vertex 1.52588e-05 14.6389 3.02926
    endloop
  endfacet
  facet normal -0.89288 0.415948 0.172491
    outer loop
      vertex 0.889008 16.1783 3.91889
      vertex 1.52588e-05 14.6389 3.02926
      vertex 0.889008 16.0513 4.22514
    endloop
  endfacet
  facet normal -0.89288 0.415947 0.172493
    outer loop
      vertex 0.889008 16.0513 4.22514
      vertex 1.52588e-05 14.6389 3.02926
      vertex 1.52588e-05 14.3341 3.76425
    endloop
  endfacet
  facet normal -0.892879 0.446421 0.058947
    outer loop
      vertex 0.889008 16.0513 4.22514
      vertex 1.52588e-05 14.3341 3.76425
      vertex 0.889008 16.0079 4.55382
    endloop
  endfacet
  facet normal -0.892882 0.446413 0.0589679
    outer loop
      vertex 0.889008 16.0079 4.55382
      vertex 1.52588e-05 14.3341 3.76425
      vertex 1.52588e-05 14.2299 4.55309
    endloop
  endfacet
  facet normal -0.892885 0.446463 -0.0585378
    outer loop
      vertex 0.889008 16.0079 4.55382
      vertex 1.52588e-05 14.2299 4.55309
      vertex 0.889008 16.051 4.88254
    endloop
  endfacet
  facet normal -0.892881 0.446467 -0.0585729
    outer loop
      vertex 0.889008 16.051 4.88254
      vertex 1.52588e-05 14.2299 4.55309
      vertex 1.52588e-05 14.3334 5.34201
    endloop
  endfacet
  facet normal -0.892878 0.416067 -0.172212
    outer loop
      vertex 0.889008 16.051 4.88254
      vertex 1.52588e-05 14.3334 5.34201
      vertex 0.889008 16.1778 5.18889
    endloop
  endfacet
  facet normal -0.892887 0.416076 -0.172146
    outer loop
      vertex 0.889008 16.1778 5.18889
      vertex 1.52588e-05 14.3334 5.34201
      vertex 1.52588e-05 14.6376 6.07726
    endloop
  endfacet
  facet normal -0.892887 0.357357 -0.27395
    outer loop
      vertex 0.889008 16.1778 5.18889
      vertex 1.52588e-05 14.6376 6.07726
      vertex 0.889008 16.3795 5.452
    endloop
  endfacet
  facet normal -0.892886 0.357353 -0.27396
    outer loop
      vertex 0.889008 16.3795 5.452
      vertex 1.52588e-05 14.6376 6.07726
      vertex 1.52588e-05 15.1217 6.70872
    endloop
  endfacet
  facet normal -0.892888 0.274292 -0.357093
    outer loop
      vertex 0.889008 16.3795 5.452
      vertex 1.52588e-05 15.1217 6.70872
      vertex 0.889008 16.6424 5.65394
    endloop
  endfacet
  facet normal -0.892881 0.274257 -0.357138
    outer loop
      vertex 0.889008 16.6424 5.65394
      vertex 1.52588e-05 15.1217 6.70872
      vertex 1.52588e-05 15.7528 7.19336
    endloop
  endfacet
  facet normal -0.892879 0.172468 -0.415959
    outer loop
      vertex 0.889008 16.6424 5.65394
      vertex 1.52588e-05 15.7528 7.19336
      vertex 0.889008 16.9487 5.78094
    endloop
  endfacet
  facet normal -0.892882 0.172489 -0.415943
    outer loop
      vertex 0.889008 16.9487 5.78094
      vertex 1.52588e-05 15.7528 7.19336
      vertex 1.52588e-05 16.4878 7.49816
    endloop
  endfacet
  facet normal -0.892882 0.0589652 -0.446413
    outer loop
      vertex 0.889008 16.9487 5.78094
      vertex 1.52588e-05 16.4878 7.49816
      vertex 1.52588e-05 17.2766 7.60235
    endloop
  endfacet
  facet normal -0.892883 0.0589557 -0.446412
    outer loop
      vertex 1.52588e-05 17.2766 7.60235
      vertex 0.889008 17.2774 5.82435
      vertex 0.889008 16.9487 5.78094
    endloop
  endfacet
  facet normal -0.894426 -0.000184922 0.447217
    outer loop
      vertex 0.889008 26.3716 3.28811
      vertex 0 26.3724 1.51011
      vertex 0.889008 17.2784 3.28435
    endloop
  endfacet
  facet normal -0.894429 -0.000186419 0.447211
    outer loop
      vertex 0.889008 17.2784 3.28435
      vertex 0 26.3724 1.51011
      vertex 1.52588e-05 17.2791 1.50635
    endloop
  endfacet
  facet normal -0 0.130128 0.991497
    outer loop
      vertex 0.889008 17.2784 3.28435
      vertex 0.889008 16.9497 3.32749
      vertex 1.54007 17.2784 3.28435
    endloop
  endfacet
  facet normal 0 0.130128 0.991497
    outer loop
      vertex 1.54007 17.2784 3.28435
      vertex 0.889008 16.9497 3.32749
      vertex 1.54007 16.9497 3.32749
    endloop
  endfacet
  facet normal 0 0.382233 0.924066
    outer loop
      vertex 1.54007 16.9497 3.32749
      vertex 0.889008 16.9497 3.32749
      vertex 0.889008 16.6433 3.45423
    endloop
  endfacet
  facet normal 0 0.382233 0.924066
    outer loop
      vertex 1.54007 16.9497 3.32749
      vertex 0.889008 16.6433 3.45423
      vertex 1.54007 16.6433 3.45423
    endloop
  endfacet
  facet normal 0 0.608451 0.793592
    outer loop
      vertex 1.54007 16.6433 3.45423
      vertex 0.889008 16.6433 3.45423
      vertex 0.889008 16.3802 3.65595
    endloop
  endfacet
  facet normal 0 0.608451 0.793592
    outer loop
      vertex 1.54007 16.6433 3.45423
      vertex 0.889008 16.3802 3.65595
      vertex 1.54007 16.3802 3.65595
    endloop
  endfacet
  facet normal 0 0.793151 0.609025
    outer loop
      vertex 1.54007 16.3802 3.65595
      vertex 0.889008 16.3802 3.65595
      vertex 0.889008 16.1783 3.91889
    endloop
  endfacet
  facet normal 0 0.793151 0.609025
    outer loop
      vertex 1.54007 16.3802 3.65595
      vertex 0.889008 16.1783 3.91889
      vertex 1.54007 16.1783 3.91889
    endloop
  endfacet
  facet normal 0 0.923723 0.383062
    outer loop
      vertex 1.54007 16.1783 3.91889
      vertex 0.889008 16.1783 3.91889
      vertex 0.889008 16.0513 4.22514
    endloop
  endfacet
  facet normal 0 0.923723 0.383062
    outer loop
      vertex 1.54007 16.1783 3.91889
      vertex 0.889008 16.0513 4.22514
      vertex 1.54007 16.0513 4.22514
    endloop
  endfacet
  facet normal 0 0.991395 0.130907
    outer loop
      vertex 1.54007 16.0513 4.22514
      vertex 0.889008 16.0513 4.22514
      vertex 0.889008 16.0079 4.55382
    endloop
  endfacet
  facet normal 0 0.991395 0.130907
    outer loop
      vertex 1.54007 16.0513 4.22514
      vertex 0.889008 16.0079 4.55382
      vertex 1.54007 16.0079 4.55382
    endloop
  endfacet
  facet normal 0 0.991514 -0.130002
    outer loop
      vertex 1.54007 16.0079 4.55382
      vertex 0.889008 16.0079 4.55382
      vertex 1.54007 16.051 4.88254
    endloop
  endfacet
  facet normal 0 0.991514 -0.130002
    outer loop
      vertex 1.54007 16.051 4.88254
      vertex 0.889008 16.0079 4.55382
      vertex 0.889008 16.051 4.88254
    endloop
  endfacet
  facet normal 0 0.92398 -0.382441
    outer loop
      vertex 1.54007 16.051 4.88254
      vertex 0.889008 16.051 4.88254
      vertex 1.54007 16.1778 5.18889
    endloop
  endfacet
  facet normal 0 0.92398 -0.382441
    outer loop
      vertex 1.54007 16.1778 5.18889
      vertex 0.889008 16.051 4.88254
      vertex 0.889008 16.1778 5.18889
    endloop
  endfacet
  facet normal 0 0.793632 -0.608398
    outer loop
      vertex 1.54007 16.1778 5.18889
      vertex 0.889008 16.1778 5.18889
      vertex 1.54007 16.3795 5.452
    endloop
  endfacet
  facet normal 0 0.793632 -0.608398
    outer loop
      vertex 1.54007 16.3795 5.452
      vertex 0.889008 16.1778 5.18889
      vertex 0.889008 16.3795 5.452
    endloop
  endfacet
  facet normal 0 0.60916 -0.793048
    outer loop
      vertex 1.54007 16.3795 5.452
      vertex 0.889008 16.3795 5.452
      vertex 1.54007 16.6424 5.65394
    endloop
  endfacet
  facet normal 0 0.60916 -0.793048
    outer loop
      vertex 1.54007 16.6424 5.65394
      vertex 0.889008 16.3795 5.452
      vertex 0.889008 16.6424 5.65394
    endloop
  endfacet
  facet normal 0 0.383009 -0.923745
    outer loop
      vertex 1.54007 16.6424 5.65394
      vertex 0.889008 16.6424 5.65394
      vertex 1.54007 16.9487 5.78094
    endloop
  endfacet
  facet normal 0 0.383009 -0.923745
    outer loop
      vertex 1.54007 16.9487 5.78094
      vertex 0.889008 16.6424 5.65394
      vertex 0.889008 16.9487 5.78094
    endloop
  endfacet
  facet normal 0 0.130929 -0.991392
    outer loop
      vertex 1.54007 16.9487 5.78094
      vertex 0.889008 16.9487 5.78094
      vertex 0.889008 17.2774 5.82435
    endloop
  endfacet
  facet normal 0 0.130929 -0.991392
    outer loop
      vertex 0.889008 17.2774 5.82435
      vertex 1.54007 17.2774 5.82435
      vertex 1.54007 16.9487 5.78094
    endloop
  endfacet
  facet normal 0 0.000413496 -1
    outer loop
      vertex 0.889008 26.3706 5.82811
      vertex 1.54007 26.3706 5.82811
      vertex 0.889008 17.2774 5.82435
    endloop
  endfacet
  facet normal 0 0.000413496 -1
    outer loop
      vertex 0.889008 17.2774 5.82435
      vertex 1.54007 26.3706 5.82811
      vertex 1.54007 17.2774 5.82435
    endloop
  endfacet
  facet normal -0.892879 0.0587758 0.446444
    outer loop
      vertex 0.889008 48.9819 3.29992
      vertex 0 48.9819 1.52192
      vertex 0.889008 48.6565 3.34276
    endloop
  endfacet
  facet normal -0.89288 0.0587718 0.446443
    outer loop
      vertex 0.889008 48.6565 3.34276
      vertex 0 48.9819 1.52192
      vertex 0 48.1963 1.62534
    endloop
  endfacet
  facet normal -0.89288 0.172333 0.416013
    outer loop
      vertex 0.889008 48.6565 3.34276
      vertex 0 48.1963 1.62534
      vertex 0.889008 48.3533 3.46836
    endloop
  endfacet
  facet normal -0.89288 0.172333 0.416013
    outer loop
      vertex 0.889008 48.3533 3.46836
      vertex 0 48.1963 1.62534
      vertex 0 47.4643 1.92857
    endloop
  endfacet
  facet normal -0.892879 0.274121 0.357245
    outer loop
      vertex 0.889008 48.3533 3.46836
      vertex 0 47.4643 1.92857
      vertex 0.889008 48.0929 3.66817
    endloop
  endfacet
  facet normal -0.892878 0.274131 0.357241
    outer loop
      vertex 0.889008 48.0929 3.66817
      vertex 0 47.4643 1.92857
      vertex 0 46.8357 2.41093
    endloop
  endfacet
  facet normal -0.892876 0.357251 0.274123
    outer loop
      vertex 0.889008 48.0929 3.66817
      vertex 0 46.8357 2.41093
      vertex 0.889008 47.8931 3.92856
    endloop
  endfacet
  facet normal -0.892879 0.357235 0.274136
    outer loop
      vertex 0.889008 47.8931 3.92856
      vertex 0 46.8357 2.41093
      vertex 0 46.3533 3.03956
    endloop
  endfacet
  facet normal -0.89288 0.416022 0.172313
    outer loop
      vertex 0.889008 47.8931 3.92856
      vertex 0 46.3533 3.03956
      vertex 0.889008 47.7675 4.2318
    endloop
  endfacet
  facet normal -0.892879 0.416026 0.172307
    outer loop
      vertex 0.889008 47.7675 4.2318
      vertex 0 46.3533 3.03956
      vertex 0 46.0501 3.77162
    endloop
  endfacet
  facet normal -0.892882 0.446428 0.0588543
    outer loop
      vertex 0.889008 47.7675 4.2318
      vertex 0 46.0501 3.77162
      vertex 0.889008 47.7246 4.55721
    endloop
  endfacet
  facet normal -0.892877 0.446443 0.058818
    outer loop
      vertex 0.889008 47.7246 4.55721
      vertex 0 46.0501 3.77162
      vertex 0 45.9466 4.55721
    endloop
  endfacet
  facet normal -0.892875 0.446442 -0.058856
    outer loop
      vertex 0.889008 47.7246 4.55721
      vertex 0 45.9466 4.55721
      vertex 0.889008 47.7675 4.88262
    endloop
  endfacet
  facet normal -0.89288 0.446437 -0.0588172
    outer loop
      vertex 0.889008 47.7675 4.88262
      vertex 0 45.9466 4.55721
      vertex 0 46.0501 5.3428
    endloop
  endfacet
  facet normal -0.892878 0.416024 -0.172315
    outer loop
      vertex 0.889008 47.7675 4.88262
      vertex 0 46.0501 5.3428
      vertex 0.889008 47.8931 5.18586
    endloop
  endfacet
  facet normal -0.892879 0.416025 -0.172307
    outer loop
      vertex 0.889008 47.8931 5.18586
      vertex 0 46.0501 5.3428
      vertex 0 46.3533 6.07486
    endloop
  endfacet
  facet normal -0.89288 0.357245 -0.274118
    outer loop
      vertex 0.889008 47.8931 5.18586
      vertex 0 46.3533 6.07486
      vertex 0.889008 48.0929 5.44625
    endloop
  endfacet
  facet normal -0.892878 0.357237 -0.274138
    outer loop
      vertex 0.889008 48.0929 5.44625
      vertex 0 46.3533 6.07486
      vertex 0 46.8357 6.70349
    endloop
  endfacet
  facet normal -0.892877 0.274124 -0.357248
    outer loop
      vertex 0.889008 48.0929 5.44625
      vertex 0 46.8357 6.70349
      vertex 0.889008 48.3533 5.64606
    endloop
  endfacet
  facet normal -0.892879 0.27413 -0.35724
    outer loop
      vertex 0.889008 48.3533 5.64606
      vertex 0 46.8357 6.70349
      vertex 0 47.4643 7.18585
    endloop
  endfacet
  facet normal -0.89288 0.172333 -0.416013
    outer loop
      vertex 0.889008 48.3533 5.64606
      vertex 0 47.4643 7.18585
      vertex 0.889008 48.6565 5.77166
    endloop
  endfacet
  facet normal -0.89288 0.172333 -0.416013
    outer loop
      vertex 0.889008 48.6565 5.77166
      vertex 0 47.4643 7.18585
      vertex 0 48.1963 7.48908
    endloop
  endfacet
  facet normal -0.89288 0.0587807 -0.446441
    outer loop
      vertex 0.889008 48.6565 5.77166
      vertex 0 48.1963 7.48908
      vertex 0.444504 48.9819 6.70351
    endloop
  endfacet
  facet normal -0.892879 0.0587776 -0.446444
    outer loop
      vertex 0.444504 48.9819 6.70351
      vertex 0 48.1963 7.48908
      vertex 0 48.9819 7.59251
    endloop
  endfacet
  facet normal -0.892879 0.0587895 -0.446443
    outer loop
      vertex 0.444504 48.9819 6.70351
      vertex 0.889008 48.9819 5.81451
      vertex 0.889008 48.6565 5.77166
    endloop
  endfacet
  facet normal -0 0 1
    outer loop
      vertex 0.887863 53.1981 3.29992
      vertex 0.889008 53.1184 3.29992
      vertex 1.54007 53.1981 3.29992
    endloop
  endfacet
  facet normal 0 0 1
    outer loop
      vertex 1.54007 53.1981 3.29992
      vertex 0.889008 53.1184 3.29992
      vertex 1.54007 48.9819 3.29992
    endloop
  endfacet
  facet normal 0 0 1
    outer loop
      vertex 1.54007 48.9819 3.29992
      vertex 0.889008 53.1184 3.29992
      vertex 0.889008 48.9819 3.29992
    endloop
  endfacet
  facet normal -0 0.130527 0.991445
    outer loop
      vertex 0.889008 48.9819 3.29992
      vertex 0.889008 48.6565 3.34276
      vertex 1.54007 48.9819 3.29992
    endloop
  endfacet
  facet normal 0 0.130527 0.991445
    outer loop
      vertex 1.54007 48.9819 3.29992
      vertex 0.889008 48.6565 3.34276
      vertex 1.54007 48.6565 3.34276
    endloop
  endfacet
  facet normal 0 0.382711 0.923868
    outer loop
      vertex 1.54007 48.6565 3.34276
      vertex 0.889008 48.6565 3.34276
      vertex 0.889008 48.3533 3.46836
    endloop
  endfacet
  facet normal 0 0.382711 0.923868
    outer loop
      vertex 1.54007 48.6565 3.34276
      vertex 0.889008 48.3533 3.46836
      vertex 1.54007 48.3533 3.46836
    endloop
  endfacet
  facet normal 0 0.608758 0.793356
    outer loop
      vertex 1.54007 48.3533 3.46836
      vertex 0.889008 48.3533 3.46836
      vertex 0.889008 48.0929 3.66817
    endloop
  endfacet
  facet normal 0 0.608758 0.793356
    outer loop
      vertex 1.54007 48.3533 3.46836
      vertex 0.889008 48.0929 3.66817
      vertex 1.54007 48.0929 3.66817
    endloop
  endfacet
  facet normal 0 0.79336 0.608753
    outer loop
      vertex 1.54007 48.0929 3.66817
      vertex 0.889008 48.0929 3.66817
      vertex 0.889008 47.8931 3.92856
    endloop
  endfacet
  facet normal 0 0.79336 0.608753
    outer loop
      vertex 1.54007 48.0929 3.66817
      vertex 0.889008 47.8931 3.92856
      vertex 1.54007 47.8931 3.92856
    endloop
  endfacet
  facet normal 0 0.923886 0.382668
    outer loop
      vertex 1.54007 47.8931 3.92856
      vertex 0.889008 47.8931 3.92856
      vertex 0.889008 47.7675 4.2318
    endloop
  endfacet
  facet normal 0 0.923886 0.382668
    outer loop
      vertex 1.54007 47.8931 3.92856
      vertex 0.889008 47.7675 4.2318
      vertex 1.54007 47.7675 4.2318
    endloop
  endfacet
  facet normal 0 0.991422 0.130703
    outer loop
      vertex 1.54007 47.7675 4.2318
      vertex 0.889008 47.7675 4.2318
      vertex 0.889008 47.7246 4.55721
    endloop
  endfacet
  facet normal 0 0.991422 0.130703
    outer loop
      vertex 1.54007 47.7675 4.2318
      vertex 0.889008 47.7246 4.55721
      vertex 1.54007 47.7246 4.55721
    endloop
  endfacet
  facet normal 0 0.991422 -0.130703
    outer loop
      vertex 1.54007 47.7246 4.55721
      vertex 0.889008 47.7246 4.55721
      vertex 0.889008 47.7675 4.88262
    endloop
  endfacet
  facet normal 0 0.991422 -0.130703
    outer loop
      vertex 1.54007 47.7246 4.55721
      vertex 0.889008 47.7675 4.88262
      vertex 1.54007 47.7675 4.88262
    endloop
  endfacet
  facet normal 0 0.923886 -0.382668
    outer loop
      vertex 1.54007 47.7675 4.88262
      vertex 0.889008 47.7675 4.88262
      vertex 0.889008 47.8931 5.18586
    endloop
  endfacet
  facet normal 0 0.923886 -0.382668
    outer loop
      vertex 1.54007 47.7675 4.88262
      vertex 0.889008 47.8931 5.18586
      vertex 1.54007 47.8931 5.18586
    endloop
  endfacet
  facet normal 0 0.79336 -0.608753
    outer loop
      vertex 1.54007 47.8931 5.18586
      vertex 0.889008 47.8931 5.18586
      vertex 0.889008 48.0929 5.44625
    endloop
  endfacet
  facet normal 0 0.79336 -0.608753
    outer loop
      vertex 1.54007 47.8931 5.18586
      vertex 0.889008 48.0929 5.44625
      vertex 1.54007 48.0929 5.44625
    endloop
  endfacet
  facet normal 0 0.608758 -0.793356
    outer loop
      vertex 1.54007 48.0929 5.44625
      vertex 0.889008 48.0929 5.44625
      vertex 0.889008 48.3533 5.64606
    endloop
  endfacet
  facet normal 0 0.608758 -0.793356
    outer loop
      vertex 1.54007 48.0929 5.44625
      vertex 0.889008 48.3533 5.64606
      vertex 1.54007 48.3533 5.64606
    endloop
  endfacet
  facet normal 0 0.382711 -0.923868
    outer loop
      vertex 1.54007 48.3533 5.64606
      vertex 0.889008 48.3533 5.64606
      vertex 0.889008 48.6565 5.77166
    endloop
  endfacet
  facet normal 0 0.382711 -0.923868
    outer loop
      vertex 1.54007 48.3533 5.64606
      vertex 0.889008 48.6565 5.77166
      vertex 1.54007 48.6565 5.77166
    endloop
  endfacet
  facet normal 0 0.130557 -0.991441
    outer loop
      vertex 1.54007 48.6565 5.77166
      vertex 0.889008 48.6565 5.77166
      vertex 0.889008 48.9819 5.81451
    endloop
  endfacet
  facet normal 0 0.130557 -0.991441
    outer loop
      vertex 1.54007 48.6565 5.77166
      vertex 0.889008 48.9819 5.81451
      vertex 1.54007 48.9819 5.81451
    endloop
  endfacet
  facet normal 0 0 -1
    outer loop
      vertex 0.887863 53.1981 5.81451
      vertex 1.54007 53.1981 5.81451
      vertex 0.889008 53.1184 5.81451
    endloop
  endfacet
  facet normal 0 0 -1
    outer loop
      vertex 0.889008 53.1184 5.81451
      vertex 1.54007 53.1981 5.81451
      vertex 1.54007 48.9819 5.81451
    endloop
  endfacet
  facet normal 0 0 -1
    outer loop
      vertex 0.889008 53.1184 5.81451
      vertex 1.54007 48.9819 5.81451
      vertex 0.889008 48.9819 5.81451
    endloop
  endfacet
  facet normal 0 -0.000413496 1
    outer loop
      vertex 0.889008 26.3716 3.28811
      vertex 0.889008 17.2784 3.28435
      vertex 1.54007 26.3716 3.28811
    endloop
  endfacet
  facet normal 0 -0.000413496 1
    outer loop
      vertex 1.54007 26.3716 3.28811
      vertex 0.889008 17.2784 3.28435
      vertex 1.54007 17.2784 3.28435
    endloop
  endfacet
  facet normal 1 0 0
    outer loop
      vertex 1.54007 61.7738 8.41458
      vertex 1.54007 54.4427 4.56991
      vertex 1.54007 61.7738 0.704155
    endloop
  endfacet
  facet normal 1 0 0
    outer loop
      vertex 1.54007 61.7738 0.704155
      vertex 1.54007 54.4427 4.56991
      vertex 1.54007 54.4427 4.54452
    endloop
  endfacet
  facet normal 1 0 0
    outer loop
      vertex 1.54007 61.7738 0.704155
      vertex 1.54007 54.4427 4.54452
      vertex 1.54007 54.4003 4.22239
    endloop
  endfacet
  facet normal 1 -0 0
    outer loop
      vertex 1.54007 13.4783 8.41449
      vertex 1.54007 41.255 7.32327
      vertex 1.54007 61.7738 8.41458
    endloop
  endfacet
  facet normal 1 0 0
    outer loop
      vertex 1.54007 61.7738 8.41458
      vertex 1.54007 41.255 7.32327
      vertex 1.54007 41.8336 7.24711
    endloop
  endfacet
  facet normal 1 0 0
    outer loop
      vertex 1.54007 61.7738 8.41458
      vertex 1.54007 41.8336 7.24711
      vertex 1.54007 42.3726 7.02381
    endloop
  endfacet
  facet normal 1 0 0
    outer loop
      vertex 1.54007 13.4783 0.704067
      vertex 1.54007 16.0079 4.55382
      vertex 1.54007 13.4783 8.41449
    endloop
  endfacet
  facet normal 1 0 0
    outer loop
      vertex 1.54007 13.4783 8.41449
      vertex 1.54007 16.0079 4.55382
      vertex 1.54007 16.051 4.88254
    endloop
  endfacet
  facet normal 1 0 0
    outer loop
      vertex 1.54007 13.4783 8.41449
      vertex 1.54007 16.051 4.88254
      vertex 1.54007 16.1778 5.18889
    endloop
  endfacet
  facet normal 1 0 0
    outer loop
      vertex 1.54007 61.7738 0.704155
      vertex 1.54007 41.255 1.79115
      vertex 1.54007 13.4783 0.704067
    endloop
  endfacet
  facet normal 1 0 0
    outer loop
      vertex 1.54007 13.4783 0.704067
      vertex 1.54007 41.255 1.79115
      vertex 1.54007 33.9754 1.79115
    endloop
  endfacet
  facet normal 1 0 0
    outer loop
      vertex 1.54007 13.4783 0.704067
      vertex 1.54007 33.9754 1.79115
      vertex 1.54007 33.3969 1.86731
    endloop
  endfacet
  facet normal 1 0 0
    outer loop
      vertex 1.54007 43.4141 3.44784
      vertex 1.54007 48.0929 3.66817
      vertex 1.54007 43.4902 4.02635
    endloop
  endfacet
  facet normal 1 0 0
    outer loop
      vertex 1.54007 43.4902 4.02635
      vertex 1.54007 48.0929 3.66817
      vertex 1.54007 47.8931 3.92856
    endloop
  endfacet
  facet normal 1 -0 0
    outer loop
      vertex 1.54007 43.4902 4.02635
      vertex 1.54007 47.8931 3.92856
      vertex 1.54007 47.7675 4.2318
    endloop
  endfacet
  facet normal 1 0 0
    outer loop
      vertex 1.54007 43.1908 2.90875
      vertex 1.54007 48.6565 3.34276
      vertex 1.54007 43.4141 3.44784
    endloop
  endfacet
  facet normal 1 -0 0
    outer loop
      vertex 1.54007 43.4141 3.44784
      vertex 1.54007 48.6565 3.34276
      vertex 1.54007 48.3533 3.46836
    endloop
  endfacet
  facet normal 1 0 0
    outer loop
      vertex 1.54007 43.4141 3.44784
      vertex 1.54007 48.3533 3.46836
      vertex 1.54007 48.0929 3.66817
    endloop
  endfacet
  facet normal 1 0 0
    outer loop
      vertex 1.54007 48.6565 3.34276
      vertex 1.54007 43.1908 2.90875
      vertex 1.54007 48.9819 3.29992
    endloop
  endfacet
  facet normal 1 0 0
    outer loop
      vertex 1.54007 48.9819 3.29992
      vertex 1.54007 43.1908 2.90875
      vertex 1.54007 42.8356 2.44583
    endloop
  endfacet
  facet normal 1 -0 0
    outer loop
      vertex 1.54007 48.9819 3.29992
      vertex 1.54007 42.8356 2.44583
      vertex 1.54007 53.1981 3.29992
    endloop
  endfacet
  facet normal 1 0 0
    outer loop
      vertex 1.54007 53.1981 3.29992
      vertex 1.54007 42.8356 2.44583
      vertex 1.54007 42.3726 2.09061
    endloop
  endfacet
  facet normal 1 0 0
    outer loop
      vertex 1.54007 53.1981 3.29992
      vertex 1.54007 42.3726 2.09061
      vertex 1.54007 61.7738 0.704155
    endloop
  endfacet
  facet normal 1 0 0
    outer loop
      vertex 1.54007 61.7738 0.704155
      vertex 1.54007 42.3726 2.09061
      vertex 1.54007 41.8336 1.86731
    endloop
  endfacet
  facet normal 1 0 0
    outer loop
      vertex 1.54007 61.7738 0.704155
      vertex 1.54007 41.8336 1.86731
      vertex 1.54007 41.255 1.79115
    endloop
  endfacet
  facet normal 1 0 0
    outer loop
      vertex 1.54007 33.3969 1.86731
      vertex 1.54007 32.8578 2.09061
      vertex 1.54007 13.4783 0.704067
    endloop
  endfacet
  facet normal 1 0 0
    outer loop
      vertex 1.54007 13.4783 0.704067
      vertex 1.54007 32.8578 2.09061
      vertex 1.54007 26.3716 3.28811
    endloop
  endfacet
  facet normal 1 0 0
    outer loop
      vertex 1.54007 13.4783 0.704067
      vertex 1.54007 26.3716 3.28811
      vertex 1.54007 17.2784 3.28435
    endloop
  endfacet
  facet normal 1 0 0
    outer loop
      vertex 1.54007 32.8578 2.09061
      vertex 1.54007 32.3949 2.44583
      vertex 1.54007 26.3716 3.28811
    endloop
  endfacet
  facet normal 1 0 0
    outer loop
      vertex 1.54007 26.3716 3.28811
      vertex 1.54007 32.3949 2.44583
      vertex 1.54007 32.0397 2.90875
    endloop
  endfacet
  facet normal 1 -0 0
    outer loop
      vertex 1.54007 26.3716 3.28811
      vertex 1.54007 32.0397 2.90875
      vertex 1.54007 26.7003 3.33152
    endloop
  endfacet
  facet normal 1 -0 0
    outer loop
      vertex 1.54007 26.7003 3.33152
      vertex 1.54007 32.0397 2.90875
      vertex 1.54007 31.8164 3.44784
    endloop
  endfacet
  facet normal 1 0 0
    outer loop
      vertex 1.54007 26.7003 3.33152
      vertex 1.54007 31.8164 3.44784
      vertex 1.54007 27.0066 3.45852
    endloop
  endfacet
  facet normal 1 -0 0
    outer loop
      vertex 1.54007 27.0066 3.45852
      vertex 1.54007 31.8164 3.44784
      vertex 1.54007 27.2695 3.66046
    endloop
  endfacet
  facet normal 1 -0 0
    outer loop
      vertex 1.54007 27.2695 3.66046
      vertex 1.54007 31.8164 3.44784
      vertex 1.54007 31.7402 4.02635
    endloop
  endfacet
  facet normal 1 0 0
    outer loop
      vertex 1.54007 27.2695 3.66046
      vertex 1.54007 31.7402 4.02635
      vertex 1.54007 27.4712 3.92356
    endloop
  endfacet
  facet normal 1 0 0
    outer loop
      vertex 1.54007 27.4712 3.92356
      vertex 1.54007 31.7402 4.02635
      vertex 1.54007 27.598 4.22992
    endloop
  endfacet
  facet normal 1 -0 0
    outer loop
      vertex 1.54007 27.598 4.22992
      vertex 1.54007 31.7402 4.02635
      vertex 1.54007 27.6411 4.55864
    endloop
  endfacet
  facet normal 1 -0 0
    outer loop
      vertex 1.54007 27.6411 4.55864
      vertex 1.54007 31.7402 4.02635
      vertex 1.54007 31.7402 5.08807
    endloop
  endfacet
  facet normal 1 0 -0
    outer loop
      vertex 1.54007 27.6411 4.55864
      vertex 1.54007 31.7402 5.08807
      vertex 1.54007 27.5977 4.88732
    endloop
  endfacet
  facet normal 1 0 -0
    outer loop
      vertex 1.54007 27.5977 4.88732
      vertex 1.54007 31.7402 5.08807
      vertex 1.54007 27.4707 5.19357
    endloop
  endfacet
  facet normal 1 -0 -0
    outer loop
      vertex 1.54007 27.4707 5.19357
      vertex 1.54007 31.7402 5.08807
      vertex 1.54007 27.2688 5.45651
    endloop
  endfacet
  facet normal 1 -0 0
    outer loop
      vertex 1.54007 27.2688 5.45651
      vertex 1.54007 31.7402 5.08807
      vertex 1.54007 31.8164 5.66658
    endloop
  endfacet
  facet normal 1 0 -0
    outer loop
      vertex 1.54007 27.2688 5.45651
      vertex 1.54007 31.8164 5.66658
      vertex 1.54007 27.0056 5.65822
    endloop
  endfacet
  facet normal 1 0 -0
    outer loop
      vertex 1.54007 27.0056 5.65822
      vertex 1.54007 31.8164 5.66658
      vertex 1.54007 26.6993 5.78497
    endloop
  endfacet
  facet normal 1 -0 0
    outer loop
      vertex 1.54007 26.6993 5.78497
      vertex 1.54007 31.8164 5.66658
      vertex 1.54007 32.0397 6.20567
    endloop
  endfacet
  facet normal 1 0 -0
    outer loop
      vertex 1.54007 26.6993 5.78497
      vertex 1.54007 32.0397 6.20567
      vertex 1.54007 26.3706 5.82811
    endloop
  endfacet
  facet normal 1 0 0
    outer loop
      vertex 1.54007 26.3706 5.82811
      vertex 1.54007 32.0397 6.20567
      vertex 1.54007 32.3949 6.66859
    endloop
  endfacet
  facet normal 1 0 0
    outer loop
      vertex 1.54007 26.3706 5.82811
      vertex 1.54007 32.3949 6.66859
      vertex 1.54007 32.8578 7.02381
    endloop
  endfacet
  facet normal 1 0 -0
    outer loop
      vertex 1.54007 26.3706 5.82811
      vertex 1.54007 32.8578 7.02381
      vertex 1.54007 13.4783 8.41449
    endloop
  endfacet
  facet normal 1 0 0
    outer loop
      vertex 1.54007 13.4783 8.41449
      vertex 1.54007 32.8578 7.02381
      vertex 1.54007 33.3969 7.24711
    endloop
  endfacet
  facet normal 1 0 0
    outer loop
      vertex 1.54007 13.4783 8.41449
      vertex 1.54007 33.3969 7.24711
      vertex 1.54007 33.9754 7.32327
    endloop
  endfacet
  facet normal 1 0 -0
    outer loop
      vertex 1.54007 33.9754 7.32327
      vertex 1.54007 41.255 7.32327
      vertex 1.54007 13.4783 8.41449
    endloop
  endfacet
  facet normal 1 0 0
    outer loop
      vertex 1.54007 61.7738 8.41458
      vertex 1.54007 42.3726 7.02381
      vertex 1.54007 53.1981 5.81451
    endloop
  endfacet
  facet normal 1 0 0
    outer loop
      vertex 1.54007 53.1981 5.81451
      vertex 1.54007 42.3726 7.02381
      vertex 1.54007 42.8356 6.66859
    endloop
  endfacet
  facet normal 1 0 0
    outer loop
      vertex 1.54007 53.1981 5.81451
      vertex 1.54007 42.8356 6.66859
      vertex 1.54007 48.9819 5.81451
    endloop
  endfacet
  facet normal 1 0 0
    outer loop
      vertex 1.54007 48.9819 5.81451
      vertex 1.54007 42.8356 6.66859
      vertex 1.54007 43.1908 6.20567
    endloop
  endfacet
  facet normal 1 0 0
    outer loop
      vertex 1.54007 48.9819 5.81451
      vertex 1.54007 43.1908 6.20567
      vertex 1.54007 48.6565 5.77166
    endloop
  endfacet
  facet normal 1 0 0
    outer loop
      vertex 1.54007 48.6565 5.77166
      vertex 1.54007 43.1908 6.20567
      vertex 1.54007 43.4141 5.66658
    endloop
  endfacet
  facet normal 1 0 0
    outer loop
      vertex 1.54007 48.6565 5.77166
      vertex 1.54007 43.4141 5.66658
      vertex 1.54007 48.3533 5.64606
    endloop
  endfacet
  facet normal 1 0 0
    outer loop
      vertex 1.54007 48.3533 5.64606
      vertex 1.54007 43.4141 5.66658
      vertex 1.54007 48.0929 5.44625
    endloop
  endfacet
  facet normal 1 0 0
    outer loop
      vertex 1.54007 48.0929 5.44625
      vertex 1.54007 43.4141 5.66658
      vertex 1.54007 43.4902 5.08807
    endloop
  endfacet
  facet normal 1 0 0
    outer loop
      vertex 1.54007 48.0929 5.44625
      vertex 1.54007 43.4902 5.08807
      vertex 1.54007 47.8931 5.18586
    endloop
  endfacet
  facet normal 1 0 0
    outer loop
      vertex 1.54007 47.8931 5.18586
      vertex 1.54007 43.4902 5.08807
      vertex 1.54007 47.7675 4.88262
    endloop
  endfacet
  facet normal 1 0 0
    outer loop
      vertex 1.54007 47.7675 4.88262
      vertex 1.54007 43.4902 5.08807
      vertex 1.54007 47.7246 4.55721
    endloop
  endfacet
  facet normal 1 0 0
    outer loop
      vertex 1.54007 47.7246 4.55721
      vertex 1.54007 43.4902 5.08807
      vertex 1.54007 43.4902 4.02635
    endloop
  endfacet
  facet normal 1 0 0
    outer loop
      vertex 1.54007 47.7246 4.55721
      vertex 1.54007 43.4902 4.02635
      vertex 1.54007 47.7675 4.2318
    endloop
  endfacet
  facet normal 1 0 0
    outer loop
      vertex 1.54007 17.2784 3.28435
      vertex 1.54007 16.9497 3.32749
      vertex 1.54007 13.4783 0.704067
    endloop
  endfacet
  facet normal 1 0 0
    outer loop
      vertex 1.54007 13.4783 0.704067
      vertex 1.54007 16.9497 3.32749
      vertex 1.54007 16.6433 3.45423
    endloop
  endfacet
  facet normal 1 0 0
    outer loop
      vertex 1.54007 13.4783 0.704067
      vertex 1.54007 16.6433 3.45423
      vertex 1.54007 16.3802 3.65595
    endloop
  endfacet
  facet normal 1 0 0
    outer loop
      vertex 1.54007 16.3802 3.65595
      vertex 1.54007 16.1783 3.91889
      vertex 1.54007 13.4783 0.704067
    endloop
  endfacet
  facet normal 1 0 0
    outer loop
      vertex 1.54007 13.4783 0.704067
      vertex 1.54007 16.1783 3.91889
      vertex 1.54007 16.0513 4.22514
    endloop
  endfacet
  facet normal 1 0 0
    outer loop
      vertex 1.54007 13.4783 0.704067
      vertex 1.54007 16.0513 4.22514
      vertex 1.54007 16.0079 4.55382
    endloop
  endfacet
  facet normal 1 0 -0
    outer loop
      vertex 1.54007 16.1778 5.18889
      vertex 1.54007 16.3795 5.452
      vertex 1.54007 13.4783 8.41449
    endloop
  endfacet
  facet normal 1 0 0
    outer loop
      vertex 1.54007 13.4783 8.41449
      vertex 1.54007 16.3795 5.452
      vertex 1.54007 16.6424 5.65394
    endloop
  endfacet
  facet normal 1 0 0
    outer loop
      vertex 1.54007 13.4783 8.41449
      vertex 1.54007 16.6424 5.65394
      vertex 1.54007 16.9487 5.78094
    endloop
  endfacet
  facet normal 1 0 -0
    outer loop
      vertex 1.54007 16.9487 5.78094
      vertex 1.54007 17.2774 5.82435
      vertex 1.54007 13.4783 8.41449
    endloop
  endfacet
  facet normal 1 0 0
    outer loop
      vertex 1.54007 13.4783 8.41449
      vertex 1.54007 17.2774 5.82435
      vertex 1.54007 26.3706 5.82811
    endloop
  endfacet
  facet normal 1 0 0
    outer loop
      vertex 1.54007 54.4003 4.22239
      vertex 1.54007 54.2759 3.92222
      vertex 1.54007 61.7738 0.704155
    endloop
  endfacet
  facet normal 1 0 0
    outer loop
      vertex 1.54007 61.7738 0.704155
      vertex 1.54007 54.2759 3.92222
      vertex 1.54007 54.0781 3.66445
    endloop
  endfacet
  facet normal 1 0 0
    outer loop
      vertex 1.54007 61.7738 0.704155
      vertex 1.54007 54.0781 3.66445
      vertex 1.54007 53.8204 3.46666
    endloop
  endfacet
  facet normal 1 0 0
    outer loop
      vertex 1.54007 53.8204 3.46666
      vertex 1.54007 53.5202 3.34233
      vertex 1.54007 61.7738 0.704155
    endloop
  endfacet
  facet normal 1 0 0
    outer loop
      vertex 1.54007 61.7738 0.704155
      vertex 1.54007 53.5202 3.34233
      vertex 1.54007 53.1981 3.29992
    endloop
  endfacet
  facet normal 1 -0 0
    outer loop
      vertex 1.54007 53.1981 5.81451
      vertex 1.54007 53.5202 5.7721
      vertex 1.54007 61.7738 8.41458
    endloop
  endfacet
  facet normal 1 0 0
    outer loop
      vertex 1.54007 61.7738 8.41458
      vertex 1.54007 53.5202 5.7721
      vertex 1.54007 53.8204 5.64777
    endloop
  endfacet
  facet normal 1 0 0
    outer loop
      vertex 1.54007 61.7738 8.41458
      vertex 1.54007 53.8204 5.64777
      vertex 1.54007 54.0781 5.44998
    endloop
  endfacet
  facet normal 1 -0 0
    outer loop
      vertex 1.54007 54.0781 5.44998
      vertex 1.54007 54.2759 5.19221
      vertex 1.54007 61.7738 8.41458
    endloop
  endfacet
  facet normal 1 0 0
    outer loop
      vertex 1.54007 61.7738 8.41458
      vertex 1.54007 54.2759 5.19221
      vertex 1.54007 54.4003 4.89204
    endloop
  endfacet
  facet normal 1 0 0
    outer loop
      vertex 1.54007 61.7738 8.41458
      vertex 1.54007 54.4003 4.89204
      vertex 1.54007 54.4427 4.56991
    endloop
  endfacet
  facet normal -0 -1 -0
    outer loop
      vertex 137.031 73.28 9.0496
      vertex 13.3511 73.28 9.0496
      vertex 137.031 73.28 8.7956
    endloop
  endfacet
  facet normal 0 -1 0
    outer loop
      vertex 137.031 73.28 8.7956
      vertex 13.3511 73.28 9.0496
      vertex 13.3511 73.28 8.7956
    endloop
  endfacet
  facet normal -0 -0.995037 -0.0995037
    outer loop
      vertex 137.031 73.28 8.7956
      vertex 13.3511 73.28 8.7956
      vertex 137.031 73.3054 8.5416
    endloop
  endfacet
  facet normal -0 -0.995037 -0.0995037
    outer loop
      vertex 137.031 73.3054 8.5416
      vertex 13.3511 73.28 8.7956
      vertex 13.3511 73.3054 8.5416
    endloop
  endfacet
  facet normal -0.628621 -0.777712 0
    outer loop
      vertex 79.6451 43.7635 0
      vertex 80.0791 43.4127 0
      vertex 79.6451 43.7635 0.0182838
    endloop
  endfacet
  facet normal -0.531187 -0.627499 -0.569284
    outer loop
      vertex 79.6451 43.7635 0.0182838
      vertex 80.0791 43.4127 0
      vertex 80.1774 43.3129 0.0182838
    endloop
  endfacet
  facet normal -0.675265 -0.58214 0.452912
    outer loop
      vertex 80.1774 43.3129 0.0182838
      vertex 80.0791 43.4127 0
      vertex 80.4748 42.9537 0
    endloop
  endfacet
  facet normal -0.585999 -0.450908 -0.673266
    outer loop
      vertex 80.1774 43.3129 0.0182838
      vertex 80.4748 42.9537 0
      vertex 80.624 42.7325 0.0182838
    endloop
  endfacet
  facet normal -0.710758 -0.433625 0.553889
    outer loop
      vertex 80.624 42.7325 0.0182838
      vertex 80.4748 42.9537 0
      vertex 80.8062 42.4105 0
    endloop
  endfacet
  facet normal -0.656707 -0.333173 -0.676559
    outer loop
      vertex 80.624 42.7325 0.0182838
      vertex 80.8062 42.4105 0
      vertex 80.9696 42.0513 0.0182838
    endloop
  endfacet
  facet normal -0.795751 -0.336351 0.503636
    outer loop
      vertex 80.9696 42.0513 0.0182838
      vertex 80.8062 42.4105 0
      vertex 81.0544 41.8233 0
    endloop
  endfacet
  facet normal -0.758 -0.23307 -0.609192
    outer loop
      vertex 80.9696 42.0513 0.0182838
      vertex 81.0544 41.8233 0
      vertex 81.1976 41.3098 0.01828
    endloop
  endfacet
  facet normal -0.87441 -0.228613 0.427952
    outer loop
      vertex 81.1976 41.3098 0.01828
      vertex 81.0544 41.8233 0
      vertex 81.2274 41.1616 0
    endloop
  endfacet
  facet normal -0.86649 -0.114295 -0.485933
    outer loop
      vertex 81.1976 41.3098 0.01828
      vertex 81.2274 41.1616 0
      vertex 81.2974 40.5532 0.01828
    endloop
  endfacet
  facet normal -0.886061 -0.088273 0.455086
    outer loop
      vertex 81.2974 40.5532 0.01828
      vertex 81.2274 41.1616 0
      vertex 81.3016 40.4168 0
    endloop
  endfacet
  facet normal -0.894638 0.032175 -0.445632
    outer loop
      vertex 81.2974 40.5532 0.01828
      vertex 81.3016 40.4168 0
      vertex 81.2712 39.8247 0.01828
    endloop
  endfacet
  facet normal -0.835567 0.059761 0.546129
    outer loop
      vertex 81.2712 39.8247 0.01828
      vertex 81.3016 40.4168 0
      vertex 81.2466 39.6478 0
    endloop
  endfacet
  facet normal -0.867242 0.168995 -0.468329
    outer loop
      vertex 81.2712 39.8247 0.01828
      vertex 81.2466 39.6478 0
      vertex 81.1415 39.1591 0.0182762
    endloop
  endfacet
  facet normal -0.868361 0.203661 0.452185
    outer loop
      vertex 81.1415 39.1591 0.0182762
      vertex 81.2466 39.6478 0
      vertex 81.0904 38.9818 0
    endloop
  endfacet
  facet normal -0.89142 0.292591 -0.346065
    outer loop
      vertex 81.1415 39.1591 0.0182762
      vertex 81.0904 38.9818 0
      vertex 80.9507 38.5778 0.0182762
    endloop
  endfacet
  facet normal -0.909617 0.326178 0.257303
    outer loop
      vertex 80.9507 38.5778 0.0182762
      vertex 81.0904 38.9818 0
      vertex 80.8902 38.4235 0
    endloop
  endfacet
  facet normal -0.920013 0.374431 -0.11566
    outer loop
      vertex 80.9507 38.5778 0.0182762
      vertex 80.8902 38.4235 0
      vertex 80.7514 38.0881 0.0182762
    endloop
  endfacet
  facet normal -0.924063 0.382225 -0.0033722
    outer loop
      vertex 80.7514 38.0881 0.0182762
      vertex 80.8902 38.4235 0
      vertex 80.7003 37.9644 0
    endloop
  endfacet
  facet normal -0.919295 0.354498 0.170965
    outer loop
      vertex 80.7514 38.0881 0.0182762
      vertex 80.7003 37.9644 0
      vertex 80.5948 37.682 0.0182762
    endloop
  endfacet
  facet normal -0.902773 0.318558 -0.289
    outer loop
      vertex 80.5948 37.682 0.0182762
      vertex 80.7003 37.9644 0
      vertex 80.5624 37.5736 0
    endloop
  endfacet
  facet normal -0.888519 0.195593 0.415063
    outer loop
      vertex 80.5948 37.682 0.0182762
      vertex 80.5624 37.5736 0
      vertex 80.5185 37.3354 0.0182724
    endloop
  endfacet
  facet normal -0.938312 0.194844 0.285669
    outer loop
      vertex 80.5185 37.3354 0.0182724
      vertex 80.5624 37.5736 0
      vertex 80.5255 37.3959 0
    endloop
  endfacet
  facet normal -0.985016 0.065823 -0.159411
    outer loop
      vertex 80.5185 37.3354 0.0182724
      vertex 80.5255 37.3959 0
      vertex 80.5142 37.2268 0
    endloop
  endfacet
  facet normal -0.989668 0.0151976 0.142571
    outer loop
      vertex 80.5185 37.3354 0.0182724
      vertex 80.5142 37.2268 0
      vertex 80.516 37.1726 0.0182724
    endloop
  endfacet
  facet normal -0.984783 -0.0839962 -0.152141
    outer loop
      vertex 80.516 37.1726 0.0182724
      vertex 80.5142 37.2268 0
      vertex 80.5287 37.0568 0
    endloop
  endfacet
  facet normal -0.984361 -0.127189 0.121885
    outer loop
      vertex 80.516 37.1726 0.0182724
      vertex 80.5287 37.0568 0
      vertex 80.5371 37.0093 0.0182724
    endloop
  endfacet
  facet normal -0.969778 -0.215506 -0.114403
    outer loop
      vertex 80.5371 37.0093 0.0182724
      vertex 80.5287 37.0568 0
      vertex 80.5677 36.8813 0
    endloop
  endfacet
  facet normal -0.892403 -0.265433 0.364914
    outer loop
      vertex 80.5371 37.0093 0.0182724
      vertex 80.5677 36.8813 0
      vertex 80.6415 36.6583 0.0182724
    endloop
  endfacet
  facet normal -0.914615 -0.32265 -0.243672
    outer loop
      vertex 80.6415 36.6583 0.0182724
      vertex 80.5677 36.8813 0
      vertex 80.7026 36.4989 0
    endloop
  endfacet
  facet normal -0.927113 -0.365084 0.0847082
    outer loop
      vertex 80.6415 36.6583 0.0182724
      vertex 80.7026 36.4989 0
      vertex 80.805 36.2431 0.0182724
    endloop
  endfacet
  facet normal -0.927632 -0.366039 0.0742568
    outer loop
      vertex 80.805 36.2431 0.0182724
      vertex 80.7026 36.4989 0
      vertex 80.8851 36.0364 0
    endloop
  endfacet
  facet normal -0.920044 -0.339196 -0.196126
    outer loop
      vertex 80.805 36.2431 0.0182724
      vertex 80.8851 36.0364 0
      vertex 80.9893 35.7432 0.0182724
    endloop
  endfacet
  facet normal -0.881645 -0.290132 0.37219
    outer loop
      vertex 80.9893 35.7432 0.0182724
      vertex 80.8851 36.0364 0
      vertex 81.0811 35.4408 0
    endloop
  endfacet
  facet normal -0.879114 -0.242066 -0.410565
    outer loop
      vertex 80.9893 35.7432 0.0182724
      vertex 81.0811 35.4408 0
      vertex 81.1503 35.1585 0.0182686
    endloop
  endfacet
  facet normal -0.793554 -0.156469 0.588039
    outer loop
      vertex 81.1503 35.1585 0.0182686
      vertex 81.0811 35.4408 0
      vertex 81.2249 34.7115 0
    endloop
  endfacet
  facet normal -0.85943 -0.123151 -0.4962
    outer loop
      vertex 81.1503 35.1585 0.0182686
      vertex 81.2249 34.7115 0
      vertex 81.244 34.5046 0.0182686
    endloop
  endfacet
  facet normal -0.774974 -0.0157563 0.631797
    outer loop
      vertex 81.244 34.5046 0.0182686
      vertex 81.2249 34.7115 0
      vertex 81.2411 33.9147 0
    endloop
  endfacet
  facet normal -0.913934 0.017051 -0.405504
    outer loop
      vertex 81.244 34.5046 0.0182686
      vertex 81.2411 33.9147 0
      vertex 81.231 33.8078 0.0182686
    endloop
  endfacet
  facet normal -0.863324 0.163177 0.477541
    outer loop
      vertex 81.231 33.8078 0.0182686
      vertex 81.2411 33.9147 0
      vertex 81.0932 33.1322 0
    endloop
  endfacet
  facet normal -0.96349 0.201294 -0.176541
    outer loop
      vertex 81.231 33.8078 0.0182686
      vertex 81.0932 33.1322 0
      vertex 81.083 33.0994 0.0182686
    endloop
  endfacet
  facet normal -0.902913 0.386045 0.188989
    outer loop
      vertex 81.083 33.0994 0.0182686
      vertex 81.0932 33.1322 0
      vertex 80.7807 32.4013 0
    endloop
  endfacet
  facet normal -0.916278 0.395048 0.0661142
    outer loop
      vertex 81.083 33.0994 0.0182686
      vertex 80.7807 32.4013 0
      vertex 80.7862 32.411 0.0182648
    endloop
  endfacet
  facet normal -0.81895 0.571059 -0.0566691
    outer loop
      vertex 80.7862 32.411 0.0182648
      vertex 80.7807 32.4013 0
      vertex 80.3409 31.7724 0.0182648
    endloop
  endfacet
  facet normal -0.806448 0.568669 0.16204
    outer loop
      vertex 80.3409 31.7724 0.0182648
      vertex 80.7807 32.4013 0
      vertex 80.3208 31.7491 0
    endloop
  endfacet
  facet normal -0.686789 0.710964 -0.151165
    outer loop
      vertex 80.3409 31.7724 0.0182648
      vertex 80.3208 31.7491 0
      vertex 79.7586 31.2099 0.0182648
    endloop
  endfacet
  facet normal -0.687236 0.719855 0.0975447
    outer loop
      vertex 79.7586 31.2099 0.0182648
      vertex 80.3208 31.7491 0
      vertex 79.7426 31.1971 0
    endloop
  endfacet
  facet normal -0.549928 0.829274 -0.0994186
    outer loop
      vertex 79.7586 31.2099 0.0182648
      vertex 79.7426 31.1971 0
      vertex 79.0583 30.7455 0.018261
    endloop
  endfacet
  facet normal -0.550434 0.83068 -0.0836208
    outer loop
      vertex 79.0583 30.7455 0.018261
      vertex 79.7426 31.1971 0
      vertex 79.0736 30.7538 0
    endloop
  endfacet
  facet normal -0.406899 0.910556 0.0729452
    outer loop
      vertex 79.0583 30.7455 0.018261
      vertex 79.0736 30.7538 0
      vertex 78.3038 30.4098 0
    endloop
  endfacet
  facet normal -0.395863 0.899719 -0.183845
    outer loop
      vertex 79.0583 30.7455 0.018261
      vertex 78.3038 30.4098 0
      vertex 78.2635 30.3958 0.018261
    endloop
  endfacet
  facet normal -0.252984 0.952122 0.171646
    outer loop
      vertex 78.2635 30.3958 0.018261
      vertex 78.3038 30.4098 0
      vertex 77.4156 30.1738 0
    endloop
  endfacet
  facet normal -0.251209 0.965314 -0.0711492
    outer loop
      vertex 78.2635 30.3958 0.018261
      vertex 77.4156 30.1738 0
      vertex 77.3989 30.1708 0.018261
    endloop
  endfacet
  facet normal -0.10602 0.992169 0.0660408
    outer loop
      vertex 77.3989 30.1708 0.018261
      vertex 77.4156 30.1738 0
      vertex 76.4874 30.0734 0.018261
    endloop
  endfacet
  facet normal -0.100914 0.971754 0.213333
    outer loop
      vertex 76.4874 30.0734 0.018261
      vertex 77.4156 30.1738 0
      vertex 76.4305 30.0715 0
    endloop
  endfacet
  facet normal 0.0272278 0.98198 -0.187012
    outer loop
      vertex 76.4874 30.0734 0.018261
      vertex 76.4305 30.0715 0
      vertex 75.5497 30.0994 0.018261
    endloop
  endfacet
  facet normal 0.0368313 0.939056 0.341784
    outer loop
      vertex 75.5497 30.0994 0.018261
      vertex 76.4305 30.0715 0
      vertex 75.4336 30.1106 0
    endloop
  endfacet
  facet normal 0.139171 0.941321 -0.307483
    outer loop
      vertex 75.5497 30.0994 0.018261
      vertex 75.4336 30.1106 0
      vertex 74.6048 30.2391 0.018261
    endloop
  endfacet
  facet normal 0.149559 0.90951 0.387844
    outer loop
      vertex 74.6048 30.2391 0.018261
      vertex 75.4336 30.1106 0
      vertex 74.446 30.273 0
    endloop
  endfacet
  facet normal 0.233609 0.910469 -0.341281
    outer loop
      vertex 74.6048 30.2391 0.018261
      vertex 74.446 30.273 0
      vertex 73.6702 30.4789 0.018261
    endloop
  endfacet
  facet normal 0.245366 0.890526 0.383091
    outer loop
      vertex 73.6702 30.4789 0.018261
      vertex 74.446 30.273 0
      vertex 73.4824 30.5385 0
    endloop
  endfacet
  facet normal 0.314059 0.881796 -0.351856
    outer loop
      vertex 73.6702 30.4789 0.018261
      vertex 73.4824 30.5385 0
      vertex 72.7633 30.8019 0.018261
    endloop
  endfacet
  facet normal 0.329413 0.874669 0.355586
    outer loop
      vertex 72.7633 30.8019 0.018261
      vertex 73.4824 30.5385 0
      vertex 72.5613 30.8854 0
    endloop
  endfacet
  facet normal 0.384673 0.853952 -0.350418
    outer loop
      vertex 72.7633 30.8019 0.018261
      vertex 72.5613 30.8854 0
      vertex 71.9013 31.1902 0.0182648
    endloop
  endfacet
  facet normal 0.404497 0.8567 0.320074
    outer loop
      vertex 71.9013 31.1902 0.0182648
      vertex 72.5613 30.8854 0
      vertex 71.7029 31.2907 0
    endloop
  endfacet
  facet normal 0.449746 0.826189 -0.339323
    outer loop
      vertex 71.9013 31.1902 0.0182648
      vertex 71.7029 31.2907 0
      vertex 71.1022 31.6252 0.0182648
    endloop
  endfacet
  facet normal 0.471013 0.829457 0.300248
    outer loop
      vertex 71.1022 31.6252 0.0182648
      vertex 71.7029 31.2907 0
      vertex 70.927 31.7313 0
    endloop
  endfacet
  facet normal 0.514852 0.794895 -0.321044
    outer loop
      vertex 71.1022 31.6252 0.0182648
      vertex 70.927 31.7313 0
      vertex 70.3852 32.0896 0.0182648
    endloop
  endfacet
  facet normal 0.536467 0.797081 0.277247
    outer loop
      vertex 70.3852 32.0896 0.0182648
      vertex 70.927 31.7313 0
      vertex 70.2523 32.1854 0
    endloop
  endfacet
  facet normal 0.584156 0.752297 -0.304649
    outer loop
      vertex 70.3852 32.0896 0.0182648
      vertex 70.2523 32.1854 0
      vertex 69.7691 32.568 0.0182648
    endloop
  endfacet
  facet normal 0.578492 0.711562 0.39878
    outer loop
      vertex 69.7691 32.568 0.0182648
      vertex 70.2523 32.1854 0
      vertex 69.6256 32.6949 0
    endloop
  endfacet
  facet normal 0.635269 0.66085 -0.399638
    outer loop
      vertex 69.7691 32.568 0.0182648
      vertex 69.6256 32.6949 0
      vertex 69.2705 33.0473 0.0182648
    endloop
  endfacet
  facet normal 0.553474 0.524168 0.647236
    outer loop
      vertex 69.2705 33.0473 0.0182648
      vertex 69.6256 32.6949 0
      vertex 69.0747 33.2766 0
    endloop
  endfacet
  facet normal 0.658478 0.518852 -0.54516
    outer loop
      vertex 69.2705 33.0473 0.0182648
      vertex 69.0747 33.2766 0
      vertex 68.9004 33.517 0.0182686
    endloop
  endfacet
  facet normal 0.806417 0.573829 0.142871
    outer loop
      vertex 68.9004 33.517 0.0182686
      vertex 69.0747 33.2766 0
      vertex 68.8682 33.5668 0
    endloop
  endfacet
  facet normal 0.854239 0.474025 -0.213485
    outer loop
      vertex 68.9004 33.517 0.0182686
      vertex 68.8682 33.5668 0
      vertex 68.7252 33.8245 0
    endloop
  endfacet
  facet normal 0.743797 0.391602 -0.541678
    outer loop
      vertex 68.9004 33.517 0.0182686
      vertex 68.7252 33.8245 0
      vertex 68.6619 33.97 0.0182686
    endloop
  endfacet
  facet normal 0.793384 0.277112 0.541988
    outer loop
      vertex 68.6619 33.97 0.0182686
      vertex 68.7252 33.8245 0
      vertex 68.5726 34.2614 0
    endloop
  endfacet
  facet normal 0.812364 0.214966 -0.542083
    outer loop
      vertex 68.6619 33.97 0.0182686
      vertex 68.5726 34.2614 0
      vertex 68.5474 34.4027 0.0182686
    endloop
  endfacet
  facet normal 0.865457 0.0906464 0.492714
    outer loop
      vertex 68.5474 34.4027 0.0182686
      vertex 68.5726 34.2614 0
      vertex 68.5306 34.6624 0
    endloop
  endfacet
  facet normal 0.86279 0.0202788 -0.505155
    outer loop
      vertex 68.5474 34.4027 0.0182686
      vertex 68.5306 34.6624 0
      vertex 68.5377 34.8154 0.0182686
    endloop
  endfacet
  facet normal 0.904604 -0.0916828 0.416276
    outer loop
      vertex 68.5377 34.8154 0.0182686
      vertex 68.5306 34.6624 0
      vertex 68.5696 35.0472 0
    endloop
  endfacet
  facet normal 0.907322 -0.155646 -0.390565
    outer loop
      vertex 68.5377 34.8154 0.0182686
      vertex 68.5696 35.0472 0
      vertex 68.6057 35.2118 0.0182686
    endloop
  endfacet
  facet normal 0.927274 -0.235657 0.29091
    outer loop
      vertex 68.6057 35.2118 0.0182686
      vertex 68.5696 35.0472 0
      vertex 68.6663 35.4277 0
    endloop
  endfacet
  facet normal 0.750934 -0.262066 -0.606152
    outer loop
      vertex 68.6057 35.2118 0.0182686
      vertex 68.6663 35.4277 0
      vertex 68.942 36.2177 0
    endloop
  endfacet
  facet normal 0.763911 -0.244551 0.597189
    outer loop
      vertex 68.6057 35.2118 0.0182686
      vertex 68.942 36.2177 0
      vertex 69.1164 36.8071 0.0182724
    endloop
  endfacet
  facet normal 0.685495 -0.180971 -0.705228
    outer loop
      vertex 69.1164 36.8071 0.0182724
      vertex 68.942 36.2177 0
      vertex 69.173 37.0927 0
    endloop
  endfacet
  facet normal 0.933574 -0.164649 0.318325
    outer loop
      vertex 69.1164 36.8071 0.0182724
      vertex 69.173 37.0927 0
      vertex 69.1943 37.2488 0.0182724
    endloop
  endfacet
  facet normal 0.929353 -0.0847491 -0.359334
    outer loop
      vertex 69.1943 37.2488 0.0182724
      vertex 69.173 37.0927 0
      vertex 69.2141 37.5434 0
    endloop
  endfacet
  facet normal 0.914785 -0.0365308 0.402287
    outer loop
      vertex 69.1943 37.2488 0.0182724
      vertex 69.2141 37.5434 0
      vertex 69.2126 37.7071 0.0182762
    endloop
  endfacet
  facet normal 0.912008 0.0537553 -0.406635
    outer loop
      vertex 69.2126 37.7071 0.0182762
      vertex 69.2141 37.5434 0
      vertex 69.1877 37.9913 0
    endloop
  endfacet
  facet normal 0.890011 0.106487 0.44333
    outer loop
      vertex 69.2126 37.7071 0.0182762
      vertex 69.1877 37.9913 0
      vertex 69.157 38.1718 0.0182762
    endloop
  endfacet
  facet normal 0.701701 0.188906 -0.686971
    outer loop
      vertex 69.157 38.1718 0.0182762
      vertex 69.1877 37.9913 0
      vertex 68.9803 38.7617 0
    endloop
  endfacet
  facet normal 0.828067 0.232232 -0.510268
    outer loop
      vertex 69.157 38.1718 0.0182762
      vertex 68.9803 38.7617 0
      vertex 69.0276 38.6332 0.0182762
    endloop
  endfacet
  facet normal 0.905408 0.364284 0.218024
    outer loop
      vertex 69.0276 38.6332 0.0182762
      vertex 68.9803 38.7617 0
      vertex 68.6634 39.5384 0.0182762
    endloop
  endfacet
  facet normal 0.912457 0.376083 -0.161195
    outer loop
      vertex 68.6634 39.5384 0.0182762
      vertex 68.9803 38.7617 0
      vertex 68.7018 39.4374 0
    endloop
  endfacet
  facet normal 0.928937 0.319252 0.187496
    outer loop
      vertex 68.6634 39.5384 0.0182762
      vertex 68.7018 39.4374 0
      vertex 68.5877 39.7694 0
    endloop
  endfacet
  facet normal 0.832487 0.233042 -0.502649
    outer loop
      vertex 68.6634 39.5384 0.0182762
      vertex 68.5877 39.7694 0
      vertex 68.5355 39.9953 0.01828
    endloop
  endfacet
  facet normal 0.922342 0.185714 0.338814
    outer loop
      vertex 68.5355 39.9953 0.01828
      vertex 68.5877 39.7694 0
      vertex 68.5191 40.1101 0
    endloop
  endfacet
  facet normal 0.972583 0.105979 -0.207003
    outer loop
      vertex 68.5355 39.9953 0.01828
      vertex 68.5191 40.1101 0
      vertex 68.5101 40.2284 0.01828
    endloop
  endfacet
  facet normal 0.904779 0.00302686 0.425871
    outer loop
      vertex 68.5101 40.2284 0.01828
      vertex 68.5191 40.1101 0
      vertex 68.5179 40.4688 0
    endloop
  endfacet
  facet normal 0.999446 -0.0316414 0.010344
    outer loop
      vertex 68.5101 40.2284 0.01828
      vertex 68.5179 40.4688 0
      vertex 68.5176 40.4653 0.01828
    endloop
  endfacet
  facet normal 0.983995 -0.177307 -0.0177996
    outer loop
      vertex 68.5176 40.4653 0.01828
      vertex 68.5179 40.4688 0
      vertex 68.5609 40.7056 0.01828
    endloop
  endfacet
  facet normal 0.833026 -0.191339 0.519093
    outer loop
      vertex 68.5609 40.7056 0.01828
      vertex 68.5179 40.4688 0
      vertex 68.6081 40.8615 0
    endloop
  endfacet
  facet normal 0.927251 -0.306031 -0.215754
    outer loop
      vertex 68.5609 40.7056 0.01828
      vertex 68.6081 40.8615 0
      vertex 68.6411 40.9486 0.01828
    endloop
  endfacet
  facet normal 0.808656 -0.397412 0.43375
    outer loop
      vertex 68.6411 40.9486 0.01828
      vertex 68.6081 40.8615 0
      vertex 68.8437 41.3409 0
    endloop
  endfacet
  facet normal 0.785576 -0.426589 -0.448209
    outer loop
      vertex 68.6411 40.9486 0.01828
      vertex 68.8437 41.3409 0
      vertex 68.9055 41.4355 0.01828
    endloop
  endfacet
  facet normal 0.718812 -0.551399 0.423401
    outer loop
      vertex 68.9055 41.4355 0.01828
      vertex 68.8437 41.3409 0
      vertex 69.2531 41.8746 0
    endloop
  endfacet
  facet normal 0.769716 -0.616258 -0.166624
    outer loop
      vertex 68.9055 41.4355 0.01828
      vertex 69.2531 41.8746 0
      vertex 69.285 41.9095 0.0182838
    endloop
  endfacet
  facet normal 0.692931 -0.707125 0.140789
    outer loop
      vertex 69.285 41.9095 0.0182838
      vertex 69.2531 41.8746 0
      vertex 69.7463 42.3579 0
    endloop
  endfacet
  facet normal 0.697282 -0.716498 0.0207051
    outer loop
      vertex 69.285 41.9095 0.0182838
      vertex 69.7463 42.3579 0
      vertex 69.7399 42.3522 0.0182838
    endloop
  endfacet
  facet normal 0.629654 -0.776573 -0.0216958
    outer loop
      vertex 69.7399 42.3522 0.0182838
      vertex 69.7463 42.3579 0
      vertex 70.2283 42.7482 0.0182838
    endloop
  endfacet
  facet normal 0.624201 -0.77535 0.0959468
    outer loop
      vertex 70.2283 42.7482 0.0182838
      vertex 69.7463 42.3579 0
      vertex 70.2644 42.775 0
    endloop
  endfacet
  facet normal 0.570873 -0.8179 -0.0717138
    outer loop
      vertex 70.2283 42.7482 0.0182838
      vertex 70.2644 42.775 0
      vertex 70.717 43.0893 0.0182838
    endloop
  endfacet
  facet normal 0.362921 -0.56569 0.740462
    outer loop
      vertex 70.717 43.0893 0.0182838
      vertex 70.2644 42.775 0
      vertex 71.3223 43.4537 0
    endloop
  endfacet
  facet normal 0.500487 -0.816978 0.28646
    outer loop
      vertex 70.717 43.0893 0.0182838
      vertex 71.3223 43.4537 0
      vertex 71.185 43.376 0.0182838
    endloop
  endfacet
  facet normal 0.473688 -0.869689 -0.138785
    outer loop
      vertex 71.185 43.376 0.0182838
      vertex 71.3223 43.4537 0
      vertex 71.6216 43.6138 0.0182838
    endloop
  endfacet
  facet normal 0.459503 -0.875856 0.147422
    outer loop
      vertex 71.6216 43.6138 0.0182838
      vertex 71.3223 43.4537 0
      vertex 71.8257 43.7178 0
    endloop
  endfacet
  facet normal 0.396873 -0.842785 -0.3636
    outer loop
      vertex 71.6216 43.6138 0.0182838
      vertex 71.8257 43.7178 0
      vertex 72.3863 43.9739 0.0182877
    endloop
  endfacet
  facet normal 0.411074 -0.883914 -0.222967
    outer loop
      vertex 72.3863 43.9739 0.0182877
      vertex 71.8257 43.7178 0
      vertex 72.2865 43.9321 0
    endloop
  endfacet
  facet normal 0.381463 -0.923897 0.0300106
    outer loop
      vertex 72.3863 43.9739 0.0182877
      vertex 72.2865 43.9321 0
      vertex 72.6854 44.0968 0
    endloop
  endfacet
  facet normal 0.341316 -0.939949 0
    outer loop
      vertex 73.0032 44.2122 0
      vertex 73.0032 44.2122 0.0182877
      vertex 72.6854 44.0968 0
    endloop
  endfacet
  facet normal 0.337337 -0.873282 -0.351543
    outer loop
      vertex 72.6854 44.0968 0
      vertex 73.0032 44.2122 0.0182877
      vertex 72.3863 43.9739 0.0182877
    endloop
  endfacet
  facet normal -0.882827 -0.469699 0
    outer loop
      vertex 73.0032 44.2122 0
      vertex 73.3926 43.4803 0
      vertex 73.0032 44.2122 0.0182877
    endloop
  endfacet
  facet normal -0.882827 -0.469699 0
    outer loop
      vertex 73.0032 44.2122 0.0182877
      vertex 73.3926 43.4803 0
      vertex 73.3926 43.4803 0.0182838
    endloop
  endfacet
  facet normal -0.755394 -0.65527 -0
    outer loop
      vertex 73.3926 43.4803 0.0182838
      vertex 73.3926 43.4803 0
      vertex 73.9358 42.8541 0
    endloop
  endfacet
  facet normal -0.755394 -0.65527 0
    outer loop
      vertex 73.3926 43.4803 0.0182838
      vertex 73.9358 42.8541 0
      vertex 73.9358 42.8541 0.0182838
    endloop
  endfacet
  facet normal -0.590014 -0.807393 -0
    outer loop
      vertex 73.9358 42.8541 0.0182838
      vertex 73.9358 42.8541 0
      vertex 74.6051 42.365 0
    endloop
  endfacet
  facet normal -0.590014 -0.807393 0
    outer loop
      vertex 73.9358 42.8541 0.0182838
      vertex 74.6051 42.365 0
      vertex 74.6051 42.365 0.0182838
    endloop
  endfacet
  facet normal -0.394487 -0.918901 -0
    outer loop
      vertex 74.6051 42.365 0.0182838
      vertex 74.6051 42.365 0
      vertex 75.3668 42.038 0
    endloop
  endfacet
  facet normal -0.394487 -0.918901 0
    outer loop
      vertex 74.6051 42.365 0.0182838
      vertex 75.3668 42.038 0
      vertex 75.3668 42.038 0.0182838
    endloop
  endfacet
  facet normal -0.179246 -0.983804 -0
    outer loop
      vertex 75.3668 42.038 0.0182838
      vertex 75.3668 42.038 0
      vertex 76.1824 41.8894 0
    endloop
  endfacet
  facet normal -0.179246 -0.983804 0
    outer loop
      vertex 75.3668 42.038 0.0182838
      vertex 76.1824 41.8894 0
      vertex 76.1824 41.8894 0.0182838
    endloop
  endfacet
  facet normal 0.045238 -0.998976 0
    outer loop
      vertex 76.1824 41.8894 0.0182838
      vertex 76.1824 41.8894 0
      vertex 77.0105 41.9269 0.0182838
    endloop
  endfacet
  facet normal 0.045238 -0.998976 0
    outer loop
      vertex 77.0105 41.9269 0.0182838
      vertex 76.1824 41.8894 0
      vertex 77.0105 41.9269 0
    endloop
  endfacet
  facet normal 0.267432 -0.963577 0
    outer loop
      vertex 77.0105 41.9269 0.0182838
      vertex 77.0105 41.9269 0
      vertex 77.8093 42.1486 0.0182838
    endloop
  endfacet
  facet normal 0.267432 -0.963577 0
    outer loop
      vertex 77.8093 42.1486 0.0182838
      vertex 77.0105 41.9269 0
      vertex 77.8093 42.1486 0
    endloop
  endfacet
  facet normal 0.475933 -0.879481 0
    outer loop
      vertex 77.8093 42.1486 0.0182838
      vertex 77.8093 42.1486 0
      vertex 78.5383 42.5431 0.0182838
    endloop
  endfacet
  facet normal 0.475933 -0.879481 0
    outer loop
      vertex 78.5383 42.5431 0.0182838
      vertex 77.8093 42.1486 0
      vertex 78.5383 42.5431 0
    endloop
  endfacet
  facet normal 0.660552 -0.750781 0
    outer loop
      vertex 78.5383 42.5431 0.0182838
      vertex 78.5383 42.5431 0
      vertex 79.1607 43.0907 0.0182838
    endloop
  endfacet
  facet normal 0.660552 -0.750781 0
    outer loop
      vertex 79.1607 43.0907 0.0182838
      vertex 78.5383 42.5431 0
      vertex 79.1607 43.0907 0
    endloop
  endfacet
  facet normal 0.811543 -0.584292 0
    outer loop
      vertex 79.1607 43.0907 0.0182838
      vertex 79.1607 43.0907 0
      vertex 79.6451 43.7635 0.0182838
    endloop
  endfacet
  facet normal 0.811543 -0.584292 0
    outer loop
      vertex 79.6451 43.7635 0.0182838
      vertex 79.1607 43.0907 0
      vertex 79.6451 43.7635 0
    endloop
  endfacet
  facet normal 0 -0 -1
    outer loop
      vertex 79.6451 43.7635 0.0182838
      vertex 80.1774 43.3129 0.0182838
      vertex 79.1607 43.0907 0.0182838
    endloop
  endfacet
  facet normal 0 0 -1
    outer loop
      vertex 79.1607 43.0907 0.0182838
      vertex 80.1774 43.3129 0.0182838
      vertex 80.624 42.7325 0.0182838
    endloop
  endfacet
  facet normal 0 -0 -1
    outer loop
      vertex 79.1607 43.0907 0.0182838
      vertex 80.624 42.7325 0.0182838
      vertex 78.5383 42.5431 0.0182838
    endloop
  endfacet
  facet normal 0 0 -1
    outer loop
      vertex 78.5383 42.5431 0.0182838
      vertex 80.624 42.7325 0.0182838
      vertex 80.9696 42.0513 0.0182838
    endloop
  endfacet
  facet normal 1.10538e-06 5.46463e-06 -1
    outer loop
      vertex 78.5383 42.5431 0.0182838
      vertex 80.9696 42.0513 0.0182838
      vertex 81.1976 41.3098 0.01828
    endloop
  endfacet
  facet normal -1.52206e-06 -2.00768e-07 -1
    outer loop
      vertex 81.1976 41.3098 0.01828
      vertex 81.2974 40.5532 0.01828
      vertex 78.5383 42.5431 0.0182838
    endloop
  endfacet
  facet normal -1.34244e-06 4.82799e-08 -1
    outer loop
      vertex 78.5383 42.5431 0.0182838
      vertex 81.2974 40.5532 0.01828
      vertex 81.2712 39.8247 0.01828
    endloop
  endfacet
  facet normal -4.89927e-07 9.05341e-07 -1
    outer loop
      vertex 78.5383 42.5431 0.0182838
      vertex 81.2712 39.8247 0.01828
      vertex 77.8093 42.1486 0.0182838
    endloop
  endfacet
  facet normal 2.41841e-06 5.23788e-06 -1
    outer loop
      vertex 77.8093 42.1486 0.0182838
      vertex 81.2712 39.8247 0.01828
      vertex 81.1415 39.1591 0.0182762
    endloop
  endfacet
  facet normal -1.76193e-06 5.78319e-07 -1
    outer loop
      vertex 77.8093 42.1486 0.0182838
      vertex 81.1415 39.1591 0.0182762
      vertex 80.9507 38.5778 0.0182762
    endloop
  endfacet
  facet normal -1.65409e-06 6.7319e-07 -1
    outer loop
      vertex 80.9507 38.5778 0.0182762
      vertex 80.7514 38.0881 0.0182762
      vertex 77.8093 42.1486 0.0182838
    endloop
  endfacet
  facet normal -1.68593e-06 6.50126e-07 -1
    outer loop
      vertex 77.8093 42.1486 0.0182838
      vertex 80.7514 38.0881 0.0182762
      vertex 80.5948 37.682 0.0182762
    endloop
  endfacet
  facet normal -4.02565e-07 1.45047e-06 -1
    outer loop
      vertex 77.8093 42.1486 0.0182838
      vertex 80.5948 37.682 0.0182762
      vertex 77.0105 41.9269 0.0182838
    endloop
  endfacet
  facet normal 8.61731e-06 9.06665e-06 -1
    outer loop
      vertex 77.0105 41.9269 0.0182838
      vertex 80.5948 37.682 0.0182762
      vertex 80.5185 37.3354 0.0182724
    endloop
  endfacet
  facet normal -1.08674e-07 2.39982e-06 -1
    outer loop
      vertex 77.0105 41.9269 0.0182838
      vertex 80.5185 37.3354 0.0182724
      vertex 76.1824 41.8894 0.0182838
    endloop
  endfacet
  facet normal -2.58736e-06 3.97322e-08 -1
    outer loop
      vertex 76.1824 41.8894 0.0182838
      vertex 80.5185 37.3354 0.0182724
      vertex 80.516 37.1726 0.0182724
    endloop
  endfacet
  facet normal -3.06111e-06 -3.95526e-07 -1
    outer loop
      vertex 76.1824 41.8894 0.0182838
      vertex 80.516 37.1726 0.0182724
      vertex 80.5371 37.0093 0.0182724
    endloop
  endfacet
  facet normal 1.86497e-06 5.5471e-07 -1
    outer loop
      vertex 80.6415 36.6583 0.0182724
      vertex 76.4874 30.0734 0.018261
      vertex 80.5371 37.0093 0.0182724
    endloop
  endfacet
  facet normal 4.48474e-08 1.61744e-06 -1
    outer loop
      vertex 80.5371 37.0093 0.0182724
      vertex 76.4874 30.0734 0.018261
      vertex 75.5497 30.0994 0.018261
    endloop
  endfacet
  facet normal 2.20399e-07 1.49073e-06 -1
    outer loop
      vertex 80.5371 37.0093 0.0182724
      vertex 75.5497 30.0994 0.018261
      vertex 74.6048 30.2391 0.018261
    endloop
  endfacet
  facet normal 2.35339e-06 9.2673e-07 -1
    outer loop
      vertex 80.805 36.2431 0.0182724
      vertex 78.2635 30.3958 0.018261
      vertex 80.6415 36.6583 0.0182724
    endloop
  endfacet
  facet normal -5.25668e-07 2.01997e-06 -1
    outer loop
      vertex 80.6415 36.6583 0.0182724
      vertex 78.2635 30.3958 0.018261
      vertex 77.3989 30.1708 0.018261
    endloop
  endfacet
  facet normal -1.98366e-07 1.85637e-06 -1
    outer loop
      vertex 80.6415 36.6583 0.0182724
      vertex 77.3989 30.1708 0.018261
      vertex 76.4874 30.0734 0.018261
    endloop
  endfacet
  facet normal -1.06064e-06 2.41062e-06 -1
    outer loop
      vertex 78.2635 30.3958 0.018261
      vertex 80.805 36.2431 0.0182724
      vertex 79.0583 30.7455 0.018261
    endloop
  endfacet
  facet normal 3.02105e-06 1.11378e-06 -1
    outer loop
      vertex 79.0583 30.7455 0.018261
      vertex 80.805 36.2431 0.0182724
      vertex 80.9893 35.7432 0.0182724
    endloop
  endfacet
  facet normal 5.26178e-06 2.48017e-07 -1
    outer loop
      vertex 79.0583 30.7455 0.018261
      vertex 80.9893 35.7432 0.0182724
      vertex 79.7586 31.2099 0.0182648
    endloop
  endfacet
  facet normal -8.81907e-06 4.07068e-06 -1
    outer loop
      vertex 79.7586 31.2099 0.0182648
      vertex 80.9893 35.7432 0.0182724
      vertex 81.1503 35.1585 0.0182686
    endloop
  endfacet
  facet normal 1.94124e-06 2.78168e-07 -1
    outer loop
      vertex 79.7586 31.2099 0.0182648
      vertex 81.1503 35.1585 0.0182686
      vertex 81.244 34.5046 0.0182686
    endloop
  endfacet
  facet normal 2.66867e-06 -4.97886e-08 -1
    outer loop
      vertex 81.244 34.5046 0.0182686
      vertex 81.231 33.8078 0.0182686
      vertex 79.7586 31.2099 0.0182648
    endloop
  endfacet
  facet normal -3.12257e-06 3.23249e-06 -1
    outer loop
      vertex 79.7586 31.2099 0.0182648
      vertex 81.231 33.8078 0.0182686
      vertex 80.3409 31.7724 0.0182648
    endloop
  endfacet
  facet normal -7.18068e-06 5.00713e-06 -1
    outer loop
      vertex 80.3409 31.7724 0.0182648
      vertex 81.231 33.8078 0.0182686
      vertex 80.7862 32.411 0.0182648
    endloop
  endfacet
  facet normal 2.48401e-05 -5.18963e-06 -1
    outer loop
      vertex 80.7862 32.411 0.0182648
      vertex 81.231 33.8078 0.0182686
      vertex 81.083 33.0994 0.0182686
    endloop
  endfacet
  facet normal 3.52738e-07 1.37477e-06 -1
    outer loop
      vertex 74.6048 30.2391 0.018261
      vertex 73.6702 30.4789 0.018261
      vertex 80.5371 37.0093 0.0182724
    endloop
  endfacet
  facet normal -3.03692e-07 2.06502e-06 -1
    outer loop
      vertex 80.5371 37.0093 0.0182724
      vertex 73.6702 30.4789 0.018261
      vertex 76.1824 41.8894 0.0182838
    endloop
  endfacet
  facet normal 3.50019e-07 1.9211e-06 -1
    outer loop
      vertex 76.1824 41.8894 0.0182838
      vertex 73.6702 30.4789 0.018261
      vertex 75.3668 42.038 0.0182838
    endloop
  endfacet
  facet normal 6.67613e-07 1.87448e-06 -1
    outer loop
      vertex 75.3668 42.038 0.0182838
      vertex 73.6702 30.4789 0.018261
      vertex 72.7633 30.8019 0.018261
    endloop
  endfacet
  facet normal 3.32204e-07 1.9522e-06 -1
    outer loop
      vertex 75.3668 42.038 0.0182838
      vertex 72.7633 30.8019 0.018261
      vertex 69.1943 37.2488 0.0182724
    endloop
  endfacet
  facet normal -4.81174e-06 -8.95482e-07 -1
    outer loop
      vertex 69.1943 37.2488 0.0182724
      vertex 72.7633 30.8019 0.018261
      vertex 71.9013 31.1902 0.0182648
    endloop
  endfacet
  facet normal -2.01297e-06 3.55015e-07 -1
    outer loop
      vertex 69.1943 37.2488 0.0182724
      vertex 71.9013 31.1902 0.0182648
      vertex 69.1164 36.8071 0.0182724
    endloop
  endfacet
  facet normal 1.00884e-06 1.85325e-06 -1
    outer loop
      vertex 69.1164 36.8071 0.0182724
      vertex 71.9013 31.1902 0.0182648
      vertex 71.1022 31.6252 0.0182648
    endloop
  endfacet
  facet normal 1.26358e-06 1.95087e-06 -1
    outer loop
      vertex 69.1164 36.8071 0.0182724
      vertex 71.1022 31.6252 0.0182648
      vertex 70.3852 32.0896 0.0182648
    endloop
  endfacet
  facet normal 1.58117e-06 2.03629e-06 -1
    outer loop
      vertex 70.3852 32.0896 0.0182648
      vertex 69.7691 32.568 0.0182648
      vertex 69.1164 36.8071 0.0182724
    endloop
  endfacet
  facet normal 2.02284e-06 2.10429e-06 -1
    outer loop
      vertex 69.1164 36.8071 0.0182724
      vertex 69.7691 32.568 0.0182648
      vertex 69.2705 33.0473 0.0182648
    endloop
  endfacet
  facet normal 9.98612e-07 2.06231e-06 -1
    outer loop
      vertex 69.1164 36.8071 0.0182724
      vertex 69.2705 33.0473 0.0182648
      vertex 68.6057 35.2118 0.0182686
    endloop
  endfacet
  facet normal -1.31749e-05 -2.29092e-06 -1
    outer loop
      vertex 68.6057 35.2118 0.0182686
      vertex 69.2705 33.0473 0.0182648
      vertex 68.9004 33.517 0.0182686
    endloop
  endfacet
  facet normal 0 -0 -1
    outer loop
      vertex 68.6057 35.2118 0.0182686
      vertex 68.9004 33.517 0.0182686
      vertex 68.5377 34.8154 0.0182686
    endloop
  endfacet
  facet normal 0 0 -1
    outer loop
      vertex 68.5377 34.8154 0.0182686
      vertex 68.9004 33.517 0.0182686
      vertex 68.6619 33.97 0.0182686
    endloop
  endfacet
  facet normal 0 0 -1
    outer loop
      vertex 68.5377 34.8154 0.0182686
      vertex 68.6619 33.97 0.0182686
      vertex 68.5474 34.4027 0.0182686
    endloop
  endfacet
  facet normal -4.73306e-06 8.4805e-06 -1
    outer loop
      vertex 69.1943 37.2488 0.0182724
      vertex 69.2126 37.7071 0.0182762
      vertex 75.3668 42.038 0.0182838
    endloop
  endfacet
  facet normal 4.67911e-07 1.08993e-06 -1
    outer loop
      vertex 75.3668 42.038 0.0182838
      vertex 69.2126 37.7071 0.0182762
      vertex 74.6051 42.365 0.0182838
    endloop
  endfacet
  facet normal 1.27735e-06 1.52832e-07 -1
    outer loop
      vertex 74.6051 42.365 0.0182838
      vertex 69.2126 37.7071 0.0182762
      vertex 69.157 38.1718 0.0182762
    endloop
  endfacet
  facet normal 6.79408e-07 9.29724e-07 -1
    outer loop
      vertex 74.6051 42.365 0.0182838
      vertex 69.157 38.1718 0.0182762
      vertex 73.9358 42.8541 0.0182838
    endloop
  endfacet
  facet normal 1.24755e-06 3.49876e-07 -1
    outer loop
      vertex 73.9358 42.8541 0.0182838
      vertex 69.157 38.1718 0.0182762
      vertex 69.0276 38.6332 0.0182762
    endloop
  endfacet
  facet normal -5.31978e-08 1.86242e-06 -1
    outer loop
      vertex 73.9358 42.8541 0.0182838
      vertex 69.0276 38.6332 0.0182762
      vertex 70.2283 42.7482 0.0182838
    endloop
  endfacet
  facet normal -1.96156e-06 2.41926e-06 -1
    outer loop
      vertex 70.2283 42.7482 0.0182838
      vertex 69.0276 38.6332 0.0182762
      vertex 69.7399 42.3522 0.0182838
    endloop
  endfacet
  facet normal -2.44437e-06 2.51173e-06 -1
    outer loop
      vertex 69.7399 42.3522 0.0182838
      vertex 69.0276 38.6332 0.0182762
      vertex 69.285 41.9095 0.0182838
    endloop
  endfacet
  facet normal 4.82358e-06 1.94073e-06 -1
    outer loop
      vertex 69.285 41.9095 0.0182838
      vertex 69.0276 38.6332 0.0182762
      vertex 68.6634 39.5384 0.0182762
    endloop
  endfacet
  facet normal 8.93561e-06 8.62732e-07 -1
    outer loop
      vertex 69.285 41.9095 0.0182838
      vertex 68.6634 39.5384 0.0182762
      vertex 68.9055 41.4355 0.01828
    endloop
  endfacet
  facet normal -1.54924e-05 3.98013e-06 -1
    outer loop
      vertex 68.9055 41.4355 0.01828
      vertex 68.6634 39.5384 0.0182762
      vertex 68.5355 39.9953 0.01828
    endloop
  endfacet
  facet normal 0 0 -1
    outer loop
      vertex 68.9055 41.4355 0.01828
      vertex 68.5355 39.9953 0.01828
      vertex 68.5101 40.2284 0.01828
    endloop
  endfacet
  facet normal 0 0 -1
    outer loop
      vertex 68.5101 40.2284 0.01828
      vertex 68.5176 40.4653 0.01828
      vertex 68.9055 41.4355 0.01828
    endloop
  endfacet
  facet normal 0 0 -1
    outer loop
      vertex 68.9055 41.4355 0.01828
      vertex 68.5176 40.4653 0.01828
      vertex 68.5609 40.7056 0.01828
    endloop
  endfacet
  facet normal 0 0 -1
    outer loop
      vertex 68.9055 41.4355 0.01828
      vertex 68.5609 40.7056 0.01828
      vertex 68.6411 40.9486 0.01828
    endloop
  endfacet
  facet normal 0 0 -1
    outer loop
      vertex 70.2283 42.7482 0.0182838
      vertex 70.717 43.0893 0.0182838
      vertex 73.9358 42.8541 0.0182838
    endloop
  endfacet
  facet normal 0 0 -1
    outer loop
      vertex 73.9358 42.8541 0.0182838
      vertex 70.717 43.0893 0.0182838
      vertex 71.185 43.376 0.0182838
    endloop
  endfacet
  facet normal 0 0 -1
    outer loop
      vertex 73.9358 42.8541 0.0182838
      vertex 71.185 43.376 0.0182838
      vertex 71.6216 43.6138 0.0182838
    endloop
  endfacet
  facet normal 0 0 -1
    outer loop
      vertex 73.9358 42.8541 0.0182838
      vertex 71.6216 43.6138 0.0182838
      vertex 73.3926 43.4803 0.0182838
    endloop
  endfacet
  facet normal 7.03748e-07 9.33586e-06 -1
    outer loop
      vertex 73.3926 43.4803 0.0182838
      vertex 71.6216 43.6138 0.0182838
      vertex 72.3863 43.9739 0.0182877
    endloop
  endfacet
  facet normal -1.70745e-06 4.42017e-06 -1
    outer loop
      vertex 73.3926 43.4803 0.0182838
      vertex 72.3863 43.9739 0.0182877
      vertex 73.0032 44.2122 0.0182877
    endloop
  endfacet
  facet normal 0.999641 0.0268008 -0
    outer loop
      vertex 81.3465 37.1702 0
      vertex 81.3368 37.532 0
      vertex 81.3465 37.1702 0.0182724
    endloop
  endfacet
  facet normal 0.995379 0.0219654 -0.0934792
    outer loop
      vertex 81.3465 37.1702 0.0182724
      vertex 81.3368 37.532 0
      vertex 81.338 37.5554 0.0182762
    endloop
  endfacet
  facet normal 0.987739 -0.124362 0.0943727
    outer loop
      vertex 81.338 37.5554 0.0182762
      vertex 81.3368 37.532 0
      vertex 81.382 37.891 0
    endloop
  endfacet
  facet normal 0.974745 -0.137385 -0.176061
    outer loop
      vertex 81.338 37.5554 0.0182762
      vertex 81.382 37.891 0
      vertex 81.3917 37.9364 0.0182762
    endloop
  endfacet
  facet normal 0.949892 -0.267828 0.161162
    outer loop
      vertex 81.3917 37.9364 0.0182762
      vertex 81.382 37.891 0
      vertex 81.4806 38.2407 0
    endloop
  endfacet
  facet normal 0.925195 -0.28532 -0.250215
    outer loop
      vertex 81.3917 37.9364 0.0182762
      vertex 81.4806 38.2407 0
      vertex 81.5075 38.3119 0.0182762
    endloop
  endfacet
  facet normal 0.895538 -0.392269 0.210088
    outer loop
      vertex 81.5075 38.3119 0.0182762
      vertex 81.4806 38.2407 0
      vertex 81.6262 38.5731 0
    endloop
  endfacet
  facet normal 0.857219 -0.411241 -0.30993
    outer loop
      vertex 81.5075 38.3119 0.0182762
      vertex 81.6262 38.5731 0
      vertex 81.6839 38.6796 0.0182762
    endloop
  endfacet
  facet normal 0.715038 -0.475361 0.512594
    outer loop
      vertex 81.6839 38.6796 0.0182762
      vertex 81.6262 38.5731 0
      vertex 82.031 39.182 0
    endloop
  endfacet
  facet normal 0.543218 -0.402112 -0.737035
    outer loop
      vertex 81.6839 38.6796 0.0182762
      vertex 82.031 39.182 0
      vertex 82.194 39.3687 0.0182762
    endloop
  endfacet
  facet normal 0.577527 -0.562164 0.591975
    outer loop
      vertex 82.194 39.3687 0.0182762
      vertex 82.031 39.182 0
      vertex 82.5323 39.697 0
    endloop
  endfacet
  facet normal 0.440461 -0.495552 -0.748614
    outer loop
      vertex 82.194 39.3687 0.0182762
      vertex 82.5323 39.697 0
      vertex 82.8371 39.9403 0.01828
    endloop
  endfacet
  facet normal 0.475009 -0.640423 0.603511
    outer loop
      vertex 82.8371 39.9403 0.01828
      vertex 82.5323 39.697 0
      vertex 83.0933 40.1131 0
    endloop
  endfacet
  facet normal 0.3586 -0.606722 -0.709432
    outer loop
      vertex 82.8371 39.9403 0.01828
      vertex 83.0933 40.1131 0
      vertex 83.5115 40.3389 0.01828
    endloop
  endfacet
  facet normal 0.326472 -0.659471 0.677137
    outer loop
      vertex 83.5115 40.3389 0.01828
      vertex 83.0933 40.1131 0
      vertex 83.7601 40.4432 0
    endloop
  endfacet
  facet normal 0.25701 -0.724649 -0.639398
    outer loop
      vertex 83.5115 40.3389 0.01828
      vertex 83.7601 40.4432 0
      vertex 84.1552 40.5672 0.01828
    endloop
  endfacet
  facet normal 0.164516 -0.635415 0.754442
    outer loop
      vertex 84.1552 40.5672 0.01828
      vertex 83.7601 40.4432 0
      vertex 84.526 40.6415 0
    endloop
  endfacet
  facet normal 0.140778 -0.83387 -0.533706
    outer loop
      vertex 84.1552 40.5672 0.01828
      vertex 84.526 40.6415 0
      vertex 84.7499 40.6676 0.01828
    endloop
  endfacet
  facet normal 0.0273756 -0.720296 0.693126
    outer loop
      vertex 84.7499 40.6676 0.01828
      vertex 84.526 40.6415 0
      vertex 85.2943 40.6707 0
    endloop
  endfacet
  facet normal 0.00569425 -0.999984 0
    outer loop
      vertex 84.7499 40.6676 0.01828
      vertex 85.2943 40.6707 0
      vertex 85.2943 40.6707 0.01828
    endloop
  endfacet
  facet normal -0.992004 0.126205 0
    outer loop
      vertex 85.2943 40.6707 0
      vertex 85.2485 40.3107 0
      vertex 85.2943 40.6707 0.01828
    endloop
  endfacet
  facet normal -0.99142 0.127576 -0.028472
    outer loop
      vertex 85.2943 40.6707 0.01828
      vertex 85.2485 40.3107 0
      vertex 85.2471 40.3039 0.01828
    endloop
  endfacet
  facet normal -0.969077 0.246146 0.017346
    outer loop
      vertex 85.2471 40.3039 0.01828
      vertex 85.2485 40.3107 0
      vertex 85.1485 39.917 0
    endloop
  endfacet
  facet normal -0.918771 0.248634 -0.306659
    outer loop
      vertex 85.2471 40.3039 0.01828
      vertex 85.1485 39.917 0
      vertex 85.1096 39.7958 0.01828
    endloop
  endfacet
  facet normal -0.819399 0.333328 0.466345
    outer loop
      vertex 85.1096 39.7958 0.01828
      vertex 85.1485 39.917 0
      vertex 84.86 39.2078 0
    endloop
  endfacet
  facet normal -0.90815 0.390215 -0.151643
    outer loop
      vertex 85.1096 39.7958 0.01828
      vertex 84.86 39.2078 0
      vertex 84.8438 39.1772 0.0182762
    endloop
  endfacet
  facet normal -0.82986 0.53466 0.159599
    outer loop
      vertex 84.8438 39.1772 0.0182762
      vertex 84.86 39.2078 0
      vertex 84.4744 38.6093 0
    endloop
  endfacet
  facet normal -0.725781 0.48771 -0.485162
    outer loop
      vertex 84.8438 39.1772 0.0182762
      vertex 84.4744 38.6093 0
      vertex 84.4011 38.5184 0.0182762
    endloop
  endfacet
  facet normal -0.685227 0.627047 0.370507
    outer loop
      vertex 84.4011 38.5184 0.0182762
      vertex 84.4744 38.6093 0
      vertex 84.0476 38.1429 0
    endloop
  endfacet
  facet normal -0.441491 0.453313 -0.774334
    outer loop
      vertex 84.4011 38.5184 0.0182762
      vertex 84.0476 38.1429 0
      vertex 83.7799 37.9134 0.0182762
    endloop
  endfacet
  facet normal -0.563435 0.693032 0.449719
    outer loop
      vertex 83.7799 37.9134 0.0182762
      vertex 84.0476 38.1429 0
      vertex 83.6107 37.7877 0
    endloop
  endfacet
  facet normal -0.418222 0.654527 -0.629828
    outer loop
      vertex 83.7799 37.9134 0.0182762
      vertex 83.6107 37.7877 0
      vertex 83.3315 37.6093 0
    endloop
  endfacet
  facet normal -0.308481 0.503368 -0.80713
    outer loop
      vertex 83.7799 37.9134 0.0182762
      vertex 83.3315 37.6093 0
      vertex 83.0319 37.455 0.0182762
    endloop
  endfacet
  facet normal -0.451634 0.887621 0.090304
    outer loop
      vertex 83.0319 37.455 0.0182762
      vertex 83.3315 37.6093 0
      vertex 82.9968 37.439 0
    endloop
  endfacet
  facet normal -0.353402 0.926105 -0.132044
    outer loop
      vertex 83.0319 37.455 0.0182762
      vertex 82.9968 37.439 0
      vertex 82.6286 37.3011 0.0182724
    endloop
  endfacet
  facet normal -0.346882 0.935356 0.0691513
    outer loop
      vertex 82.6286 37.3011 0.0182724
      vertex 82.9968 37.439 0
      vertex 82.6077 37.2947 0
    endloop
  endfacet
  facet normal -0.230529 0.970085 -0.0760976
    outer loop
      vertex 82.6286 37.3011 0.0182724
      vertex 82.6077 37.2947 0
      vertex 82.212 37.2021 0.0182724
    endloop
  endfacet
  facet normal -0.224472 0.972242 0.0660078
    outer loop
      vertex 82.212 37.2021 0.0182724
      vertex 82.6077 37.2947 0
      vertex 82.1932 37.199 0
    endloop
  endfacet
  facet normal -0.100974 0.992793 -0.0645428
    outer loop
      vertex 82.212 37.2021 0.0182724
      vertex 82.1932 37.199 0
      vertex 81.7843 37.1586 0.0182724
    endloop
  endfacet
  facet normal -0.0193092 0.567678 0.823025
    outer loop
      vertex 81.7843 37.1586 0.0182724
      vertex 82.1932 37.199 0
      vertex 81.3465 37.1702 0
    endloop
  endfacet
  facet normal 0.0264868 0.999649 0
    outer loop
      vertex 81.7843 37.1586 0.0182724
      vertex 81.3465 37.1702 0
      vertex 81.3465 37.1702 0.0182724
    endloop
  endfacet
  facet normal 2.61537e-07 9.87078e-06 -1
    outer loop
      vertex 81.3465 37.1702 0.0182724
      vertex 81.338 37.5554 0.0182762
      vertex 81.7843 37.1586 0.0182724
    endloop
  endfacet
  facet normal -7.5663e-06 1.06643e-06 -1
    outer loop
      vertex 81.7843 37.1586 0.0182724
      vertex 81.338 37.5554 0.0182762
      vertex 81.3917 37.9364 0.0182762
    endloop
  endfacet
  facet normal -4.72633e-07 4.64701e-06 -1
    outer loop
      vertex 81.7843 37.1586 0.0182724
      vertex 81.3917 37.9364 0.0182762
      vertex 82.212 37.2021 0.0182724
    endloop
  endfacet
  facet normal -3.63028e-06 1.11954e-06 -1
    outer loop
      vertex 82.212 37.2021 0.0182724
      vertex 81.3917 37.9364 0.0182762
      vertex 81.5075 38.3119 0.0182762
    endloop
  endfacet
  facet normal -7.07026e-07 2.97522e-06 -1
    outer loop
      vertex 82.212 37.2021 0.0182724
      vertex 81.5075 38.3119 0.0182762
      vertex 82.6286 37.3011 0.0182724
    endloop
  endfacet
  facet normal -2.3661e-06 1.13511e-06 -1
    outer loop
      vertex 82.6286 37.3011 0.0182724
      vertex 81.5075 38.3119 0.0182762
      vertex 81.6839 38.6796 0.0182762
    endloop
  endfacet
  facet normal 6.63514e-06 7.30375e-06 -1
    outer loop
      vertex 82.6286 37.3011 0.0182724
      vertex 81.6839 38.6796 0.0182762
      vertex 83.0319 37.455 0.0182762
    endloop
  endfacet
  facet normal 0 0 -1
    outer loop
      vertex 83.0319 37.455 0.0182762
      vertex 81.6839 38.6796 0.0182762
      vertex 83.7799 37.9134 0.0182762
    endloop
  endfacet
  facet normal 0 0 -1
    outer loop
      vertex 83.7799 37.9134 0.0182762
      vertex 81.6839 38.6796 0.0182762
      vertex 82.194 39.3687 0.0182762
    endloop
  endfacet
  facet normal 0 0 -1
    outer loop
      vertex 83.7799 37.9134 0.0182762
      vertex 82.194 39.3687 0.0182762
      vertex 84.4011 38.5184 0.0182762
    endloop
  endfacet
  facet normal 1.78673e-06 4.63777e-06 -1
    outer loop
      vertex 84.4011 38.5184 0.0182762
      vertex 82.194 39.3687 0.0182762
      vertex 82.8371 39.9403 0.01828
    endloop
  endfacet
  facet normal -9.57241e-07 1.61958e-06 -1
    outer loop
      vertex 84.4011 38.5184 0.0182762
      vertex 82.8371 39.9403 0.01828
      vertex 83.5115 40.3389 0.01828
    endloop
  endfacet
  facet normal -1.79844e-06 1.20852e-06 -1
    outer loop
      vertex 84.4011 38.5184 0.0182762
      vertex 83.5115 40.3389 0.01828
      vertex 84.8438 39.1772 0.0182762
    endloop
  endfacet
  facet normal -8.24697e-07 2.32526e-06 -1
    outer loop
      vertex 84.8438 39.1772 0.0182762
      vertex 83.5115 40.3389 0.01828
      vertex 84.1552 40.5672 0.01828
    endloop
  endfacet
  facet normal 3.6852e-06 4.55945e-06 -1
    outer loop
      vertex 84.8438 39.1772 0.0182762
      vertex 84.1552 40.5672 0.01828
      vertex 85.1096 39.7958 0.01828
    endloop
  endfacet
  facet normal 0 0 -1
    outer loop
      vertex 85.1096 39.7958 0.01828
      vertex 84.1552 40.5672 0.01828
      vertex 84.7499 40.6676 0.01828
    endloop
  endfacet
  facet normal 0 0 -1
    outer loop
      vertex 85.1096 39.7958 0.01828
      vertex 84.7499 40.6676 0.01828
      vertex 85.2471 40.3039 0.01828
    endloop
  endfacet
  facet normal 0 0 -1
    outer loop
      vertex 85.2471 40.3039 0.01828
      vertex 84.7499 40.6676 0.01828
      vertex 85.2943 40.6707 0.01828
    endloop
  endfacet
  facet normal -0.0651153 -0.992925 -0.0992925
    outer loop
      vertex 137.031 73.28 8.7956
      vertex 137.031 73.3054 8.5416
      vertex 138.533 73.1815 8.7956
    endloop
  endfacet
  facet normal -0.0650728 -0.992904 -0.0995334
    outer loop
      vertex 138.533 73.1815 8.7956
      vertex 137.031 73.3054 8.5416
      vertex 138.537 73.2067 8.5416
    endloop
  endfacet
  facet normal -0.194118 -0.975881 -0.0998766
    outer loop
      vertex 138.533 73.1815 8.7956
      vertex 138.537 73.2067 8.5416
      vertex 140.009 72.8879 8.7956
    endloop
  endfacet
  facet normal -0.194191 -0.975906 -0.0994844
    outer loop
      vertex 140.009 72.8879 8.7956
      vertex 138.537 73.2067 8.5416
      vertex 140.016 72.9124 8.5416
    endloop
  endfacet
  facet normal -0.319683 -0.942265 -0.0996979
    outer loop
      vertex 140.009 72.8879 8.7956
      vertex 140.016 72.9124 8.5416
      vertex 141.435 72.4041 8.7956
    endloop
  endfacet
  facet normal -0.319911 -0.942312 -0.0985178
    outer loop
      vertex 141.435 72.4041 8.7956
      vertex 140.016 72.9124 8.5416
      vertex 141.444 72.4276 8.5416
    endloop
  endfacet
  facet normal -0.44039 -0.892423 -0.0981711
    outer loop
      vertex 141.435 72.4041 8.7956
      vertex 141.444 72.4276 8.5416
      vertex 142.784 71.7384 8.7956
    endloop
  endfacet
  facet normal -0.440066 -0.8924 -0.0998176
    outer loop
      vertex 142.784 71.7384 8.7956
      vertex 141.444 72.4276 8.5416
      vertex 142.797 71.7604 8.5416
    endloop
  endfacet
  facet normal -0.552624 -0.827416 -0.0999498
    outer loop
      vertex 142.784 71.7384 8.7956
      vertex 142.797 71.7604 8.5416
      vertex 144.036 70.9022 8.7956
    endloop
  endfacet
  facet normal -0.552919 -0.827398 -0.0984536
    outer loop
      vertex 144.036 70.9022 8.7956
      vertex 142.797 71.7604 8.5416
      vertex 144.051 70.9224 8.5416
    endloop
  endfacet
  facet normal -0.656321 -0.748058 -0.0982503
    outer loop
      vertex 144.036 70.9022 8.7956
      vertex 144.051 70.9224 8.5416
      vertex 145.167 69.9099 8.79559
    endloop
  endfacet
  facet normal -0.656133 -0.748094 -0.0992177
    outer loop
      vertex 145.167 69.9099 8.79559
      vertex 144.051 70.9224 8.5416
      vertex 145.185 69.9278 8.54159
    endloop
  endfacet
  facet normal -0.747926 -0.656319 -0.0992551
    outer loop
      vertex 145.167 69.9099 8.79559
      vertex 145.185 69.9278 8.54159
      vertex 146.16 68.7783 8.79559
    endloop
  endfacet
  facet normal -0.748032 -0.656284 -0.0986906
    outer loop
      vertex 146.16 68.7783 8.79559
      vertex 145.185 69.9278 8.54159
      vertex 146.18 68.7937 8.54159
    endloop
  endfacet
  facet normal -0.827461 -0.552787 -0.0986698
    outer loop
      vertex 146.16 68.7783 8.79559
      vertex 146.18 68.7937 8.54159
      vertex 146.996 67.5269 8.79559
    endloop
  endfacet
  facet normal -0.827349 -0.552841 -0.0993022
    outer loop
      vertex 146.996 67.5269 8.79559
      vertex 146.18 68.7937 8.54159
      vertex 147.018 67.5396 8.54159
    endloop
  endfacet
  facet normal -0.89236 -0.440264 -0.0993042
    outer loop
      vertex 146.996 67.5269 8.79559
      vertex 147.018 67.5396 8.54159
      vertex 147.662 66.177 8.79559
    endloop
  endfacet
  facet normal -0.892634 -0.440082 -0.0976353
    outer loop
      vertex 147.662 66.177 8.79559
      vertex 147.018 67.5396 8.54159
      vertex 147.685 66.1867 8.54159
    endloop
  endfacet
  facet normal -0.942371 -0.32003 -0.0975545
    outer loop
      vertex 147.662 66.177 8.79559
      vertex 147.685 66.1867 8.54159
      vertex 148.146 64.7518 8.79558
    endloop
  endfacet
  facet normal -0.942418 -0.319989 -0.0972361
    outer loop
      vertex 148.146 64.7518 8.79558
      vertex 147.685 66.1867 8.54159
      vertex 148.17 64.7583 8.54158
    endloop
  endfacet
  facet normal -0.976221 -0.193763 -0.0971999
    outer loop
      vertex 148.146 64.7518 8.79558
      vertex 148.17 64.7583 8.54158
      vertex 148.439 63.2756 8.79558
    endloop
  endfacet
  facet normal -0.976041 -0.193968 -0.0985871
    outer loop
      vertex 148.439 63.2756 8.79558
      vertex 148.17 64.7583 8.54158
      vertex 148.464 63.2789 8.54158
    endloop
  endfacet
  facet normal -0.992974 -0.0654577 -0.0985841
    outer loop
      vertex 148.439 63.2756 8.79558
      vertex 148.464 63.2789 8.54158
      vertex 148.538 61.7738 8.79558
    endloop
  endfacet
  facet normal -0.993066 -0.0653203 -0.0977427
    outer loop
      vertex 148.538 61.7738 8.79558
      vertex 148.464 63.2789 8.54158
      vertex 148.563 61.7738 8.54158
    endloop
  endfacet
  facet normal 0.992932 -0.0650804 -0.0992541
    outer loop
      vertex 1.84486 61.7738 8.79558
      vertex 1.81947 61.7738 8.54158
      vertex 1.9433 63.2757 8.79558
    endloop
  endfacet
  facet normal 0.992929 -0.0650761 -0.0992784
    outer loop
      vertex 1.9433 63.2757 8.79558
      vertex 1.81947 61.7738 8.54158
      vertex 1.91812 63.279 8.54158
    endloop
  endfacet
  facet normal 0.975937 -0.194143 -0.0992708
    outer loop
      vertex 1.9433 63.2757 8.79558
      vertex 1.91812 63.279 8.54158
      vertex 2.23694 64.7518 8.79558
    endloop
  endfacet
  facet normal 0.975933 -0.194131 -0.0993334
    outer loop
      vertex 2.23694 64.7518 8.79558
      vertex 1.91812 63.279 8.54158
      vertex 2.2124 64.7584 8.54158
    endloop
  endfacet
  facet normal 0.942246 -0.319849 -0.0993453
    outer loop
      vertex 2.23694 64.7518 8.79558
      vertex 2.2124 64.7584 8.54158
      vertex 2.72073 66.177 8.79559
    endloop
  endfacet
  facet normal 0.942245 -0.319844 -0.0993683
    outer loop
      vertex 2.72073 66.177 8.79559
      vertex 2.2124 64.7584 8.54158
      vertex 2.69727 66.1868 8.54159
    endloop
  endfacet
  facet normal 0.892435 -0.440089 -0.0994071
    outer loop
      vertex 2.72073 66.177 8.79559
      vertex 2.69727 66.1868 8.54159
      vertex 3.38641 67.5269 8.79559
    endloop
  endfacet
  facet normal 0.892436 -0.440109 -0.0993031
    outer loop
      vertex 3.38641 67.5269 8.79559
      vertex 2.69727 66.1868 8.54159
      vertex 3.36441 67.5396 8.54159
    endloop
  endfacet
  facet normal 0.827377 -0.552799 -0.0993025
    outer loop
      vertex 3.38641 67.5269 8.79559
      vertex 3.36441 67.5396 8.54159
      vertex 4.22258 68.7784 8.79559
    endloop
  endfacet
  facet normal 0.827375 -0.552834 -0.099122
    outer loop
      vertex 4.22258 68.7784 8.79559
      vertex 3.36441 67.5396 8.54159
      vertex 4.20244 68.7938 8.54159
    endloop
  endfacet
  facet normal 0.748116 -0.656127 -0.0991
    outer loop
      vertex 4.22258 68.7784 8.79559
      vertex 4.20244 68.7938 8.54159
      vertex 5.21495 69.9099 8.79559
    endloop
  endfacet
  facet normal 0.748126 -0.65607 -0.0993922
    outer loop
      vertex 5.21495 69.9099 8.79559
      vertex 4.20244 68.7938 8.54159
      vertex 5.19699 69.9279 8.54159
    endloop
  endfacet
  facet normal 0.656089 -0.748108 -0.0994067
    outer loop
      vertex 5.21495 69.9099 8.79559
      vertex 5.19699 69.9279 8.54159
      vertex 6.34654 70.9023 8.7956
    endloop
  endfacet
  facet normal 0.656092 -0.748099 -0.0994541
    outer loop
      vertex 6.34654 70.9023 8.7956
      vertex 5.19699 69.9279 8.54159
      vertex 6.33107 70.9225 8.5416
    endloop
  endfacet
  facet normal 0.552822 -0.827342 -0.0994664
    outer loop
      vertex 6.34654 70.9023 8.7956
      vertex 6.33107 70.9225 8.5416
      vertex 7.59798 71.7385 8.7956
    endloop
  endfacet
  facet normal 0.55281 -0.827367 -0.099324
    outer loop
      vertex 7.59798 71.7385 8.7956
      vertex 6.33107 70.9225 8.5416
      vertex 7.58527 71.7605 8.5416
    endloop
  endfacet
  facet normal 0.440111 -0.892434 -0.0993203
    outer loop
      vertex 7.59798 71.7385 8.7956
      vertex 7.58527 71.7605 8.5416
      vertex 8.94785 72.4042 8.7956
    endloop
  endfacet
  facet normal 0.440083 -0.892476 -0.0990612
    outer loop
      vertex 8.94785 72.4042 8.7956
      vertex 7.58527 71.7605 8.5416
      vertex 8.93813 72.4276 8.5416
    endloop
  endfacet
  facet normal 0.319875 -0.942268 -0.0990483
    outer loop
      vertex 8.94785 72.4042 8.7956
      vertex 8.93813 72.4276 8.5416
      vertex 10.373 72.888 8.7956
    endloop
  endfacet
  facet normal 0.319878 -0.942265 -0.0990736
    outer loop
      vertex 10.373 72.888 8.7956
      vertex 8.93813 72.4276 8.5416
      vertex 10.3665 72.9125 8.5416
    endloop
  endfacet
  facet normal 0.194108 -0.975961 -0.0991053
    outer loop
      vertex 10.373 72.888 8.7956
      vertex 10.3665 72.9125 8.5416
      vertex 11.8492 73.1816 8.7956
    endloop
  endfacet
  facet normal 0.194144 -0.97593 -0.0993468
    outer loop
      vertex 11.8492 73.1816 8.7956
      vertex 10.3665 72.9125 8.5416
      vertex 11.8459 73.2068 8.5416
    endloop
  endfacet
  facet normal 0.0650534 -0.992923 -0.0993557
    outer loop
      vertex 11.8492 73.1816 8.7956
      vertex 11.8459 73.2068 8.5416
      vertex 13.3511 73.28 8.7956
    endloop
  endfacet
  facet normal 0.0650431 -0.99293 -0.099293
    outer loop
      vertex 13.3511 73.28 8.7956
      vertex 11.8459 73.2068 8.5416
      vertex 13.3511 73.3054 8.5416
    endloop
  endfacet
  facet normal -0.995191 1.82536e-07 -0.0979519
    outer loop
      vertex 148.538 61.7738 8.79558
      vertex 148.563 61.7738 8.54158
      vertex 148.538 13.4783 8.79549
    endloop
  endfacet
  facet normal -0.995191 1.82536e-07 -0.0979519
    outer loop
      vertex 148.538 13.4783 8.79549
      vertex 148.563 61.7738 8.54158
      vertex 148.563 13.4783 8.54149
    endloop
  endfacet
  facet normal 0.995033 1.855e-07 -0.0995425
    outer loop
      vertex 1.81947 13.4783 8.54149
      vertex 1.81947 61.7738 8.54158
      vertex 1.84488 13.4783 8.79549
    endloop
  endfacet
  facet normal 0.995041 5.97419e-07 -0.0994649
    outer loop
      vertex 1.84488 13.4783 8.79549
      vertex 1.81947 61.7738 8.54158
      vertex 1.84486 61.7738 8.79558
    endloop
  endfacet
  facet normal 0.0650735 0.992929 -0.0992889
    outer loop
      vertex 13.3511 1.97208 8.79548
      vertex 13.3511 1.94668 8.54147
      vertex 11.8492 2.07051 8.79548
    endloop
  endfacet
  facet normal 0.0650754 0.992929 -0.0992784
    outer loop
      vertex 11.8492 2.07051 8.79548
      vertex 13.3511 1.94668 8.54147
      vertex 11.8459 2.04533 8.54148
    endloop
  endfacet
  facet normal 0.194124 0.975941 -0.0992709
    outer loop
      vertex 11.8492 2.07051 8.79548
      vertex 11.8459 2.04533 8.54148
      vertex 10.373 2.36414 8.79548
    endloop
  endfacet
  facet normal 0.194133 0.975945 -0.0992196
    outer loop
      vertex 10.373 2.36414 8.79548
      vertex 11.8459 2.04533 8.54148
      vertex 10.3665 2.33961 8.54148
    endloop
  endfacet
  facet normal 0.319864 0.942258 -0.0991838
    outer loop
      vertex 10.373 2.36414 8.79548
      vertex 10.3665 2.33961 8.54148
      vertex 8.94785 2.84793 8.79548
    endloop
  endfacet
  facet normal 0.319841 0.942253 -0.0993052
    outer loop
      vertex 8.94785 2.84793 8.79548
      vertex 10.3665 2.33961 8.54148
      vertex 8.93813 2.82446 8.54148
    endloop
  endfacet
  facet normal 0.440101 0.89244 -0.0993045
    outer loop
      vertex 8.94785 2.84793 8.79548
      vertex 8.93813 2.82446 8.54148
      vertex 7.59798 3.51361 8.79548
    endloop
  endfacet
  facet normal 0.440105 0.89244 -0.0992854
    outer loop
      vertex 7.59798 3.51361 8.79548
      vertex 8.93813 2.82446 8.54148
      vertex 7.58527 3.49162 8.54148
    endloop
  endfacet
  facet normal 0.552822 0.827362 -0.0992916
    outer loop
      vertex 7.59798 3.51361 8.79548
      vertex 7.58527 3.49162 8.54148
      vertex 6.34654 4.34979 8.79548
    endloop
  endfacet
  facet normal 0.552828 0.827362 -0.099262
    outer loop
      vertex 6.34654 4.34979 8.79548
      vertex 7.58527 3.49162 8.54148
      vertex 6.33109 4.32964 8.54148
    endloop
  endfacet
  facet normal 0.656093 0.748124 -0.0992572
    outer loop
      vertex 6.34654 4.34979 8.79548
      vertex 6.33109 4.32964 8.54148
      vertex 5.21497 5.34216 8.79548
    endloop
  endfacet
  facet normal 0.656087 0.748125 -0.09929
    outer loop
      vertex 5.21497 5.34216 8.79548
      vertex 6.33109 4.32964 8.54148
      vertex 5.19701 5.3242 8.54148
    endloop
  endfacet
  facet normal 0.748127 0.656085 -0.0992899
    outer loop
      vertex 5.21497 5.34216 8.79548
      vertex 5.19701 5.3242 8.54148
      vertex 4.2226 6.47375 8.79548
    endloop
  endfacet
  facet normal 0.748123 0.656086 -0.099312
    outer loop
      vertex 4.2226 6.47375 8.79548
      vertex 5.19701 5.3242 8.54148
      vertex 4.20244 6.45829 8.54148
    endloop
  endfacet
  facet normal 0.827355 0.552829 -0.0993158
    outer loop
      vertex 4.2226 6.47375 8.79548
      vertex 4.20244 6.45829 8.54148
      vertex 3.38641 7.72518 8.79548
    endloop
  endfacet
  facet normal 0.827358 0.552827 -0.0993023
    outer loop
      vertex 3.38641 7.72518 8.79548
      vertex 4.20244 6.45829 8.54148
      vertex 3.36441 7.71248 8.54148
    endloop
  endfacet
  facet normal 0.89244 0.440102 -0.0993031
    outer loop
      vertex 3.38641 7.72518 8.79548
      vertex 3.36441 7.71248 8.54148
      vertex 2.72073 9.07505 8.79549
    endloop
  endfacet
  facet normal 0.892445 0.440098 -0.0992698
    outer loop
      vertex 2.72073 9.07505 8.79549
      vertex 3.36441 7.71248 8.54148
      vertex 2.69727 9.06533 8.54149
    endloop
  endfacet
  facet normal 0.942256 0.319842 -0.0992685
    outer loop
      vertex 2.72073 9.07505 8.79549
      vertex 2.69727 9.06533 8.54149
      vertex 2.23694 10.5003 8.79549
    endloop
  endfacet
  facet normal 0.942245 0.319852 -0.0993453
    outer loop
      vertex 2.23694 10.5003 8.79549
      vertex 2.69727 9.06533 8.54149
      vertex 2.2124 10.4937 8.54149
    endloop
  endfacet
  facet normal 0.975933 0.194135 -0.0993334
    outer loop
      vertex 2.23694 10.5003 8.79549
      vertex 2.2124 10.4937 8.54149
      vertex 1.94331 11.9764 8.79549
    endloop
  endfacet
  facet normal 0.975936 0.194132 -0.0993089
    outer loop
      vertex 1.94331 11.9764 8.79549
      vertex 2.2124 10.4937 8.54149
      vertex 1.91812 11.9731 8.54149
    endloop
  endfacet
  facet normal 0.992926 0.0650734 -0.0993171
    outer loop
      vertex 1.94331 11.9764 8.79549
      vertex 1.91812 11.9731 8.54149
      vertex 1.84488 13.4783 8.79549
    endloop
  endfacet
  facet normal 0.992924 0.0650757 -0.0993315
    outer loop
      vertex 1.84488 13.4783 8.79549
      vertex 1.91812 11.9731 8.54149
      vertex 1.81947 13.4783 8.54149
    endloop
  endfacet
  facet normal 0.0653967 0.997859 0
    outer loop
      vertex 13.3511 1.97208 9.04947
      vertex 13.3511 1.97208 8.79548
      vertex 11.8492 2.07051 9.04947
    endloop
  endfacet
  facet normal 0.0653967 0.997859 0
    outer loop
      vertex 11.8492 2.07051 9.04947
      vertex 13.3511 1.97208 8.79548
      vertex 11.8492 2.07051 8.79548
    endloop
  endfacet
  facet normal 0.195087 0.980786 0
    outer loop
      vertex 11.8492 2.07051 9.04947
      vertex 11.8492 2.07051 8.79548
      vertex 10.373 2.36414 9.04947
    endloop
  endfacet
  facet normal 0.195087 0.980786 0
    outer loop
      vertex 10.373 2.36414 9.04947
      vertex 11.8492 2.07051 8.79548
      vertex 10.373 2.36414 8.79548
    endloop
  endfacet
  facet normal 0.321449 0.946927 0
    outer loop
      vertex 10.373 2.36414 9.04947
      vertex 10.373 2.36414 8.79548
      vertex 8.94785 2.84793 9.04948
    endloop
  endfacet
  facet normal 0.321449 0.946927 0
    outer loop
      vertex 8.94785 2.84793 9.04948
      vertex 10.373 2.36414 8.79548
      vertex 8.94785 2.84793 8.79548
    endloop
  endfacet
  facet normal 0.442288 0.896873 0
    outer loop
      vertex 8.94785 2.84793 9.04948
      vertex 8.94785 2.84793 8.79548
      vertex 7.59798 3.51361 9.04948
    endloop
  endfacet
  facet normal 0.442288 0.896873 0
    outer loop
      vertex 7.59798 3.51361 9.04948
      vertex 8.94785 2.84793 8.79548
      vertex 7.59798 3.51361 8.79548
    endloop
  endfacet
  facet normal 0.555568 0.831471 0
    outer loop
      vertex 7.59798 3.51361 9.04948
      vertex 7.59798 3.51361 8.79548
      vertex 6.34654 4.34979 9.04948
    endloop
  endfacet
  facet normal 0.555568 0.831471 0
    outer loop
      vertex 6.34654 4.34979 9.04948
      vertex 7.59798 3.51361 8.79548
      vertex 6.34654 4.34979 8.79548
    endloop
  endfacet
  facet normal 0.659349 0.751837 0
    outer loop
      vertex 6.34654 4.34979 9.04948
      vertex 6.34654 4.34979 8.79548
      vertex 5.21497 5.34216 9.04948
    endloop
  endfacet
  facet normal 0.659349 0.751837 0
    outer loop
      vertex 5.21497 5.34216 9.04948
      vertex 6.34654 4.34979 8.79548
      vertex 5.21497 5.34216 8.79548
    endloop
  endfacet
  facet normal 0.751842 0.659343 0
    outer loop
      vertex 5.21497 5.34216 9.04948
      vertex 5.21497 5.34216 8.79548
      vertex 4.2226 6.47375 9.04948
    endloop
  endfacet
  facet normal 0.751842 0.659343 0
    outer loop
      vertex 4.2226 6.47375 9.04948
      vertex 5.21497 5.34216 8.79548
      vertex 4.2226 6.47375 8.79548
    endloop
  endfacet
  facet normal 0.831466 0.555575 0
    outer loop
      vertex 4.2226 6.47375 9.04948
      vertex 4.2226 6.47375 8.79548
      vertex 3.38641 7.72518 9.04948
    endloop
  endfacet
  facet normal 0.831466 0.555575 0
    outer loop
      vertex 3.38641 7.72518 9.04948
      vertex 4.2226 6.47375 8.79548
      vertex 3.38641 7.72518 8.79548
    endloop
  endfacet
  facet normal 0.896873 0.442288 0
    outer loop
      vertex 3.38641 7.72518 9.04948
      vertex 3.38641 7.72518 8.79548
      vertex 2.72073 9.07505 9.04949
    endloop
  endfacet
  facet normal 0.896873 0.442288 0
    outer loop
      vertex 2.72073 9.07505 9.04949
      vertex 3.38641 7.72518 8.79548
      vertex 2.72073 9.07505 8.79549
    endloop
  endfacet
  facet normal 0.946934 0.321429 0
    outer loop
      vertex 2.72073 9.07505 9.04949
      vertex 2.72073 9.07505 8.79549
      vertex 2.23694 10.5003 9.04949
    endloop
  endfacet
  facet normal 0.946934 0.321429 0
    outer loop
      vertex 2.23694 10.5003 9.04949
      vertex 2.72073 9.07505 8.79549
      vertex 2.23694 10.5003 8.79549
    endloop
  endfacet
  facet normal 0.980783 0.1951 0
    outer loop
      vertex 2.23694 10.5003 9.04949
      vertex 2.23694 10.5003 8.79549
      vertex 1.94331 11.9764 9.04949
    endloop
  endfacet
  facet normal 0.980783 0.1951 0
    outer loop
      vertex 1.94331 11.9764 9.04949
      vertex 2.23694 10.5003 8.79549
      vertex 1.94331 11.9764 8.79549
    endloop
  endfacet
  facet normal 0.997859 0.0653967 0
    outer loop
      vertex 1.94331 11.9764 9.04949
      vertex 1.94331 11.9764 8.79549
      vertex 1.84488 13.4783 9.04949
    endloop
  endfacet
  facet normal 0.997859 0.0653967 0
    outer loop
      vertex 1.84488 13.4783 9.04949
      vertex 1.94331 11.9764 8.79549
      vertex 1.84488 13.4783 8.79549
    endloop
  endfacet
  facet normal 1 4.14117e-07 -0
    outer loop
      vertex 1.84488 13.4783 8.79549
      vertex 1.84486 61.7738 8.79558
      vertex 1.84488 13.4783 9.04949
    endloop
  endfacet
  facet normal 1 4.14117e-07 0
    outer loop
      vertex 1.84488 13.4783 9.04949
      vertex 1.84486 61.7738 8.79558
      vertex 1.84486 61.7738 9.04958
    endloop
  endfacet
  facet normal 0.997859 -0.0654033 0
    outer loop
      vertex 1.84486 61.7738 9.04958
      vertex 1.84486 61.7738 8.79558
      vertex 1.9433 63.2757 9.04958
    endloop
  endfacet
  facet normal 0.997859 -0.0654033 0
    outer loop
      vertex 1.9433 63.2757 9.04958
      vertex 1.84486 61.7738 8.79558
      vertex 1.9433 63.2757 8.79558
    endloop
  endfacet
  facet normal 0.980782 -0.195107 0
    outer loop
      vertex 1.9433 63.2757 9.04958
      vertex 1.9433 63.2757 8.79558
      vertex 2.23694 64.7518 9.04959
    endloop
  endfacet
  facet normal 0.980782 -0.195107 0
    outer loop
      vertex 2.23694 64.7518 9.04959
      vertex 1.9433 63.2757 8.79558
      vertex 2.23694 64.7518 8.79558
    endloop
  endfacet
  facet normal 0.94693 -0.321439 0
    outer loop
      vertex 2.23694 64.7518 9.04959
      vertex 2.23694 64.7518 8.79558
      vertex 2.72073 66.177 9.04959
    endloop
  endfacet
  facet normal 0.94693 -0.321439 0
    outer loop
      vertex 2.72073 66.177 9.04959
      vertex 2.23694 64.7518 8.79558
      vertex 2.72073 66.177 8.79559
    endloop
  endfacet
  facet normal 0.896877 -0.44228 0
    outer loop
      vertex 2.72073 66.177 9.04959
      vertex 2.72073 66.177 8.79559
      vertex 3.38641 67.5269 9.04959
    endloop
  endfacet
  facet normal 0.896877 -0.44228 0
    outer loop
      vertex 3.38641 67.5269 9.04959
      vertex 2.72073 66.177 8.79559
      vertex 3.38641 67.5269 8.79559
    endloop
  endfacet
  facet normal 0.831487 -0.555545 0
    outer loop
      vertex 3.38641 67.5269 9.04959
      vertex 3.38641 67.5269 8.79559
      vertex 4.22258 68.7784 9.04959
    endloop
  endfacet
  facet normal 0.831487 -0.555545 0
    outer loop
      vertex 4.22258 68.7784 9.04959
      vertex 3.38641 67.5269 8.79559
      vertex 4.22258 68.7784 8.79559
    endloop
  endfacet
  facet normal 0.751816 -0.659373 0
    outer loop
      vertex 4.22258 68.7784 9.04959
      vertex 4.22258 68.7784 8.79559
      vertex 5.21495 69.9099 9.04959
    endloop
  endfacet
  facet normal 0.751816 -0.659373 0
    outer loop
      vertex 5.21495 69.9099 9.04959
      vertex 4.22258 68.7784 8.79559
      vertex 5.21495 69.9099 8.79559
    endloop
  endfacet
  facet normal 0.659354 -0.751832 0
    outer loop
      vertex 5.21495 69.9099 9.04959
      vertex 5.21495 69.9099 8.79559
      vertex 6.34654 70.9023 9.04959
    endloop
  endfacet
  facet normal 0.659354 -0.751832 0
    outer loop
      vertex 6.34654 70.9023 9.04959
      vertex 5.21495 69.9099 8.79559
      vertex 6.34654 70.9023 8.7956
    endloop
  endfacet
  facet normal 0.555577 -0.831465 0
    outer loop
      vertex 6.34654 70.9023 9.04959
      vertex 6.34654 70.9023 8.7956
      vertex 7.59798 71.7385 9.0496
    endloop
  endfacet
  facet normal 0.555577 -0.831465 0
    outer loop
      vertex 7.59798 71.7385 9.0496
      vertex 6.34654 70.9023 8.7956
      vertex 7.59798 71.7385 8.7956
    endloop
  endfacet
  facet normal 0.442298 -0.896868 0
    outer loop
      vertex 7.59798 71.7385 9.0496
      vertex 7.59798 71.7385 8.7956
      vertex 8.94785 72.4042 9.0496
    endloop
  endfacet
  facet normal 0.442298 -0.896868 0
    outer loop
      vertex 8.94785 72.4042 9.0496
      vertex 7.59798 71.7385 8.7956
      vertex 8.94785 72.4042 8.7956
    endloop
  endfacet
  facet normal 0.321455 -0.946925 0
    outer loop
      vertex 8.94785 72.4042 9.0496
      vertex 8.94785 72.4042 8.7956
      vertex 10.373 72.888 9.0496
    endloop
  endfacet
  facet normal 0.321455 -0.946925 0
    outer loop
      vertex 10.373 72.888 9.0496
      vertex 8.94785 72.4042 8.7956
      vertex 10.373 72.888 8.7956
    endloop
  endfacet
  facet normal 0.195068 -0.98079 0
    outer loop
      vertex 10.373 72.888 9.0496
      vertex 10.373 72.888 8.7956
      vertex 11.8492 73.1816 9.0496
    endloop
  endfacet
  facet normal 0.195068 -0.98079 0
    outer loop
      vertex 11.8492 73.1816 9.0496
      vertex 10.373 72.888 8.7956
      vertex 11.8492 73.1816 8.7956
    endloop
  endfacet
  facet normal 0.0653768 -0.997861 0
    outer loop
      vertex 11.8492 73.1816 9.0496
      vertex 11.8492 73.1816 8.7956
      vertex 13.3511 73.28 9.0496
    endloop
  endfacet
  facet normal 0.0653768 -0.997861 0
    outer loop
      vertex 13.3511 73.28 9.0496
      vertex 11.8492 73.1816 8.7956
      vertex 13.3511 73.28 8.7956
    endloop
  endfacet
  facet normal 0 0 -1
    outer loop
      vertex 147.798 9.27687 8.54149
      vertex 147.812 9.33714 8.54149
      vertex 147.863 9.44915 8.54149
    endloop
  endfacet
  facet normal 0 0 -1
    outer loop
      vertex 147.863 9.44915 8.54149
      vertex 147.812 9.33714 8.54149
      vertex 147.826 9.39752 8.54149
    endloop
  endfacet
  facet normal -0 0 -1
    outer loop
      vertex 147.863 9.44915 8.54149
      vertex 147.826 9.39752 8.54149
      vertex 147.839 9.458 8.54149
    endloop
  endfacet
  facet normal 0 0 -1
    outer loop
      vertex 147.863 9.44915 8.54149
      vertex 147.839 9.458 8.54149
      vertex 148.179 10.4282 8.54149
    endloop
  endfacet
  facet normal -0 0 -1
    outer loop
      vertex 148.179 10.4282 8.54149
      vertex 147.839 9.458 8.54149
      vertex 148.24 10.7662 8.54149
    endloop
  endfacet
  facet normal 0 0 -1
    outer loop
      vertex 148.179 10.4282 8.54149
      vertex 148.24 10.7662 8.54149
      vertex 148.406 11.4313 8.54149
    endloop
  endfacet
  facet normal -0 0 -1
    outer loop
      vertex 148.406 11.4313 8.54149
      vertex 148.24 10.7662 8.54149
      vertex 148.482 12.1127 8.54149
    endloop
  endfacet
  facet normal 0 0 -1
    outer loop
      vertex 148.406 11.4313 8.54149
      vertex 148.482 12.1127 8.54149
      vertex 148.543 12.4507 8.54149
    endloop
  endfacet
  facet normal -0 0 -1
    outer loop
      vertex 148.543 12.4507 8.54149
      vertex 148.482 12.1127 8.54149
      vertex 148.563 13.4783 8.54149
    endloop
  endfacet
  facet normal 0 0 -1
    outer loop
      vertex 148.543 12.4507 8.54149
      vertex 148.563 13.4783 8.54149
      vertex 148.588 13.4783 8.54149
    endloop
  endfacet
  facet normal 0 1.86353e-06 -1
    outer loop
      vertex 148.588 13.4783 8.54149
      vertex 148.563 13.4783 8.54149
      vertex 148.588 61.7738 8.54158
    endloop
  endfacet
  facet normal 0 1.86353e-06 -1
    outer loop
      vertex 148.588 61.7738 8.54158
      vertex 148.563 13.4783 8.54149
      vertex 148.563 61.7738 8.54158
    endloop
  endfacet
  facet normal 0 0 -1
    outer loop
      vertex 148.588 61.7738 8.54158
      vertex 148.563 61.7738 8.54158
      vertex 148.464 63.2789 8.54158
    endloop
  endfacet
  facet normal 0 0 -1
    outer loop
      vertex 148.588 61.7738 8.54158
      vertex 148.464 63.2789 8.54158
      vertex 148.49 63.2822 8.54158
    endloop
  endfacet
  facet normal -0 0 -1
    outer loop
      vertex 148.49 63.2822 8.54158
      vertex 148.464 63.2789 8.54158
      vertex 148.17 64.7583 8.54158
    endloop
  endfacet
  facet normal 0 0 -1
    outer loop
      vertex 148.49 63.2822 8.54158
      vertex 148.17 64.7583 8.54158
      vertex 148.195 64.7649 8.54158
    endloop
  endfacet
  facet normal -1.69618e-06 6.42492e-06 -1
    outer loop
      vertex 148.195 64.7649 8.54158
      vertex 148.17 64.7583 8.54158
      vertex 147.685 66.1867 8.54159
    endloop
  endfacet
  facet normal -2.48271e-06 6.14279e-06 -1
    outer loop
      vertex 148.195 64.7649 8.54158
      vertex 147.685 66.1867 8.54159
      vertex 147.709 66.1964 8.54159
    endloop
  endfacet
  facet normal -0 0 -1
    outer loop
      vertex 147.709 66.1964 8.54159
      vertex 147.685 66.1867 8.54159
      vertex 147.018 67.5396 8.54159
    endloop
  endfacet
  facet normal 0 0 -1
    outer loop
      vertex 147.709 66.1964 8.54159
      vertex 147.018 67.5396 8.54159
      vertex 147.04 67.5523 8.54159
    endloop
  endfacet
  facet normal -0 0 -1
    outer loop
      vertex 147.04 67.5523 8.54159
      vertex 147.018 67.5396 8.54159
      vertex 146.18 68.7937 8.54159
    endloop
  endfacet
  facet normal 0 0 -1
    outer loop
      vertex 147.04 67.5523 8.54159
      vertex 146.18 68.7937 8.54159
      vertex 146.2 68.8092 8.54159
    endloop
  endfacet
  facet normal -0 0 -1
    outer loop
      vertex 146.2 68.8092 8.54159
      vertex 146.18 68.7937 8.54159
      vertex 145.185 69.9278 8.54159
    endloop
  endfacet
  facet normal 0 0 -1
    outer loop
      vertex 146.2 68.8092 8.54159
      vertex 145.185 69.9278 8.54159
      vertex 145.203 69.9458 8.54159
    endloop
  endfacet
  facet normal -4.69792e-06 4.69792e-06 -1
    outer loop
      vertex 145.203 69.9458 8.54159
      vertex 145.185 69.9278 8.54159
      vertex 144.051 70.9224 8.5416
    endloop
  endfacet
  facet normal -5.19334e-06 4.11353e-06 -1
    outer loop
      vertex 145.203 69.9458 8.54159
      vertex 144.051 70.9224 8.5416
      vertex 144.067 70.9426 8.5416
    endloop
  endfacet
  facet normal -0 0 -1
    outer loop
      vertex 144.067 70.9426 8.5416
      vertex 144.051 70.9224 8.5416
      vertex 142.797 71.7604 8.5416
    endloop
  endfacet
  facet normal 0 0 -1
    outer loop
      vertex 144.067 70.9426 8.5416
      vertex 142.797 71.7604 8.5416
      vertex 142.81 71.7824 8.5416
    endloop
  endfacet
  facet normal -0 0 -1
    outer loop
      vertex 142.81 71.7824 8.5416
      vertex 142.797 71.7604 8.5416
      vertex 141.444 72.4276 8.5416
    endloop
  endfacet
  facet normal 0 0 -1
    outer loop
      vertex 142.81 71.7824 8.5416
      vertex 141.444 72.4276 8.5416
      vertex 141.454 72.451 8.5416
    endloop
  endfacet
  facet normal -0 0 -1
    outer loop
      vertex 141.454 72.451 8.5416
      vertex 141.444 72.4276 8.5416
      vertex 140.016 72.9124 8.5416
    endloop
  endfacet
  facet normal 0 0 -1
    outer loop
      vertex 141.454 72.451 8.5416
      vertex 140.016 72.9124 8.5416
      vertex 140.023 72.937 8.5416
    endloop
  endfacet
  facet normal -0 0 -1
    outer loop
      vertex 140.023 72.937 8.5416
      vertex 140.016 72.9124 8.5416
      vertex 138.537 73.2067 8.5416
    endloop
  endfacet
  facet normal 0 0 -1
    outer loop
      vertex 140.023 72.937 8.5416
      vertex 138.537 73.2067 8.5416
      vertex 138.54 73.2319 8.5416
    endloop
  endfacet
  facet normal -0 0 -1
    outer loop
      vertex 138.54 73.2319 8.5416
      vertex 138.537 73.2067 8.5416
      vertex 137.031 73.3054 8.5416
    endloop
  endfacet
  facet normal 0 0 -1
    outer loop
      vertex 138.54 73.2319 8.5416
      vertex 137.031 73.3054 8.5416
      vertex 137.031 73.3308 8.5416
    endloop
  endfacet
  facet normal 0 -0 -1
    outer loop
      vertex 137.031 73.3308 8.5416
      vertex 137.031 73.3054 8.5416
      vertex 13.3511 73.3054 8.5416
    endloop
  endfacet
  facet normal -0 0 -1
    outer loop
      vertex 137.031 73.3308 8.5416
      vertex 13.3511 73.3054 8.5416
      vertex 13.3511 73.3308 8.5416
    endloop
  endfacet
  facet normal 0 -0 -1
    outer loop
      vertex 13.3511 73.3308 8.5416
      vertex 13.3511 73.3054 8.5416
      vertex 11.8426 73.2319 8.5416
    endloop
  endfacet
  facet normal 0 0 -1
    outer loop
      vertex 11.8426 73.2319 8.5416
      vertex 13.3511 73.3054 8.5416
      vertex 11.8459 73.2068 8.5416
    endloop
  endfacet
  facet normal 0 -0 -1
    outer loop
      vertex 11.8426 73.2319 8.5416
      vertex 11.8459 73.2068 8.5416
      vertex 10.3599 72.937 8.5416
    endloop
  endfacet
  facet normal 0 0 -1
    outer loop
      vertex 10.3599 72.937 8.5416
      vertex 11.8459 73.2068 8.5416
      vertex 10.3665 72.9125 8.5416
    endloop
  endfacet
  facet normal 0 -0 -1
    outer loop
      vertex 10.3599 72.937 8.5416
      vertex 10.3665 72.9125 8.5416
      vertex 8.92841 72.4511 8.5416
    endloop
  endfacet
  facet normal 0 0 -1
    outer loop
      vertex 8.92841 72.4511 8.5416
      vertex 10.3665 72.9125 8.5416
      vertex 8.93813 72.4276 8.5416
    endloop
  endfacet
  facet normal 0 -0 -1
    outer loop
      vertex 8.92841 72.4511 8.5416
      vertex 8.93813 72.4276 8.5416
      vertex 7.57257 71.7825 8.5416
    endloop
  endfacet
  facet normal 0 0 -1
    outer loop
      vertex 7.57257 71.7825 8.5416
      vertex 8.93813 72.4276 8.5416
      vertex 7.58527 71.7605 8.5416
    endloop
  endfacet
  facet normal 0 -0 -1
    outer loop
      vertex 7.57257 71.7825 8.5416
      vertex 7.58527 71.7605 8.5416
      vertex 6.31561 70.9426 8.5416
    endloop
  endfacet
  facet normal 0 0 -1
    outer loop
      vertex 6.31561 70.9426 8.5416
      vertex 7.58527 71.7605 8.5416
      vertex 6.33107 70.9225 8.5416
    endloop
  endfacet
  facet normal 5.25432e-06 4.04138e-06 -1
    outer loop
      vertex 6.31561 70.9426 8.5416
      vertex 6.33107 70.9225 8.5416
      vertex 5.17903 69.9459 8.54159
    endloop
  endfacet
  facet normal 4.70263e-06 4.69218e-06 -1
    outer loop
      vertex 5.17903 69.9459 8.54159
      vertex 6.33107 70.9225 8.5416
      vertex 5.19699 69.9279 8.54159
    endloop
  endfacet
  facet normal 0 -0 -1
    outer loop
      vertex 5.17903 69.9459 8.54159
      vertex 5.19699 69.9279 8.54159
      vertex 4.18228 68.8093 8.54159
    endloop
  endfacet
  facet normal 0 0 -1
    outer loop
      vertex 4.18228 68.8093 8.54159
      vertex 5.19699 69.9279 8.54159
      vertex 4.20244 68.7938 8.54159
    endloop
  endfacet
  facet normal 0 -0 -1
    outer loop
      vertex 4.18228 68.8093 8.54159
      vertex 4.20244 68.7938 8.54159
      vertex 3.34241 67.5523 8.54159
    endloop
  endfacet
  facet normal 0 0 -1
    outer loop
      vertex 3.34241 67.5523 8.54159
      vertex 4.20244 68.7938 8.54159
      vertex 3.36441 67.5396 8.54159
    endloop
  endfacet
  facet normal 0 -0 -1
    outer loop
      vertex 3.34241 67.5523 8.54159
      vertex 3.36441 67.5396 8.54159
      vertex 2.6738 66.1965 8.54159
    endloop
  endfacet
  facet normal 0 0 -1
    outer loop
      vertex 2.6738 66.1965 8.54159
      vertex 3.36441 67.5396 8.54159
      vertex 2.69727 66.1868 8.54159
    endloop
  endfacet
  facet normal 2.53192e-06 6.12621e-06 -1
    outer loop
      vertex 2.6738 66.1965 8.54159
      vertex 2.69727 66.1868 8.54159
      vertex 2.18787 64.765 8.54158
    endloop
  endfacet
  facet normal 1.726e-06 6.41495e-06 -1
    outer loop
      vertex 2.18787 64.765 8.54158
      vertex 2.69727 66.1868 8.54159
      vertex 2.2124 64.7584 8.54158
    endloop
  endfacet
  facet normal 0 -0 -1
    outer loop
      vertex 2.18787 64.765 8.54158
      vertex 2.2124 64.7584 8.54158
      vertex 1.89294 63.2823 8.54158
    endloop
  endfacet
  facet normal 0 0 -1
    outer loop
      vertex 1.89294 63.2823 8.54158
      vertex 2.2124 64.7584 8.54158
      vertex 1.91812 63.279 8.54158
    endloop
  endfacet
  facet normal 0 -0 -1
    outer loop
      vertex 1.89294 63.2823 8.54158
      vertex 1.91812 63.279 8.54158
      vertex 1.79407 61.7738 8.54158
    endloop
  endfacet
  facet normal 0 0 -1
    outer loop
      vertex 1.79407 61.7738 8.54158
      vertex 1.91812 63.279 8.54158
      vertex 1.81947 61.7738 8.54158
    endloop
  endfacet
  facet normal 0 1.86353e-06 -1
    outer loop
      vertex 1.79407 61.7738 8.54158
      vertex 1.81947 61.7738 8.54158
      vertex 1.81947 13.4783 8.54149
    endloop
  endfacet
  facet normal 0 1.86353e-06 -1
    outer loop
      vertex 1.79407 61.7738 8.54158
      vertex 1.81947 13.4783 8.54149
      vertex 1.79407 13.4783 8.54149
    endloop
  endfacet
  facet normal 0 0 -1
    outer loop
      vertex 1.79407 13.4783 8.54149
      vertex 1.81947 13.4783 8.54149
      vertex 1.91812 11.9731 8.54149
    endloop
  endfacet
  facet normal 0 0 -1
    outer loop
      vertex 1.79407 13.4783 8.54149
      vertex 1.91812 11.9731 8.54149
      vertex 1.89294 11.9698 8.54149
    endloop
  endfacet
  facet normal 0 0 -1
    outer loop
      vertex 1.89294 11.9698 8.54149
      vertex 1.91812 11.9731 8.54149
      vertex 2.2124 10.4937 8.54149
    endloop
  endfacet
  facet normal 0 0 -1
    outer loop
      vertex 1.89294 11.9698 8.54149
      vertex 2.2124 10.4937 8.54149
      vertex 2.18787 10.4871 8.54149
    endloop
  endfacet
  facet normal 0 0 -1
    outer loop
      vertex 2.18787 10.4871 8.54149
      vertex 2.2124 10.4937 8.54149
      vertex 2.69727 9.06533 8.54149
    endloop
  endfacet
  facet normal 0 0 -1
    outer loop
      vertex 2.18787 10.4871 8.54149
      vertex 2.69727 9.06533 8.54149
      vertex 2.6738 9.05561 8.54149
    endloop
  endfacet
  facet normal -2.54211e-06 6.1382e-06 -1
    outer loop
      vertex 2.6738 9.05561 8.54149
      vertex 2.69727 9.06533 8.54149
      vertex 3.36441 7.71248 8.54148
    endloop
  endfacet
  facet normal -3.31539e-06 5.74059e-06 -1
    outer loop
      vertex 2.6738 9.05561 8.54149
      vertex 3.36441 7.71248 8.54148
      vertex 3.34242 7.69978 8.54148
    endloop
  endfacet
  facet normal 0 0 -1
    outer loop
      vertex 3.34242 7.69978 8.54148
      vertex 3.36441 7.71248 8.54148
      vertex 4.20244 6.45829 8.54148
    endloop
  endfacet
  facet normal 0 0 -1
    outer loop
      vertex 3.34242 7.69978 8.54148
      vertex 4.20244 6.45829 8.54148
      vertex 4.18228 6.44282 8.54148
    endloop
  endfacet
  facet normal 0 0 -1
    outer loop
      vertex 4.18228 6.44282 8.54148
      vertex 4.20244 6.45829 8.54148
      vertex 5.19701 5.3242 8.54148
    endloop
  endfacet
  facet normal 0 0 -1
    outer loop
      vertex 4.18228 6.44282 8.54148
      vertex 5.19701 5.3242 8.54148
      vertex 5.17905 5.30624 8.54148
    endloop
  endfacet
  facet normal 0 0 -1
    outer loop
      vertex 5.17905 5.30624 8.54148
      vertex 5.19701 5.3242 8.54148
      vertex 6.33109 4.32964 8.54148
    endloop
  endfacet
  facet normal 0 0 -1
    outer loop
      vertex 5.17905 5.30624 8.54148
      vertex 6.33109 4.32964 8.54148
      vertex 6.31561 4.30949 8.54148
    endloop
  endfacet
  facet normal 0 0 -1
    outer loop
      vertex 6.31561 4.30949 8.54148
      vertex 6.33109 4.32964 8.54148
      vertex 7.58527 3.49162 8.54148
    endloop
  endfacet
  facet normal 0 0 -1
    outer loop
      vertex 6.31561 4.30949 8.54148
      vertex 7.58527 3.49162 8.54148
      vertex 7.57257 3.46962 8.54148
    endloop
  endfacet
  facet normal 0 0 -1
    outer loop
      vertex 7.57257 3.46962 8.54148
      vertex 7.58527 3.49162 8.54148
      vertex 8.93813 2.82446 8.54148
    endloop
  endfacet
  facet normal 0 0 -1
    outer loop
      vertex 7.57257 3.46962 8.54148
      vertex 8.93813 2.82446 8.54148
      vertex 8.92841 2.801 8.54148
    endloop
  endfacet
  facet normal 0 0 -1
    outer loop
      vertex 8.92841 2.801 8.54148
      vertex 8.93813 2.82446 8.54148
      vertex 10.3665 2.33961 8.54148
    endloop
  endfacet
  facet normal 0 0 -1
    outer loop
      vertex 8.92841 2.801 8.54148
      vertex 10.3665 2.33961 8.54148
      vertex 10.3599 2.31507 8.54148
    endloop
  endfacet
  facet normal 0 0 -1
    outer loop
      vertex 10.3599 2.31507 8.54148
      vertex 10.3665 2.33961 8.54148
      vertex 11.8459 2.04533 8.54148
    endloop
  endfacet
  facet normal 7.04142e-05 0.000387912 -1
    outer loop
      vertex 10.3599 2.31507 8.54148
      vertex 11.8459 2.04533 8.54148
      vertex 11.8426 2.02015 8.54147
    endloop
  endfacet
  facet normal 1.92197e-05 0.000394622 -1
    outer loop
      vertex 11.8426 2.02015 8.54147
      vertex 11.8459 2.04533 8.54148
      vertex 13.3511 1.94668 8.54147
    endloop
  endfacet
  facet normal 0 0 -1
    outer loop
      vertex 11.8426 2.02015 8.54147
      vertex 13.3511 1.94668 8.54147
      vertex 13.3511 1.92127 8.54147
    endloop
  endfacet
  facet normal 0 0 -1
    outer loop
      vertex 13.3511 1.92127 8.54147
      vertex 13.3511 1.94668 8.54147
      vertex 137.031 1.94668 8.54147
    endloop
  endfacet
  facet normal 0 0 -1
    outer loop
      vertex 13.3511 1.92127 8.54147
      vertex 137.031 1.94668 8.54147
      vertex 137.031 1.92127 8.54147
    endloop
  endfacet
  facet normal 0 0 -1
    outer loop
      vertex 137.031 1.92127 8.54147
      vertex 137.031 1.94668 8.54147
      vertex 137.906 1.95445 8.54147
    endloop
  endfacet
  facet normal -1.22851e-06 0.000138346 -1
    outer loop
      vertex 137.906 1.95445 8.54147
      vertex 137.031 1.94668 8.54147
      vertex 138.426 2.03135 8.54148
    endloop
  endfacet
  facet normal -1.47068e-05 0.000229487 -1
    outer loop
      vertex 137.906 1.95445 8.54147
      vertex 138.426 2.03135 8.54148
      vertex 138.776 2.05378 8.54148
    endloop
  endfacet
  facet normal -0 0 -1
    outer loop
      vertex 138.776 2.05378 8.54148
      vertex 138.426 2.03135 8.54148
      vertex 139.801 2.28413 8.54148
    endloop
  endfacet
  facet normal 0 0 -1
    outer loop
      vertex 138.776 2.05378 8.54148
      vertex 139.801 2.28413 8.54148
      vertex 139.636 2.2187 8.54148
    endloop
  endfacet
  facet normal 0 0 -1
    outer loop
      vertex 139.636 2.2187 8.54148
      vertex 139.801 2.28413 8.54148
      vertex 140.481 2.44825 8.54148
    endloop
  endfacet
  facet normal -0 0 -1
    outer loop
      vertex 140.481 2.44825 8.54148
      vertex 139.801 2.28413 8.54148
      vertex 141.134 2.7013 8.54148
    endloop
  endfacet
  facet normal 0 0 -1
    outer loop
      vertex 140.481 2.44825 8.54148
      vertex 141.134 2.7013 8.54148
      vertex 141.307 2.74113 8.54148
    endloop
  endfacet
  facet normal -0 0 -1
    outer loop
      vertex 141.307 2.74113 8.54148
      vertex 141.134 2.7013 8.54148
      vertex 142.107 3.09564 8.54148
    endloop
  endfacet
  facet normal -0 0 -1
    outer loop
      vertex 142.107 3.09564 8.54148
      vertex 141.134 2.7013 8.54148
      vertex 142.408 3.27673 8.54148
    endloop
  endfacet
  facet normal 0 0 -1
    outer loop
      vertex 142.107 3.09564 8.54148
      vertex 142.408 3.27673 8.54148
      vertex 142.879 3.50977 8.54148
    endloop
  endfacet
  facet normal -0 0 -1
    outer loop
      vertex 142.879 3.50977 8.54148
      vertex 142.408 3.27673 8.54148
      vertex 143.602 4.00198 8.54148
    endloop
  endfacet
  facet normal 0 0 -1
    outer loop
      vertex 142.879 3.50977 8.54148
      vertex 143.602 4.00198 8.54148
      vertex 143.617 3.98111 8.54148
    endloop
  endfacet
  facet normal 0 0 -1
    outer loop
      vertex 143.617 3.98111 8.54148
      vertex 143.602 4.00198 8.54148
      vertex 143.658 4.03002 8.54148
    endloop
  endfacet
  facet normal 0 0 -1
    outer loop
      vertex 143.617 3.98111 8.54148
      vertex 143.658 4.03002 8.54148
      vertex 143.713 4.05848 8.54148
    endloop
  endfacet
  facet normal 0 -0 -1
    outer loop
      vertex 143.713 4.05848 8.54148
      vertex 143.767 4.08736 8.54148
      vertex 143.617 3.98111 8.54148
    endloop
  endfacet
  facet normal 0 -0.130128 -0.991497
    outer loop
      vertex 0.889008 26.3706 5.82811
      vertex 0.889008 26.6993 5.78497
      vertex 1.54007 26.3706 5.82811
    endloop
  endfacet
  facet normal 0 -0.130128 -0.991497
    outer loop
      vertex 1.54007 26.3706 5.82811
      vertex 0.889008 26.6993 5.78497
      vertex 1.54007 26.6993 5.78497
    endloop
  endfacet
  facet normal -0 -0.382365 -0.924011
    outer loop
      vertex 1.54007 26.6993 5.78497
      vertex 0.889008 26.6993 5.78497
      vertex 1.54007 27.0056 5.65822
    endloop
  endfacet
  facet normal -0 -0.382365 -0.924011
    outer loop
      vertex 1.54007 27.0056 5.65822
      vertex 0.889008 26.6993 5.78497
      vertex 0.889008 27.0056 5.65822
    endloop
  endfacet
  facet normal -0 -0.608286 -0.793718
    outer loop
      vertex 1.54007 27.0056 5.65822
      vertex 0.889008 27.0056 5.65822
      vertex 1.54007 27.2688 5.45651
    endloop
  endfacet
  facet normal -0 -0.608286 -0.793718
    outer loop
      vertex 1.54007 27.2688 5.45651
      vertex 0.889008 27.0056 5.65822
      vertex 0.889008 27.2688 5.45651
    endloop
  endfacet
  facet normal -0 -0.793151 -0.609025
    outer loop
      vertex 1.54007 27.2688 5.45651
      vertex 0.889008 27.2688 5.45651
      vertex 1.54007 27.4707 5.19357
    endloop
  endfacet
  facet normal -0 -0.793151 -0.609025
    outer loop
      vertex 1.54007 27.4707 5.19357
      vertex 0.889008 27.2688 5.45651
      vertex 0.889008 27.4707 5.19357
    endloop
  endfacet
  facet normal -0 -0.923723 -0.383062
    outer loop
      vertex 1.54007 27.4707 5.19357
      vertex 0.889008 27.4707 5.19357
      vertex 1.54007 27.5977 4.88732
    endloop
  endfacet
  facet normal -0 -0.923723 -0.383062
    outer loop
      vertex 1.54007 27.5977 4.88732
      vertex 0.889008 27.4707 5.19357
      vertex 0.889008 27.5977 4.88732
    endloop
  endfacet
  facet normal -0 -0.991395 -0.130907
    outer loop
      vertex 1.54007 27.5977 4.88732
      vertex 0.889008 27.5977 4.88732
      vertex 1.54007 27.6411 4.55864
    endloop
  endfacet
  facet normal -0 -0.991395 -0.130907
    outer loop
      vertex 1.54007 27.6411 4.55864
      vertex 0.889008 27.5977 4.88732
      vertex 0.889008 27.6411 4.55864
    endloop
  endfacet
  facet normal 0 -0.991514 0.130002
    outer loop
      vertex 1.54007 27.6411 4.55864
      vertex 0.889008 27.6411 4.55864
      vertex 0.889008 27.598 4.22992
    endloop
  endfacet
  facet normal 0 -0.991514 0.130002
    outer loop
      vertex 1.54007 27.6411 4.55864
      vertex 0.889008 27.598 4.22992
      vertex 1.54007 27.598 4.22992
    endloop
  endfacet
  facet normal 0 -0.923984 0.38243
    outer loop
      vertex 1.54007 27.598 4.22992
      vertex 0.889008 27.598 4.22992
      vertex 0.889008 27.4712 3.92356
    endloop
  endfacet
  facet normal 0 -0.923984 0.38243
    outer loop
      vertex 1.54007 27.598 4.22992
      vertex 0.889008 27.4712 3.92356
      vertex 1.54007 27.4712 3.92356
    endloop
  endfacet
  facet normal 0 -0.793621 0.608413
    outer loop
      vertex 1.54007 27.4712 3.92356
      vertex 0.889008 27.4712 3.92356
      vertex 0.889008 27.2695 3.66046
    endloop
  endfacet
  facet normal 0 -0.793621 0.608413
    outer loop
      vertex 1.54007 27.4712 3.92356
      vertex 0.889008 27.2695 3.66046
      vertex 1.54007 27.2695 3.66046
    endloop
  endfacet
  facet normal 0 -0.60916 0.793048
    outer loop
      vertex 1.54007 27.2695 3.66046
      vertex 0.889008 27.2695 3.66046
      vertex 0.889008 27.0066 3.45852
    endloop
  endfacet
  facet normal 0 -0.60916 0.793048
    outer loop
      vertex 1.54007 27.2695 3.66046
      vertex 0.889008 27.0066 3.45852
      vertex 1.54007 27.0066 3.45852
    endloop
  endfacet
  facet normal 0 -0.383009 0.923745
    outer loop
      vertex 1.54007 27.0066 3.45852
      vertex 0.889008 27.0066 3.45852
      vertex 0.889008 26.7003 3.33152
    endloop
  endfacet
  facet normal 0 -0.383009 0.923745
    outer loop
      vertex 1.54007 27.0066 3.45852
      vertex 0.889008 26.7003 3.33152
      vertex 1.54007 26.7003 3.33152
    endloop
  endfacet
  facet normal 0 -0.130929 0.991392
    outer loop
      vertex 1.54007 26.7003 3.33152
      vertex 0.889008 26.7003 3.33152
      vertex 0.889008 26.3716 3.28811
    endloop
  endfacet
  facet normal 0 -0.130929 0.991392
    outer loop
      vertex 1.54007 26.7003 3.33152
      vertex 0.889008 26.3716 3.28811
      vertex 1.54007 26.3716 3.28811
    endloop
  endfacet
  facet normal -0.997861 -0.0653762 0
    outer loop
      vertex 148.842 61.7738 0.704029
      vertex 148.842 61.7738 8.41458
      vertex 148.741 63.3154 0.704033
    endloop
  endfacet
  facet normal -0.997861 -0.0653762 0
    outer loop
      vertex 148.741 63.3154 0.704033
      vertex 148.842 61.7738 8.41458
      vertex 148.741 63.3154 8.41458
    endloop
  endfacet
  facet normal -0.980836 -0.194834 0
    outer loop
      vertex 148.741 63.3154 0.704033
      vertex 148.741 63.3154 8.41458
      vertex 148.44 64.8307 0.704037
    endloop
  endfacet
  facet normal -0.980836 -0.194834 0
    outer loop
      vertex 148.44 64.8307 0.704037
      vertex 148.741 63.3154 8.41458
      vertex 148.44 64.8307 8.41459
    endloop
  endfacet
  facet normal -0.946849 -0.321679 0
    outer loop
      vertex 148.44 64.8307 0.704037
      vertex 148.44 64.8307 8.41459
      vertex 147.943 66.2936 0.704041
    endloop
  endfacet
  facet normal -0.946849 -0.321679 0
    outer loop
      vertex 147.943 66.2936 0.704041
      vertex 148.44 64.8307 8.41459
      vertex 147.943 66.2936 8.41459
    endloop
  endfacet
  facet normal -0.896963 -0.442106 0
    outer loop
      vertex 147.943 66.2936 0.704041
      vertex 147.943 66.2936 8.41459
      vertex 147.26 67.6793 0.704041
    endloop
  endfacet
  facet normal -0.896963 -0.442106 0
    outer loop
      vertex 147.26 67.6793 0.704041
      vertex 147.943 66.2936 8.41459
      vertex 147.26 67.6793 8.41459
    endloop
  endfacet
  facet normal -0.831572 -0.555417 0
    outer loop
      vertex 147.26 67.6793 0.704041
      vertex 147.26 67.6793 8.41459
      vertex 146.402 68.9639 0.704044
    endloop
  endfacet
  facet normal -0.831552 -0.555447 -7.20373e-06
    outer loop
      vertex 146.402 68.9639 0.704044
      vertex 147.26 67.6793 8.41459
      vertex 146.402 68.9638 8.41459
    endloop
  endfacet
  facet normal -0.751714 -0.659489 -8.55308e-06
    outer loop
      vertex 146.402 68.9639 0.704044
      vertex 146.402 68.9638 8.41459
      vertex 145.383 70.1254 0.704048
    endloop
  endfacet
  facet normal -0.751742 -0.659457 0
    outer loop
      vertex 145.383 70.1254 0.704048
      vertex 146.402 68.9638 8.41459
      vertex 145.383 70.1254 8.41459
    endloop
  endfacet
  facet normal -0.659219 -0.751951 0
    outer loop
      vertex 145.383 70.1254 0.704048
      vertex 145.383 70.1254 8.41459
      vertex 144.221 71.1441 0.704052
    endloop
  endfacet
  facet normal -0.659219 -0.751951 0
    outer loop
      vertex 144.221 71.1441 0.704052
      vertex 145.383 70.1254 8.41459
      vertex 144.221 71.1441 8.4146
    endloop
  endfacet
  facet normal -0.555731 -0.831362 0
    outer loop
      vertex 144.221 71.1441 0.704052
      vertex 144.221 71.1441 8.4146
      vertex 142.937 72.0024 0.704052
    endloop
  endfacet
  facet normal -0.555731 -0.831362 0
    outer loop
      vertex 142.937 72.0024 0.704052
      vertex 144.221 71.1441 8.4146
      vertex 142.937 72.0024 8.4146
    endloop
  endfacet
  facet normal -0.442185 -0.896924 0
    outer loop
      vertex 142.937 72.0024 0.704052
      vertex 142.937 72.0024 8.4146
      vertex 141.551 72.6857 0.704056
    endloop
  endfacet
  facet normal -0.442185 -0.896924 0
    outer loop
      vertex 141.551 72.6857 0.704056
      vertex 142.937 72.0024 8.4146
      vertex 141.551 72.6857 8.4146
    endloop
  endfacet
  facet normal -0.321427 -0.946934 0
    outer loop
      vertex 141.551 72.6857 0.704056
      vertex 141.551 72.6857 8.4146
      vertex 140.088 73.1823 0.70406
    endloop
  endfacet
  facet normal -0.321427 -0.946934 0
    outer loop
      vertex 140.088 73.1823 0.70406
      vertex 141.551 72.6857 8.4146
      vertex 140.088 73.1823 8.4146
    endloop
  endfacet
  facet normal -0.19512 -0.980779 0
    outer loop
      vertex 140.088 73.1823 0.70406
      vertex 140.088 73.1823 8.4146
      vertex 138.573 73.4837 0.70406
    endloop
  endfacet
  facet normal -0.19512 -0.980779 0
    outer loop
      vertex 138.573 73.4837 0.70406
      vertex 140.088 73.1823 8.4146
      vertex 138.573 73.4837 8.4146
    endloop
  endfacet
  facet normal -0.0654237 -0.997858 0
    outer loop
      vertex 138.573 73.4837 0.70406
      vertex 138.573 73.4837 8.4146
      vertex 137.031 73.5848 0.70406
    endloop
  endfacet
  facet normal -0.0654237 -0.997858 0
    outer loop
      vertex 137.031 73.5848 0.70406
      vertex 138.573 73.4837 8.4146
      vertex 137.031 73.5848 8.4146
    endloop
  endfacet
  facet normal -0.0654387 -0.997857 -0
    outer loop
      vertex 137.031 73.28 9.0496
      vertex 137.031 73.28 8.7956
      vertex 138.533 73.1815 9.0496
    endloop
  endfacet
  facet normal -0.0654387 -0.997857 -0
    outer loop
      vertex 138.533 73.1815 9.0496
      vertex 137.031 73.28 8.7956
      vertex 138.533 73.1815 8.7956
    endloop
  endfacet
  facet normal -0.195094 -0.980785 -0
    outer loop
      vertex 138.533 73.1815 9.0496
      vertex 138.533 73.1815 8.7956
      vertex 140.009 72.8879 9.0496
    endloop
  endfacet
  facet normal -0.195094 -0.980785 -0
    outer loop
      vertex 140.009 72.8879 9.0496
      vertex 138.533 73.1815 8.7956
      vertex 140.009 72.8879 8.7956
    endloop
  endfacet
  facet normal -0.321284 -0.946983 -0
    outer loop
      vertex 140.009 72.8879 9.0496
      vertex 140.009 72.8879 8.7956
      vertex 141.435 72.4041 9.0496
    endloop
  endfacet
  facet normal -0.321284 -0.946983 -0
    outer loop
      vertex 141.435 72.4041 9.0496
      vertex 140.009 72.8879 8.7956
      vertex 141.435 72.4041 8.7956
    endloop
  endfacet
  facet normal -0.442528 -0.896755 -0
    outer loop
      vertex 141.435 72.4041 9.0496
      vertex 141.435 72.4041 8.7956
      vertex 142.784 71.7384 9.0496
    endloop
  endfacet
  facet normal -0.442528 -0.896755 -0
    outer loop
      vertex 142.784 71.7384 9.0496
      vertex 141.435 72.4041 8.7956
      vertex 142.784 71.7384 8.7956
    endloop
  endfacet
  facet normal -0.555405 -0.83158 -0
    outer loop
      vertex 142.784 71.7384 9.0496
      vertex 142.784 71.7384 8.7956
      vertex 144.036 70.9022 9.04959
    endloop
  endfacet
  facet normal -0.555405 -0.83158 -0
    outer loop
      vertex 144.036 70.9022 9.04959
      vertex 142.784 71.7384 8.7956
      vertex 144.036 70.9022 8.7956
    endloop
  endfacet
  facet normal -0.659511 -0.751695 -0
    outer loop
      vertex 144.036 70.9022 9.04959
      vertex 144.036 70.9022 8.7956
      vertex 145.167 69.9099 9.04959
    endloop
  endfacet
  facet normal -0.659511 -0.751695 -0
    outer loop
      vertex 145.167 69.9099 9.04959
      vertex 144.036 70.9022 8.7956
      vertex 145.167 69.9099 8.79559
    endloop
  endfacet
  facet normal -0.751638 -0.659576 -0
    outer loop
      vertex 145.167 69.9099 9.04959
      vertex 145.167 69.9099 8.79559
      vertex 146.16 68.7783 9.04959
    endloop
  endfacet
  facet normal -0.751638 -0.659576 -0
    outer loop
      vertex 146.16 68.7783 9.04959
      vertex 145.167 69.9099 8.79559
      vertex 146.16 68.7783 8.79559
    endloop
  endfacet
  facet normal -0.831518 -0.555497 -0
    outer loop
      vertex 146.16 68.7783 9.04959
      vertex 146.16 68.7783 8.79559
      vertex 146.996 67.5269 9.04959
    endloop
  endfacet
  facet normal -0.831518 -0.555497 -0
    outer loop
      vertex 146.996 67.5269 9.04959
      vertex 146.16 68.7783 8.79559
      vertex 146.996 67.5269 8.79559
    endloop
  endfacet
  facet normal -0.896793 -0.442451 -0
    outer loop
      vertex 146.996 67.5269 9.04959
      vertex 146.996 67.5269 8.79559
      vertex 147.662 66.177 9.04959
    endloop
  endfacet
  facet normal -0.896793 -0.442451 -0
    outer loop
      vertex 147.662 66.177 9.04959
      vertex 146.996 67.5269 8.79559
      vertex 147.662 66.177 8.79559
    endloop
  endfacet
  facet normal -0.946888 -0.321564 -0
    outer loop
      vertex 147.662 66.177 9.04959
      vertex 147.662 66.177 8.79559
      vertex 148.146 64.7518 9.04959
    endloop
  endfacet
  facet normal -0.946888 -0.321564 -0
    outer loop
      vertex 148.146 64.7518 9.04959
      vertex 147.662 66.177 8.79559
      vertex 148.146 64.7518 8.79558
    endloop
  endfacet
  facet normal -0.980866 -0.194685 -0
    outer loop
      vertex 148.146 64.7518 9.04959
      vertex 148.146 64.7518 8.79558
      vertex 148.439 63.2756 9.04958
    endloop
  endfacet
  facet normal -0.980866 -0.194685 -0
    outer loop
      vertex 148.439 63.2756 9.04958
      vertex 148.146 64.7518 8.79558
      vertex 148.439 63.2756 8.79558
    endloop
  endfacet
  facet normal -0.997834 -0.0657781 -0
    outer loop
      vertex 148.439 63.2756 9.04958
      vertex 148.439 63.2756 8.79558
      vertex 148.538 61.7738 9.04958
    endloop
  endfacet
  facet normal -0.997834 -0.0657781 -0
    outer loop
      vertex 148.538 61.7738 9.04958
      vertex 148.439 63.2756 8.79558
      vertex 148.538 61.7738 8.79558
    endloop
  endfacet
  facet normal -1 -0 0
    outer loop
      vertex 148.538 61.7738 8.79558
      vertex 148.538 13.4783 8.79549
      vertex 148.538 61.7738 9.04958
    endloop
  endfacet
  facet normal -1 0 0
    outer loop
      vertex 148.538 61.7738 9.04958
      vertex 148.538 13.4783 8.79549
      vertex 148.538 13.4783 9.04949
    endloop
  endfacet
  facet normal -1 0 0
    outer loop
      vertex 148.842 13.4783 0.703945
      vertex 148.842 13.4783 8.41449
      vertex 148.842 61.7738 0.704029
    endloop
  endfacet
  facet normal -1 0 0
    outer loop
      vertex 148.842 61.7738 0.704029
      vertex 148.842 13.4783 8.41449
      vertex 148.842 61.7738 8.41458
    endloop
  endfacet
  facet normal -0.0653915 0.99786 2.5883e-06
    outer loop
      vertex 137.031 1.66727 8.41447
      vertex 138.573 1.76832 8.41447
      vertex 137.031 1.66729 0.703934
    endloop
  endfacet
  facet normal -0.0653851 0.99786 1.29415e-06
    outer loop
      vertex 137.031 1.66729 0.703934
      vertex 138.573 1.76832 8.41447
      vertex 138.573 1.76833 0.703934
    endloop
  endfacet
  facet normal -0.195126 0.980778 1.272e-06
    outer loop
      vertex 138.573 1.76833 0.703934
      vertex 138.573 1.76832 8.41447
      vertex 140.088 2.06973 8.41447
    endloop
  endfacet
  facet normal -0.195126 0.980778 1.272e-06
    outer loop
      vertex 138.573 1.76833 0.703934
      vertex 140.088 2.06973 8.41447
      vertex 140.088 2.06974 0.703934
    endloop
  endfacet
  facet normal -0.321433 0.946932 1.2281e-06
    outer loop
      vertex 140.088 2.06974 0.703934
      vertex 140.088 2.06973 8.41447
      vertex 141.551 2.56634 8.41447
    endloop
  endfacet
  facet normal -0.321433 0.946932 1.2281e-06
    outer loop
      vertex 140.088 2.06974 0.703934
      vertex 141.551 2.56634 8.41447
      vertex 141.551 2.56635 0.703934
    endloop
  endfacet
  facet normal -0.44219 0.896921 1.16324e-06
    outer loop
      vertex 141.551 2.56635 0.703934
      vertex 141.551 2.56634 8.41447
      vertex 142.937 3.24965 8.41448
    endloop
  endfacet
  facet normal -0.44219 0.896921 1.16324e-06
    outer loop
      vertex 141.551 2.56635 0.703934
      vertex 142.937 3.24965 8.41448
      vertex 142.937 3.24966 0.703934
    endloop
  endfacet
  facet normal -0.555744 0.831353 1.0782e-06
    outer loop
      vertex 142.937 3.24966 0.703934
      vertex 142.937 3.24965 8.41448
      vertex 144.221 4.10798 8.41448
    endloop
  endfacet
  facet normal -0.555744 0.831353 1.0782e-06
    outer loop
      vertex 142.937 3.24966 0.703934
      vertex 144.221 4.10798 8.41448
      vertex 144.221 4.10799 0.703934
    endloop
  endfacet
  facet normal -0.659204 0.751964 9.75241e-07
    outer loop
      vertex 144.221 4.10799 0.703934
      vertex 144.221 4.10798 8.41448
      vertex 145.383 5.12664 8.41448
    endloop
  endfacet
  facet normal -0.659204 0.751964 9.75241e-07
    outer loop
      vertex 144.221 4.10799 0.703934
      vertex 145.383 5.12664 8.41448
      vertex 145.383 5.12665 0.703934
    endloop
  endfacet
  facet normal -0.751731 0.65947 8.55283e-07
    outer loop
      vertex 145.383 5.12665 0.703934
      vertex 145.383 5.12664 8.41448
      vertex 146.402 6.2882 8.41448
    endloop
  endfacet
  facet normal -0.751731 0.65947 8.55283e-07
    outer loop
      vertex 145.383 5.12665 0.703934
      vertex 146.402 6.2882 8.41448
      vertex 146.402 6.28821 0.703934
    endloop
  endfacet
  facet normal -0.831568 0.555423 7.20342e-07
    outer loop
      vertex 146.402 6.28821 0.703934
      vertex 146.402 6.2882 8.41448
      vertex 147.26 7.57278 8.41448
    endloop
  endfacet
  facet normal -0.83157 0.55542 1.44068e-06
    outer loop
      vertex 146.402 6.28821 0.703934
      vertex 147.26 7.57278 8.41448
      vertex 147.26 7.5728 0.703938
    endloop
  endfacet
  facet normal -0.896954 0.442124 1.1468e-06
    outer loop
      vertex 147.26 7.5728 0.703938
      vertex 147.26 7.57278 8.41448
      vertex 147.943 8.95841 8.41449
    endloop
  endfacet
  facet normal -0.896953 0.442126 5.73404e-07
    outer loop
      vertex 147.26 7.5728 0.703938
      vertex 147.943 8.95841 8.41449
      vertex 147.943 8.95842 0.703938
    endloop
  endfacet
  facet normal -0.946855 0.321661 4.1717e-07
    outer loop
      vertex 147.943 8.95842 0.703938
      vertex 147.943 8.95841 8.41449
      vertex 148.44 10.4214 8.41449
    endloop
  endfacet
  facet normal -0.946854 0.321663 0
    outer loop
      vertex 147.943 8.95842 0.703938
      vertex 148.44 10.4214 8.41449
      vertex 148.44 10.4214 0.703941
    endloop
  endfacet
  facet normal -0.980834 0.194846 0
    outer loop
      vertex 148.44 10.4214 0.703941
      vertex 148.44 10.4214 8.41449
      vertex 148.741 11.9366 8.41449
    endloop
  endfacet
  facet normal -0.980834 0.194846 0
    outer loop
      vertex 148.44 10.4214 0.703941
      vertex 148.741 11.9366 8.41449
      vertex 148.741 11.9366 0.703941
    endloop
  endfacet
  facet normal -0.997861 0.065372 0
    outer loop
      vertex 148.741 11.9366 0.703941
      vertex 148.741 11.9366 8.41449
      vertex 148.842 13.4783 8.41449
    endloop
  endfacet
  facet normal -0.997861 0.065372 0
    outer loop
      vertex 148.741 11.9366 0.703941
      vertex 148.842 13.4783 8.41449
      vertex 148.842 13.4783 0.703945
    endloop
  endfacet
  facet normal 0.997859 0.0653977 0
    outer loop
      vertex 1.54007 13.4783 8.41449
      vertex 1.64111 11.9366 8.41449
      vertex 1.54007 13.4783 0.704067
    endloop
  endfacet
  facet normal 0.997859 0.0653977 0
    outer loop
      vertex 1.54007 13.4783 0.704067
      vertex 1.64111 11.9366 8.41449
      vertex 1.64111 11.9366 0.704067
    endloop
  endfacet
  facet normal 0.980783 0.195102 -0
    outer loop
      vertex 1.64111 11.9366 0.704067
      vertex 1.64111 11.9366 8.41449
      vertex 1.94252 10.4214 8.41449
    endloop
  endfacet
  facet normal 0.980783 0.195102 0
    outer loop
      vertex 1.64111 11.9366 0.704067
      vertex 1.94252 10.4214 8.41449
      vertex 1.94252 10.4214 0.704063
    endloop
  endfacet
  facet normal 0.946932 0.321435 -0
    outer loop
      vertex 1.94252 10.4214 0.704063
      vertex 1.94252 10.4214 8.41449
      vertex 2.43913 8.95841 8.41449
    endloop
  endfacet
  facet normal 0.946931 0.321437 4.16886e-07
    outer loop
      vertex 1.94252 10.4214 0.704063
      vertex 2.43913 8.95841 8.41449
      vertex 2.43913 8.95842 0.70406
    endloop
  endfacet
  facet normal 0.896872 0.44229 5.73626e-07
    outer loop
      vertex 2.43913 8.95842 0.70406
      vertex 2.43913 8.95841 8.41449
      vertex 3.12245 7.57278 8.41448
    endloop
  endfacet
  facet normal 0.896871 0.442293 1.14726e-06
    outer loop
      vertex 2.43913 8.95842 0.70406
      vertex 3.12245 7.57278 8.41448
      vertex 3.12245 7.5728 0.704056
    endloop
  endfacet
  facet normal 0.831472 0.555566 1.44108e-06
    outer loop
      vertex 3.12245 7.5728 0.704056
      vertex 3.12245 7.57278 8.41448
      vertex 3.98077 6.2882 8.41448
    endloop
  endfacet
  facet normal 0.831474 0.555563 7.20535e-07
    outer loop
      vertex 3.12245 7.5728 0.704056
      vertex 3.98077 6.2882 8.41448
      vertex 3.98077 6.28821 0.704056
    endloop
  endfacet
  facet normal 0.751837 0.659349 8.5514e-07
    outer loop
      vertex 3.98077 6.28821 0.704056
      vertex 3.98077 6.2882 8.41448
      vertex 4.99944 5.12664 8.41448
    endloop
  endfacet
  facet normal 0.751837 0.659349 8.5514e-07
    outer loop
      vertex 3.98077 6.28821 0.704056
      vertex 4.99944 5.12664 8.41448
      vertex 4.99944 5.12665 0.704052
    endloop
  endfacet
  facet normal 0.659346 0.75184 9.75095e-07
    outer loop
      vertex 4.99944 5.12665 0.704052
      vertex 4.99944 5.12664 8.41448
      vertex 6.161 4.10798 8.41448
    endloop
  endfacet
  facet normal 0.659346 0.75184 9.75095e-07
    outer loop
      vertex 4.99944 5.12665 0.704052
      vertex 6.161 4.10798 8.41448
      vertex 6.161 4.10799 0.704048
    endloop
  endfacet
  facet normal 0.555574 0.831467 1.07837e-06
    outer loop
      vertex 6.161 4.10799 0.704048
      vertex 6.161 4.10798 8.41448
      vertex 7.44557 3.24965 8.41448
    endloop
  endfacet
  facet normal 0.555574 0.831467 1.07837e-06
    outer loop
      vertex 6.161 4.10799 0.704048
      vertex 7.44557 3.24965 8.41448
      vertex 7.44557 3.24966 0.704044
    endloop
  endfacet
  facet normal 0.442288 0.896873 1.16319e-06
    outer loop
      vertex 7.44557 3.24966 0.704044
      vertex 7.44557 3.24965 8.41448
      vertex 8.83119 2.56634 8.41447
    endloop
  endfacet
  facet normal 0.442288 0.896873 1.1632e-06
    outer loop
      vertex 7.44557 3.24966 0.704044
      vertex 8.83119 2.56634 8.41447
      vertex 8.83119 2.56635 0.704044
    endloop
  endfacet
  facet normal 0.321431 0.946933 1.22812e-06
    outer loop
      vertex 8.83119 2.56635 0.704044
      vertex 8.83119 2.56634 8.41447
      vertex 10.2942 2.06973 8.41447
    endloop
  endfacet
  facet normal 0.321431 0.946933 1.22812e-06
    outer loop
      vertex 8.83119 2.56635 0.704044
      vertex 10.2942 2.06973 8.41447
      vertex 10.2942 2.06974 0.704041
    endloop
  endfacet
  facet normal 0.195102 0.980783 1.27202e-06
    outer loop
      vertex 10.2942 2.06974 0.704041
      vertex 10.2942 2.06973 8.41447
      vertex 11.8094 1.76832 8.41447
    endloop
  endfacet
  facet normal 0.195102 0.980783 1.27202e-06
    outer loop
      vertex 10.2942 2.06974 0.704041
      vertex 11.8094 1.76832 8.41447
      vertex 11.8094 1.76833 0.704041
    endloop
  endfacet
  facet normal 0.0654042 0.997859 1.29417e-06
    outer loop
      vertex 11.8094 1.76833 0.704041
      vertex 11.8094 1.76832 8.41447
      vertex 13.3511 1.66727 8.41447
    endloop
  endfacet
  facet normal 0.0653977 0.997859 2.58834e-06
    outer loop
      vertex 11.8094 1.76833 0.704041
      vertex 13.3511 1.66727 8.41447
      vertex 13.3511 1.66729 0.704037
    endloop
  endfacet
  facet normal 0.447214 1.66679e-06 -0.894427
    outer loop
      vertex 1.54007 13.4783 8.41449
      vertex 1.54007 61.7738 8.41458
      vertex 1.79407 13.4783 8.54149
    endloop
  endfacet
  facet normal 0.447214 1.66679e-06 -0.894427
    outer loop
      vertex 1.79407 13.4783 8.54149
      vertex 1.54007 61.7738 8.41458
      vertex 1.79407 61.7738 8.54158
    endloop
  endfacet
  facet normal 0.447022 -0.0292987 -0.894043
    outer loop
      vertex 1.79407 61.7738 8.54158
      vertex 1.54007 61.7738 8.41458
      vertex 1.89294 63.2823 8.54158
    endloop
  endfacet
  facet normal 0.447013 -0.0292964 -0.894047
    outer loop
      vertex 1.89294 63.2823 8.54158
      vertex 1.54007 61.7738 8.41458
      vertex 1.64111 63.3155 8.41458
    endloop
  endfacet
  facet normal 0.439356 -0.0873942 -0.894052
    outer loop
      vertex 1.89294 63.2823 8.54158
      vertex 1.64111 63.3155 8.41458
      vertex 2.18787 64.765 8.54158
    endloop
  endfacet
  facet normal 0.43935 -0.0873914 -0.894055
    outer loop
      vertex 2.18787 64.765 8.54158
      vertex 1.64111 63.3155 8.41458
      vertex 1.94252 64.8307 8.41459
    endloop
  endfacet
  facet normal 0.424192 -0.143988 -0.894052
    outer loop
      vertex 2.18787 64.765 8.54158
      vertex 1.94252 64.8307 8.41459
      vertex 2.6738 66.1965 8.54159
    endloop
  endfacet
  facet normal 0.424203 -0.143994 -0.894046
    outer loop
      vertex 2.6738 66.1965 8.54159
      vertex 1.94252 64.8307 8.41459
      vertex 2.43913 66.2937 8.41459
    endloop
  endfacet
  facet normal 0.401777 -0.198136 -0.894046
    outer loop
      vertex 2.6738 66.1965 8.54159
      vertex 2.43913 66.2937 8.41459
      vertex 3.34241 67.5523 8.54159
    endloop
  endfacet
  facet normal 0.401781 -0.198139 -0.894043
    outer loop
      vertex 3.34241 67.5523 8.54159
      vertex 2.43913 66.2937 8.41459
      vertex 3.12244 67.6793 8.41459
    endloop
  endfacet
  facet normal 0.372487 -0.248879 -0.894043
    outer loop
      vertex 3.34241 67.5523 8.54159
      vertex 3.12244 67.6793 8.41459
      vertex 4.18228 68.8093 8.54159
    endloop
  endfacet
  facet normal 0.372502 -0.248895 -0.894032
    outer loop
      vertex 4.18228 68.8093 8.54159
      vertex 3.12244 67.6793 8.41459
      vertex 3.98077 68.9639 8.41459
    endloop
  endfacet
  facet normal 0.336832 -0.295387 -0.894031
    outer loop
      vertex 4.18228 68.8093 8.54159
      vertex 3.98077 68.9639 8.41459
      vertex 5.17903 69.9459 8.54159
    endloop
  endfacet
  facet normal 0.336829 -0.295384 -0.894033
    outer loop
      vertex 5.17903 69.9459 8.54159
      vertex 3.98077 68.9639 8.41459
      vertex 4.99944 70.1255 8.41459
    endloop
  endfacet
  facet normal 0.295383 -0.336829 -0.894033
    outer loop
      vertex 5.17903 69.9459 8.54159
      vertex 4.99944 70.1255 8.41459
      vertex 6.31561 70.9426 8.5416
    endloop
  endfacet
  facet normal 0.295386 -0.336835 -0.89403
    outer loop
      vertex 6.31561 70.9426 8.5416
      vertex 4.99944 70.1255 8.41459
      vertex 6.161 71.1441 8.4146
    endloop
  endfacet
  facet normal 0.248904 -0.3725 -0.89403
    outer loop
      vertex 6.31561 70.9426 8.5416
      vertex 6.161 71.1441 8.4146
      vertex 7.57257 71.7825 8.5416
    endloop
  endfacet
  facet normal 0.248926 -0.372554 -0.894002
    outer loop
      vertex 7.57257 71.7825 8.5416
      vertex 6.161 71.1441 8.4146
      vertex 7.44557 72.0024 8.4146
    endloop
  endfacet
  facet normal 0.19817 -0.401865 -0.893998
    outer loop
      vertex 7.57257 71.7825 8.5416
      vertex 7.44557 72.0024 8.4146
      vertex 8.92841 72.4511 8.5416
    endloop
  endfacet
  facet normal 0.198133 -0.401723 -0.89407
    outer loop
      vertex 8.92841 72.4511 8.5416
      vertex 7.44557 72.0024 8.4146
      vertex 8.83119 72.6858 8.4146
    endloop
  endfacet
  facet normal 0.143975 -0.424157 -0.89407
    outer loop
      vertex 8.92841 72.4511 8.5416
      vertex 8.83119 72.6858 8.4146
      vertex 10.3599 72.937 8.5416
    endloop
  endfacet
  facet normal 0.143974 -0.424156 -0.894071
    outer loop
      vertex 10.3599 72.937 8.5416
      vertex 8.83119 72.6858 8.4146
      vertex 10.2942 73.1824 8.4146
    endloop
  endfacet
  facet normal 0.0873763 -0.439311 -0.894076
    outer loop
      vertex 10.3599 72.937 8.5416
      vertex 10.2942 73.1824 8.4146
      vertex 11.8426 73.2319 8.5416
    endloop
  endfacet
  facet normal 0.0873767 -0.439261 -0.8941
    outer loop
      vertex 11.8426 73.2319 8.5416
      vertex 10.2942 73.1824 8.4146
      vertex 11.8094 73.4838 8.4146
    endloop
  endfacet
  facet normal 0.0293005 -0.446914 -0.894097
    outer loop
      vertex 11.8426 73.2319 8.5416
      vertex 11.8094 73.4838 8.4146
      vertex 13.3511 73.3308 8.5416
    endloop
  endfacet
  facet normal 0.0292853 -0.447022 -0.894044
    outer loop
      vertex 13.3511 73.3308 8.5416
      vertex 11.8094 73.4838 8.4146
      vertex 13.3511 73.5848 8.4146
    endloop
  endfacet
  facet normal 0.0293016 0.447022 -0.894043
    outer loop
      vertex 13.3511 1.92127 8.54147
      vertex 13.3511 1.66727 8.41447
      vertex 11.8426 2.02015 8.54147
    endloop
  endfacet
  facet normal 0.0292993 0.447013 -0.894047
    outer loop
      vertex 11.8426 2.02015 8.54147
      vertex 13.3511 1.66727 8.41447
      vertex 11.8094 1.76832 8.41447
    endloop
  endfacet
  facet normal 0.0873854 0.439357 -0.894052
    outer loop
      vertex 11.8426 2.02015 8.54147
      vertex 11.8094 1.76832 8.41447
      vertex 10.3599 2.31507 8.54148
    endloop
  endfacet
  facet normal 0.0874107 0.439417 -0.89402
    outer loop
      vertex 10.3599 2.31507 8.54148
      vertex 11.8094 1.76832 8.41447
      vertex 10.2942 2.06973 8.41447
    endloop
  endfacet
  facet normal 0.144017 0.424257 -0.894016
    outer loop
      vertex 10.3599 2.31507 8.54148
      vertex 10.2942 2.06973 8.41447
      vertex 8.92841 2.801 8.54148
    endloop
  endfacet
  facet normal 0.144004 0.424234 -0.89403
    outer loop
      vertex 8.92841 2.801 8.54148
      vertex 10.2942 2.06973 8.41447
      vertex 8.83119 2.56634 8.41447
    endloop
  endfacet
  facet normal 0.198146 0.401804 -0.894031
    outer loop
      vertex 8.92841 2.801 8.54148
      vertex 8.83119 2.56634 8.41447
      vertex 7.57257 3.46962 8.54148
    endloop
  endfacet
  facet normal 0.198132 0.401785 -0.894043
    outer loop
      vertex 7.57257 3.46962 8.54148
      vertex 8.83119 2.56634 8.41447
      vertex 7.44557 3.24965 8.41448
    endloop
  endfacet
  facet normal 0.248884 0.372483 -0.894043
    outer loop
      vertex 7.57257 3.46962 8.54148
      vertex 7.44557 3.24965 8.41448
      vertex 6.31561 4.30949 8.54148
    endloop
  endfacet
  facet normal 0.248894 0.372493 -0.894036
    outer loop
      vertex 6.31561 4.30949 8.54148
      vertex 7.44557 3.24965 8.41448
      vertex 6.161 4.10798 8.41448
    endloop
  endfacet
  facet normal 0.295387 0.33682 -0.894035
    outer loop
      vertex 6.31561 4.30949 8.54148
      vertex 6.161 4.10798 8.41448
      vertex 5.17905 5.30624 8.54148
    endloop
  endfacet
  facet normal 0.295375 0.336811 -0.894043
    outer loop
      vertex 5.17905 5.30624 8.54148
      vertex 6.161 4.10798 8.41448
      vertex 4.99944 5.12664 8.41448
    endloop
  endfacet
  facet normal 0.336807 0.295377 -0.894043
    outer loop
      vertex 5.17905 5.30624 8.54148
      vertex 4.99944 5.12664 8.41448
      vertex 4.18228 6.44282 8.54148
    endloop
  endfacet
  facet normal 0.336814 0.29538 -0.89404
    outer loop
      vertex 4.18228 6.44282 8.54148
      vertex 4.99944 5.12664 8.41448
      vertex 3.98077 6.2882 8.41448
    endloop
  endfacet
  facet normal 0.37249 0.248886 -0.89404
    outer loop
      vertex 4.18228 6.44282 8.54148
      vertex 3.98077 6.2882 8.41448
      vertex 3.34242 7.69978 8.54148
    endloop
  endfacet
  facet normal 0.372484 0.248883 -0.894043
    outer loop
      vertex 3.34242 7.69978 8.54148
      vertex 3.98077 6.2882 8.41448
      vertex 3.12245 7.57278 8.41448
    endloop
  endfacet
  facet normal 0.40178 0.198142 -0.894043
    outer loop
      vertex 3.34242 7.69978 8.54148
      vertex 3.12245 7.57278 8.41448
      vertex 2.6738 9.05561 8.54149
    endloop
  endfacet
  facet normal 0.401775 0.198141 -0.894045
    outer loop
      vertex 2.6738 9.05561 8.54149
      vertex 3.12245 7.57278 8.41448
      vertex 2.43913 8.95841 8.41449
    endloop
  endfacet
  facet normal 0.424201 0.143998 -0.894046
    outer loop
      vertex 2.6738 9.05561 8.54149
      vertex 2.43913 8.95841 8.41449
      vertex 2.18787 10.4871 8.54149
    endloop
  endfacet
  facet normal 0.424218 0.144 -0.894037
    outer loop
      vertex 2.18787 10.4871 8.54149
      vertex 2.43913 8.95841 8.41449
      vertex 1.94252 10.4214 8.41449
    endloop
  endfacet
  facet normal 0.439377 0.0873983 -0.894041
    outer loop
      vertex 2.18787 10.4871 8.54149
      vertex 1.94252 10.4214 8.41449
      vertex 1.89294 11.9698 8.54149
    endloop
  endfacet
  facet normal 0.439356 0.0873985 -0.894052
    outer loop
      vertex 1.89294 11.9698 8.54149
      vertex 1.94252 10.4214 8.41449
      vertex 1.64111 11.9366 8.41449
    endloop
  endfacet
  facet normal 0.447013 0.0292981 -0.894047
    outer loop
      vertex 1.89294 11.9698 8.54149
      vertex 1.64111 11.9366 8.41449
      vertex 1.79407 13.4783 8.54149
    endloop
  endfacet
  facet normal 0.447022 0.0292969 -0.894043
    outer loop
      vertex 1.79407 13.4783 8.54149
      vertex 1.64111 11.9366 8.41449
      vertex 1.54007 13.4783 8.41449
    endloop
  endfacet
  facet normal -0 -0.447214 -0.894427
    outer loop
      vertex 137.031 73.5848 8.4146
      vertex 137.031 73.3308 8.5416
      vertex 88.7683 73.5848 8.4146
    endloop
  endfacet
  facet normal 0 -0.447214 -0.894427
    outer loop
      vertex 88.7683 73.5848 8.4146
      vertex 137.031 73.3308 8.5416
      vertex 13.3511 73.3308 8.5416
    endloop
  endfacet
  facet normal -0 -0.447214 -0.894427
    outer loop
      vertex 88.7683 73.5848 8.4146
      vertex 13.3511 73.3308 8.5416
      vertex 13.3511 73.5848 8.4146
    endloop
  endfacet
  facet normal -0.0292978 -0.447022 -0.894043
    outer loop
      vertex 137.031 73.3308 8.5416
      vertex 137.031 73.5848 8.4146
      vertex 138.54 73.2319 8.5416
    endloop
  endfacet
  facet normal -0.029312 -0.447073 -0.894017
    outer loop
      vertex 138.54 73.2319 8.5416
      vertex 137.031 73.5848 8.4146
      vertex 138.573 73.4837 8.4146
    endloop
  endfacet
  facet normal -0.0873872 -0.439455 -0.894004
    outer loop
      vertex 138.54 73.2319 8.5416
      vertex 138.573 73.4837 8.4146
      vertex 140.023 72.937 8.5416
    endloop
  endfacet
  facet normal -0.0874619 -0.439631 -0.89391
    outer loop
      vertex 140.023 72.937 8.5416
      vertex 138.573 73.4837 8.4146
      vertex 140.088 73.1823 8.4146
    endloop
  endfacet
  facet normal -0.144192 -0.424564 -0.893842
    outer loop
      vertex 140.023 72.937 8.5416
      vertex 140.088 73.1823 8.4146
      vertex 141.454 72.451 8.5416
    endloop
  endfacet
  facet normal -0.144008 -0.424252 -0.89402
    outer loop
      vertex 141.454 72.451 8.5416
      vertex 140.088 73.1823 8.4146
      vertex 141.551 72.6857 8.4146
    endloop
  endfacet
  facet normal -0.198147 -0.401866 -0.894003
    outer loop
      vertex 141.454 72.451 8.5416
      vertex 141.551 72.6857 8.4146
      vertex 142.81 71.7824 8.5416
    endloop
  endfacet
  facet normal -0.198075 -0.401774 -0.894061
    outer loop
      vertex 142.81 71.7824 8.5416
      vertex 141.551 72.6857 8.4146
      vertex 142.937 72.0024 8.4146
    endloop
  endfacet
  facet normal -0.248844 -0.372466 -0.894061
    outer loop
      vertex 142.81 71.7824 8.5416
      vertex 142.937 72.0024 8.4146
      vertex 144.067 70.9426 8.5416
    endloop
  endfacet
  facet normal -0.249235 -0.372851 -0.893792
    outer loop
      vertex 144.067 70.9426 8.5416
      vertex 142.937 72.0024 8.4146
      vertex 144.221 71.1441 8.4146
    endloop
  endfacet
  facet normal -0.295869 -0.337177 -0.893741
    outer loop
      vertex 144.067 70.9426 8.5416
      vertex 144.221 71.1441 8.4146
      vertex 145.203 69.9458 8.54159
    endloop
  endfacet
  facet normal -0.295086 -0.336586 -0.894223
    outer loop
      vertex 145.203 69.9458 8.54159
      vertex 144.221 71.1441 8.4146
      vertex 145.383 70.1254 8.41459
    endloop
  endfacet
  facet normal -0.336463 -0.295138 -0.894252
    outer loop
      vertex 145.203 69.9458 8.54159
      vertex 145.383 70.1254 8.41459
      vertex 146.2 68.8092 8.54159
    endloop
  endfacet
  facet normal -0.336397 -0.2951 -0.894289
    outer loop
      vertex 146.2 68.8092 8.54159
      vertex 145.383 70.1254 8.41459
      vertex 146.402 68.9638 8.41459
    endloop
  endfacet
  facet normal -0.371998 -0.24861 -0.894321
    outer loop
      vertex 146.2 68.8092 8.54159
      vertex 146.402 68.9638 8.41459
      vertex 147.04 67.5523 8.54159
    endloop
  endfacet
  facet normal -0.372488 -0.248808 -0.894062
    outer loop
      vertex 147.04 67.5523 8.54159
      vertex 146.402 68.9638 8.41459
      vertex 147.26 67.6793 8.41459
    endloop
  endfacet
  facet normal -0.401703 -0.1982 -0.894064
    outer loop
      vertex 147.04 67.5523 8.54159
      vertex 147.26 67.6793 8.41459
      vertex 147.709 66.1964 8.54159
    endloop
  endfacet
  facet normal -0.402576 -0.198427 -0.893621
    outer loop
      vertex 147.709 66.1964 8.54159
      vertex 147.26 67.6793 8.41459
      vertex 147.943 66.2936 8.41459
    endloop
  endfacet
  facet normal -0.425046 -0.144299 -0.893596
    outer loop
      vertex 147.709 66.1964 8.54159
      vertex 147.943 66.2936 8.41459
      vertex 148.195 64.7649 8.54158
    endloop
  endfacet
  facet normal -0.424561 -0.144239 -0.893836
    outer loop
      vertex 148.195 64.7649 8.54158
      vertex 147.943 66.2936 8.41459
      vertex 148.44 64.8307 8.41459
    endloop
  endfacet
  facet normal -0.439793 -0.0875019 -0.893826
    outer loop
      vertex 148.195 64.7649 8.54158
      vertex 148.44 64.8307 8.41459
      vertex 148.49 63.2822 8.54158
    endloop
  endfacet
  facet normal -0.440505 -0.0874962 -0.893476
    outer loop
      vertex 148.49 63.2822 8.54158
      vertex 148.44 64.8307 8.41459
      vertex 148.741 63.3154 8.41458
    endloop
  endfacet
  facet normal -0.448214 -0.0291202 -0.893452
    outer loop
      vertex 148.49 63.2822 8.54158
      vertex 148.741 63.3154 8.41458
      vertex 148.588 61.7738 8.54158
    endloop
  endfacet
  facet normal -0.447022 -0.0292872 -0.894044
    outer loop
      vertex 148.588 61.7738 8.54158
      vertex 148.741 63.3154 8.41458
      vertex 148.842 61.7738 8.41458
    endloop
  endfacet
  facet normal -0.265503 0.374828 -0.888264
    outer loop
      vertex 143.617 3.98111 8.54148
      vertex 143.767 4.08736 8.54148
      vertex 144.221 4.10798 8.41448
    endloop
  endfacet
  facet normal -0.267516 0.34213 -0.900768
    outer loop
      vertex 144.221 4.10798 8.41448
      vertex 143.767 4.08736 8.54148
      vertex 144.498 4.52814 8.4918
    endloop
  endfacet
  facet normal -0.330669 0.377199 -0.865089
    outer loop
      vertex 144.221 4.10798 8.41448
      vertex 144.498 4.52814 8.4918
      vertex 145.383 5.12664 8.41448
    endloop
  endfacet
  facet normal -0.331504 0.378552 -0.864178
    outer loop
      vertex 145.383 5.12664 8.41448
      vertex 144.498 4.52814 8.4918
      vertex 145.169 5.03555 8.45667
    endloop
  endfacet
  facet normal -0.30284 0.291155 -0.907478
    outer loop
      vertex 145.383 5.12664 8.41448
      vertex 145.169 5.03555 8.45667
      vertex 145.77 5.59556 8.43578
    endloop
  endfacet
  facet normal -0.569941 0.499992 -0.652054
    outer loop
      vertex 145.383 5.12664 8.41448
      vertex 145.77 5.59556 8.43578
      vertex 146.402 6.2882 8.41448
    endloop
  endfacet
  facet normal -0.376422 0.316693 -0.870639
    outer loop
      vertex 146.402 6.2882 8.41448
      vertex 145.77 5.59556 8.43578
      vertex 146.313 6.22104 8.42853
    endloop
  endfacet
  facet normal -0.321369 0.233911 -0.91761
    outer loop
      vertex 146.402 6.2882 8.41448
      vertex 146.313 6.22104 8.42853
      vertex 146.799 6.91441 8.43507
    endloop
  endfacet
  facet normal -0.630913 0.421401 -0.651437
    outer loop
      vertex 146.402 6.2882 8.41448
      vertex 146.799 6.91441 8.43507
      vertex 147.26 7.57278 8.41448
    endloop
  endfacet
  facet normal -0.370449 0.231259 -0.899604
    outer loop
      vertex 147.26 7.57278 8.41448
      vertex 146.799 6.91441 8.43507
      vertex 147.216 7.6635 8.45592
    endloop
  endfacet
  facet normal -0.414285 0.204214 -0.886941
    outer loop
      vertex 147.26 7.57278 8.41448
      vertex 147.216 7.6635 8.45592
      vertex 147.943 8.95841 8.41449
    endloop
  endfacet
  facet normal -0.471272 0.237408 -0.849435
    outer loop
      vertex 147.943 8.95841 8.41449
      vertex 147.216 7.6635 8.45592
      vertex 147.551 8.45598 8.49155
    endloop
  endfacet
  facet normal -0.401682 0.175543 -0.898797
    outer loop
      vertex 147.943 8.95841 8.41449
      vertex 147.551 8.45598 8.49155
      vertex 147.798 9.27687 8.54149
    endloop
  endfacet
  facet normal -0.42635 0.160859 -0.89014
    outer loop
      vertex 147.798 9.27687 8.54149
      vertex 147.863 9.44915 8.54149
      vertex 147.943 8.95841 8.41449
    endloop
  endfacet
  facet normal -0.452255 0.153638 -0.878556
    outer loop
      vertex 147.943 8.95841 8.41449
      vertex 147.863 9.44915 8.54149
      vertex 148.44 10.4214 8.41449
    endloop
  endfacet
  facet normal -0.430371 0.138907 -0.8919
    outer loop
      vertex 148.44 10.4214 8.41449
      vertex 147.863 9.44915 8.54149
      vertex 148.179 10.4282 8.54149
    endloop
  endfacet
  facet normal -0.433365 0.0980698 -0.895867
    outer loop
      vertex 148.44 10.4214 8.41449
      vertex 148.179 10.4282 8.54149
      vertex 148.406 11.4313 8.54149
    endloop
  endfacet
  facet normal -0.47392 0.0941458 -0.875521
    outer loop
      vertex 148.44 10.4214 8.41449
      vertex 148.406 11.4313 8.54149
      vertex 148.741 11.9366 8.41449
    endloop
  endfacet
  facet normal -0.428707 0.0576151 -0.901605
    outer loop
      vertex 148.741 11.9366 8.41449
      vertex 148.406 11.4313 8.54149
      vertex 148.543 12.4507 8.54149
    endloop
  endfacet
  facet normal -0.480448 0.0314752 -0.876458
    outer loop
      vertex 148.741 11.9366 8.41449
      vertex 148.543 12.4507 8.54149
      vertex 148.842 13.4783 8.41449
    endloop
  endfacet
  facet normal -0.447128 0.0195803 -0.894256
    outer loop
      vertex 148.842 13.4783 8.41449
      vertex 148.543 12.4507 8.54149
      vertex 148.588 13.4783 8.54149
    endloop
  endfacet
  facet normal -0.26846 0.401597 -0.875585
    outer loop
      vertex 144.221 4.10798 8.41448
      vertex 142.937 3.24965 8.41448
      vertex 143.617 3.98111 8.54148
    endloop
  endfacet
  facet normal -0.243441 0.381167 -0.891879
    outer loop
      vertex 143.617 3.98111 8.54148
      vertex 142.937 3.24965 8.41448
      vertex 142.879 3.50977 8.54148
    endloop
  endfacet
  facet normal -0.209661 0.390839 -0.896263
    outer loop
      vertex 142.879 3.50977 8.54148
      vertex 142.937 3.24965 8.41448
      vertex 142.107 3.09564 8.54148
    endloop
  endfacet
  facet normal -0.214545 0.435188 -0.874403
    outer loop
      vertex 142.107 3.09564 8.54148
      vertex 142.937 3.24965 8.41448
      vertex 141.551 2.56634 8.41447
    endloop
  endfacet
  facet normal -0.178572 0.402972 -0.897622
    outer loop
      vertex 142.107 3.09564 8.54148
      vertex 141.551 2.56634 8.41447
      vertex 141.307 2.74113 8.54148
    endloop
  endfacet
  facet normal -0.153175 0.431995 -0.888773
    outer loop
      vertex 141.307 2.74113 8.54148
      vertex 141.551 2.56634 8.41447
      vertex 140.481 2.44825 8.54148
    endloop
  endfacet
  facet normal -0.154297 0.454556 -0.877252
    outer loop
      vertex 140.481 2.44825 8.54148
      vertex 141.551 2.56634 8.41447
      vertex 140.088 2.06973 8.41447
    endloop
  endfacet
  facet normal -0.114267 0.42063 -0.900007
    outer loop
      vertex 140.481 2.44825 8.54148
      vertex 140.088 2.06973 8.41447
      vertex 139.636 2.2187 8.54148
    endloop
  endfacet
  facet normal -0.0929894 0.4674 -0.879142
    outer loop
      vertex 139.636 2.2187 8.54148
      vertex 140.088 2.06973 8.41447
      vertex 138.573 1.76832 8.41447
    endloop
  endfacet
  facet normal -0.0874893 0.456226 -0.885552
    outer loop
      vertex 139.636 2.2187 8.54148
      vertex 138.573 1.76832 8.41447
      vertex 138.776 2.05378 8.54148
    endloop
  endfacet
  facet normal -0.0496879 0.435291 -0.898918
    outer loop
      vertex 138.776 2.05378 8.54148
      vertex 138.573 1.76832 8.41447
      vertex 137.906 1.95445 8.54147
    endloop
  endfacet
  facet normal -0.0316777 0.483395 -0.874829
    outer loop
      vertex 137.906 1.95445 8.54147
      vertex 138.573 1.76832 8.41447
      vertex 137.031 1.66727 8.41447
    endloop
  endfacet
  facet normal -0.0169559 0.447149 -0.894299
    outer loop
      vertex 137.906 1.95445 8.54147
      vertex 137.031 1.66727 8.41447
      vertex 137.031 1.92127 8.54147
    endloop
  endfacet
  facet normal -0.447214 1.66679e-06 -0.894427
    outer loop
      vertex 148.588 61.7738 8.54158
      vertex 148.842 61.7738 8.41458
      vertex 148.588 13.4783 8.54149
    endloop
  endfacet
  facet normal -0.447214 1.66679e-06 -0.894427
    outer loop
      vertex 148.588 13.4783 8.54149
      vertex 148.842 61.7738 8.41458
      vertex 148.842 13.4783 8.41449
    endloop
  endfacet
  facet normal 0 -1 0
    outer loop
      vertex 106.655 0.762001 2.8768
      vertex 106.655 0.762001 2.6228
      vertex 107.788 0.762001 2.8768
    endloop
  endfacet
  facet normal 0 -1 -0
    outer loop
      vertex 107.788 0.762001 2.8768
      vertex 106.655 0.762001 2.6228
      vertex 108.294 0.762001 2.89404
    endloop
  endfacet
  facet normal 0 -1 -0
    outer loop
      vertex 108.294 0.762001 2.89404
      vertex 106.655 0.762001 2.6228
      vertex 108.698 0.762001 2.94223
    endloop
  endfacet
  facet normal 1.73619e-07 -1 -1.11043e-06
    outer loop
      vertex 108.698 0.762001 2.94223
      vertex 106.655 0.762001 2.6228
      vertex 139.207 0.762009 0.507999
    endloop
  endfacet
  facet normal 1.99481e-07 -1 -7.86302e-07
    outer loop
      vertex 108.698 0.762001 2.94223
      vertex 139.207 0.762009 0.507999
      vertex 108.993 0.762001 3.01707
    endloop
  endfacet
  facet normal 2.25753e-07 -1 -4.69931e-07
    outer loop
      vertex 108.993 0.762001 3.01707
      vertex 139.207 0.762009 0.507999
      vertex 109.119 0.762001 3.0776
    endloop
  endfacet
  facet normal 2.3783e-07 -1 -3.28526e-07
    outer loop
      vertex 109.119 0.762001 3.0776
      vertex 139.207 0.762009 0.507999
      vertex 109.147 0.762001 3.09787
    endloop
  endfacet
  facet normal 2.45671e-07 -1 -2.37513e-07
    outer loop
      vertex 109.147 0.762001 3.09787
      vertex 139.207 0.762009 0.507999
      vertex 109.17 0.762001 3.12166
    endloop
  endfacet
  facet normal 2.50109e-07 -1 -1.86509e-07
    outer loop
      vertex 109.17 0.762001 3.12166
      vertex 139.207 0.762009 0.507999
      vertex 109.18 0.762001 3.13507
    endloop
  endfacet
  facet normal 2.54263e-07 -1 -1.39036e-07
    outer loop
      vertex 109.18 0.762001 3.13507
      vertex 139.207 0.762009 0.507999
      vertex 109.188 0.762001 3.1497
    endloop
  endfacet
  facet normal 2.59201e-07 -1 -8.29178e-08
    outer loop
      vertex 109.188 0.762001 3.1497
      vertex 139.207 0.762009 0.507999
      vertex 109.193 0.762001 3.16533
    endloop
  endfacet
  facet normal 2.63673e-07 -1 -3.24121e-08
    outer loop
      vertex 109.193 0.762001 3.16533
      vertex 139.207 0.762009 0.507999
      vertex 109.195 0.762001 3.1816
    endloop
  endfacet
  facet normal 2.6656e-07 -1 0
    outer loop
      vertex 109.195 0.762001 3.1816
      vertex 139.207 0.762009 0.507999
      vertex 109.195 0.762001 6.0264
    endloop
  endfacet
  facet normal -8.84301e-08 -1 -1.93063e-06
    outer loop
      vertex 109.195 0.762001 6.0264
      vertex 139.207 0.762009 0.507999
      vertex 139.207 0.761993 8.79547
    endloop
  endfacet
  facet normal -2.6442e-07 -1 -2.31947e-08
    outer loop
      vertex 109.195 0.762001 6.0264
      vertex 139.207 0.761993 8.79547
      vertex 109.194 0.762001 6.0378
    endloop
  endfacet
  facet normal -2.60126e-07 -1 -6.99264e-08
    outer loop
      vertex 109.194 0.762001 6.0378
      vertex 139.207 0.761993 8.79547
      vertex 109.191 0.762001 6.04896
    endloop
  endfacet
  facet normal 3.34248e-05 -1 -0.000368205
    outer loop
      vertex 109.191 0.762001 6.04896
      vertex 139.207 0.761993 8.79547
      vertex 109.182 0.761993 6.06987
    endloop
  endfacet
  facet normal 0 -1 0
    outer loop
      vertex 109.182 0.761993 6.06987
      vertex 139.207 0.761993 8.79547
      vertex 109.169 0.761993 6.08854
    endloop
  endfacet
  facet normal 0 -1 0
    outer loop
      vertex 109.169 0.761993 6.08854
      vertex 139.207 0.761993 8.79547
      vertex 109.152 0.761993 6.10513
    endloop
  endfacet
  facet normal 0 -1 0
    outer loop
      vertex 109.152 0.761993 6.10513
      vertex 139.207 0.761993 8.79547
      vertex 109.113 0.761993 6.13413
    endloop
  endfacet
  facet normal 0 -1 0
    outer loop
      vertex 109.113 0.761993 6.13413
      vertex 139.207 0.761993 8.79547
      vertex 109.072 0.761993 6.15741
    endloop
  endfacet
  facet normal 0 -1 0
    outer loop
      vertex 109.072 0.761993 6.15741
      vertex 139.207 0.761993 8.79547
      vertex 108.888 0.761993 6.22426
    endloop
  endfacet
  facet normal 0 -1 0
    outer loop
      vertex 108.888 0.761993 6.22426
      vertex 139.207 0.761993 8.79547
      vertex 108.567 0.761993 6.28614
    endloop
  endfacet
  facet normal -1.4379e-06 -1 1.75574e-05
    outer loop
      vertex 108.567 0.761993 6.28614
      vertex 139.207 0.761993 8.79547
      vertex 106.655 0.762001 6.5852
    endloop
  endfacet
  facet normal 6.22164e-06 -1 6.65277e-05
    outer loop
      vertex 108.567 0.761993 6.28614
      vertex 106.655 0.762001 6.5852
      vertex 108.209 0.761993 6.31962
    endloop
  endfacet
  facet normal 9.87487e-07 -1 3.59009e-05
    outer loop
      vertex 108.209 0.761993 6.31962
      vertex 106.655 0.762001 6.5852
      vertex 107.788 0.761993 6.3312
    endloop
  endfacet
  facet normal 0 -1 3.14961e-05
    outer loop
      vertex 107.788 0.761993 6.3312
      vertex 106.655 0.762001 6.5852
      vertex 106.655 0.761993 6.3312
    endloop
  endfacet
  facet normal -0 -1 -3.78286e-06
    outer loop
      vertex 106.655 0.762001 2.6228
      vertex 86.8429 0.762001 2.6228
      vertex 139.207 0.762009 0.507999
    endloop
  endfacet
  facet normal -0 -1 -3.78286e-06
    outer loop
      vertex 139.207 0.762009 0.507999
      vertex 86.8429 0.762001 2.6228
      vertex 10.922 0.762009 0.507999
    endloop
  endfacet
  facet normal -8.94436e-08 -1 -5.71856e-07
    outer loop
      vertex 10.922 0.762009 0.507999
      vertex 86.8429 0.762001 2.6228
      vertex 84.9308 0.762001 2.92187
    endloop
  endfacet
  facet normal -9.24736e-08 -1 -4.78956e-07
    outer loop
      vertex 10.922 0.762009 0.507999
      vertex 84.9308 0.762001 2.92187
      vertex 84.6103 0.762001 2.98375
    endloop
  endfacet
  facet normal -0 -1 -0
    outer loop
      vertex 86.8429 0.762001 2.8768
      vertex 85.7093 0.762001 2.8768
      vertex 86.8429 0.762001 2.6228
    endloop
  endfacet
  facet normal 0 -1 0
    outer loop
      vertex 86.8429 0.762001 2.6228
      vertex 85.7093 0.762001 2.8768
      vertex 85.2891 0.762001 2.88839
    endloop
  endfacet
  facet normal 0 -1 0
    outer loop
      vertex 86.8429 0.762001 2.6228
      vertex 85.2891 0.762001 2.88839
      vertex 84.9308 0.762001 2.92187
    endloop
  endfacet
  facet normal -9.93528e-08 -1 -2.74205e-07
    outer loop
      vertex 84.6103 0.762001 2.98375
      vertex 84.4258 0.762001 3.0506
      vertex 10.922 0.762009 0.507999
    endloop
  endfacet
  facet normal -1.02516e-07 -1 -1.8275e-07
    outer loop
      vertex 10.922 0.762009 0.507999
      vertex 84.4258 0.762001 3.0506
      vertex 84.3843 0.762001 3.07388
    endloop
  endfacet
  facet normal -1.04048e-07 -1 -1.38898e-07
    outer loop
      vertex 10.922 0.762009 0.507999
      vertex 84.3843 0.762001 3.07388
      vertex 84.3456 0.762001 3.10287
    endloop
  endfacet
  facet normal -1.05303e-07 -1 -1.03399e-07
    outer loop
      vertex 84.3456 0.762001 3.10287
      vertex 84.3293 0.762001 3.11947
      vertex 10.922 0.762009 0.507999
    endloop
  endfacet
  facet normal -1.06228e-07 -1 -7.7381e-08
    outer loop
      vertex 10.922 0.762009 0.507999
      vertex 84.3293 0.762001 3.11947
      vertex 84.3157 0.762001 3.13814
    endloop
  endfacet
  facet normal -1.0729e-07 -1 -4.77416e-08
    outer loop
      vertex 10.922 0.762009 0.507999
      vertex 84.3157 0.762001 3.13814
      vertex 84.3064 0.762001 3.15904
    endloop
  endfacet
  facet normal -1.08106e-07 -1 -2.51634e-08
    outer loop
      vertex 84.3064 0.762001 3.15904
      vertex 84.3038 0.762001 3.17021
      vertex 10.922 0.762009 0.507999
    endloop
  endfacet
  facet normal -1.08707e-07 -1 -8.58968e-09
    outer loop
      vertex 10.922 0.762009 0.507999
      vertex 84.3038 0.762001 3.17021
      vertex 84.3029 0.762001 3.1816
    endloop
  endfacet
  facet normal -1.0902e-07 -1 0
    outer loop
      vertex 10.922 0.762009 0.507999
      vertex 84.3029 0.762001 3.1816
      vertex 84.3029 0.762001 6.0264
    endloop
  endfacet
  facet normal 3.6167e-08 -1 -1.93063e-06
    outer loop
      vertex 10.922 0.762009 0.507999
      vertex 84.3029 0.762001 6.0264
      vertex 10.922 0.761993 8.79547
    endloop
  endfacet
  facet normal 1.08567e-07 -1 -1.20037e-08
    outer loop
      vertex 10.922 0.761993 8.79547
      vertex 84.3029 0.762001 6.0264
      vertex 84.3047 0.762001 6.04268
    endloop
  endfacet
  facet normal -1.88605e-05 -1 -0.000505682
    outer loop
      vertex 10.922 0.761993 8.79547
      vertex 84.3047 0.762001 6.04268
      vertex 84.3098 0.761993 6.05831
    endloop
  endfacet
  facet normal 0 -1 0
    outer loop
      vertex 84.3098 0.761993 6.05831
      vertex 84.3176 0.761993 6.07294
      vertex 10.922 0.761993 8.79547
    endloop
  endfacet
  facet normal 0 -1 0
    outer loop
      vertex 10.922 0.761993 8.79547
      vertex 84.3176 0.761993 6.07294
      vertex 84.3275 0.761993 6.08635
    endloop
  endfacet
  facet normal 0 -1 0
    outer loop
      vertex 10.922 0.761993 8.79547
      vertex 84.3275 0.761993 6.08635
      vertex 84.3513 0.761993 6.11013
    endloop
  endfacet
  facet normal 0 -1 0
    outer loop
      vertex 84.3513 0.761993 6.11013
      vertex 84.3786 0.761993 6.13041
      vertex 10.922 0.761993 8.79547
    endloop
  endfacet
  facet normal 0 -1 0
    outer loop
      vertex 10.922 0.761993 8.79547
      vertex 84.3786 0.761993 6.13041
      vertex 84.5044 0.761993 6.19094
    endloop
  endfacet
  facet normal 0 -1 0
    outer loop
      vertex 10.922 0.761993 8.79547
      vertex 84.5044 0.761993 6.19094
      vertex 84.7995 0.761993 6.26578
    endloop
  endfacet
  facet normal 7.03495e-07 -1 2.0545e-05
    outer loop
      vertex 10.922 0.761993 8.79547
      vertex 84.7995 0.761993 6.26578
      vertex 86.8429 0.762001 6.5852
    endloop
  endfacet
  facet normal -1.25851e-05 -1 0.000105555
    outer loop
      vertex 86.8429 0.762001 6.5852
      vertex 84.7995 0.761993 6.26578
      vertex 85.2036 0.761993 6.31396
    endloop
  endfacet
  facet normal -1.26611e-06 -1 3.71462e-05
    outer loop
      vertex 86.8429 0.762001 6.5852
      vertex 85.2036 0.761993 6.31396
      vertex 85.7094 0.761993 6.3312
    endloop
  endfacet
  facet normal 0 -1 3.14961e-05
    outer loop
      vertex 85.7094 0.761993 6.3312
      vertex 86.8429 0.761993 6.3312
      vertex 86.8429 0.762001 6.5852
    endloop
  endfacet
  facet normal 0 -1 -3.61947e-06
    outer loop
      vertex 10.922 0.761993 8.79547
      vertex 86.8429 0.762001 6.5852
      vertex 139.207 0.761993 8.79547
    endloop
  endfacet
  facet normal 0 -1 -3.61947e-06
    outer loop
      vertex 139.207 0.761993 8.79547
      vertex 86.8429 0.762001 6.5852
      vertex 106.655 0.762001 6.5852
    endloop
  endfacet
  facet normal -9.4849e-08 1 2.11667e-06
    outer loop
      vertex 86.4619 1.66729 2.2418
      vertex 13.3511 1.66727 8.41447
      vertex 86.4619 1.66728 6.9662
    endloop
  endfacet
  facet normal 0 1 6.90479e-06
    outer loop
      vertex 86.4619 1.66728 6.9662
      vertex 13.3511 1.66727 8.41447
      vertex 137.031 1.66727 8.41447
    endloop
  endfacet
  facet normal -0 1 6.90479e-06
    outer loop
      vertex 86.4619 1.66728 6.9662
      vertex 137.031 1.66727 8.41447
      vertex 107.036 1.66728 6.9662
    endloop
  endfacet
  facet normal 2.31188e-07 1 2.11667e-06
    outer loop
      vertex 107.036 1.66728 6.9662
      vertex 137.031 1.66727 8.41447
      vertex 107.036 1.66729 2.2418
    endloop
  endfacet
  facet normal 1.32989e-07 1 2.59385e-06
    outer loop
      vertex 107.036 1.66729 2.2418
      vertex 137.031 1.66727 8.41447
      vertex 137.031 1.66729 0.703934
    endloop
  endfacet
  facet normal 0 1 0
    outer loop
      vertex 107.036 1.66729 2.2418
      vertex 137.031 1.66729 0.703934
      vertex 86.4619 1.66729 2.2418
    endloop
  endfacet
  facet normal 0 1 0
    outer loop
      vertex 86.4619 1.66729 2.2418
      vertex 137.031 1.66729 0.703934
      vertex 13.3511 1.66729 0.704037
    endloop
  endfacet
  facet normal -5.45581e-08 1 2.59389e-06
    outer loop
      vertex 86.4619 1.66729 2.2418
      vertex 13.3511 1.66729 0.704037
      vertex 13.3511 1.66727 8.41447
    endloop
  endfacet
  facet normal 0 -1 -0
    outer loop
      vertex 122.834 73.5848 7.84769
      vertex 120.52 73.5848 4.82803
      vertex 122.834 73.5848 1.49165
    endloop
  endfacet
  facet normal 0 -1 0
    outer loop
      vertex 122.834 73.5848 1.49165
      vertex 120.52 73.5848 4.82803
      vertex 120.52 73.5848 3.92278
    endloop
  endfacet
  facet normal 0 -1 0
    outer loop
      vertex 122.834 73.5848 1.49165
      vertex 120.52 73.5848 3.92278
      vertex 120.459 73.5848 3.45418
    endloop
  endfacet
  facet normal 0 -1 0
    outer loop
      vertex 123.227 73.5848 7.84769
      vertex 125.628 73.5848 8.10355
      vertex 122.834 73.5848 7.84769
    endloop
  endfacet
  facet normal 0 -1 0
    outer loop
      vertex 122.834 73.5848 7.84769
      vertex 125.628 73.5848 8.10355
      vertex 88.7683 73.5848 8.4146
    endloop
  endfacet
  facet normal -0 -1 0
    outer loop
      vertex 122.834 73.5848 7.84769
      vertex 88.7683 73.5848 8.4146
      vertex 110.003 73.5848 6.5852
    endloop
  endfacet
  facet normal 0 -1 0
    outer loop
      vertex 110.003 73.5848 6.5852
      vertex 88.7683 73.5848 8.4146
      vertex 81.7833 73.5848 6.5852
    endloop
  endfacet
  facet normal 0 -1 0
    outer loop
      vertex 81.7833 73.5848 6.5852
      vertex 88.7683 73.5848 8.4146
      vertex 13.3511 73.5848 8.4146
    endloop
  endfacet
  facet normal -0 -1 0
    outer loop
      vertex 81.7833 73.5848 6.5852
      vertex 13.3511 73.5848 8.4146
      vertex 13.3511 73.5848 0.704166
    endloop
  endfacet
  facet normal 0 -1 0
    outer loop
      vertex 123.227 73.5848 7.84769
      vertex 123.735 73.5848 7.84769
      vertex 125.628 73.5848 8.10355
    endloop
  endfacet
  facet normal 0 -1 -0
    outer loop
      vertex 125.628 73.5848 8.10355
      vertex 123.735 73.5848 7.84769
      vertex 125.628 73.5848 7.84769
    endloop
  endfacet
  facet normal 0 -1 0
    outer loop
      vertex 88.7683 73.5848 8.4146
      vertex 125.628 73.5848 8.10355
      vertex 137.031 73.5848 8.4146
    endloop
  endfacet
  facet normal 0 -1 0
    outer loop
      vertex 137.031 73.5848 8.4146
      vertex 125.628 73.5848 8.10355
      vertex 128.93 73.5848 8.10355
    endloop
  endfacet
  facet normal 0 -1 0
    outer loop
      vertex 137.031 73.5848 8.4146
      vertex 128.93 73.5848 8.10355
      vertex 128.93 73.5848 1.47647
    endloop
  endfacet
  facet normal 0 -1 -0
    outer loop
      vertex 137.031 73.5848 8.4146
      vertex 128.93 73.5848 1.47647
      vertex 137.031 73.5848 0.70406
    endloop
  endfacet
  facet normal 0 -1 0
    outer loop
      vertex 137.031 73.5848 0.70406
      vertex 128.93 73.5848 1.47647
      vertex 125.628 73.5848 1.47647
    endloop
  endfacet
  facet normal 0 -1 0
    outer loop
      vertex 137.031 73.5848 0.70406
      vertex 125.628 73.5848 1.47647
      vertex 123.227 73.5848 1.49165
    endloop
  endfacet
  facet normal 0 -1 0
    outer loop
      vertex 123.227 73.5848 1.49165
      vertex 125.628 73.5848 1.47647
      vertex 123.735 73.5848 1.49165
    endloop
  endfacet
  facet normal 0 -1 0
    outer loop
      vertex 123.735 73.5848 1.49165
      vertex 125.628 73.5848 1.47647
      vertex 125.628 73.5848 1.49165
    endloop
  endfacet
  facet normal -0 -1 -0
    outer loop
      vertex 123.227 73.5848 1.49165
      vertex 122.834 73.5848 1.49165
      vertex 137.031 73.5848 0.70406
    endloop
  endfacet
  facet normal 0 -1 0
    outer loop
      vertex 137.031 73.5848 0.70406
      vertex 122.834 73.5848 1.49165
      vertex 81.7833 73.5848 2.1656
    endloop
  endfacet
  facet normal 0 -1 0
    outer loop
      vertex 137.031 73.5848 0.70406
      vertex 81.7833 73.5848 2.1656
      vertex 13.3511 73.5848 0.704166
    endloop
  endfacet
  facet normal 0 -1 0
    outer loop
      vertex 13.3511 73.5848 0.704166
      vertex 81.7833 73.5848 2.1656
      vertex 81.7833 73.5848 6.5852
    endloop
  endfacet
  facet normal 0 -1 0
    outer loop
      vertex 110.003 73.5848 2.1656
      vertex 112.522 73.5848 3.92278
      vertex 110.003 73.5848 6.5852
    endloop
  endfacet
  facet normal 0 -1 0
    outer loop
      vertex 110.003 73.5848 6.5852
      vertex 112.522 73.5848 3.92278
      vertex 112.522 73.5848 4.82803
    endloop
  endfacet
  facet normal 0 -1 0
    outer loop
      vertex 110.003 73.5848 6.5852
      vertex 112.522 73.5848 4.82803
      vertex 112.583 73.5848 5.29663
    endloop
  endfacet
  facet normal 0 -1 0
    outer loop
      vertex 81.7833 73.5848 2.1656
      vertex 122.834 73.5848 1.49165
      vertex 110.003 73.5848 2.1656
    endloop
  endfacet
  facet normal 0 -1 0
    outer loop
      vertex 110.003 73.5848 2.1656
      vertex 122.834 73.5848 1.49165
      vertex 114.332 73.5848 2.11226
    endloop
  endfacet
  facet normal 0 -1 0
    outer loop
      vertex 110.003 73.5848 2.1656
      vertex 114.332 73.5848 2.11226
      vertex 113.863 73.5848 2.17396
    endloop
  endfacet
  facet normal 0 -1 0
    outer loop
      vertex 112.583 73.5848 5.29663
      vertex 112.764 73.5848 5.73329
      vertex 110.003 73.5848 6.5852
    endloop
  endfacet
  facet normal 0 -1 0
    outer loop
      vertex 110.003 73.5848 6.5852
      vertex 112.764 73.5848 5.73329
      vertex 113.052 73.5848 6.10826
    endloop
  endfacet
  facet normal 0 -1 0
    outer loop
      vertex 110.003 73.5848 6.5852
      vertex 113.052 73.5848 6.10826
      vertex 113.427 73.5848 6.39598
    endloop
  endfacet
  facet normal 0 -1 0
    outer loop
      vertex 113.427 73.5848 6.39598
      vertex 113.863 73.5848 6.57685
      vertex 110.003 73.5848 6.5852
    endloop
  endfacet
  facet normal 0 -1 0
    outer loop
      vertex 110.003 73.5848 6.5852
      vertex 113.863 73.5848 6.57685
      vertex 114.332 73.5848 6.63854
    endloop
  endfacet
  facet normal 0 -1 0
    outer loop
      vertex 110.003 73.5848 6.5852
      vertex 114.332 73.5848 6.63854
      vertex 122.834 73.5848 7.84769
    endloop
  endfacet
  facet normal 0 -1 0
    outer loop
      vertex 122.834 73.5848 7.84769
      vertex 114.332 73.5848 6.63854
      vertex 118.71 73.5848 6.63854
    endloop
  endfacet
  facet normal 0 -1 0
    outer loop
      vertex 122.834 73.5848 7.84769
      vertex 118.71 73.5848 6.63854
      vertex 119.178 73.5848 6.57685
    endloop
  endfacet
  facet normal 0 -1 0
    outer loop
      vertex 119.178 73.5848 6.57685
      vertex 119.615 73.5848 6.39598
      vertex 122.834 73.5848 7.84769
    endloop
  endfacet
  facet normal 0 -1 0
    outer loop
      vertex 122.834 73.5848 7.84769
      vertex 119.615 73.5848 6.39598
      vertex 119.99 73.5848 6.10826
    endloop
  endfacet
  facet normal 0 -1 0
    outer loop
      vertex 122.834 73.5848 7.84769
      vertex 119.99 73.5848 6.10826
      vertex 120.278 73.5848 5.73329
    endloop
  endfacet
  facet normal 0 -1 0
    outer loop
      vertex 120.278 73.5848 5.73329
      vertex 120.459 73.5848 5.29663
      vertex 122.834 73.5848 7.84769
    endloop
  endfacet
  facet normal 0 -1 0
    outer loop
      vertex 122.834 73.5848 7.84769
      vertex 120.459 73.5848 5.29663
      vertex 120.52 73.5848 4.82803
    endloop
  endfacet
  facet normal 0 -1 -0
    outer loop
      vertex 120.459 73.5848 3.45418
      vertex 120.278 73.5848 3.01752
      vertex 122.834 73.5848 1.49165
    endloop
  endfacet
  facet normal 0 -1 0
    outer loop
      vertex 122.834 73.5848 1.49165
      vertex 120.278 73.5848 3.01752
      vertex 119.99 73.5848 2.64255
    endloop
  endfacet
  facet normal 0 -1 0
    outer loop
      vertex 122.834 73.5848 1.49165
      vertex 119.99 73.5848 2.64255
      vertex 119.615 73.5848 2.35483
    endloop
  endfacet
  facet normal 0 -1 -0
    outer loop
      vertex 119.615 73.5848 2.35483
      vertex 119.178 73.5848 2.17396
      vertex 122.834 73.5848 1.49165
    endloop
  endfacet
  facet normal 0 -1 0
    outer loop
      vertex 122.834 73.5848 1.49165
      vertex 119.178 73.5848 2.17396
      vertex 118.71 73.5848 2.11226
    endloop
  endfacet
  facet normal 0 -1 0
    outer loop
      vertex 122.834 73.5848 1.49165
      vertex 118.71 73.5848 2.11226
      vertex 114.332 73.5848 2.11226
    endloop
  endfacet
  facet normal -0 -1 0
    outer loop
      vertex 113.863 73.5848 2.17396
      vertex 113.427 73.5848 2.35483
      vertex 110.003 73.5848 2.1656
    endloop
  endfacet
  facet normal 0 -1 0
    outer loop
      vertex 110.003 73.5848 2.1656
      vertex 113.427 73.5848 2.35483
      vertex 113.052 73.5848 2.64255
    endloop
  endfacet
  facet normal 0 -1 0
    outer loop
      vertex 110.003 73.5848 2.1656
      vertex 113.052 73.5848 2.64255
      vertex 112.764 73.5848 3.01752
    endloop
  endfacet
  facet normal -0 -1 0
    outer loop
      vertex 112.764 73.5848 3.01752
      vertex 112.583 73.5848 3.45418
      vertex 110.003 73.5848 2.1656
    endloop
  endfacet
  facet normal 0 -1 0
    outer loop
      vertex 110.003 73.5848 2.1656
      vertex 112.583 73.5848 3.45418
      vertex 112.522 73.5848 3.92278
    endloop
  endfacet
  facet normal 0 -1 0
    outer loop
      vertex 97.6899 74.3468 2.8006
      vertex 97.6899 74.3468 5.9502
      vertex 94.096 74.3468 2.8006
    endloop
  endfacet
  facet normal 0 -1 0
    outer loop
      vertex 94.096 74.3468 2.8006
      vertex 97.6899 74.3468 5.9502
      vertex 94.096 74.3468 5.9502
    endloop
  endfacet
  facet normal -0 -1 -0
    outer loop
      vertex 90.7336 74.1233 5.9502
      vertex 87.149 74.1233 5.9502
      vertex 90.7336 74.1233 2.8006
    endloop
  endfacet
  facet normal 0 -1 0
    outer loop
      vertex 90.7336 74.1233 2.8006
      vertex 87.149 74.1233 5.9502
      vertex 87.149 74.1233 2.8006
    endloop
  endfacet
  facet normal 1 -0 0
    outer loop
      vertex 112.522 73.5848 4.82803
      vertex 112.522 73.5848 3.92278
      vertex 112.522 74.4899 4.82803
    endloop
  endfacet
  facet normal 1 0 0
    outer loop
      vertex 112.522 74.4899 4.82803
      vertex 112.522 73.5848 3.92278
      vertex 112.522 74.4899 3.92278
    endloop
  endfacet
  facet normal 0.991633 0 -0.129086
    outer loop
      vertex 112.522 74.4899 4.82803
      vertex 112.583 74.4899 5.29663
      vertex 112.522 73.5848 4.82803
    endloop
  endfacet
  facet normal 0.991633 0 -0.129086
    outer loop
      vertex 112.522 73.5848 4.82803
      vertex 112.583 74.4899 5.29663
      vertex 112.583 73.5848 5.29663
    endloop
  endfacet
  facet normal 0.923783 0 -0.382917
    outer loop
      vertex 112.583 73.5848 5.29663
      vertex 112.583 74.4899 5.29663
      vertex 112.764 74.4899 5.73329
    endloop
  endfacet
  facet normal 0.923783 0 -0.382917
    outer loop
      vertex 112.583 73.5848 5.29663
      vertex 112.764 74.4899 5.73329
      vertex 112.764 73.5848 5.73329
    endloop
  endfacet
  facet normal 0.793072 0 -0.609128
    outer loop
      vertex 112.764 73.5848 5.73329
      vertex 112.764 74.4899 5.73329
      vertex 113.052 74.4899 6.10826
    endloop
  endfacet
  facet normal 0.793072 0 -0.609128
    outer loop
      vertex 112.764 73.5848 5.73329
      vertex 113.052 74.4899 6.10826
      vertex 113.052 73.5848 6.10826
    endloop
  endfacet
  facet normal 0.608725 0 -0.793382
    outer loop
      vertex 113.052 73.5848 6.10826
      vertex 113.052 74.4899 6.10826
      vertex 113.427 74.4899 6.39598
    endloop
  endfacet
  facet normal 0.608725 0 -0.793382
    outer loop
      vertex 113.052 73.5848 6.10826
      vertex 113.427 74.4899 6.39598
      vertex 113.427 73.5848 6.39598
    endloop
  endfacet
  facet normal 0.383177 0 -0.923675
    outer loop
      vertex 113.427 73.5848 6.39598
      vertex 113.427 74.4899 6.39598
      vertex 113.863 74.4899 6.57685
    endloop
  endfacet
  facet normal 0.383177 0 -0.923675
    outer loop
      vertex 113.427 73.5848 6.39598
      vertex 113.863 74.4899 6.57685
      vertex 113.863 73.5848 6.57685
    endloop
  endfacet
  facet normal 0.130412 0 -0.99146
    outer loop
      vertex 113.863 73.5848 6.57685
      vertex 113.863 74.4899 6.57685
      vertex 114.332 74.4899 6.63854
    endloop
  endfacet
  facet normal 0.130412 0 -0.99146
    outer loop
      vertex 113.863 73.5848 6.57685
      vertex 114.332 74.4899 6.63854
      vertex 114.332 73.5848 6.63854
    endloop
  endfacet
  facet normal 0 -0 1
    outer loop
      vertex 118.71 73.5848 2.11226
      vertex 118.71 74.4899 2.11226
      vertex 114.332 73.5848 2.11226
    endloop
  endfacet
  facet normal 0 0 1
    outer loop
      vertex 114.332 73.5848 2.11226
      vertex 118.71 74.4899 2.11226
      vertex 114.332 74.4899 2.11226
    endloop
  endfacet
  facet normal 0 0 -1
    outer loop
      vertex 118.71 73.5848 6.63854
      vertex 114.332 73.5848 6.63854
      vertex 118.71 74.4899 6.63854
    endloop
  endfacet
  facet normal -0 0 -1
    outer loop
      vertex 118.71 74.4899 6.63854
      vertex 114.332 73.5848 6.63854
      vertex 114.332 74.4899 6.63854
    endloop
  endfacet
  facet normal -1 0 0
    outer loop
      vertex 120.52 73.5848 3.92278
      vertex 120.52 73.5848 4.82803
      vertex 120.52 74.4899 3.92278
    endloop
  endfacet
  facet normal -1 0 0
    outer loop
      vertex 120.52 74.4899 3.92278
      vertex 120.52 73.5848 4.82803
      vertex 120.52 74.4899 4.82803
    endloop
  endfacet
  facet normal -0.130686 -0 -0.991424
    outer loop
      vertex 118.71 74.4899 6.63854
      vertex 119.178 74.4899 6.57685
      vertex 118.71 73.5848 6.63854
    endloop
  endfacet
  facet normal -0.130686 0 -0.991424
    outer loop
      vertex 118.71 73.5848 6.63854
      vertex 119.178 74.4899 6.57685
      vertex 119.178 73.5848 6.57685
    endloop
  endfacet
  facet normal -0.382428 0 -0.923985
    outer loop
      vertex 119.178 73.5848 6.57685
      vertex 119.178 74.4899 6.57685
      vertex 119.615 74.4899 6.39598
    endloop
  endfacet
  facet normal -0.382428 0 -0.923985
    outer loop
      vertex 119.178 73.5848 6.57685
      vertex 119.615 74.4899 6.39598
      vertex 119.615 73.5848 6.39598
    endloop
  endfacet
  facet normal -0.608725 0 -0.793382
    outer loop
      vertex 119.615 73.5848 6.39598
      vertex 119.615 74.4899 6.39598
      vertex 119.99 74.4899 6.10826
    endloop
  endfacet
  facet normal -0.608725 0 -0.793382
    outer loop
      vertex 119.615 73.5848 6.39598
      vertex 119.99 74.4899 6.10826
      vertex 119.99 73.5848 6.10826
    endloop
  endfacet
  facet normal -0.793072 0 -0.609128
    outer loop
      vertex 119.99 73.5848 6.10826
      vertex 119.99 74.4899 6.10826
      vertex 120.278 74.4899 5.73329
    endloop
  endfacet
  facet normal -0.793072 0 -0.609128
    outer loop
      vertex 119.99 73.5848 6.10826
      vertex 120.278 74.4899 5.73329
      vertex 120.278 73.5848 5.73329
    endloop
  endfacet
  facet normal -0.923783 0 -0.382917
    outer loop
      vertex 120.278 73.5848 5.73329
      vertex 120.278 74.4899 5.73329
      vertex 120.459 74.4899 5.29663
    endloop
  endfacet
  facet normal -0.923783 0 -0.382917
    outer loop
      vertex 120.278 73.5848 5.73329
      vertex 120.459 74.4899 5.29663
      vertex 120.459 73.5848 5.29663
    endloop
  endfacet
  facet normal -0.991633 0 -0.129086
    outer loop
      vertex 120.459 73.5848 5.29663
      vertex 120.459 74.4899 5.29663
      vertex 120.52 74.4899 4.82803
    endloop
  endfacet
  facet normal -0.991633 0 -0.129086
    outer loop
      vertex 120.459 73.5848 5.29663
      vertex 120.52 74.4899 4.82803
      vertex 120.52 73.5848 4.82803
    endloop
  endfacet
  facet normal -0.130707 0 0.991421
    outer loop
      vertex 118.71 74.4899 2.11226
      vertex 118.71 73.5848 2.11226
      vertex 119.178 74.4899 2.17396
    endloop
  endfacet
  facet normal -0.130707 0 0.991421
    outer loop
      vertex 119.178 74.4899 2.17396
      vertex 118.71 73.5848 2.11226
      vertex 119.178 73.5848 2.17396
    endloop
  endfacet
  facet normal -0.382428 0 0.923985
    outer loop
      vertex 119.178 74.4899 2.17396
      vertex 119.178 73.5848 2.17396
      vertex 119.615 74.4899 2.35483
    endloop
  endfacet
  facet normal -0.382428 0 0.923985
    outer loop
      vertex 119.615 74.4899 2.35483
      vertex 119.178 73.5848 2.17396
      vertex 119.615 73.5848 2.35483
    endloop
  endfacet
  facet normal -0.608725 0 0.793382
    outer loop
      vertex 119.615 74.4899 2.35483
      vertex 119.615 73.5848 2.35483
      vertex 119.99 74.4899 2.64255
    endloop
  endfacet
  facet normal -0.608725 0 0.793382
    outer loop
      vertex 119.99 74.4899 2.64255
      vertex 119.615 73.5848 2.35483
      vertex 119.99 73.5848 2.64255
    endloop
  endfacet
  facet normal -0.793072 0 0.609128
    outer loop
      vertex 119.99 74.4899 2.64255
      vertex 119.99 73.5848 2.64255
      vertex 120.278 74.4899 3.01752
    endloop
  endfacet
  facet normal -0.793072 0 0.609128
    outer loop
      vertex 120.278 74.4899 3.01752
      vertex 119.99 73.5848 2.64255
      vertex 120.278 73.5848 3.01752
    endloop
  endfacet
  facet normal -0.923783 0 0.382917
    outer loop
      vertex 120.278 74.4899 3.01752
      vertex 120.278 73.5848 3.01752
      vertex 120.459 74.4899 3.45418
    endloop
  endfacet
  facet normal -0.923783 0 0.382917
    outer loop
      vertex 120.459 74.4899 3.45418
      vertex 120.278 73.5848 3.01752
      vertex 120.459 73.5848 3.45418
    endloop
  endfacet
  facet normal -0.991633 0 0.129086
    outer loop
      vertex 120.459 74.4899 3.45418
      vertex 120.459 73.5848 3.45418
      vertex 120.52 74.4899 3.92278
    endloop
  endfacet
  facet normal -0.991633 0 0.129086
    outer loop
      vertex 120.52 74.4899 3.92278
      vertex 120.459 73.5848 3.45418
      vertex 120.52 73.5848 3.92278
    endloop
  endfacet
  facet normal 0.130433 -0 0.991457
    outer loop
      vertex 114.332 73.5848 2.11226
      vertex 114.332 74.4899 2.11226
      vertex 113.863 73.5848 2.17396
    endloop
  endfacet
  facet normal 0.130433 -0 0.991457
    outer loop
      vertex 113.863 73.5848 2.17396
      vertex 114.332 74.4899 2.11226
      vertex 113.863 74.4899 2.17396
    endloop
  endfacet
  facet normal 0.383177 -0 0.923675
    outer loop
      vertex 113.863 73.5848 2.17396
      vertex 113.863 74.4899 2.17396
      vertex 113.427 73.5848 2.35483
    endloop
  endfacet
  facet normal 0.383177 -0 0.923675
    outer loop
      vertex 113.427 73.5848 2.35483
      vertex 113.863 74.4899 2.17396
      vertex 113.427 74.4899 2.35483
    endloop
  endfacet
  facet normal 0.608725 -0 0.793382
    outer loop
      vertex 113.427 73.5848 2.35483
      vertex 113.427 74.4899 2.35483
      vertex 113.052 73.5848 2.64255
    endloop
  endfacet
  facet normal 0.608725 -0 0.793382
    outer loop
      vertex 113.052 73.5848 2.64255
      vertex 113.427 74.4899 2.35483
      vertex 113.052 74.4899 2.64255
    endloop
  endfacet
  facet normal 0.793072 -0 0.609128
    outer loop
      vertex 113.052 73.5848 2.64255
      vertex 113.052 74.4899 2.64255
      vertex 112.764 73.5848 3.01752
    endloop
  endfacet
  facet normal 0.793072 -0 0.609128
    outer loop
      vertex 112.764 73.5848 3.01752
      vertex 113.052 74.4899 2.64255
      vertex 112.764 74.4899 3.01752
    endloop
  endfacet
  facet normal 0.923783 -0 0.382917
    outer loop
      vertex 112.764 73.5848 3.01752
      vertex 112.764 74.4899 3.01752
      vertex 112.583 73.5848 3.45418
    endloop
  endfacet
  facet normal 0.923783 -0 0.382917
    outer loop
      vertex 112.583 73.5848 3.45418
      vertex 112.764 74.4899 3.01752
      vertex 112.583 74.4899 3.45418
    endloop
  endfacet
  facet normal 0.991633 -0 0.129086
    outer loop
      vertex 112.583 73.5848 3.45418
      vertex 112.583 74.4899 3.45418
      vertex 112.522 73.5848 3.92278
    endloop
  endfacet
  facet normal 0.991633 -0 0.129086
    outer loop
      vertex 112.522 73.5848 3.92278
      vertex 112.583 74.4899 3.45418
      vertex 112.522 74.4899 3.92278
    endloop
  endfacet
  facet normal -0.203216 0.979134 0
    outer loop
      vertex 79.6243 74.49 3.10541
      vertex 79.6243 74.49 5.6454
      vertex 81.6595 74.9124 3.10541
    endloop
  endfacet
  facet normal -0.203216 0.979134 0
    outer loop
      vertex 81.6595 74.9124 3.10541
      vertex 79.6243 74.49 5.6454
      vertex 81.6595 74.9124 5.6454
    endloop
  endfacet
  facet normal -0.122489 0.99247 0
    outer loop
      vertex 81.6595 74.9124 3.10541
      vertex 81.6595 74.9124 5.6454
      vertex 83.7224 75.167 3.10541
    endloop
  endfacet
  facet normal -0.122489 0.99247 0
    outer loop
      vertex 83.7224 75.167 3.10541
      vertex 81.6595 74.9124 5.6454
      vertex 83.7224 75.167 5.64541
    endloop
  endfacet
  facet normal -0.0408961 0.999163 0
    outer loop
      vertex 83.7224 75.167 3.10541
      vertex 83.7224 75.167 5.64541
      vertex 85.7991 75.252 3.10541
    endloop
  endfacet
  facet normal -0.0408961 0.999163 0
    outer loop
      vertex 85.7991 75.252 3.10541
      vertex 83.7224 75.167 5.64541
      vertex 85.7991 75.252 5.64541
    endloop
  endfacet
  facet normal 0 1 0
    outer loop
      vertex 93.3531 75.252 5.64541
      vertex 93.3531 75.252 3.10541
      vertex 85.7991 75.252 5.64541
    endloop
  endfacet
  facet normal 0 1 0
    outer loop
      vertex 85.7991 75.252 5.64541
      vertex 93.3531 75.252 3.10541
      vertex 85.7991 75.252 3.10541
    endloop
  endfacet
  facet normal 0.0526667 0.998612 -0
    outer loop
      vertex 93.3531 75.252 3.10541
      vertex 93.3531 75.252 5.64541
      vertex 93.8878 75.2238 3.10541
    endloop
  endfacet
  facet normal 0.0526667 0.998612 -0
    outer loop
      vertex 93.8878 75.2238 3.10541
      vertex 93.3531 75.252 5.64541
      vertex 93.8878 75.2238 5.64541
    endloop
  endfacet
  facet normal 0.0315671 0.999502 -0
    outer loop
      vertex 93.8878 75.2238 3.10541
      vertex 93.8878 75.2238 5.64541
      vertex 94.4229 75.2069 3.10541
    endloop
  endfacet
  facet normal 0.0315671 0.999502 -0
    outer loop
      vertex 94.4229 75.2069 3.10541
      vertex 93.8878 75.2238 5.64541
      vertex 94.4229 75.2069 5.64541
    endloop
  endfacet
  facet normal 0.0106456 0.999943 -0
    outer loop
      vertex 94.4229 75.2069 3.10541
      vertex 94.4229 75.2069 5.64541
      vertex 94.9583 75.2012 3.10541
    endloop
  endfacet
  facet normal 0.0106456 0.999943 -0
    outer loop
      vertex 94.9583 75.2012 3.10541
      vertex 94.4229 75.2069 5.64541
      vertex 94.9583 75.2012 5.64541
    endloop
  endfacet
  facet normal 0 1 0
    outer loop
      vertex 96.8279 75.2012 5.64541
      vertex 96.8279 75.2012 3.10541
      vertex 94.9583 75.2012 5.64541
    endloop
  endfacet
  facet normal 0 1 0
    outer loop
      vertex 94.9583 75.2012 5.64541
      vertex 96.8279 75.2012 3.10541
      vertex 94.9583 75.2012 3.10541
    endloop
  endfacet
  facet normal -0.0106456 0.999943 0
    outer loop
      vertex 96.8279 75.2012 3.10541
      vertex 96.8279 75.2012 5.64541
      vertex 97.3633 75.2069 3.10541
    endloop
  endfacet
  facet normal -0.0106456 0.999943 0
    outer loop
      vertex 97.3633 75.2069 3.10541
      vertex 96.8279 75.2012 5.64541
      vertex 97.3633 75.2069 5.64541
    endloop
  endfacet
  facet normal -0.0315671 0.999502 0
    outer loop
      vertex 97.3633 75.2069 3.10541
      vertex 97.3633 75.2069 5.64541
      vertex 97.8984 75.2238 3.10541
    endloop
  endfacet
  facet normal -0.0315671 0.999502 0
    outer loop
      vertex 97.8984 75.2238 3.10541
      vertex 97.3633 75.2069 5.64541
      vertex 97.8984 75.2238 5.64541
    endloop
  endfacet
  facet normal -0.0526667 0.998612 0
    outer loop
      vertex 97.8984 75.2238 3.10541
      vertex 97.8984 75.2238 5.64541
      vertex 98.4331 75.252 3.10541
    endloop
  endfacet
  facet normal -0.0526667 0.998612 0
    outer loop
      vertex 98.4331 75.252 3.10541
      vertex 97.8984 75.2238 5.64541
      vertex 98.4331 75.252 5.64541
    endloop
  endfacet
  facet normal 0 1 0
    outer loop
      vertex 105.987 75.252 5.64541
      vertex 105.987 75.252 3.10541
      vertex 98.4331 75.252 5.64541
    endloop
  endfacet
  facet normal 0 1 0
    outer loop
      vertex 98.4331 75.252 5.64541
      vertex 105.987 75.252 3.10541
      vertex 98.4331 75.252 3.10541
    endloop
  endfacet
  facet normal 0.0409579 0.999161 -0
    outer loop
      vertex 105.987 75.252 3.10541
      vertex 105.987 75.252 5.64541
      vertex 108.063 75.1669 3.10541
    endloop
  endfacet
  facet normal 0.0409579 0.999161 -0
    outer loop
      vertex 108.063 75.1669 3.10541
      vertex 105.987 75.252 5.64541
      vertex 108.063 75.1669 5.64541
    endloop
  endfacet
  facet normal 0.122436 0.992476 -0
    outer loop
      vertex 108.063 75.1669 3.10541
      vertex 108.063 75.1669 5.64541
      vertex 110.126 74.9124 3.10541
    endloop
  endfacet
  facet normal 0.122436 0.992476 -0
    outer loop
      vertex 110.126 74.9124 3.10541
      vertex 108.063 75.1669 5.64541
      vertex 110.126 74.9124 5.6454
    endloop
  endfacet
  facet normal 0.203186 0.97914 -0
    outer loop
      vertex 110.126 74.9124 3.10541
      vertex 110.126 74.9124 5.6454
      vertex 112.162 74.4899 3.10541
    endloop
  endfacet
  facet normal 0.203186 0.97914 -0
    outer loop
      vertex 112.162 74.4899 3.10541
      vertex 110.126 74.9124 5.6454
      vertex 112.162 74.4899 5.6454
    endloop
  endfacet
  facet normal 0 1 -0
    outer loop
      vertex 112.161 74.4899 3.09387
      vertex 112.158 74.4899 3.08221
      vertex 112.162 74.4899 3.10541
    endloop
  endfacet
  facet normal 0 1 0
    outer loop
      vertex 112.162 74.4899 3.10541
      vertex 112.158 74.4899 3.08221
      vertex 112.148 74.4899 3.06128
    endloop
  endfacet
  facet normal 0 1 0
    outer loop
      vertex 112.162 74.4899 3.10541
      vertex 112.148 74.4899 3.06128
      vertex 112.134 74.4899 3.04217
    endloop
  endfacet
  facet normal 0 1 -0
    outer loop
      vertex 112.134 74.4899 3.04217
      vertex 112.119 74.4899 3.02626
      vertex 112.162 74.4899 3.10541
    endloop
  endfacet
  facet normal 0.211088 0.970717 -0.114678
    outer loop
      vertex 112.162 74.4899 3.10541
      vertex 112.119 74.4899 3.02626
      vertex 110.637 74.8122 3.02652
    endloop
  endfacet
  facet normal 0.202654 0.976578 0.0722936
    outer loop
      vertex 112.162 74.4899 3.10541
      vertex 110.637 74.8122 3.02652
      vertex 110.126 74.9124 3.10541
    endloop
  endfacet
  facet normal 0.147713 0.955207 -0.256438
    outer loop
      vertex 110.126 74.9124 3.10541
      vertex 110.637 74.8122 3.02652
      vertex 109.096 75.0505 3.02652
    endloop
  endfacet
  facet normal 0.121273 0.983049 0.137508
    outer loop
      vertex 110.126 74.9124 3.10541
      vertex 109.096 75.0505 3.02652
      vertex 108.063 75.1669 3.10541
    endloop
  endfacet
  facet normal 0.0888666 0.962463 -0.256452
    outer loop
      vertex 108.063 75.1669 3.10541
      vertex 109.096 75.0505 3.02652
      vertex 107.544 75.1938 3.02652
    endloop
  endfacet
  facet normal 0.0408543 0.996635 0.0710619
    outer loop
      vertex 108.063 75.1669 3.10541
      vertex 107.544 75.1938 3.02652
      vertex 105.987 75.252 3.10541
    endloop
  endfacet
  facet normal 0.0304226 0.990963 -0.130638
    outer loop
      vertex 105.987 75.252 3.10541
      vertex 107.544 75.1938 3.02652
      vertex 105.987 75.2416 3.02652
    endloop
  endfacet
  facet normal 0.0283542 0.923589 -0.382335
    outer loop
      vertex 105.987 75.2416 3.02652
      vertex 107.544 75.1938 3.02652
      vertex 107.543 75.1634 2.95301
    endloop
  endfacet
  facet normal 0.0283766 0.923724 -0.382005
    outer loop
      vertex 105.987 75.2416 3.02652
      vertex 107.543 75.1634 2.95301
      vertex 105.987 75.2112 2.95301
    endloop
  endfacet
  facet normal 0.0243736 0.793416 -0.608191
    outer loop
      vertex 105.987 75.2112 2.95301
      vertex 107.543 75.1634 2.95301
      vertex 107.54 75.1151 2.88988
    endloop
  endfacet
  facet normal 0.0242985 0.792763 -0.609045
    outer loop
      vertex 105.987 75.2112 2.95301
      vertex 107.54 75.1151 2.88988
      vertex 105.987 75.1627 2.88988
    endloop
  endfacet
  facet normal 0.018638 0.608083 -0.793654
    outer loop
      vertex 105.987 75.1627 2.88988
      vertex 107.54 75.1151 2.88988
      vertex 107.536 75.052 2.84144
    endloop
  endfacet
  facet normal 0.0187089 0.608826 -0.793083
    outer loop
      vertex 105.987 75.1627 2.88988
      vertex 107.536 75.052 2.84144
      vertex 105.987 75.0996 2.84144
    endloop
  endfacet
  facet normal 0.0117669 0.38292 -0.923707
    outer loop
      vertex 105.987 75.0996 2.84144
      vertex 107.536 75.052 2.84144
      vertex 107.531 74.9787 2.81099
    endloop
  endfacet
  facet normal 0.0117491 0.382714 -0.923792
    outer loop
      vertex 105.987 75.0996 2.84144
      vertex 107.531 74.9787 2.81099
      vertex 105.987 75.0261 2.81099
    endloop
  endfacet
  facet normal 0.00400426 0.130434 -0.991449
    outer loop
      vertex 105.987 75.0261 2.81099
      vertex 107.531 74.9787 2.81099
      vertex 105.987 74.9472 2.80061
    endloop
  endfacet
  facet normal 0.00406447 0.127604 -0.991817
    outer loop
      vertex 105.987 74.9472 2.80061
      vertex 107.531 74.9787 2.81099
      vertex 107.585 74.8963 2.80061
    endloop
  endfacet
  facet normal 0.0122696 0.132885 -0.991056
    outer loop
      vertex 107.585 74.8963 2.80061
      vertex 107.531 74.9787 2.81099
      vertex 109.07 74.8366 2.81099
    endloop
  endfacet
  facet normal 0.0119391 0.124473 -0.992151
    outer loop
      vertex 107.585 74.8963 2.80061
      vertex 109.07 74.8366 2.81099
      vertex 109.177 74.7436 2.80061
    endloop
  endfacet
  facet normal 0.0208175 0.134525 -0.990691
    outer loop
      vertex 109.177 74.7436 2.80061
      vertex 109.07 74.8366 2.81099
      vertex 110.597 74.6003 2.81099
    endloop
  endfacet
  facet normal 0.0194852 0.121197 -0.992437
    outer loop
      vertex 109.177 74.7436 2.80061
      vertex 110.597 74.6003 2.81099
      vertex 110.755 74.4899 2.80061
    endloop
  endfacet
  facet normal 0.0542146 0.170101 -0.983934
    outer loop
      vertex 110.755 74.4899 2.80061
      vertex 110.597 74.6003 2.81099
      vertex 111.506 74.4899 2.84199
    endloop
  endfacet
  facet normal 0.0769742 0.374295 -0.92411
    outer loop
      vertex 111.506 74.4899 2.84199
      vertex 110.597 74.6003 2.81099
      vertex 110.611 74.6726 2.84144
    endloop
  endfacet
  facet normal 0.122447 0.59745 -0.792502
    outer loop
      vertex 111.506 74.4899 2.84199
      vertex 110.611 74.6726 2.84144
      vertex 110.622 74.7346 2.88988
    endloop
  endfacet
  facet normal 0.0932831 0.60265 -0.792535
    outer loop
      vertex 110.622 74.7346 2.88988
      vertex 110.611 74.6726 2.84144
      vertex 109.087 74.9722 2.88988
    endloop
  endfacet
  facet normal 0.121439 0.784547 -0.608061
    outer loop
      vertex 110.622 74.7346 2.88988
      vertex 109.087 74.9722 2.88988
      vertex 109.093 75.0202 2.95301
    endloop
  endfacet
  facet normal 0.0730367 0.790551 -0.608026
    outer loop
      vertex 109.093 75.0202 2.95301
      vertex 109.087 74.9722 2.88988
      vertex 107.543 75.1634 2.95301
    endloop
  endfacet
  facet normal 0.0850276 0.920341 -0.381763
    outer loop
      vertex 109.093 75.0202 2.95301
      vertex 107.543 75.1634 2.95301
      vertex 107.544 75.1938 3.02652
    endloop
  endfacet
  facet normal 0 1 -0
    outer loop
      vertex 112.082 74.4899 2.99823
      vertex 112.04 74.4899 2.97477
      vertex 112.119 74.4899 3.02626
    endloop
  endfacet
  facet normal 0 1 0
    outer loop
      vertex 112.119 74.4899 3.02626
      vertex 112.04 74.4899 2.97477
      vertex 111.871 74.4899 2.91184
    endloop
  endfacet
  facet normal 0.194762 0.885363 -0.422138
    outer loop
      vertex 112.119 74.4899 3.02626
      vertex 111.871 74.4899 2.91184
      vertex 110.631 74.7823 2.953
    endloop
  endfacet
  facet normal 0.162724 0.775878 -0.609536
    outer loop
      vertex 110.631 74.7823 2.953
      vertex 111.871 74.4899 2.91184
      vertex 110.622 74.7346 2.88988
    endloop
  endfacet
  facet normal 0.121195 0.783541 -0.609405
    outer loop
      vertex 110.631 74.7823 2.953
      vertex 110.622 74.7346 2.88988
      vertex 109.093 75.0202 2.95301
    endloop
  endfacet
  facet normal 0.141717 0.656897 -0.740542
    outer loop
      vertex 111.871 74.4899 2.91184
      vertex 111.506 74.4899 2.84199
      vertex 110.622 74.7346 2.88988
    endloop
  endfacet
  facet normal 0.0584284 0.377849 -0.924022
    outer loop
      vertex 110.611 74.6726 2.84144
      vertex 110.597 74.6003 2.81099
      vertex 109.079 74.9095 2.84144
    endloop
  endfacet
  facet normal 0.0585868 0.378595 -0.923706
    outer loop
      vertex 109.079 74.9095 2.84144
      vertex 110.597 74.6003 2.81099
      vertex 109.07 74.8366 2.81099
    endloop
  endfacet
  facet normal 0.0352305 0.381478 -0.923706
    outer loop
      vertex 109.079 74.9095 2.84144
      vertex 109.07 74.8366 2.81099
      vertex 107.536 75.052 2.84144
    endloop
  endfacet
  facet normal 0.0352105 0.381344 -0.923762
    outer loop
      vertex 107.536 75.052 2.84144
      vertex 109.07 74.8366 2.81099
      vertex 107.531 74.9787 2.81099
    endloop
  endfacet
  facet normal 0.141182 0.912971 -0.38282
    outer loop
      vertex 109.096 75.0505 3.02652
      vertex 110.637 74.8122 3.02652
      vertex 110.631 74.7823 2.953
    endloop
  endfacet
  facet normal 0.196232 0.902621 -0.383103
    outer loop
      vertex 110.631 74.7823 2.953
      vertex 110.637 74.8122 3.02652
      vertex 112.119 74.4899 3.02626
    endloop
  endfacet
  facet normal 0.141256 0.913225 -0.382186
    outer loop
      vertex 109.096 75.0505 3.02652
      vertex 110.631 74.7823 2.953
      vertex 109.093 75.0202 2.95301
    endloop
  endfacet
  facet normal 0.0929762 0.601264 -0.793623
    outer loop
      vertex 110.611 74.6726 2.84144
      vertex 109.079 74.9095 2.84144
      vertex 109.087 74.9722 2.88988
    endloop
  endfacet
  facet normal 0.055971 0.605928 -0.793548
    outer loop
      vertex 109.087 74.9722 2.88988
      vertex 109.079 74.9095 2.84144
      vertex 107.54 75.1151 2.88988
    endloop
  endfacet
  facet normal 0.0730124 0.790414 -0.608206
    outer loop
      vertex 109.087 74.9722 2.88988
      vertex 107.54 75.1151 2.88988
      vertex 107.543 75.1634 2.95301
    endloop
  endfacet
  facet normal 0.0559422 0.605746 -0.793689
    outer loop
      vertex 107.54 75.1151 2.88988
      vertex 109.079 74.9095 2.84144
      vertex 107.536 75.052 2.84144
    endloop
  endfacet
  facet normal 0.0849433 0.919972 -0.382669
    outer loop
      vertex 107.544 75.1938 3.02652
      vertex 109.096 75.0505 3.02652
      vertex 109.093 75.0202 2.95301
    endloop
  endfacet
  facet normal -0.000193793 0.0036965 -0.999993
    outer loop
      vertex 98.4427 74.9472 2.80061
      vertex 97.9048 74.919 2.80061
      vertex 98.4426 74.9499 2.80062
    endloop
  endfacet
  facet normal -0.00607073 0.10598 -0.99435
    outer loop
      vertex 98.4426 74.9499 2.80062
      vertex 97.9048 74.919 2.80061
      vertex 98.4408 75.009 2.80693
    endloop
  endfacet
  facet normal -0.00270158 0.0860509 -0.996287
    outer loop
      vertex 98.4408 75.009 2.80693
      vertex 97.9048 74.919 2.80061
      vertex 97.3665 74.9021 2.80061
    endloop
  endfacet
  facet normal -0.00472289 0.106248 -0.994328
    outer loop
      vertex 98.4408 75.009 2.80693
      vertex 97.3665 74.9021 2.80061
      vertex 96.8279 74.9753 2.81099
    endloop
  endfacet
  facet normal -0.00138039 0.130435 -0.991456
    outer loop
      vertex 96.8279 74.9753 2.81099
      vertex 97.3665 74.9021 2.80061
      vertex 96.8279 74.8964 2.80061
    endloop
  endfacet
  facet normal -0.010322 0.38272 -0.923807
    outer loop
      vertex 96.8279 74.9753 2.81099
      vertex 96.8279 75.0488 2.84144
      vertex 98.4408 75.009 2.80693
    endloop
  endfacet
  facet normal -0.0131059 0.296815 -0.954845
    outer loop
      vertex 98.4408 75.009 2.80693
      vertex 96.8279 75.0488 2.84144
      vertex 98.439 75.0657 2.82458
    endloop
  endfacet
  facet normal -0.0146854 0.60826 -0.793602
    outer loop
      vertex 98.439 75.0657 2.82458
      vertex 96.8279 75.0488 2.84144
      vertex 96.8279 75.112 2.88988
    endloop
  endfacet
  facet normal -0.0219444 0.476202 -0.879062
    outer loop
      vertex 98.439 75.0657 2.82458
      vertex 96.8279 75.112 2.88988
      vertex 98.4373 75.1179 2.8529
    endloop
  endfacet
  facet normal -0.0168872 0.793491 -0.608347
    outer loop
      vertex 98.4373 75.1179 2.8529
      vertex 96.8279 75.112 2.88988
      vertex 96.8279 75.1604 2.95301
    endloop
  endfacet
  facet normal -0.0311084 0.63676 -0.770434
    outer loop
      vertex 98.4373 75.1179 2.8529
      vertex 96.8279 75.1604 2.95301
      vertex 98.4359 75.1637 2.89081
    endloop
  endfacet
  facet normal -0.0260169 0.774958 -0.631477
    outer loop
      vertex 98.4359 75.1637 2.89081
      vertex 96.8279 75.1604 2.95301
      vertex 98.4347 75.2012 2.93688
    endloop
  endfacet
  facet normal -0.0272904 0.923308 -0.383089
    outer loop
      vertex 98.4347 75.2012 2.93688
      vertex 96.8279 75.1604 2.95301
      vertex 96.8279 75.1909 3.02652
    endloop
  endfacet
  facet normal -0.0317854 0.883001 -0.468293
    outer loop
      vertex 98.4347 75.2012 2.93688
      vertex 96.8279 75.1909 3.02652
      vertex 98.4338 75.229 2.98936
    endloop
  endfacet
  facet normal -0.0253253 0.997071 -0.0721621
    outer loop
      vertex 98.4338 75.229 2.98936
      vertex 96.8279 75.1909 3.02652
      vertex 97.8984 75.2238 3.10541
    endloop
  endfacet
  facet normal -0.0719526 0.954566 -0.289183
    outer loop
      vertex 98.4338 75.229 2.98936
      vertex 97.8984 75.2238 3.10541
      vertex 98.4333 75.2462 3.04626
    endloop
  endfacet
  facet normal -0.0524151 0.993842 -0.0976292
    outer loop
      vertex 98.4333 75.2462 3.04626
      vertex 97.8984 75.2238 3.10541
      vertex 98.4331 75.252 3.10541
    endloop
  endfacet
  facet normal -0.0105561 0.991529 -0.129456
    outer loop
      vertex 96.8279 75.2012 3.10541
      vertex 97.3633 75.2069 3.10541
      vertex 96.8279 75.1909 3.02652
    endloop
  endfacet
  facet normal -0.031565 0.999435 0.0115219
    outer loop
      vertex 96.8279 75.1909 3.02652
      vertex 97.3633 75.2069 3.10541
      vertex 97.8984 75.2238 3.10541
    endloop
  endfacet
  facet normal 0 0.991584 -0.129463
    outer loop
      vertex 94.9583 75.2012 3.10541
      vertex 96.8279 75.2012 3.10541
      vertex 94.9583 75.1909 3.02652
    endloop
  endfacet
  facet normal 0 0.991584 -0.129463
    outer loop
      vertex 94.9583 75.1909 3.02652
      vertex 96.8279 75.2012 3.10541
      vertex 96.8279 75.1909 3.02652
    endloop
  endfacet
  facet normal 0 0.923652 -0.383232
    outer loop
      vertex 94.9583 75.1909 3.02652
      vertex 96.8279 75.1909 3.02652
      vertex 94.9583 75.1604 2.95301
    endloop
  endfacet
  facet normal 0 0.923652 -0.383232
    outer loop
      vertex 94.9583 75.1604 2.95301
      vertex 96.8279 75.1909 3.02652
      vertex 96.8279 75.1604 2.95301
    endloop
  endfacet
  facet normal 0 0.793604 -0.608434
    outer loop
      vertex 94.9583 75.1604 2.95301
      vertex 96.8279 75.1604 2.95301
      vertex 94.9583 75.112 2.88988
    endloop
  endfacet
  facet normal 0 0.793604 -0.608434
    outer loop
      vertex 94.9583 75.112 2.88988
      vertex 96.8279 75.1604 2.95301
      vertex 96.8279 75.112 2.88988
    endloop
  endfacet
  facet normal 0 0.608326 -0.793687
    outer loop
      vertex 94.9583 75.112 2.88988
      vertex 96.8279 75.112 2.88988
      vertex 94.9583 75.0488 2.84144
    endloop
  endfacet
  facet normal 0 0.608326 -0.793687
    outer loop
      vertex 94.9583 75.0488 2.84144
      vertex 96.8279 75.112 2.88988
      vertex 96.8279 75.0488 2.84144
    endloop
  endfacet
  facet normal 0 0.38274 -0.923856
    outer loop
      vertex 94.9583 75.0488 2.84144
      vertex 96.8279 75.0488 2.84144
      vertex 94.9583 74.9753 2.81099
    endloop
  endfacet
  facet normal 0 0.38274 -0.923856
    outer loop
      vertex 94.9583 74.9753 2.81099
      vertex 96.8279 75.0488 2.84144
      vertex 96.8279 74.9753 2.81099
    endloop
  endfacet
  facet normal 0 0.130435 -0.991457
    outer loop
      vertex 94.9583 74.9753 2.81099
      vertex 96.8279 74.9753 2.81099
      vertex 94.9583 74.8964 2.80061
    endloop
  endfacet
  facet normal 0 0.130435 -0.991457
    outer loop
      vertex 94.9583 74.8964 2.80061
      vertex 96.8279 74.9753 2.81099
      vertex 96.8279 74.8964 2.80061
    endloop
  endfacet
  facet normal -0.0194813 0.121227 -0.992434
    outer loop
      vertex 82.6094 74.7437 2.80061
      vertex 81.0307 74.49 2.80061
      vertex 81.1889 74.6004 2.81099
    endloop
  endfacet
  facet normal -0.0357878 0.14426 -0.988892
    outer loop
      vertex 81.1889 74.6004 2.81099
      vertex 81.0307 74.49 2.80061
      vertex 80.4974 74.49 2.81991
    endloop
  endfacet
  facet normal -0.0719675 0.376137 -0.923765
    outer loop
      vertex 81.1889 74.6004 2.81099
      vertex 80.4974 74.49 2.81991
      vertex 81.1754 74.6726 2.84144
    endloop
  endfacet
  facet normal -0.122423 0.551828 -0.824924
    outer loop
      vertex 81.1754 74.6726 2.84144
      vertex 80.4974 74.49 2.81991
      vertex 79.9642 74.49 2.89904
    endloop
  endfacet
  facet normal -0.127469 0.595247 -0.793368
    outer loop
      vertex 81.1754 74.6726 2.84144
      vertex 79.9642 74.49 2.89904
      vertex 81.1639 74.7347 2.88988
    endloop
  endfacet
  facet normal -0.163037 0.776548 -0.608598
    outer loop
      vertex 81.1639 74.7347 2.88988
      vertex 79.9642 74.49 2.89904
      vertex 81.155 74.7823 2.953
    endloop
  endfacet
  facet normal -0.121314 0.784224 -0.608503
    outer loop
      vertex 81.1639 74.7347 2.88988
      vertex 81.155 74.7823 2.953
      vertex 82.6992 74.9722 2.88988
    endloop
  endfacet
  facet normal -0.121302 0.784055 -0.608723
    outer loop
      vertex 82.6992 74.9722 2.88988
      vertex 81.155 74.7823 2.953
      vertex 82.6933 75.0203 2.95301
    endloop
  endfacet
  facet normal -0.07297 0.790006 -0.608741
    outer loop
      vertex 82.6992 74.9722 2.88988
      vertex 82.6933 75.0203 2.95301
      vertex 84.2463 75.1151 2.88988
    endloop
  endfacet
  facet normal -0.0729734 0.790417 -0.608207
    outer loop
      vertex 84.2463 75.1151 2.88988
      vertex 82.6933 75.0203 2.95301
      vertex 84.2433 75.1634 2.95301
    endloop
  endfacet
  facet normal -0.0243727 0.793416 -0.608191
    outer loop
      vertex 84.2463 75.1151 2.88988
      vertex 84.2433 75.1634 2.95301
      vertex 85.7991 75.1628 2.88988
    endloop
  endfacet
  facet normal -0.0243753 0.793369 -0.608253
    outer loop
      vertex 85.7991 75.1628 2.88988
      vertex 84.2433 75.1634 2.95301
      vertex 85.7991 75.2112 2.95301
    endloop
  endfacet
  facet normal -0.0283723 0.923465 -0.382632
    outer loop
      vertex 85.7991 75.2112 2.95301
      vertex 84.2433 75.1634 2.95301
      vertex 84.2414 75.1938 3.02652
    endloop
  endfacet
  facet normal -0.0283457 0.923725 -0.382006
    outer loop
      vertex 85.7991 75.2112 2.95301
      vertex 84.2414 75.1938 3.02652
      vertex 85.7991 75.2416 3.02652
    endloop
  endfacet
  facet normal -0.030409 0.990964 -0.130638
    outer loop
      vertex 85.7991 75.2416 3.02652
      vertex 84.2414 75.1938 3.02652
      vertex 85.7991 75.252 3.10541
    endloop
  endfacet
  facet normal -0.0407952 0.996698 0.0702093
    outer loop
      vertex 85.7991 75.252 3.10541
      vertex 84.2414 75.1938 3.02652
      vertex 83.7224 75.167 3.10541
    endloop
  endfacet
  facet normal -0.0888484 0.962142 -0.257661
    outer loop
      vertex 83.7224 75.167 3.10541
      vertex 84.2414 75.1938 3.02652
      vertex 82.6896 75.0505 3.02652
    endloop
  endfacet
  facet normal -0.12134 0.983157 0.13667
    outer loop
      vertex 83.7224 75.167 3.10541
      vertex 82.6896 75.0505 3.02652
      vertex 81.6595 74.9124 3.10541
    endloop
  endfacet
  facet normal -0.147743 0.954904 -0.257545
    outer loop
      vertex 81.6595 74.9124 3.10541
      vertex 82.6896 75.0505 3.02652
      vertex 81.1494 74.8122 3.02652
    endloop
  endfacet
  facet normal -0.204009 0.975707 0.0798471
    outer loop
      vertex 81.6595 74.9124 3.10541
      vertex 81.1494 74.8122 3.02652
      vertex 79.629 74.49 3.07909
    endloop
  endfacet
  facet normal -0.209477 0.973483 -0.0919224
    outer loop
      vertex 79.629 74.49 3.07909
      vertex 81.1494 74.8122 3.02652
      vertex 79.6342 74.49 3.06724
    endloop
  endfacet
  facet normal -0.209574 0.969401 -0.127833
    outer loop
      vertex 79.6342 74.49 3.06724
      vertex 81.1494 74.8122 3.02652
      vertex 79.6413 74.49 3.0556
    endloop
  endfacet
  facet normal -0.208988 0.962671 -0.172011
    outer loop
      vertex 79.6413 74.49 3.0556
      vertex 81.1494 74.8122 3.02652
      vertex 79.658 74.49 3.03531
    endloop
  endfacet
  facet normal -0.206926 0.951624 -0.227143
    outer loop
      vertex 79.658 74.49 3.03531
      vertex 81.1494 74.8122 3.02652
      vertex 79.6771 74.49 3.01791
    endloop
  endfacet
  facet normal -0.202312 0.932465 -0.299297
    outer loop
      vertex 79.6771 74.49 3.01791
      vertex 81.1494 74.8122 3.02652
      vertex 79.7216 74.49 2.98783
    endloop
  endfacet
  facet normal -0.193545 0.903575 -0.382219
    outer loop
      vertex 79.7216 74.49 2.98783
      vertex 81.1494 74.8122 3.02652
      vertex 81.155 74.7823 2.953
    endloop
  endfacet
  facet normal -0.193438 0.902835 -0.38402
    outer loop
      vertex 79.7216 74.49 2.98783
      vertex 81.155 74.7823 2.953
      vertex 79.77 74.49 2.96345
    endloop
  endfacet
  facet normal -0.178084 0.824615 -0.536933
    outer loop
      vertex 79.77 74.49 2.96345
      vertex 81.155 74.7823 2.953
      vertex 79.9642 74.49 2.89904
    endloop
  endfacet
  facet normal -0.202733 0.977824 -0.0525376
    outer loop
      vertex 79.629 74.49 3.07909
      vertex 79.6256 74.49 3.09221
      vertex 81.6595 74.9124 3.10541
    endloop
  endfacet
  facet normal -0.203176 0.978938 -0.0200097
    outer loop
      vertex 81.6595 74.9124 3.10541
      vertex 79.6256 74.49 3.09221
      vertex 79.6243 74.49 3.10541
    endloop
  endfacet
  facet normal -0.0186837 0.60822 -0.793549
    outer loop
      vertex 85.7991 75.1628 2.88988
      vertex 85.7991 75.0996 2.84144
      vertex 84.2463 75.1151 2.88988
    endloop
  endfacet
  facet normal -0.0186878 0.6081 -0.793641
    outer loop
      vertex 84.2463 75.1151 2.88988
      vertex 85.7991 75.0996 2.84144
      vertex 84.2502 75.052 2.84144
    endloop
  endfacet
  facet normal -0.0559556 0.6058 -0.793646
    outer loop
      vertex 84.2463 75.1151 2.88988
      vertex 84.2502 75.052 2.84144
      vertex 82.6992 74.9722 2.88988
    endloop
  endfacet
  facet normal -0.0559622 0.606041 -0.793462
    outer loop
      vertex 82.6992 74.9722 2.88988
      vertex 84.2502 75.052 2.84144
      vertex 82.707 74.9095 2.84144
    endloop
  endfacet
  facet normal -0.0930389 0.601443 -0.79348
    outer loop
      vertex 82.6992 74.9722 2.88988
      vertex 82.707 74.9095 2.84144
      vertex 81.1639 74.7347 2.88988
    endloop
  endfacet
  facet normal -0.0930537 0.601608 -0.793353
    outer loop
      vertex 81.1639 74.7347 2.88988
      vertex 82.707 74.9095 2.84144
      vertex 81.1754 74.6726 2.84144
    endloop
  endfacet
  facet normal -0.0117614 0.382714 -0.923792
    outer loop
      vertex 85.7991 75.0996 2.84144
      vertex 85.7991 75.0261 2.81099
      vertex 84.2502 75.052 2.84144
    endloop
  endfacet
  facet normal -0.0117542 0.383003 -0.923672
    outer loop
      vertex 84.2502 75.052 2.84144
      vertex 85.7991 75.0261 2.81099
      vertex 84.2546 74.9787 2.81099
    endloop
  endfacet
  facet normal -0.0352361 0.381588 -0.923661
    outer loop
      vertex 84.2502 75.052 2.84144
      vertex 84.2546 74.9787 2.81099
      vertex 82.707 74.9095 2.84144
    endloop
  endfacet
  facet normal -0.0352321 0.381478 -0.923706
    outer loop
      vertex 82.707 74.9095 2.84144
      vertex 84.2546 74.9787 2.81099
      vertex 82.716 74.8366 2.81099
    endloop
  endfacet
  facet normal -0.0585597 0.378598 -0.923707
    outer loop
      vertex 82.707 74.9095 2.84144
      vertex 82.716 74.8366 2.81099
      vertex 81.1754 74.6726 2.84144
    endloop
  endfacet
  facet normal -0.0585614 0.378616 -0.923699
    outer loop
      vertex 81.1754 74.6726 2.84144
      vertex 82.716 74.8366 2.81099
      vertex 81.1889 74.6004 2.81099
    endloop
  endfacet
  facet normal -0.00400296 0.130434 -0.991449
    outer loop
      vertex 85.7991 75.0261 2.81099
      vertex 85.7991 74.9472 2.80061
      vertex 84.2546 74.9787 2.81099
    endloop
  endfacet
  facet normal -0.00406358 0.127584 -0.991819
    outer loop
      vertex 84.2546 74.9787 2.81099
      vertex 85.7991 74.9472 2.80061
      vertex 84.201 74.8963 2.80061
    endloop
  endfacet
  facet normal -0.0122673 0.132825 -0.991064
    outer loop
      vertex 84.2546 74.9787 2.81099
      vertex 84.201 74.8963 2.80061
      vertex 82.716 74.8366 2.81099
    endloop
  endfacet
  facet normal -0.0119425 0.124558 -0.99214
    outer loop
      vertex 82.716 74.8366 2.81099
      vertex 84.201 74.8963 2.80061
      vertex 82.6094 74.7437 2.80061
    endloop
  endfacet
  facet normal -0.0208154 0.134577 -0.990684
    outer loop
      vertex 82.716 74.8366 2.81099
      vertex 82.6094 74.7437 2.80061
      vertex 81.1889 74.6004 2.81099
    endloop
  endfacet
  facet normal -0.141289 0.913229 -0.382165
    outer loop
      vertex 82.6933 75.0203 2.95301
      vertex 81.155 74.7823 2.953
      vertex 81.1494 74.8122 3.02652
    endloop
  endfacet
  facet normal -0.0849487 0.920129 -0.382291
    outer loop
      vertex 84.2433 75.1634 2.95301
      vertex 82.6933 75.0203 2.95301
      vertex 82.6896 75.0505 3.02652
    endloop
  endfacet
  facet normal -0.141288 0.913184 -0.382273
    outer loop
      vertex 82.6896 75.0505 3.02652
      vertex 82.6933 75.0203 2.95301
      vertex 81.1494 74.8122 3.02652
    endloop
  endfacet
  facet normal -0.0849548 0.919978 -0.382652
    outer loop
      vertex 84.2414 75.1938 3.02652
      vertex 84.2433 75.1634 2.95301
      vertex 82.6896 75.0505 3.02652
    endloop
  endfacet
  facet normal 0 0.00370368 -0.999993
    outer loop
      vertex 93.3435 74.9472 2.80061
      vertex 85.7991 74.9472 2.80061
      vertex 93.3436 74.9499 2.80062
    endloop
  endfacet
  facet normal -3.66763e-05 0.106166 -0.994348
    outer loop
      vertex 93.3436 74.9499 2.80062
      vertex 85.7991 74.9472 2.80061
      vertex 93.3454 75.009 2.80693
    endloop
  endfacet
  facet normal -0.000447493 0.155661 -0.98781
    outer loop
      vertex 93.3454 75.009 2.80693
      vertex 85.7991 74.9472 2.80061
      vertex 90.3315 75.0261 2.81099
    endloop
  endfacet
  facet normal 0 0.231005 -0.972953
    outer loop
      vertex 93.3454 75.009 2.80693
      vertex 90.3315 75.0261 2.81099
      vertex 91.8423 75.0261 2.81099
    endloop
  endfacet
  facet normal 0 0.38274 -0.923856
    outer loop
      vertex 91.8423 75.0261 2.81099
      vertex 90.3315 75.0261 2.81099
      vertex 91.8423 75.0996 2.84144
    endloop
  endfacet
  facet normal -0.00172856 0.38274 -0.923855
    outer loop
      vertex 91.8423 75.0261 2.81099
      vertex 91.8423 75.0996 2.84144
      vertex 93.3472 75.0657 2.82458
    endloop
  endfacet
  facet normal 0.000893998 0.476846 -0.878986
    outer loop
      vertex 93.3472 75.0657 2.82458
      vertex 91.8423 75.0996 2.84144
      vertex 93.3489 75.1179 2.8529
    endloop
  endfacet
  facet normal -0.00136277 0.608932 -0.793221
    outer loop
      vertex 93.3489 75.1179 2.8529
      vertex 91.8423 75.0996 2.84144
      vertex 91.8423 75.1627 2.88988
    endloop
  endfacet
  facet normal 5.22447e-05 0.637632 -0.770341
    outer loop
      vertex 93.3489 75.1179 2.8529
      vertex 91.8423 75.1627 2.88988
      vertex 93.3503 75.1637 2.89081
    endloop
  endfacet
  facet normal -0.000124975 0.775554 -0.631281
    outer loop
      vertex 93.3503 75.1637 2.89081
      vertex 91.8423 75.1627 2.88988
      vertex 93.3515 75.2012 2.93688
    endloop
  endfacet
  facet normal -0.00125684 0.792997 -0.609225
    outer loop
      vertex 93.3515 75.2012 2.93688
      vertex 91.8423 75.1627 2.88988
      vertex 91.8423 75.2112 2.95301
    endloop
  endfacet
  facet normal 0.000833433 0.88297 -0.469429
    outer loop
      vertex 93.3515 75.2012 2.93688
      vertex 91.8423 75.2112 2.95301
      vertex 93.3524 75.2291 2.98936
    endloop
  endfacet
  facet normal -0.00175474 0.924095 -0.382159
    outer loop
      vertex 93.3524 75.2291 2.98936
      vertex 91.8423 75.2112 2.95301
      vertex 91.8423 75.2416 3.02652
    endloop
  endfacet
  facet normal 0.000844812 0.957685 -0.287818
    outer loop
      vertex 93.3524 75.2291 2.98936
      vertex 91.8423 75.2416 3.02652
      vertex 93.3529 75.2462 3.04626
    endloop
  endfacet
  facet normal -0.00175545 0.995226 -0.0975817
    outer loop
      vertex 93.3529 75.2462 3.04626
      vertex 91.8423 75.2416 3.02652
      vertex 93.3531 75.252 3.10541
    endloop
  endfacet
  facet normal 0 0.991422 -0.130698
    outer loop
      vertex 93.3531 75.252 3.10541
      vertex 91.8423 75.2416 3.02652
      vertex 90.3315 75.2416 3.02652
    endloop
  endfacet
  facet normal 0 0.991422 -0.130698
    outer loop
      vertex 93.3531 75.252 3.10541
      vertex 90.3315 75.2416 3.02652
      vertex 88.8207 75.2416 3.02652
    endloop
  endfacet
  facet normal 0 0.924096 -0.382159
    outer loop
      vertex 88.8207 75.2416 3.02652
      vertex 90.3315 75.2416 3.02652
      vertex 88.8207 75.2112 2.95301
    endloop
  endfacet
  facet normal 0 0.924096 -0.382159
    outer loop
      vertex 88.8207 75.2416 3.02652
      vertex 88.8207 75.2112 2.95301
      vertex 87.3099 75.2112 2.95301
    endloop
  endfacet
  facet normal 0 0.792997 -0.609225
    outer loop
      vertex 87.3099 75.2112 2.95301
      vertex 88.8207 75.2112 2.95301
      vertex 87.3099 75.1627 2.88988
    endloop
  endfacet
  facet normal 5.24886e-05 0.792997 -0.609225
    outer loop
      vertex 87.3099 75.2112 2.95301
      vertex 87.3099 75.1627 2.88988
      vertex 85.7991 75.1628 2.88988
    endloop
  endfacet
  facet normal 4.02652e-05 0.608326 -0.793687
    outer loop
      vertex 85.7991 75.1628 2.88988
      vertex 87.3099 75.1627 2.88988
      vertex 85.7991 75.0996 2.84144
    endloop
  endfacet
  facet normal 0 0.608933 -0.793222
    outer loop
      vertex 85.7991 75.0996 2.84144
      vertex 87.3099 75.1627 2.88988
      vertex 87.3099 75.0996 2.84144
    endloop
  endfacet
  facet normal 0 0.38274 -0.923856
    outer loop
      vertex 85.7991 75.0996 2.84144
      vertex 87.3099 75.0996 2.84144
      vertex 85.7991 75.0261 2.81099
    endloop
  endfacet
  facet normal 0 0.38274 -0.923856
    outer loop
      vertex 85.7991 75.0261 2.81099
      vertex 87.3099 75.0996 2.84144
      vertex 87.3099 75.0261 2.81099
    endloop
  endfacet
  facet normal 0 0.130435 -0.991457
    outer loop
      vertex 85.7991 75.0261 2.81099
      vertex 87.3099 75.0261 2.81099
      vertex 85.7991 74.9472 2.80061
    endloop
  endfacet
  facet normal 0 0.130435 -0.991457
    outer loop
      vertex 85.7991 74.9472 2.80061
      vertex 87.3099 75.0261 2.81099
      vertex 88.8207 75.0261 2.81099
    endloop
  endfacet
  facet normal 0 0.130435 -0.991457
    outer loop
      vertex 85.7991 74.9472 2.80061
      vertex 88.8207 75.0261 2.81099
      vertex 90.3315 75.0261 2.81099
    endloop
  endfacet
  facet normal 0 0.38274 -0.923856
    outer loop
      vertex 90.3315 75.0261 2.81099
      vertex 88.8207 75.0261 2.81099
      vertex 90.3315 75.0996 2.84144
    endloop
  endfacet
  facet normal 0 0.38274 -0.923856
    outer loop
      vertex 90.3315 75.0261 2.81099
      vertex 90.3315 75.0996 2.84144
      vertex 91.8423 75.0996 2.84144
    endloop
  endfacet
  facet normal 0 0.608933 -0.793222
    outer loop
      vertex 91.8423 75.0996 2.84144
      vertex 90.3315 75.0996 2.84144
      vertex 91.8423 75.1627 2.88988
    endloop
  endfacet
  facet normal 0 0.793604 -0.608434
    outer loop
      vertex 85.7991 75.1628 2.88988
      vertex 85.7991 75.2112 2.95301
      vertex 87.3099 75.2112 2.95301
    endloop
  endfacet
  facet normal 0 0.924096 -0.382159
    outer loop
      vertex 87.3099 75.2112 2.95301
      vertex 85.7991 75.2112 2.95301
      vertex 87.3099 75.2416 3.02652
    endloop
  endfacet
  facet normal 0 0.924096 -0.382159
    outer loop
      vertex 87.3099 75.2112 2.95301
      vertex 87.3099 75.2416 3.02652
      vertex 88.8207 75.2416 3.02652
    endloop
  endfacet
  facet normal 0 0.991422 -0.130698
    outer loop
      vertex 88.8207 75.2416 3.02652
      vertex 87.3099 75.2416 3.02652
      vertex 85.7991 75.252 3.10541
    endloop
  endfacet
  facet normal 0 0.991422 -0.130698
    outer loop
      vertex 88.8207 75.2416 3.02652
      vertex 85.7991 75.252 3.10541
      vertex 93.3531 75.252 3.10541
    endloop
  endfacet
  facet normal 0 0.924096 -0.382159
    outer loop
      vertex 85.7991 75.2112 2.95301
      vertex 85.7991 75.2416 3.02652
      vertex 87.3099 75.2416 3.02652
    endloop
  endfacet
  facet normal 0 0.991422 -0.130698
    outer loop
      vertex 87.3099 75.2416 3.02652
      vertex 85.7991 75.2416 3.02652
      vertex 85.7991 75.252 3.10541
    endloop
  endfacet
  facet normal 0.000802017 0.297197 -0.954816
    outer loop
      vertex 93.3472 75.0657 2.82458
      vertex 93.3454 75.009 2.80693
      vertex 91.8423 75.0261 2.81099
    endloop
  endfacet
  facet normal 0 0.38274 -0.923856
    outer loop
      vertex 88.8207 75.0261 2.81099
      vertex 87.3099 75.0261 2.81099
      vertex 88.8207 75.0996 2.84144
    endloop
  endfacet
  facet normal 0 0.38274 -0.923856
    outer loop
      vertex 88.8207 75.0996 2.84144
      vertex 87.3099 75.0261 2.81099
      vertex 87.3099 75.0996 2.84144
    endloop
  endfacet
  facet normal 0 0.608933 -0.793222
    outer loop
      vertex 88.8207 75.0996 2.84144
      vertex 87.3099 75.0996 2.84144
      vertex 88.8207 75.1627 2.88988
    endloop
  endfacet
  facet normal 0 0.608933 -0.793222
    outer loop
      vertex 88.8207 75.1627 2.88988
      vertex 87.3099 75.0996 2.84144
      vertex 87.3099 75.1627 2.88988
    endloop
  endfacet
  facet normal 0 0.792997 -0.609225
    outer loop
      vertex 88.8207 75.1627 2.88988
      vertex 87.3099 75.1627 2.88988
      vertex 88.8207 75.2112 2.95301
    endloop
  endfacet
  facet normal 0 0.38274 -0.923856
    outer loop
      vertex 88.8207 75.0261 2.81099
      vertex 88.8207 75.0996 2.84144
      vertex 90.3315 75.0996 2.84144
    endloop
  endfacet
  facet normal 0 0.608933 -0.793222
    outer loop
      vertex 90.3315 75.0996 2.84144
      vertex 88.8207 75.0996 2.84144
      vertex 90.3315 75.1627 2.88988
    endloop
  endfacet
  facet normal 0 0.608933 -0.793222
    outer loop
      vertex 90.3315 75.0996 2.84144
      vertex 90.3315 75.1627 2.88988
      vertex 91.8423 75.1627 2.88988
    endloop
  endfacet
  facet normal 0 0.792997 -0.609225
    outer loop
      vertex 91.8423 75.1627 2.88988
      vertex 90.3315 75.1627 2.88988
      vertex 91.8423 75.2112 2.95301
    endloop
  endfacet
  facet normal 0 0.608933 -0.793222
    outer loop
      vertex 90.3315 75.1627 2.88988
      vertex 88.8207 75.0996 2.84144
      vertex 88.8207 75.1627 2.88988
    endloop
  endfacet
  facet normal 0 0.792997 -0.609225
    outer loop
      vertex 90.3315 75.1627 2.88988
      vertex 88.8207 75.1627 2.88988
      vertex 90.3315 75.2112 2.95301
    endloop
  endfacet
  facet normal 0 0.792997 -0.609225
    outer loop
      vertex 90.3315 75.2112 2.95301
      vertex 88.8207 75.1627 2.88988
      vertex 88.8207 75.2112 2.95301
    endloop
  endfacet
  facet normal 0 0.924096 -0.382159
    outer loop
      vertex 90.3315 75.2112 2.95301
      vertex 88.8207 75.2112 2.95301
      vertex 90.3315 75.2416 3.02652
    endloop
  endfacet
  facet normal 0 0.924096 -0.382159
    outer loop
      vertex 91.8423 75.2416 3.02652
      vertex 91.8423 75.2112 2.95301
      vertex 90.3315 75.2112 2.95301
    endloop
  endfacet
  facet normal 0 0.792997 -0.609225
    outer loop
      vertex 90.3315 75.2112 2.95301
      vertex 91.8423 75.2112 2.95301
      vertex 90.3315 75.1627 2.88988
    endloop
  endfacet
  facet normal 0 0.924096 -0.382159
    outer loop
      vertex 91.8423 75.2416 3.02652
      vertex 90.3315 75.2112 2.95301
      vertex 90.3315 75.2416 3.02652
    endloop
  endfacet
  facet normal 0.0524151 0.993842 -0.0976292
    outer loop
      vertex 93.3531 75.252 3.10541
      vertex 93.8878 75.2238 3.10541
      vertex 93.3529 75.2462 3.04626
    endloop
  endfacet
  facet normal 0.035104 0.997561 0.0603253
    outer loop
      vertex 93.3529 75.2462 3.04626
      vertex 93.8878 75.2238 3.10541
      vertex 94.9583 75.1909 3.02652
    endloop
  endfacet
  facet normal 0.0294317 0.957201 -0.287924
    outer loop
      vertex 93.3529 75.2462 3.04626
      vertex 94.9583 75.1909 3.02652
      vertex 93.3524 75.2291 2.98936
    endloop
  endfacet
  facet normal 0.0308244 0.923213 -0.38305
    outer loop
      vertex 93.3524 75.2291 2.98936
      vertex 94.9583 75.1909 3.02652
      vertex 94.9583 75.1604 2.95301
    endloop
  endfacet
  facet normal 0.0271217 0.882459 -0.469608
    outer loop
      vertex 93.3524 75.2291 2.98936
      vertex 94.9583 75.1604 2.95301
      vertex 93.3515 75.2012 2.93688
    endloop
  endfacet
  facet normal 0.0260169 0.774958 -0.631477
    outer loop
      vertex 93.3515 75.2012 2.93688
      vertex 94.9583 75.1604 2.95301
      vertex 93.3503 75.1637 2.89081
    endloop
  endfacet
  facet normal 0.0251559 0.793353 -0.608242
    outer loop
      vertex 93.3503 75.1637 2.89081
      vertex 94.9583 75.1604 2.95301
      vertex 94.9583 75.112 2.88988
    endloop
  endfacet
  facet normal 0.0200396 0.637141 -0.770486
    outer loop
      vertex 93.3503 75.1637 2.89081
      vertex 94.9583 75.112 2.88988
      vertex 93.3489 75.1179 2.8529
    endloop
  endfacet
  facet normal 0.0204628 0.608199 -0.793521
    outer loop
      vertex 93.3489 75.1179 2.8529
      vertex 94.9583 75.112 2.88988
      vertex 94.9583 75.0488 2.84144
    endloop
  endfacet
  facet normal 0.0141975 0.476464 -0.87908
    outer loop
      vertex 93.3489 75.1179 2.8529
      vertex 94.9583 75.0488 2.84144
      vertex 93.3472 75.0657 2.82458
    endloop
  endfacet
  facet normal 0.0136816 0.382705 -0.923769
    outer loop
      vertex 93.3472 75.0657 2.82458
      vertex 94.9583 75.0488 2.84144
      vertex 94.9583 74.9753 2.81099
    endloop
  endfacet
  facet normal 0.00860825 0.29696 -0.954851
    outer loop
      vertex 93.3472 75.0657 2.82458
      vertex 94.9583 74.9753 2.81099
      vertex 93.3454 75.009 2.80693
    endloop
  endfacet
  facet normal 0.00472289 0.106248 -0.994328
    outer loop
      vertex 93.3454 75.009 2.80693
      vertex 94.9583 74.9753 2.81099
      vertex 94.4197 74.9021 2.80061
    endloop
  endfacet
  facet normal 0.00270158 0.0860509 -0.996287
    outer loop
      vertex 93.3454 75.009 2.80693
      vertex 94.4197 74.9021 2.80061
      vertex 93.8814 74.919 2.80061
    endloop
  endfacet
  facet normal 0.031565 0.999435 0.0115219
    outer loop
      vertex 93.8878 75.2238 3.10541
      vertex 94.4229 75.2069 3.10541
      vertex 94.9583 75.1909 3.02652
    endloop
  endfacet
  facet normal 0.0105561 0.991529 -0.129456
    outer loop
      vertex 94.9583 75.1909 3.02652
      vertex 94.4229 75.2069 3.10541
      vertex 94.9583 75.2012 3.10541
    endloop
  endfacet
  facet normal 0.00138039 0.130435 -0.991456
    outer loop
      vertex 94.9583 74.9753 2.81099
      vertex 94.9583 74.8964 2.80061
      vertex 94.4197 74.9021 2.80061
    endloop
  endfacet
  facet normal 0.000193793 0.0036965 -0.999993
    outer loop
      vertex 93.3435 74.9472 2.80061
      vertex 93.3436 74.9499 2.80062
      vertex 93.8814 74.919 2.80061
    endloop
  endfacet
  facet normal 0.00607073 0.10598 -0.99435
    outer loop
      vertex 93.8814 74.919 2.80061
      vertex 93.3436 74.9499 2.80062
      vertex 93.3454 75.009 2.80693
    endloop
  endfacet
  facet normal 0 0.995227 -0.0975878
    outer loop
      vertex 98.4331 75.252 3.10541
      vertex 105.987 75.252 3.10541
      vertex 98.4333 75.2462 3.04626
    endloop
  endfacet
  facet normal 0.000474799 0.987524 -0.157466
    outer loop
      vertex 98.4333 75.2462 3.04626
      vertex 105.987 75.252 3.10541
      vertex 101.454 75.2416 3.02652
    endloop
  endfacet
  facet normal 0 0.973907 -0.226949
    outer loop
      vertex 98.4333 75.2462 3.04626
      vertex 101.454 75.2416 3.02652
      vertex 99.9438 75.2416 3.02652
    endloop
  endfacet
  facet normal 0 0.924096 -0.382159
    outer loop
      vertex 99.9438 75.2416 3.02652
      vertex 101.454 75.2416 3.02652
      vertex 99.9438 75.2112 2.95301
    endloop
  endfacet
  facet normal 0.00169366 0.924095 -0.382159
    outer loop
      vertex 99.9438 75.2416 3.02652
      vertex 99.9438 75.2112 2.95301
      vertex 98.4338 75.229 2.98936
    endloop
  endfacet
  facet normal -0.00085214 0.883667 -0.468116
    outer loop
      vertex 98.4338 75.229 2.98936
      vertex 99.9438 75.2112 2.95301
      vertex 98.4347 75.2012 2.93688
    endloop
  endfacet
  facet normal 0.00125692 0.792997 -0.609225
    outer loop
      vertex 98.4347 75.2012 2.93688
      vertex 99.9438 75.2112 2.95301
      vertex 99.9438 75.1627 2.88988
    endloop
  endfacet
  facet normal 0.000124983 0.775554 -0.631281
    outer loop
      vertex 98.4347 75.2012 2.93688
      vertex 99.9438 75.1627 2.88988
      vertex 98.4359 75.1637 2.89081
    endloop
  endfacet
  facet normal -5.22481e-05 0.637632 -0.770341
    outer loop
      vertex 98.4359 75.1637 2.89081
      vertex 99.9438 75.1627 2.88988
      vertex 98.4373 75.1179 2.8529
    endloop
  endfacet
  facet normal 0.00136286 0.608932 -0.793221
    outer loop
      vertex 98.4373 75.1179 2.8529
      vertex 99.9438 75.1627 2.88988
      vertex 99.9438 75.0996 2.84144
    endloop
  endfacet
  facet normal -0.000894057 0.476846 -0.878986
    outer loop
      vertex 98.4373 75.1179 2.8529
      vertex 99.9438 75.0996 2.84144
      vertex 98.439 75.0657 2.82458
    endloop
  endfacet
  facet normal 0.00172868 0.38274 -0.923855
    outer loop
      vertex 98.439 75.0657 2.82458
      vertex 99.9438 75.0996 2.84144
      vertex 99.9438 75.0261 2.81099
    endloop
  endfacet
  facet normal -0.000802071 0.297197 -0.954816
    outer loop
      vertex 98.439 75.0657 2.82458
      vertex 99.9438 75.0261 2.81099
      vertex 98.4408 75.009 2.80693
    endloop
  endfacet
  facet normal 0.00147761 0.106209 -0.994343
    outer loop
      vertex 98.4408 75.009 2.80693
      vertex 99.9438 75.0261 2.81099
      vertex 98.4426 74.9499 2.80062
    endloop
  endfacet
  facet normal 0 0.134846 -0.990867
    outer loop
      vertex 98.4426 74.9499 2.80062
      vertex 99.9438 75.0261 2.81099
      vertex 101.454 75.0261 2.81099
    endloop
  endfacet
  facet normal 0 0.134846 -0.990867
    outer loop
      vertex 98.4426 74.9499 2.80062
      vertex 101.454 75.0261 2.81099
      vertex 102.965 75.0261 2.81099
    endloop
  endfacet
  facet normal 0 0.38274 -0.923856
    outer loop
      vertex 102.965 75.0261 2.81099
      vertex 101.454 75.0261 2.81099
      vertex 102.965 75.0996 2.84144
    endloop
  endfacet
  facet normal 0 0.38274 -0.923856
    outer loop
      vertex 102.965 75.0261 2.81099
      vertex 102.965 75.0996 2.84144
      vertex 104.476 75.0996 2.84144
    endloop
  endfacet
  facet normal 0 0.608933 -0.793222
    outer loop
      vertex 104.476 75.0996 2.84144
      vertex 102.965 75.0996 2.84144
      vertex 104.476 75.1627 2.88988
    endloop
  endfacet
  facet normal 0 0.608933 -0.793222
    outer loop
      vertex 104.476 75.0996 2.84144
      vertex 104.476 75.1627 2.88988
      vertex 105.987 75.1627 2.88988
    endloop
  endfacet
  facet normal 0 0.792997 -0.609225
    outer loop
      vertex 105.987 75.1627 2.88988
      vertex 104.476 75.1627 2.88988
      vertex 105.987 75.2112 2.95301
    endloop
  endfacet
  facet normal 0 0.792997 -0.609225
    outer loop
      vertex 105.987 75.2112 2.95301
      vertex 104.476 75.1627 2.88988
      vertex 104.476 75.2112 2.95301
    endloop
  endfacet
  facet normal 0 0.924096 -0.382159
    outer loop
      vertex 105.987 75.2112 2.95301
      vertex 104.476 75.2112 2.95301
      vertex 105.987 75.2416 3.02652
    endloop
  endfacet
  facet normal 0 0.924096 -0.382159
    outer loop
      vertex 105.987 75.2416 3.02652
      vertex 104.476 75.2112 2.95301
      vertex 104.476 75.2416 3.02652
    endloop
  endfacet
  facet normal 0 0.991422 -0.130698
    outer loop
      vertex 105.987 75.2416 3.02652
      vertex 104.476 75.2416 3.02652
      vertex 105.987 75.252 3.10541
    endloop
  endfacet
  facet normal 0 0.991422 -0.130698
    outer loop
      vertex 105.987 75.252 3.10541
      vertex 104.476 75.2416 3.02652
      vertex 102.965 75.2416 3.02652
    endloop
  endfacet
  facet normal 0 0.991422 -0.130698
    outer loop
      vertex 105.987 75.252 3.10541
      vertex 102.965 75.2416 3.02652
      vertex 101.454 75.2416 3.02652
    endloop
  endfacet
  facet normal 0 0.924096 -0.382159
    outer loop
      vertex 101.454 75.2416 3.02652
      vertex 102.965 75.2416 3.02652
      vertex 101.454 75.2112 2.95301
    endloop
  endfacet
  facet normal 0 0.924096 -0.382159
    outer loop
      vertex 101.454 75.2416 3.02652
      vertex 101.454 75.2112 2.95301
      vertex 99.9438 75.2112 2.95301
    endloop
  endfacet
  facet normal 0 0.792997 -0.609225
    outer loop
      vertex 99.9438 75.2112 2.95301
      vertex 101.454 75.2112 2.95301
      vertex 99.9438 75.1627 2.88988
    endloop
  endfacet
  facet normal 0 0.608933 -0.793222
    outer loop
      vertex 105.987 75.1627 2.88988
      vertex 105.987 75.0996 2.84144
      vertex 104.476 75.0996 2.84144
    endloop
  endfacet
  facet normal 0 0.38274 -0.923856
    outer loop
      vertex 104.476 75.0996 2.84144
      vertex 105.987 75.0996 2.84144
      vertex 104.476 75.0261 2.81099
    endloop
  endfacet
  facet normal 0 0.38274 -0.923856
    outer loop
      vertex 104.476 75.0996 2.84144
      vertex 104.476 75.0261 2.81099
      vertex 102.965 75.0261 2.81099
    endloop
  endfacet
  facet normal 0 0.134846 -0.990867
    outer loop
      vertex 102.965 75.0261 2.81099
      vertex 104.476 75.0261 2.81099
      vertex 98.4426 74.9499 2.80062
    endloop
  endfacet
  facet normal 0 0.38274 -0.923856
    outer loop
      vertex 105.987 75.0996 2.84144
      vertex 105.987 75.0261 2.81099
      vertex 104.476 75.0261 2.81099
    endloop
  endfacet
  facet normal 0 0.134846 -0.990867
    outer loop
      vertex 104.476 75.0261 2.81099
      vertex 105.987 75.0261 2.81099
      vertex 98.4426 74.9499 2.80062
    endloop
  endfacet
  facet normal 4.53661e-05 0.130435 -0.991457
    outer loop
      vertex 105.987 75.0261 2.81099
      vertex 105.987 74.9472 2.80061
      vertex 98.4426 74.9499 2.80062
    endloop
  endfacet
  facet normal 0 0.00370368 -0.999993
    outer loop
      vertex 98.4426 74.9499 2.80062
      vertex 105.987 74.9472 2.80061
      vertex 98.4427 74.9472 2.80061
    endloop
  endfacet
  facet normal -0.000866445 0.95722 -0.289361
    outer loop
      vertex 98.4338 75.229 2.98936
      vertex 98.4333 75.2462 3.04626
      vertex 99.9438 75.2416 3.02652
    endloop
  endfacet
  facet normal 0 0.924096 -0.382159
    outer loop
      vertex 102.965 75.2416 3.02652
      vertex 104.476 75.2416 3.02652
      vertex 102.965 75.2112 2.95301
    endloop
  endfacet
  facet normal 0 0.924096 -0.382159
    outer loop
      vertex 102.965 75.2112 2.95301
      vertex 104.476 75.2416 3.02652
      vertex 104.476 75.2112 2.95301
    endloop
  endfacet
  facet normal 0 0.792997 -0.609225
    outer loop
      vertex 102.965 75.2112 2.95301
      vertex 104.476 75.2112 2.95301
      vertex 102.965 75.1627 2.88988
    endloop
  endfacet
  facet normal 0 0.792997 -0.609225
    outer loop
      vertex 102.965 75.1627 2.88988
      vertex 104.476 75.2112 2.95301
      vertex 104.476 75.1627 2.88988
    endloop
  endfacet
  facet normal 0 0.608933 -0.793222
    outer loop
      vertex 102.965 75.1627 2.88988
      vertex 104.476 75.1627 2.88988
      vertex 102.965 75.0996 2.84144
    endloop
  endfacet
  facet normal 0 0.924096 -0.382159
    outer loop
      vertex 102.965 75.2416 3.02652
      vertex 102.965 75.2112 2.95301
      vertex 101.454 75.2112 2.95301
    endloop
  endfacet
  facet normal 0 0.792997 -0.609225
    outer loop
      vertex 101.454 75.2112 2.95301
      vertex 102.965 75.2112 2.95301
      vertex 101.454 75.1627 2.88988
    endloop
  endfacet
  facet normal 0 0.792997 -0.609225
    outer loop
      vertex 101.454 75.2112 2.95301
      vertex 101.454 75.1627 2.88988
      vertex 99.9438 75.1627 2.88988
    endloop
  endfacet
  facet normal 0 0.608933 -0.793222
    outer loop
      vertex 99.9438 75.1627 2.88988
      vertex 101.454 75.1627 2.88988
      vertex 99.9438 75.0996 2.84144
    endloop
  endfacet
  facet normal 0 0.792997 -0.609225
    outer loop
      vertex 101.454 75.1627 2.88988
      vertex 102.965 75.2112 2.95301
      vertex 102.965 75.1627 2.88988
    endloop
  endfacet
  facet normal 0 0.608933 -0.793222
    outer loop
      vertex 101.454 75.1627 2.88988
      vertex 102.965 75.1627 2.88988
      vertex 101.454 75.0996 2.84144
    endloop
  endfacet
  facet normal 0 0.608933 -0.793222
    outer loop
      vertex 101.454 75.0996 2.84144
      vertex 102.965 75.1627 2.88988
      vertex 102.965 75.0996 2.84144
    endloop
  endfacet
  facet normal 0 0.38274 -0.923856
    outer loop
      vertex 101.454 75.0996 2.84144
      vertex 102.965 75.0996 2.84144
      vertex 101.454 75.0261 2.81099
    endloop
  endfacet
  facet normal 0 0.38274 -0.923856
    outer loop
      vertex 99.9438 75.0261 2.81099
      vertex 99.9438 75.0996 2.84144
      vertex 101.454 75.0996 2.84144
    endloop
  endfacet
  facet normal 0 0.608933 -0.793222
    outer loop
      vertex 101.454 75.0996 2.84144
      vertex 99.9438 75.0996 2.84144
      vertex 101.454 75.1627 2.88988
    endloop
  endfacet
  facet normal 0 0.38274 -0.923856
    outer loop
      vertex 99.9438 75.0261 2.81099
      vertex 101.454 75.0996 2.84144
      vertex 101.454 75.0261 2.81099
    endloop
  endfacet
  facet normal 0.0194852 0.121197 0.992437
    outer loop
      vertex 109.177 74.7436 5.9502
      vertex 110.755 74.4899 5.9502
      vertex 110.597 74.6003 5.93982
    endloop
  endfacet
  facet normal 0.0542146 0.170101 0.983934
    outer loop
      vertex 110.597 74.6003 5.93982
      vertex 110.755 74.4899 5.9502
      vertex 111.506 74.4899 5.90882
    endloop
  endfacet
  facet normal 0.0769742 0.374295 0.92411
    outer loop
      vertex 110.597 74.6003 5.93982
      vertex 111.506 74.4899 5.90882
      vertex 110.611 74.6726 5.90937
    endloop
  endfacet
  facet normal 0.122447 0.59745 0.792502
    outer loop
      vertex 110.611 74.6726 5.90937
      vertex 111.506 74.4899 5.90882
      vertex 110.622 74.7346 5.86093
    endloop
  endfacet
  facet normal 0.0931928 0.602665 0.792534
    outer loop
      vertex 110.611 74.6726 5.90937
      vertex 110.622 74.7346 5.86093
      vertex 109.079 74.9095 5.90937
    endloop
  endfacet
  facet normal 0.0930667 0.601252 0.793621
    outer loop
      vertex 109.079 74.9095 5.90937
      vertex 110.622 74.7346 5.86093
      vertex 109.087 74.9722 5.86093
    endloop
  endfacet
  facet normal 0.0559591 0.605929 0.793548
    outer loop
      vertex 109.079 74.9095 5.90937
      vertex 109.087 74.9722 5.86093
      vertex 107.536 75.052 5.90937
    endloop
  endfacet
  facet normal 0.0559707 0.606349 0.793226
    outer loop
      vertex 107.536 75.052 5.90937
      vertex 109.087 74.9722 5.86093
      vertex 107.54 75.115 5.86093
    endloop
  endfacet
  facet normal 0.0187047 0.608687 0.79319
    outer loop
      vertex 107.536 75.052 5.90937
      vertex 107.54 75.115 5.86093
      vertex 105.987 75.0996 5.90937
    endloop
  endfacet
  facet normal 0.0186999 0.608826 0.793083
    outer loop
      vertex 105.987 75.0996 5.90937
      vertex 107.54 75.115 5.86093
      vertex 105.987 75.1627 5.86093
    endloop
  endfacet
  facet normal 0.0243495 0.792763 0.609043
    outer loop
      vertex 105.987 75.1627 5.86093
      vertex 107.54 75.115 5.86093
      vertex 107.543 75.1634 5.79781
    endloop
  endfacet
  facet normal 0.0243521 0.792716 0.609105
    outer loop
      vertex 105.987 75.1627 5.86093
      vertex 107.543 75.1634 5.79781
      vertex 105.987 75.2112 5.79781
    endloop
  endfacet
  facet normal 0.028373 0.923606 0.382291
    outer loop
      vertex 105.987 75.2112 5.79781
      vertex 107.543 75.1634 5.79781
      vertex 107.544 75.1938 5.72429
    endloop
  endfacet
  facet normal 0.028359 0.923743 0.381961
    outer loop
      vertex 105.987 75.2112 5.79781
      vertex 107.544 75.1938 5.72429
      vertex 105.987 75.2416 5.72429
    endloop
  endfacet
  facet normal 0.0304226 0.990961 0.130654
    outer loop
      vertex 105.987 75.2416 5.72429
      vertex 107.544 75.1938 5.72429
      vertex 105.987 75.252 5.64541
    endloop
  endfacet
  facet normal 0.0408543 0.996634 -0.0710708
    outer loop
      vertex 105.987 75.252 5.64541
      vertex 107.544 75.1938 5.72429
      vertex 108.063 75.1669 5.64541
    endloop
  endfacet
  facet normal 0.0888659 0.962455 0.256482
    outer loop
      vertex 108.063 75.1669 5.64541
      vertex 107.544 75.1938 5.72429
      vertex 109.096 75.0505 5.72429
    endloop
  endfacet
  facet normal 0.121272 0.983047 -0.137516
    outer loop
      vertex 108.063 75.1669 5.64541
      vertex 109.096 75.0505 5.72429
      vertex 110.126 74.9124 5.6454
    endloop
  endfacet
  facet normal 0.147713 0.955207 0.256438
    outer loop
      vertex 110.126 74.9124 5.6454
      vertex 109.096 75.0505 5.72429
      vertex 110.637 74.8122 5.72429
    endloop
  endfacet
  facet normal 0.203788 0.975676 -0.0807827
    outer loop
      vertex 110.126 74.9124 5.6454
      vertex 110.637 74.8122 5.72429
      vertex 112.158 74.4899 5.6686
    endloop
  endfacet
  facet normal 0.209764 0.972602 0.100222
    outer loop
      vertex 112.158 74.4899 5.6686
      vertex 110.637 74.8122 5.72429
      vertex 112.148 74.4899 5.68953
    endloop
  endfacet
  facet normal 0.209514 0.965684 0.15349
    outer loop
      vertex 112.148 74.4899 5.68953
      vertex 110.637 74.8122 5.72429
      vertex 112.134 74.4899 5.70864
    endloop
  endfacet
  facet normal 0.208336 0.958131 0.19642
    outer loop
      vertex 112.134 74.4899 5.70864
      vertex 110.637 74.8122 5.72429
      vertex 112.119 74.4899 5.72455
    endloop
  endfacet
  facet normal 0.204569 0.940868 0.270034
    outer loop
      vertex 112.119 74.4899 5.72455
      vertex 110.637 74.8122 5.72429
      vertex 112.082 74.4899 5.75258
    endloop
  endfacet
  facet normal 0.197105 0.914675 0.352874
    outer loop
      vertex 112.082 74.4899 5.75258
      vertex 110.637 74.8122 5.72429
      vertex 112.04 74.4899 5.77604
    endloop
  endfacet
  facet normal 0.193227 0.902818 0.384166
    outer loop
      vertex 112.04 74.4899 5.77604
      vertex 110.637 74.8122 5.72429
      vertex 110.631 74.7822 5.79781
    endloop
  endfacet
  facet normal 0.183928 0.849818 0.493944
    outer loop
      vertex 112.04 74.4899 5.77604
      vertex 110.631 74.7822 5.79781
      vertex 111.871 74.4899 5.83897
    endloop
  endfacet
  facet normal 0.162826 0.776464 0.608763
    outer loop
      vertex 111.871 74.4899 5.83897
      vertex 110.631 74.7822 5.79781
      vertex 110.622 74.7346 5.86093
    endloop
  endfacet
  facet normal 0.141717 0.656897 0.740542
    outer loop
      vertex 111.871 74.4899 5.83897
      vertex 110.622 74.7346 5.86093
      vertex 111.506 74.4899 5.90882
    endloop
  endfacet
  facet normal 0.202721 0.977846 0.0521582
    outer loop
      vertex 112.158 74.4899 5.6686
      vertex 112.161 74.4899 5.65694
      vertex 110.126 74.9124 5.6454
    endloop
  endfacet
  facet normal 0.203155 0.978988 0.0176044
    outer loop
      vertex 110.126 74.9124 5.6454
      vertex 112.161 74.4899 5.65694
      vertex 112.162 74.4899 5.6454
    endloop
  endfacet
  facet normal 0.0117606 0.382714 0.923792
    outer loop
      vertex 105.987 75.0996 5.90937
      vertex 105.987 75.0261 5.93982
      vertex 107.536 75.052 5.90937
    endloop
  endfacet
  facet normal 0.0117555 0.382921 0.923706
    outer loop
      vertex 107.536 75.052 5.90937
      vertex 105.987 75.0261 5.93982
      vertex 107.531 74.9787 5.93982
    endloop
  endfacet
  facet normal 0.035218 0.381343 0.923762
    outer loop
      vertex 107.536 75.052 5.90937
      vertex 107.531 74.9787 5.93982
      vertex 109.079 74.9095 5.90937
    endloop
  endfacet
  facet normal 0.0352068 0.381035 0.92389
    outer loop
      vertex 109.079 74.9095 5.90937
      vertex 107.531 74.9787 5.93982
      vertex 109.07 74.8365 5.93982
    endloop
  endfacet
  facet normal 0.0584775 0.378166 0.923889
    outer loop
      vertex 109.079 74.9095 5.90937
      vertex 109.07 74.8365 5.93982
      vertex 110.611 74.6726 5.90937
    endloop
  endfacet
  facet normal 0.058446 0.377845 0.924022
    outer loop
      vertex 110.611 74.6726 5.90937
      vertex 109.07 74.8365 5.93982
      vertex 110.597 74.6003 5.93982
    endloop
  endfacet
  facet normal 0.00400426 0.130434 0.991449
    outer loop
      vertex 105.987 75.0261 5.93982
      vertex 105.987 74.9472 5.9502
      vertex 107.531 74.9787 5.93982
    endloop
  endfacet
  facet normal 0.00406447 0.127604 0.991817
    outer loop
      vertex 107.531 74.9787 5.93982
      vertex 105.987 74.9472 5.9502
      vertex 107.585 74.8963 5.9502
    endloop
  endfacet
  facet normal 0.0122788 0.132891 0.991055
    outer loop
      vertex 107.531 74.9787 5.93982
      vertex 107.585 74.8963 5.9502
      vertex 109.07 74.8365 5.93982
    endloop
  endfacet
  facet normal 0.0119533 0.124622 0.992132
    outer loop
      vertex 109.07 74.8365 5.93982
      vertex 107.585 74.8963 5.9502
      vertex 109.177 74.7436 5.9502
    endloop
  endfacet
  facet normal 0.0208336 0.134686 0.990669
    outer loop
      vertex 109.07 74.8365 5.93982
      vertex 109.177 74.7436 5.9502
      vertex 110.597 74.6003 5.93982
    endloop
  endfacet
  facet normal 0.121373 0.78412 0.608626
    outer loop
      vertex 109.087 74.9722 5.86093
      vertex 110.622 74.7346 5.86093
      vertex 110.631 74.7822 5.79781
    endloop
  endfacet
  facet normal 0.141209 0.912522 0.383881
    outer loop
      vertex 110.631 74.7822 5.79781
      vertex 110.637 74.8122 5.72429
      vertex 109.093 75.0202 5.79781
    endloop
  endfacet
  facet normal 0.141225 0.913249 0.382142
    outer loop
      vertex 109.093 75.0202 5.79781
      vertex 110.637 74.8122 5.72429
      vertex 109.096 75.0505 5.72429
    endloop
  endfacet
  facet normal 0.0849948 0.919986 0.382625
    outer loop
      vertex 109.093 75.0202 5.79781
      vertex 109.096 75.0505 5.72429
      vertex 107.543 75.1634 5.79781
    endloop
  endfacet
  facet normal 0.0849794 0.920363 0.38172
    outer loop
      vertex 107.543 75.1634 5.79781
      vertex 109.096 75.0505 5.72429
      vertex 107.544 75.1938 5.72429
    endloop
  endfacet
  facet normal 0.0729702 0.790511 0.608085
    outer loop
      vertex 107.54 75.115 5.86093
      vertex 109.087 74.9722 5.86093
      vertex 109.093 75.0202 5.79781
    endloop
  endfacet
  facet normal 0.121399 0.784506 0.608122
    outer loop
      vertex 109.093 75.0202 5.79781
      vertex 109.087 74.9722 5.86093
      vertex 110.631 74.7822 5.79781
    endloop
  endfacet
  facet normal 0.0729641 0.789765 0.609055
    outer loop
      vertex 107.54 75.115 5.86093
      vertex 109.093 75.0202 5.79781
      vertex 107.543 75.1634 5.79781
    endloop
  endfacet
  facet normal -0.052415 0.99384 0.0976455
    outer loop
      vertex 98.4331 75.252 5.64541
      vertex 97.8984 75.2238 5.64541
      vertex 98.4333 75.2462 5.70455
    endloop
  endfacet
  facet normal -0.035161 0.997589 -0.0598304
    outer loop
      vertex 98.4333 75.2462 5.70455
      vertex 97.8984 75.2238 5.64541
      vertex 96.8279 75.1908 5.72429
    endloop
  endfacet
  facet normal -0.0294563 0.956735 0.289465
    outer loop
      vertex 98.4333 75.2462 5.70455
      vertex 96.8279 75.1908 5.72429
      vertex 98.4338 75.229 5.76145
    endloop
  endfacet
  facet normal -0.0308096 0.923676 0.381934
    outer loop
      vertex 98.4338 75.229 5.76145
      vertex 96.8279 75.1908 5.72429
      vertex 96.8279 75.1604 5.79781
    endloop
  endfacet
  facet normal -0.0271233 0.883156 0.468295
    outer loop
      vertex 98.4338 75.229 5.76145
      vertex 96.8279 75.1604 5.79781
      vertex 98.4347 75.2012 5.81393
    endloop
  endfacet
  facet normal -0.026013 0.774958 0.631477
    outer loop
      vertex 98.4347 75.2012 5.81393
      vertex 96.8279 75.1604 5.79781
      vertex 98.4359 75.1637 5.86
    endloop
  endfacet
  facet normal -0.0251544 0.793307 0.608302
    outer loop
      vertex 98.4359 75.1637 5.86
      vertex 96.8279 75.1604 5.79781
      vertex 96.8279 75.112 5.86093
    endloop
  endfacet
  facet normal -0.0200396 0.637141 0.770486
    outer loop
      vertex 98.4359 75.1637 5.86
      vertex 96.8279 75.112 5.86093
      vertex 98.4373 75.1179 5.89791
    endloop
  endfacet
  facet normal -0.0204628 0.608199 0.793521
    outer loop
      vertex 98.4373 75.1179 5.89791
      vertex 96.8279 75.112 5.86093
      vertex 96.8279 75.0488 5.90937
    endloop
  endfacet
  facet normal -0.0142035 0.476593 0.879009
    outer loop
      vertex 98.4373 75.1179 5.89791
      vertex 96.8279 75.0488 5.90937
      vertex 98.439 75.0657 5.92624
    endloop
  endfacet
  facet normal -0.0136874 0.382704 0.923769
    outer loop
      vertex 98.439 75.0657 5.92624
      vertex 96.8279 75.0488 5.90937
      vertex 96.8279 74.9753 5.93982
    endloop
  endfacet
  facet normal -0.00860516 0.296806 0.954899
    outer loop
      vertex 98.439 75.0657 5.92624
      vertex 96.8279 74.9753 5.93982
      vertex 98.4408 75.009 5.94388
    endloop
  endfacet
  facet normal -0.00472289 0.106248 0.994328
    outer loop
      vertex 98.4408 75.009 5.94388
      vertex 96.8279 74.9753 5.93982
      vertex 97.3665 74.9021 5.9502
    endloop
  endfacet
  facet normal -0.00270158 0.0860509 0.996287
    outer loop
      vertex 98.4408 75.009 5.94388
      vertex 97.3665 74.9021 5.9502
      vertex 97.9048 74.919 5.9502
    endloop
  endfacet
  facet normal -0.0315655 0.999449 -0.0102565
    outer loop
      vertex 97.8984 75.2238 5.64541
      vertex 97.3633 75.2069 5.64541
      vertex 96.8279 75.1908 5.72429
    endloop
  endfacet
  facet normal -0.0105543 0.991365 0.130707
    outer loop
      vertex 96.8279 75.1908 5.72429
      vertex 97.3633 75.2069 5.64541
      vertex 96.8279 75.2012 5.64541
    endloop
  endfacet
  facet normal -0.00138039 0.130435 0.991456
    outer loop
      vertex 96.8279 74.9753 5.93982
      vertex 96.8279 74.8964 5.9502
      vertex 97.3665 74.9021 5.9502
    endloop
  endfacet
  facet normal -0.000193793 0.0036965 0.999993
    outer loop
      vertex 98.4427 74.9472 5.9502
      vertex 98.4426 74.9499 5.95019
      vertex 97.9048 74.919 5.9502
    endloop
  endfacet
  facet normal -0.00607073 0.10598 0.99435
    outer loop
      vertex 97.9048 74.919 5.9502
      vertex 98.4426 74.9499 5.95019
      vertex 98.4408 75.009 5.94388
    endloop
  endfacet
  facet normal -0 0.130435 0.991457
    outer loop
      vertex 94.9583 74.8964 5.9502
      vertex 96.8279 74.8964 5.9502
      vertex 94.9583 74.9753 5.93982
    endloop
  endfacet
  facet normal -0 0.130435 0.991457
    outer loop
      vertex 94.9583 74.9753 5.93982
      vertex 96.8279 74.8964 5.9502
      vertex 96.8279 74.9753 5.93982
    endloop
  endfacet
  facet normal -0 0.38274 0.923856
    outer loop
      vertex 94.9583 74.9753 5.93982
      vertex 96.8279 74.9753 5.93982
      vertex 94.9583 75.0488 5.90937
    endloop
  endfacet
  facet normal -0 0.38274 0.923856
    outer loop
      vertex 94.9583 75.0488 5.90937
      vertex 96.8279 74.9753 5.93982
      vertex 96.8279 75.0488 5.90937
    endloop
  endfacet
  facet normal -0 0.608326 0.793687
    outer loop
      vertex 94.9583 75.0488 5.90937
      vertex 96.8279 75.0488 5.90937
      vertex 94.9583 75.112 5.86093
    endloop
  endfacet
  facet normal -0 0.608326 0.793687
    outer loop
      vertex 94.9583 75.112 5.86093
      vertex 96.8279 75.0488 5.90937
      vertex 96.8279 75.112 5.86093
    endloop
  endfacet
  facet normal -0 0.793558 0.608495
    outer loop
      vertex 94.9583 75.112 5.86093
      vertex 96.8279 75.112 5.86093
      vertex 94.9583 75.1604 5.79781
    endloop
  endfacet
  facet normal -0 0.793558 0.608495
    outer loop
      vertex 94.9583 75.1604 5.79781
      vertex 96.8279 75.112 5.86093
      vertex 96.8279 75.1604 5.79781
    endloop
  endfacet
  facet normal -0 0.924115 0.382115
    outer loop
      vertex 94.9583 75.1604 5.79781
      vertex 96.8279 75.1604 5.79781
      vertex 94.9583 75.1908 5.72429
    endloop
  endfacet
  facet normal -0 0.924115 0.382115
    outer loop
      vertex 94.9583 75.1908 5.72429
      vertex 96.8279 75.1604 5.79781
      vertex 96.8279 75.1908 5.72429
    endloop
  endfacet
  facet normal -0 0.99142 0.130715
    outer loop
      vertex 94.9583 75.1908 5.72429
      vertex 96.8279 75.1908 5.72429
      vertex 94.9583 75.2012 5.64541
    endloop
  endfacet
  facet normal -0 0.99142 0.130715
    outer loop
      vertex 94.9583 75.2012 5.64541
      vertex 96.8279 75.1908 5.72429
      vertex 96.8279 75.2012 5.64541
    endloop
  endfacet
  facet normal 0.000193793 0.0036965 0.999993
    outer loop
      vertex 93.3435 74.9472 5.9502
      vertex 93.8814 74.919 5.9502
      vertex 93.3436 74.9499 5.95019
    endloop
  endfacet
  facet normal 0.00607073 0.10598 0.99435
    outer loop
      vertex 93.3436 74.9499 5.95019
      vertex 93.8814 74.919 5.9502
      vertex 93.3454 75.009 5.94388
    endloop
  endfacet
  facet normal 0.00270158 0.0860509 0.996287
    outer loop
      vertex 93.3454 75.009 5.94388
      vertex 93.8814 74.919 5.9502
      vertex 94.4197 74.9021 5.9502
    endloop
  endfacet
  facet normal 0.00472289 0.106248 0.994328
    outer loop
      vertex 93.3454 75.009 5.94388
      vertex 94.4197 74.9021 5.9502
      vertex 94.9583 74.9753 5.93982
    endloop
  endfacet
  facet normal 0.00138039 0.130435 0.991456
    outer loop
      vertex 94.9583 74.9753 5.93982
      vertex 94.4197 74.9021 5.9502
      vertex 94.9583 74.8964 5.9502
    endloop
  endfacet
  facet normal 0.010322 0.38272 0.923807
    outer loop
      vertex 94.9583 74.9753 5.93982
      vertex 94.9583 75.0488 5.90937
      vertex 93.3454 75.009 5.94388
    endloop
  endfacet
  facet normal 0.0131107 0.296662 0.954893
    outer loop
      vertex 93.3454 75.009 5.94388
      vertex 94.9583 75.0488 5.90937
      vertex 93.3472 75.0657 5.92624
    endloop
  endfacet
  facet normal 0.0146904 0.60826 0.793602
    outer loop
      vertex 93.3472 75.0657 5.92624
      vertex 94.9583 75.0488 5.90937
      vertex 94.9583 75.112 5.86093
    endloop
  endfacet
  facet normal 0.0219433 0.476332 0.878992
    outer loop
      vertex 93.3472 75.0657 5.92624
      vertex 94.9583 75.112 5.86093
      vertex 93.3489 75.1179 5.89791
    endloop
  endfacet
  facet normal 0.0168884 0.793445 0.608408
    outer loop
      vertex 93.3489 75.1179 5.89791
      vertex 94.9583 75.112 5.86093
      vertex 94.9583 75.1604 5.79781
    endloop
  endfacet
  facet normal 0.0311036 0.63676 0.770434
    outer loop
      vertex 93.3489 75.1179 5.89791
      vertex 94.9583 75.1604 5.79781
      vertex 93.3503 75.1637 5.86
    endloop
  endfacet
  facet normal 0.026013 0.774958 0.631477
    outer loop
      vertex 93.3503 75.1637 5.86
      vertex 94.9583 75.1604 5.79781
      vertex 93.3515 75.2012 5.81393
    endloop
  endfacet
  facet normal 0.0272885 0.923771 0.381973
    outer loop
      vertex 93.3515 75.2012 5.81393
      vertex 94.9583 75.1604 5.79781
      vertex 94.9583 75.1908 5.72429
    endloop
  endfacet
  facet normal 0.0318403 0.882999 0.468293
    outer loop
      vertex 93.3515 75.2012 5.81393
      vertex 94.9583 75.1908 5.72429
      vertex 93.3524 75.229 5.76145
    endloop
  endfacet
  facet normal 0.0253944 0.997046 0.072488
    outer loop
      vertex 93.3524 75.229 5.76145
      vertex 94.9583 75.1908 5.72429
      vertex 93.8878 75.2238 5.64541
    endloop
  endfacet
  facet normal 0.0719472 0.954566 0.289183
    outer loop
      vertex 93.3524 75.229 5.76145
      vertex 93.8878 75.2238 5.64541
      vertex 93.3529 75.2462 5.70455
    endloop
  endfacet
  facet normal 0.052415 0.99384 0.0976455
    outer loop
      vertex 93.3529 75.2462 5.70455
      vertex 93.8878 75.2238 5.64541
      vertex 93.3531 75.252 5.64541
    endloop
  endfacet
  facet normal 0.0105543 0.991365 0.130707
    outer loop
      vertex 94.9583 75.2012 5.64541
      vertex 94.4229 75.2069 5.64541
      vertex 94.9583 75.1908 5.72429
    endloop
  endfacet
  facet normal 0.0315655 0.999449 -0.0102565
    outer loop
      vertex 94.9583 75.1908 5.72429
      vertex 94.4229 75.2069 5.64541
      vertex 93.8878 75.2238 5.64541
    endloop
  endfacet
  facet normal 0 0.995225 0.0976041
    outer loop
      vertex 93.3531 75.252 5.64541
      vertex 85.7991 75.252 5.64541
      vertex 93.3529 75.2462 5.70455
    endloop
  endfacet
  facet normal -0.000474641 0.987523 0.157473
    outer loop
      vertex 93.3529 75.2462 5.70455
      vertex 85.7991 75.252 5.64541
      vertex 90.3315 75.2416 5.72429
    endloop
  endfacet
  facet normal 0 0.973907 0.226949
    outer loop
      vertex 93.3529 75.2462 5.70455
      vertex 90.3315 75.2416 5.72429
      vertex 91.8423 75.2416 5.72429
    endloop
  endfacet
  facet normal 0 0.924115 0.382115
    outer loop
      vertex 91.8423 75.2416 5.72429
      vertex 90.3315 75.2416 5.72429
      vertex 91.8423 75.2112 5.79781
    endloop
  endfacet
  facet normal -0.0016923 0.924113 0.382114
    outer loop
      vertex 91.8423 75.2416 5.72429
      vertex 91.8423 75.2112 5.79781
      vertex 93.3524 75.229 5.76145
    endloop
  endfacet
  facet normal 0.000855185 0.883667 0.468116
    outer loop
      vertex 93.3524 75.229 5.76145
      vertex 91.8423 75.2112 5.79781
      vertex 93.3515 75.2012 5.81393
    endloop
  endfacet
  facet normal -0.00125376 0.79295 0.609285
    outer loop
      vertex 93.3515 75.2012 5.81393
      vertex 91.8423 75.2112 5.79781
      vertex 91.8423 75.1627 5.86093
    endloop
  endfacet
  facet normal -0.000124975 0.775554 0.631281
    outer loop
      vertex 93.3515 75.2012 5.81393
      vertex 91.8423 75.1627 5.86093
      vertex 93.3503 75.1637 5.86
    endloop
  endfacet
  facet normal 5.22447e-05 0.637632 0.770341
    outer loop
      vertex 93.3503 75.1637 5.86
      vertex 91.8423 75.1627 5.86093
      vertex 93.3489 75.1179 5.89791
    endloop
  endfacet
  facet normal -0.00136277 0.608932 0.793221
    outer loop
      vertex 93.3489 75.1179 5.89791
      vertex 91.8423 75.1627 5.86093
      vertex 91.8423 75.0996 5.90937
    endloop
  endfacet
  facet normal 0.00089188 0.476976 0.878916
    outer loop
      vertex 93.3489 75.1179 5.89791
      vertex 91.8423 75.0996 5.90937
      vertex 93.3472 75.0657 5.92624
    endloop
  endfacet
  facet normal -0.0017347 0.38274 0.923855
    outer loop
      vertex 93.3472 75.0657 5.92624
      vertex 91.8423 75.0996 5.90937
      vertex 91.8423 75.0261 5.93982
    endloop
  endfacet
  facet normal 0.000800142 0.297043 0.954864
    outer loop
      vertex 93.3472 75.0657 5.92624
      vertex 91.8423 75.0261 5.93982
      vertex 93.3454 75.009 5.94388
    endloop
  endfacet
  facet normal -0.00147752 0.106209 0.994343
    outer loop
      vertex 93.3454 75.009 5.94388
      vertex 91.8423 75.0261 5.93982
      vertex 93.3436 74.9499 5.95019
    endloop
  endfacet
  facet normal -0.00670655 0.00395198 0.99997
    outer loop
      vertex 93.3436 74.9499 5.95019
      vertex 91.8423 75.0261 5.93982
      vertex 93.3435 74.9472 5.9502
    endloop
  endfacet
  facet normal 0 0.130435 0.991457
    outer loop
      vertex 93.3435 74.9472 5.9502
      vertex 91.8423 75.0261 5.93982
      vertex 90.3315 75.0261 5.93982
    endloop
  endfacet
  facet normal 0 0.130435 0.991457
    outer loop
      vertex 93.3435 74.9472 5.9502
      vertex 90.3315 75.0261 5.93982
      vertex 88.8207 75.0261 5.93982
    endloop
  endfacet
  facet normal -0 0.38274 0.923856
    outer loop
      vertex 88.8207 75.0261 5.93982
      vertex 90.3315 75.0261 5.93982
      vertex 88.8207 75.0996 5.90937
    endloop
  endfacet
  facet normal 0 0.38274 0.923856
    outer loop
      vertex 88.8207 75.0261 5.93982
      vertex 88.8207 75.0996 5.90937
      vertex 87.3099 75.0996 5.90937
    endloop
  endfacet
  facet normal -0 0.608933 0.793222
    outer loop
      vertex 87.3099 75.0996 5.90937
      vertex 88.8207 75.0996 5.90937
      vertex 87.3099 75.1627 5.86093
    endloop
  endfacet
  facet normal 0 0.608933 0.793222
    outer loop
      vertex 87.3099 75.0996 5.90937
      vertex 87.3099 75.1627 5.86093
      vertex 85.7991 75.1627 5.86093
    endloop
  endfacet
  facet normal -0 0.792951 0.609286
    outer loop
      vertex 85.7991 75.1627 5.86093
      vertex 87.3099 75.1627 5.86093
      vertex 85.7991 75.2112 5.79781
    endloop
  endfacet
  facet normal -0 0.792951 0.609286
    outer loop
      vertex 85.7991 75.2112 5.79781
      vertex 87.3099 75.1627 5.86093
      vertex 87.3099 75.2112 5.79781
    endloop
  endfacet
  facet normal -0 0.924115 0.382115
    outer loop
      vertex 85.7991 75.2112 5.79781
      vertex 87.3099 75.2112 5.79781
      vertex 85.7991 75.2416 5.72429
    endloop
  endfacet
  facet normal -0 0.924115 0.382115
    outer loop
      vertex 85.7991 75.2416 5.72429
      vertex 87.3099 75.2112 5.79781
      vertex 87.3099 75.2416 5.72429
    endloop
  endfacet
  facet normal -0 0.99142 0.130715
    outer loop
      vertex 85.7991 75.2416 5.72429
      vertex 87.3099 75.2416 5.72429
      vertex 85.7991 75.252 5.64541
    endloop
  endfacet
  facet normal 0 0.99142 0.130715
    outer loop
      vertex 85.7991 75.252 5.64541
      vertex 87.3099 75.2416 5.72429
      vertex 88.8207 75.2416 5.72429
    endloop
  endfacet
  facet normal 0 0.99142 0.130715
    outer loop
      vertex 85.7991 75.252 5.64541
      vertex 88.8207 75.2416 5.72429
      vertex 90.3315 75.2416 5.72429
    endloop
  endfacet
  facet normal 0 0.924115 0.382115
    outer loop
      vertex 90.3315 75.2416 5.72429
      vertex 88.8207 75.2416 5.72429
      vertex 90.3315 75.2112 5.79781
    endloop
  endfacet
  facet normal 0 0.924115 0.382115
    outer loop
      vertex 90.3315 75.2416 5.72429
      vertex 90.3315 75.2112 5.79781
      vertex 91.8423 75.2112 5.79781
    endloop
  endfacet
  facet normal 0 0.792951 0.609286
    outer loop
      vertex 91.8423 75.2112 5.79781
      vertex 90.3315 75.2112 5.79781
      vertex 91.8423 75.1627 5.86093
    endloop
  endfacet
  facet normal 0 0.608933 0.793222
    outer loop
      vertex 85.7991 75.1627 5.86093
      vertex 85.7991 75.0996 5.90937
      vertex 87.3099 75.0996 5.90937
    endloop
  endfacet
  facet normal 0 0.38274 0.923856
    outer loop
      vertex 87.3099 75.0996 5.90937
      vertex 85.7991 75.0996 5.90937
      vertex 87.3099 75.0261 5.93982
    endloop
  endfacet
  facet normal 0 0.38274 0.923856
    outer loop
      vertex 87.3099 75.0996 5.90937
      vertex 87.3099 75.0261 5.93982
      vertex 88.8207 75.0261 5.93982
    endloop
  endfacet
  facet normal 0 0.130435 0.991457
    outer loop
      vertex 88.8207 75.0261 5.93982
      vertex 87.3099 75.0261 5.93982
      vertex 85.7991 74.9472 5.9502
    endloop
  endfacet
  facet normal 0 0.130435 0.991457
    outer loop
      vertex 88.8207 75.0261 5.93982
      vertex 85.7991 74.9472 5.9502
      vertex 93.3435 74.9472 5.9502
    endloop
  endfacet
  facet normal 0 0.38274 0.923856
    outer loop
      vertex 85.7991 75.0996 5.90937
      vertex 85.7991 75.0261 5.93982
      vertex 87.3099 75.0261 5.93982
    endloop
  endfacet
  facet normal 0 0.130435 0.991457
    outer loop
      vertex 87.3099 75.0261 5.93982
      vertex 85.7991 75.0261 5.93982
      vertex 85.7991 74.9472 5.9502
    endloop
  endfacet
  facet normal 0.000866388 0.95722 0.289361
    outer loop
      vertex 93.3524 75.229 5.76145
      vertex 93.3529 75.2462 5.70455
      vertex 91.8423 75.2416 5.72429
    endloop
  endfacet
  facet normal 0 0.924115 0.382115
    outer loop
      vertex 88.8207 75.2416 5.72429
      vertex 87.3099 75.2416 5.72429
      vertex 88.8207 75.2112 5.79781
    endloop
  endfacet
  facet normal 0 0.924115 0.382115
    outer loop
      vertex 88.8207 75.2112 5.79781
      vertex 87.3099 75.2416 5.72429
      vertex 87.3099 75.2112 5.79781
    endloop
  endfacet
  facet normal 0 0.792951 0.609286
    outer loop
      vertex 88.8207 75.2112 5.79781
      vertex 87.3099 75.2112 5.79781
      vertex 88.8207 75.1627 5.86093
    endloop
  endfacet
  facet normal 0 0.792951 0.609286
    outer loop
      vertex 88.8207 75.1627 5.86093
      vertex 87.3099 75.2112 5.79781
      vertex 87.3099 75.1627 5.86093
    endloop
  endfacet
  facet normal 0 0.608933 0.793222
    outer loop
      vertex 88.8207 75.1627 5.86093
      vertex 87.3099 75.1627 5.86093
      vertex 88.8207 75.0996 5.90937
    endloop
  endfacet
  facet normal 0 0.924115 0.382115
    outer loop
      vertex 88.8207 75.2416 5.72429
      vertex 88.8207 75.2112 5.79781
      vertex 90.3315 75.2112 5.79781
    endloop
  endfacet
  facet normal 0 0.792951 0.609286
    outer loop
      vertex 90.3315 75.2112 5.79781
      vertex 88.8207 75.2112 5.79781
      vertex 90.3315 75.1627 5.86093
    endloop
  endfacet
  facet normal 0 0.792951 0.609286
    outer loop
      vertex 90.3315 75.2112 5.79781
      vertex 90.3315 75.1627 5.86093
      vertex 91.8423 75.1627 5.86093
    endloop
  endfacet
  facet normal 0 0.608933 0.793222
    outer loop
      vertex 91.8423 75.1627 5.86093
      vertex 90.3315 75.1627 5.86093
      vertex 91.8423 75.0996 5.90937
    endloop
  endfacet
  facet normal 0 0.792951 0.609286
    outer loop
      vertex 90.3315 75.1627 5.86093
      vertex 88.8207 75.2112 5.79781
      vertex 88.8207 75.1627 5.86093
    endloop
  endfacet
  facet normal 0 0.608933 0.793222
    outer loop
      vertex 90.3315 75.1627 5.86093
      vertex 88.8207 75.1627 5.86093
      vertex 90.3315 75.0996 5.90937
    endloop
  endfacet
  facet normal 0 0.608933 0.793222
    outer loop
      vertex 90.3315 75.0996 5.90937
      vertex 88.8207 75.1627 5.86093
      vertex 88.8207 75.0996 5.90937
    endloop
  endfacet
  facet normal 0 0.38274 0.923856
    outer loop
      vertex 90.3315 75.0996 5.90937
      vertex 88.8207 75.0996 5.90937
      vertex 90.3315 75.0261 5.93982
    endloop
  endfacet
  facet normal 0 0.38274 0.923856
    outer loop
      vertex 91.8423 75.0261 5.93982
      vertex 91.8423 75.0996 5.90937
      vertex 90.3315 75.0996 5.90937
    endloop
  endfacet
  facet normal -0 0.608933 0.793222
    outer loop
      vertex 90.3315 75.0996 5.90937
      vertex 91.8423 75.0996 5.90937
      vertex 90.3315 75.1627 5.86093
    endloop
  endfacet
  facet normal 0 0.38274 0.923856
    outer loop
      vertex 91.8423 75.0261 5.93982
      vertex 90.3315 75.0996 5.90937
      vertex 90.3315 75.0261 5.93982
    endloop
  endfacet
  facet normal -0.00406358 0.127584 0.991819
    outer loop
      vertex 84.201 74.8963 5.9502
      vertex 85.7991 74.9472 5.9502
      vertex 84.2546 74.9787 5.93982
    endloop
  endfacet
  facet normal -0.00400296 0.130434 0.991449
    outer loop
      vertex 84.2546 74.9787 5.93982
      vertex 85.7991 74.9472 5.9502
      vertex 85.7991 75.0261 5.93982
    endloop
  endfacet
  facet normal -0.0117453 0.382714 0.923792
    outer loop
      vertex 84.2546 74.9787 5.93982
      vertex 85.7991 75.0261 5.93982
      vertex 85.7991 75.0996 5.90937
    endloop
  endfacet
  facet normal -0.0117702 0.383002 0.923673
    outer loop
      vertex 84.2546 74.9787 5.93982
      vertex 85.7991 75.0996 5.90937
      vertex 84.2502 75.052 5.90937
    endloop
  endfacet
  facet normal -0.0187101 0.608826 0.793083
    outer loop
      vertex 84.2502 75.052 5.90937
      vertex 85.7991 75.0996 5.90937
      vertex 85.7991 75.1627 5.86093
    endloop
  endfacet
  facet normal -0.0186409 0.608102 0.79364
    outer loop
      vertex 84.2502 75.052 5.90937
      vertex 85.7991 75.1627 5.86093
      vertex 84.2463 75.1151 5.86093
    endloop
  endfacet
  facet normal -0.0243002 0.792717 0.609106
    outer loop
      vertex 84.2463 75.1151 5.86093
      vertex 85.7991 75.1627 5.86093
      vertex 85.7991 75.2112 5.79781
    endloop
  endfacet
  facet normal -0.0243753 0.79337 0.608252
    outer loop
      vertex 84.2463 75.1151 5.86093
      vertex 85.7991 75.2112 5.79781
      vertex 84.2433 75.1634 5.79781
    endloop
  endfacet
  facet normal -0.0283808 0.923743 0.381961
    outer loop
      vertex 84.2433 75.1634 5.79781
      vertex 85.7991 75.2112 5.79781
      vertex 85.7991 75.2416 5.72429
    endloop
  endfacet
  facet normal -0.0283383 0.923485 0.382587
    outer loop
      vertex 84.2433 75.1634 5.79781
      vertex 85.7991 75.2416 5.72429
      vertex 84.2414 75.1938 5.72429
    endloop
  endfacet
  facet normal -0.0304089 0.990962 0.130654
    outer loop
      vertex 84.2414 75.1938 5.72429
      vertex 85.7991 75.2416 5.72429
      vertex 85.7991 75.252 5.64541
    endloop
  endfacet
  facet normal -0.0407951 0.996697 -0.0702182
    outer loop
      vertex 84.2414 75.1938 5.72429
      vertex 85.7991 75.252 5.64541
      vertex 83.7224 75.167 5.64541
    endloop
  endfacet
  facet normal -0.0888476 0.962134 0.257692
    outer loop
      vertex 84.2414 75.1938 5.72429
      vertex 83.7224 75.167 5.64541
      vertex 82.6896 75.0505 5.72429
    endloop
  endfacet
  facet normal -0.121339 0.983156 -0.136679
    outer loop
      vertex 82.6896 75.0505 5.72429
      vertex 83.7224 75.167 5.64541
      vertex 81.6595 74.9124 5.6454
    endloop
  endfacet
  facet normal -0.147743 0.954904 0.257545
    outer loop
      vertex 82.6896 75.0505 5.72429
      vertex 81.6595 74.9124 5.6454
      vertex 81.1494 74.8122 5.72429
    endloop
  endfacet
  facet normal -0.202715 0.976718 -0.0701966
    outer loop
      vertex 81.1494 74.8122 5.72429
      vertex 81.6595 74.9124 5.6454
      vertex 79.6243 74.49 5.6454
    endloop
  endfacet
  facet normal -0.211325 0.969062 0.12752
    outer loop
      vertex 81.1494 74.8122 5.72429
      vertex 79.6243 74.49 5.6454
      vertex 79.6771 74.49 5.7329
    endloop
  endfacet
  facet normal 0 1 0
    outer loop
      vertex 79.6771 74.49 5.7329
      vertex 79.6243 74.49 5.6454
      vertex 79.658 74.49 5.7155
    endloop
  endfacet
  facet normal 0 1 0
    outer loop
      vertex 79.658 74.49 5.7155
      vertex 79.6243 74.49 5.6454
      vertex 79.6413 74.49 5.69521
    endloop
  endfacet
  facet normal 0 1 0
    outer loop
      vertex 79.6413 74.49 5.69521
      vertex 79.6243 74.49 5.6454
      vertex 79.6342 74.49 5.68357
    endloop
  endfacet
  facet normal 0 1 0
    outer loop
      vertex 79.6342 74.49 5.68357
      vertex 79.6243 74.49 5.6454
      vertex 79.6256 74.49 5.6586
    endloop
  endfacet
  facet normal 0 1 0
    outer loop
      vertex 79.6342 74.49 5.68357
      vertex 79.6256 74.49 5.6586
      vertex 79.629 74.49 5.67172
    endloop
  endfacet
  facet normal -0 1 0
    outer loop
      vertex 79.7216 74.49 5.76298
      vertex 79.77 74.49 5.78736
      vertex 79.6771 74.49 5.7329
    endloop
  endfacet
  facet normal 0 1 0
    outer loop
      vertex 79.6771 74.49 5.7329
      vertex 79.77 74.49 5.78736
      vertex 79.9642 74.49 5.85177
    endloop
  endfacet
  facet normal -0.191524 0.865644 0.462578
    outer loop
      vertex 79.6771 74.49 5.7329
      vertex 79.9642 74.49 5.85177
      vertex 81.155 74.7823 5.79781
    endloop
  endfacet
  facet normal -0.163037 0.776548 0.608598
    outer loop
      vertex 81.155 74.7823 5.79781
      vertex 79.9642 74.49 5.85177
      vertex 81.1639 74.7347 5.86093
    endloop
  endfacet
  facet normal -0.121332 0.784221 0.608504
    outer loop
      vertex 81.155 74.7823 5.79781
      vertex 81.1639 74.7347 5.86093
      vertex 82.6933 75.0203 5.79781
    endloop
  endfacet
  facet normal -0.121281 0.784011 0.608784
    outer loop
      vertex 82.6933 75.0203 5.79781
      vertex 81.1639 74.7347 5.86093
      vertex 82.6992 74.9722 5.86093
    endloop
  endfacet
  facet normal -0.0729315 0.789963 0.608801
    outer loop
      vertex 82.6933 75.0203 5.79781
      vertex 82.6992 74.9722 5.86093
      vertex 84.2433 75.1634 5.79781
    endloop
  endfacet
  facet normal -0.0730034 0.790368 0.608267
    outer loop
      vertex 84.2433 75.1634 5.79781
      vertex 82.6992 74.9722 5.86093
      vertex 84.2463 75.1151 5.86093
    endloop
  endfacet
  facet normal -0.12124 0.563825 0.816947
    outer loop
      vertex 79.9642 74.49 5.85177
      vertex 80.4974 74.49 5.9309
      vertex 81.1639 74.7347 5.86093
    endloop
  endfacet
  facet normal -0.134735 0.593807 0.793246
    outer loop
      vertex 81.1639 74.7347 5.86093
      vertex 80.4974 74.49 5.9309
      vertex 81.1754 74.6726 5.90937
    endloop
  endfacet
  facet normal -0.0930643 0.601607 0.793353
    outer loop
      vertex 81.1639 74.7347 5.86093
      vertex 81.1754 74.6726 5.90937
      vertex 82.6992 74.9722 5.86093
    endloop
  endfacet
  facet normal -0.0930283 0.601444 0.79348
    outer loop
      vertex 82.6992 74.9722 5.86093
      vertex 81.1754 74.6726 5.90937
      vertex 82.707 74.9095 5.90937
    endloop
  endfacet
  facet normal -0.0559777 0.60604 0.793462
    outer loop
      vertex 82.6992 74.9722 5.86093
      vertex 82.707 74.9095 5.90937
      vertex 84.2463 75.1151 5.86093
    endloop
  endfacet
  facet normal -0.0559401 0.605802 0.793647
    outer loop
      vertex 84.2463 75.1151 5.86093
      vertex 82.707 74.9095 5.90937
      vertex 84.2502 75.052 5.90937
    endloop
  endfacet
  facet normal -0.0719675 0.376137 0.923765
    outer loop
      vertex 81.1754 74.6726 5.90937
      vertex 80.4974 74.49 5.9309
      vertex 81.1889 74.6004 5.93982
    endloop
  endfacet
  facet normal -0.0357878 0.14426 0.988892
    outer loop
      vertex 81.1889 74.6004 5.93982
      vertex 80.4974 74.49 5.9309
      vertex 81.0307 74.49 5.9502
    endloop
  endfacet
  facet normal -0.0194813 0.121227 0.992434
    outer loop
      vertex 81.1889 74.6004 5.93982
      vertex 81.0307 74.49 5.9502
      vertex 82.6094 74.7437 5.9502
    endloop
  endfacet
  facet normal -0.0208154 0.134577 0.990684
    outer loop
      vertex 81.1889 74.6004 5.93982
      vertex 82.6094 74.7437 5.9502
      vertex 82.716 74.8366 5.93982
    endloop
  endfacet
  facet normal -0.0119425 0.124558 0.99214
    outer loop
      vertex 82.716 74.8366 5.93982
      vertex 82.6094 74.7437 5.9502
      vertex 84.201 74.8963 5.9502
    endloop
  endfacet
  facet normal -0.0122673 0.132825 0.991064
    outer loop
      vertex 82.716 74.8366 5.93982
      vertex 84.201 74.8963 5.9502
      vertex 84.2546 74.9787 5.93982
    endloop
  endfacet
  facet normal -0.0849366 0.919998 0.382608
    outer loop
      vertex 82.6933 75.0203 5.79781
      vertex 84.2433 75.1634 5.79781
      vertex 84.2414 75.1938 5.72429
    endloop
  endfacet
  facet normal -0.0352422 0.381588 0.92366
    outer loop
      vertex 82.716 74.8366 5.93982
      vertex 84.2546 74.9787 5.93982
      vertex 84.2502 75.052 5.90937
    endloop
  endfacet
  facet normal -0.035226 0.381479 0.923706
    outer loop
      vertex 82.716 74.8366 5.93982
      vertex 84.2502 75.052 5.90937
      vertex 82.707 74.9095 5.90937
    endloop
  endfacet
  facet normal -0.141287 0.913203 0.382229
    outer loop
      vertex 81.155 74.7823 5.79781
      vertex 82.6933 75.0203 5.79781
      vertex 82.6896 75.0505 5.72429
    endloop
  endfacet
  facet normal -0.0849702 0.920145 0.382247
    outer loop
      vertex 82.6896 75.0505 5.72429
      vertex 82.6933 75.0203 5.79781
      vertex 84.2414 75.1938 5.72429
    endloop
  endfacet
  facet normal -0.0585587 0.378599 0.923707
    outer loop
      vertex 81.1889 74.6004 5.93982
      vertex 82.716 74.8366 5.93982
      vertex 82.707 74.9095 5.90937
    endloop
  endfacet
  facet normal -0.0585623 0.378616 0.923699
    outer loop
      vertex 81.1889 74.6004 5.93982
      vertex 82.707 74.9095 5.90937
      vertex 81.1754 74.6726 5.90937
    endloop
  endfacet
  facet normal -0.195418 0.90318 0.382201
    outer loop
      vertex 79.6771 74.49 5.7329
      vertex 81.155 74.7823 5.79781
      vertex 81.1494 74.8122 5.72429
    endloop
  endfacet
  facet normal -0.141295 0.913228 0.382165
    outer loop
      vertex 81.1494 74.8122 5.72429
      vertex 81.155 74.7823 5.79781
      vertex 82.6896 75.0505 5.72429
    endloop
  endfacet
  facet normal -0 0.00370368 0.999993
    outer loop
      vertex 98.4427 74.9472 5.9502
      vertex 105.987 74.9472 5.9502
      vertex 98.4426 74.9499 5.95019
    endloop
  endfacet
  facet normal 4.63022e-05 0.133049 0.991109
    outer loop
      vertex 98.4426 74.9499 5.95019
      vertex 105.987 74.9472 5.9502
      vertex 101.454 75.0261 5.93982
    endloop
  endfacet
  facet normal 0 0.134846 0.990867
    outer loop
      vertex 98.4426 74.9499 5.95019
      vertex 101.454 75.0261 5.93982
      vertex 99.9438 75.0261 5.93982
    endloop
  endfacet
  facet normal -0 0.38274 0.923856
    outer loop
      vertex 99.9438 75.0261 5.93982
      vertex 101.454 75.0261 5.93982
      vertex 99.9438 75.0996 5.90937
    endloop
  endfacet
  facet normal 0.00173481 0.38274 0.923855
    outer loop
      vertex 99.9438 75.0261 5.93982
      vertex 99.9438 75.0996 5.90937
      vertex 98.439 75.0657 5.92624
    endloop
  endfacet
  facet normal -0.000891939 0.476976 0.878916
    outer loop
      vertex 98.439 75.0657 5.92624
      vertex 99.9438 75.0996 5.90937
      vertex 98.4373 75.1179 5.89791
    endloop
  endfacet
  facet normal 0.00136286 0.608932 0.793221
    outer loop
      vertex 98.4373 75.1179 5.89791
      vertex 99.9438 75.0996 5.90937
      vertex 99.9438 75.1627 5.86093
    endloop
  endfacet
  facet normal -5.22481e-05 0.637632 0.770341
    outer loop
      vertex 98.4373 75.1179 5.89791
      vertex 99.9438 75.1627 5.86093
      vertex 98.4359 75.1637 5.86
    endloop
  endfacet
  facet normal 0.000124983 0.775554 0.631281
    outer loop
      vertex 98.4359 75.1637 5.86
      vertex 99.9438 75.1627 5.86093
      vertex 98.4347 75.2012 5.81393
    endloop
  endfacet
  facet normal 0.00125384 0.79295 0.609285
    outer loop
      vertex 98.4347 75.2012 5.81393
      vertex 99.9438 75.1627 5.86093
      vertex 99.9438 75.2112 5.79781
    endloop
  endfacet
  facet normal -0.000855241 0.883667 0.468116
    outer loop
      vertex 98.4347 75.2012 5.81393
      vertex 99.9438 75.2112 5.79781
      vertex 98.4338 75.229 5.76145
    endloop
  endfacet
  facet normal 0.00169241 0.924113 0.382114
    outer loop
      vertex 98.4338 75.229 5.76145
      vertex 99.9438 75.2112 5.79781
      vertex 99.9438 75.2416 5.72429
    endloop
  endfacet
  facet normal -0.000866445 0.95722 0.289361
    outer loop
      vertex 98.4338 75.229 5.76145
      vertex 99.9438 75.2416 5.72429
      vertex 98.4333 75.2462 5.70455
    endloop
  endfacet
  facet normal 0.00175534 0.995224 0.0975981
    outer loop
      vertex 98.4333 75.2462 5.70455
      vertex 99.9438 75.2416 5.72429
      vertex 98.4331 75.252 5.64541
    endloop
  endfacet
  facet normal 0 0.99142 0.130715
    outer loop
      vertex 98.4331 75.252 5.64541
      vertex 99.9438 75.2416 5.72429
      vertex 101.454 75.2416 5.72429
    endloop
  endfacet
  facet normal 0 0.99142 0.130715
    outer loop
      vertex 98.4331 75.252 5.64541
      vertex 101.454 75.2416 5.72429
      vertex 102.965 75.2416 5.72429
    endloop
  endfacet
  facet normal 0 0.924115 0.382115
    outer loop
      vertex 102.965 75.2416 5.72429
      vertex 101.454 75.2416 5.72429
      vertex 102.965 75.2112 5.79781
    endloop
  endfacet
  facet normal 0 0.924115 0.382115
    outer loop
      vertex 102.965 75.2416 5.72429
      vertex 102.965 75.2112 5.79781
      vertex 104.476 75.2112 5.79781
    endloop
  endfacet
  facet normal 0 0.792951 0.609286
    outer loop
      vertex 104.476 75.2112 5.79781
      vertex 102.965 75.2112 5.79781
      vertex 104.476 75.1627 5.86093
    endloop
  endfacet
  facet normal 0 0.792951 0.609286
    outer loop
      vertex 104.476 75.2112 5.79781
      vertex 104.476 75.1627 5.86093
      vertex 105.987 75.1627 5.86093
    endloop
  endfacet
  facet normal 0 0.608933 0.793222
    outer loop
      vertex 105.987 75.1627 5.86093
      vertex 104.476 75.1627 5.86093
      vertex 105.987 75.0996 5.90937
    endloop
  endfacet
  facet normal 0 0.608933 0.793222
    outer loop
      vertex 105.987 75.0996 5.90937
      vertex 104.476 75.1627 5.86093
      vertex 104.476 75.0996 5.90937
    endloop
  endfacet
  facet normal 0 0.38274 0.923856
    outer loop
      vertex 105.987 75.0996 5.90937
      vertex 104.476 75.0996 5.90937
      vertex 105.987 75.0261 5.93982
    endloop
  endfacet
  facet normal 0 0.38274 0.923856
    outer loop
      vertex 105.987 75.0261 5.93982
      vertex 104.476 75.0996 5.90937
      vertex 104.476 75.0261 5.93982
    endloop
  endfacet
  facet normal 0 0.130435 0.991457
    outer loop
      vertex 105.987 75.0261 5.93982
      vertex 104.476 75.0261 5.93982
      vertex 105.987 74.9472 5.9502
    endloop
  endfacet
  facet normal 0 0.130435 0.991457
    outer loop
      vertex 105.987 74.9472 5.9502
      vertex 104.476 75.0261 5.93982
      vertex 102.965 75.0261 5.93982
    endloop
  endfacet
  facet normal 0 0.130435 0.991457
    outer loop
      vertex 105.987 74.9472 5.9502
      vertex 102.965 75.0261 5.93982
      vertex 101.454 75.0261 5.93982
    endloop
  endfacet
  facet normal -0 0.38274 0.923856
    outer loop
      vertex 101.454 75.0261 5.93982
      vertex 102.965 75.0261 5.93982
      vertex 101.454 75.0996 5.90937
    endloop
  endfacet
  facet normal 0 0.38274 0.923856
    outer loop
      vertex 101.454 75.0261 5.93982
      vertex 101.454 75.0996 5.90937
      vertex 99.9438 75.0996 5.90937
    endloop
  endfacet
  facet normal -0 0.608933 0.793222
    outer loop
      vertex 99.9438 75.0996 5.90937
      vertex 101.454 75.0996 5.90937
      vertex 99.9438 75.1627 5.86093
    endloop
  endfacet
  facet normal 0 0.792951 0.609286
    outer loop
      vertex 105.987 75.1627 5.86093
      vertex 105.987 75.2112 5.79781
      vertex 104.476 75.2112 5.79781
    endloop
  endfacet
  facet normal -0 0.924115 0.382115
    outer loop
      vertex 104.476 75.2112 5.79781
      vertex 105.987 75.2112 5.79781
      vertex 104.476 75.2416 5.72429
    endloop
  endfacet
  facet normal 0 0.924115 0.382115
    outer loop
      vertex 104.476 75.2112 5.79781
      vertex 104.476 75.2416 5.72429
      vertex 102.965 75.2416 5.72429
    endloop
  endfacet
  facet normal -0 0.99142 0.130715
    outer loop
      vertex 102.965 75.2416 5.72429
      vertex 104.476 75.2416 5.72429
      vertex 105.987 75.252 5.64541
    endloop
  endfacet
  facet normal 0 0.99142 0.130715
    outer loop
      vertex 102.965 75.2416 5.72429
      vertex 105.987 75.252 5.64541
      vertex 98.4331 75.252 5.64541
    endloop
  endfacet
  facet normal 0 0.924115 0.382115
    outer loop
      vertex 105.987 75.2112 5.79781
      vertex 105.987 75.2416 5.72429
      vertex 104.476 75.2416 5.72429
    endloop
  endfacet
  facet normal -0 0.99142 0.130715
    outer loop
      vertex 104.476 75.2416 5.72429
      vertex 105.987 75.2416 5.72429
      vertex 105.987 75.252 5.64541
    endloop
  endfacet
  facet normal -0.000800196 0.297043 0.954864
    outer loop
      vertex 98.439 75.0657 5.92624
      vertex 98.4408 75.009 5.94388
      vertex 99.9438 75.0261 5.93982
    endloop
  endfacet
  facet normal 0.00147761 0.106209 0.994343
    outer loop
      vertex 99.9438 75.0261 5.93982
      vertex 98.4408 75.009 5.94388
      vertex 98.4426 74.9499 5.95019
    endloop
  endfacet
  facet normal -0 0.38274 0.923856
    outer loop
      vertex 102.965 75.0261 5.93982
      vertex 104.476 75.0261 5.93982
      vertex 102.965 75.0996 5.90937
    endloop
  endfacet
  facet normal -0 0.38274 0.923856
    outer loop
      vertex 102.965 75.0996 5.90937
      vertex 104.476 75.0261 5.93982
      vertex 104.476 75.0996 5.90937
    endloop
  endfacet
  facet normal -0 0.608933 0.793222
    outer loop
      vertex 102.965 75.0996 5.90937
      vertex 104.476 75.0996 5.90937
      vertex 102.965 75.1627 5.86093
    endloop
  endfacet
  facet normal -0 0.608933 0.793222
    outer loop
      vertex 102.965 75.1627 5.86093
      vertex 104.476 75.0996 5.90937
      vertex 104.476 75.1627 5.86093
    endloop
  endfacet
  facet normal -0 0.792951 0.609286
    outer loop
      vertex 102.965 75.1627 5.86093
      vertex 104.476 75.1627 5.86093
      vertex 102.965 75.2112 5.79781
    endloop
  endfacet
  facet normal 0 0.38274 0.923856
    outer loop
      vertex 102.965 75.0261 5.93982
      vertex 102.965 75.0996 5.90937
      vertex 101.454 75.0996 5.90937
    endloop
  endfacet
  facet normal -0 0.608933 0.793222
    outer loop
      vertex 101.454 75.0996 5.90937
      vertex 102.965 75.0996 5.90937
      vertex 101.454 75.1627 5.86093
    endloop
  endfacet
  facet normal 0 0.608933 0.793222
    outer loop
      vertex 101.454 75.0996 5.90937
      vertex 101.454 75.1627 5.86093
      vertex 99.9438 75.1627 5.86093
    endloop
  endfacet
  facet normal -0 0.792951 0.609286
    outer loop
      vertex 99.9438 75.1627 5.86093
      vertex 101.454 75.1627 5.86093
      vertex 99.9438 75.2112 5.79781
    endloop
  endfacet
  facet normal -0 0.608933 0.793222
    outer loop
      vertex 101.454 75.1627 5.86093
      vertex 102.965 75.0996 5.90937
      vertex 102.965 75.1627 5.86093
    endloop
  endfacet
  facet normal -0 0.792951 0.609286
    outer loop
      vertex 101.454 75.1627 5.86093
      vertex 102.965 75.1627 5.86093
      vertex 101.454 75.2112 5.79781
    endloop
  endfacet
  facet normal -0 0.792951 0.609286
    outer loop
      vertex 101.454 75.2112 5.79781
      vertex 102.965 75.1627 5.86093
      vertex 102.965 75.2112 5.79781
    endloop
  endfacet
  facet normal -0 0.924115 0.382115
    outer loop
      vertex 101.454 75.2112 5.79781
      vertex 102.965 75.2112 5.79781
      vertex 101.454 75.2416 5.72429
    endloop
  endfacet
  facet normal 0 0.924115 0.382115
    outer loop
      vertex 99.9438 75.2416 5.72429
      vertex 99.9438 75.2112 5.79781
      vertex 101.454 75.2112 5.79781
    endloop
  endfacet
  facet normal 0 0.792951 0.609286
    outer loop
      vertex 101.454 75.2112 5.79781
      vertex 99.9438 75.2112 5.79781
      vertex 101.454 75.1627 5.86093
    endloop
  endfacet
  facet normal -0 0.924115 0.382115
    outer loop
      vertex 99.9438 75.2416 5.72429
      vertex 101.454 75.2112 5.79781
      vertex 101.454 75.2416 5.72429
    endloop
  endfacet
  facet normal 0 -1 0
    outer loop
      vertex 109.241 74.3468 2.8006
      vertex 109.241 74.3468 5.9502
      vertex 108.398 74.3468 2.8006
    endloop
  endfacet
  facet normal 0 -1 0
    outer loop
      vertex 108.398 74.3468 2.8006
      vertex 109.241 74.3468 5.9502
      vertex 108.398 74.3468 5.9502
    endloop
  endfacet
  facet normal -0.99142 -0.130715 0
    outer loop
      vertex 109.622 73.9658 2.8006
      vertex 109.622 73.9658 5.9502
      vertex 109.609 74.0644 4.3754
    endloop
  endfacet
  facet normal -0.99142 -0.130715 0
    outer loop
      vertex 109.609 74.0644 4.3754
      vertex 109.622 73.9658 5.9502
      vertex 109.609 74.0644 5.9502
    endloop
  endfacet
  facet normal -0.924115 -0.382115 0
    outer loop
      vertex 109.609 74.0644 4.3754
      vertex 109.609 74.0644 5.9502
      vertex 109.571 74.1563 4.3754
    endloop
  endfacet
  facet normal -0.924115 -0.382115 0
    outer loop
      vertex 109.571 74.1563 4.3754
      vertex 109.609 74.0644 5.9502
      vertex 109.571 74.1563 5.9502
    endloop
  endfacet
  facet normal -0.791131 -0.611647 0
    outer loop
      vertex 109.571 74.1563 4.3754
      vertex 109.571 74.1563 5.9502
      vertex 109.51 74.2352 4.3754
    endloop
  endfacet
  facet normal -0.791131 -0.611647 0
    outer loop
      vertex 109.51 74.2352 4.3754
      vertex 109.571 74.1563 5.9502
      vertex 109.51 74.2352 5.9502
    endloop
  endfacet
  facet normal -0.608642 -0.793445 0
    outer loop
      vertex 109.51 74.2352 4.3754
      vertex 109.51 74.2352 5.9502
      vertex 109.431 74.2958 4.3754
    endloop
  endfacet
  facet normal -0.608642 -0.793445 0
    outer loop
      vertex 109.431 74.2958 4.3754
      vertex 109.51 74.2352 5.9502
      vertex 109.431 74.2958 5.9502
    endloop
  endfacet
  facet normal -0.38176 -0.924261 0
    outer loop
      vertex 109.431 74.2958 4.3754
      vertex 109.431 74.2958 5.9502
      vertex 109.339 74.3338 4.3754
    endloop
  endfacet
  facet normal -0.38176 -0.924261 0
    outer loop
      vertex 109.339 74.3338 4.3754
      vertex 109.431 74.2958 5.9502
      vertex 109.339 74.3338 5.9502
    endloop
  endfacet
  facet normal -0.131501 -0.991316 0
    outer loop
      vertex 109.339 74.3338 4.3754
      vertex 109.339 74.3338 5.9502
      vertex 109.241 74.3468 5.9502
    endloop
  endfacet
  facet normal -0.131501 -0.991316 -0
    outer loop
      vertex 109.241 74.3468 5.9502
      vertex 109.241 74.3468 2.8006
      vertex 109.339 74.3338 4.3754
    endloop
  endfacet
  facet normal -0.131501 -0.991316 -0
    outer loop
      vertex 109.339 74.3338 4.3754
      vertex 109.241 74.3468 2.8006
      vertex 109.339 74.3338 2.8006
    endloop
  endfacet
  facet normal -0.38176 -0.924261 -0
    outer loop
      vertex 109.339 74.3338 4.3754
      vertex 109.339 74.3338 2.8006
      vertex 109.431 74.2958 4.3754
    endloop
  endfacet
  facet normal -0.38176 -0.924261 -0
    outer loop
      vertex 109.431 74.2958 4.3754
      vertex 109.339 74.3338 2.8006
      vertex 109.431 74.2958 2.8006
    endloop
  endfacet
  facet normal -0.608642 -0.793445 -0
    outer loop
      vertex 109.431 74.2958 4.3754
      vertex 109.431 74.2958 2.8006
      vertex 109.51 74.2352 4.3754
    endloop
  endfacet
  facet normal -0.608642 -0.793445 -0
    outer loop
      vertex 109.51 74.2352 4.3754
      vertex 109.431 74.2958 2.8006
      vertex 109.51 74.2352 2.8006
    endloop
  endfacet
  facet normal -0.791131 -0.611647 -0
    outer loop
      vertex 109.51 74.2352 4.3754
      vertex 109.51 74.2352 2.8006
      vertex 109.571 74.1563 4.3754
    endloop
  endfacet
  facet normal -0.791131 -0.611647 -0
    outer loop
      vertex 109.571 74.1563 4.3754
      vertex 109.51 74.2352 2.8006
      vertex 109.571 74.1563 2.8006
    endloop
  endfacet
  facet normal -0.924115 -0.382115 -0
    outer loop
      vertex 109.571 74.1563 4.3754
      vertex 109.571 74.1563 2.8006
      vertex 109.609 74.0644 4.3754
    endloop
  endfacet
  facet normal -0.924115 -0.382115 -0
    outer loop
      vertex 109.609 74.0644 4.3754
      vertex 109.571 74.1563 2.8006
      vertex 109.609 74.0644 2.8006
    endloop
  endfacet
  facet normal -0.99142 -0.130715 -0
    outer loop
      vertex 109.609 74.0644 4.3754
      vertex 109.609 74.0644 2.8006
      vertex 109.622 73.9658 2.8006
    endloop
  endfacet
  facet normal 0 0 0
    outer loop
      vertex 109.622 73.9658 6.2042
      vertex 109.622 73.9658 5.9502
      vertex 109.622 73.9658 2.5466
    endloop
  endfacet
  facet normal 0 0 0
    outer loop
      vertex 109.622 73.9658 2.5466
      vertex 109.622 73.9658 5.9502
      vertex 109.622 73.9658 2.8006
    endloop
  endfacet
  facet normal -1 0 0
    outer loop
      vertex 109.622 73.9658 2.5466
      vertex 109.622 73.9658 2.8006
      vertex 109.622 74.4899 2.5466
    endloop
  endfacet
  facet normal -1 0 0
    outer loop
      vertex 109.622 74.4899 2.5466
      vertex 109.622 73.9658 2.8006
      vertex 109.622 74.4899 2.80061
    endloop
  endfacet
  facet normal -1 0 0
    outer loop
      vertex 109.622 73.9658 6.2042
      vertex 109.622 74.4899 6.2042
      vertex 109.622 73.9658 5.9502
    endloop
  endfacet
  facet normal -1 0 0
    outer loop
      vertex 109.622 73.9658 5.9502
      vertex 109.622 74.4899 6.2042
      vertex 109.622 74.4899 5.9502
    endloop
  endfacet
  facet normal -0.998566 -0.0535424 -0
    outer loop
      vertex 109.622 73.9658 6.2042
      vertex 109.622 73.9658 2.5466
      vertex 109.624 73.9285 6.20604
    endloop
  endfacet
  facet normal -0.998566 -0.0535424 -0
    outer loop
      vertex 109.624 73.9285 6.20604
      vertex 109.622 73.9658 2.5466
      vertex 109.624 73.9285 2.54477
    endloop
  endfacet
  facet normal -0.984278 -0.176624 -0
    outer loop
      vertex 109.624 73.9285 6.20604
      vertex 109.624 73.9285 2.54477
      vertex 109.635 73.8672 4.3754
    endloop
  endfacet
  facet normal -0.990963 -0.134131 0.00146308
    outer loop
      vertex 109.635 73.8672 4.3754
      vertex 109.624 73.9285 2.54477
      vertex 109.629 73.8915 2.53928
    endloop
  endfacet
  facet normal -0.955844 -0.293874 -0.000765781
    outer loop
      vertex 109.635 73.8672 4.3754
      vertex 109.629 73.8915 2.53928
      vertex 109.651 73.82 2.5176
    endloop
  endfacet
  facet normal -0.924113 -0.382114 0.00174937
    outer loop
      vertex 109.635 73.8672 4.3754
      vertex 109.651 73.82 2.5176
      vertex 109.673 73.7753 4.3754
    endloop
  endfacet
  facet normal -0.883348 -0.468717 -0.000817078
    outer loop
      vertex 109.673 73.7753 4.3754
      vertex 109.651 73.82 2.5176
      vertex 109.686 73.7541 2.48239
    endloop
  endfacet
  facet normal -0.795987 -0.605313 0.00131262
    outer loop
      vertex 109.673 73.7753 4.3754
      vertex 109.686 73.7541 2.48239
      vertex 109.733 73.6964 4.3754
    endloop
  endfacet
  facet normal -0.775332 -0.631553 -0
    outer loop
      vertex 109.733 73.6964 4.3754
      vertex 109.686 73.7541 2.48239
      vertex 109.733 73.6964 2.43501
    endloop
  endfacet
  facet normal -0.632801 -0.774314 -0
    outer loop
      vertex 109.733 73.6964 4.3754
      vertex 109.733 73.6964 2.43501
      vertex 109.791 73.649 2.37728
    endloop
  endfacet
  facet normal -0.608642 -0.793444 0.0011551
    outer loop
      vertex 109.733 73.6964 4.3754
      vertex 109.791 73.649 2.37728
      vertex 109.812 73.6358 4.3754
    endloop
  endfacet
  facet normal -0.471267 -0.88199 -0.000873656
    outer loop
      vertex 109.812 73.6358 4.3754
      vertex 109.791 73.649 2.37728
      vertex 109.857 73.6138 2.31141
    endloop
  endfacet
  facet normal -0.38176 -0.92426 0.00152837
    outer loop
      vertex 109.812 73.6358 4.3754
      vertex 109.857 73.6138 2.31141
      vertex 109.904 73.5978 4.3754
    endloop
  endfacet
  facet normal -0.292969 -0.956122 -0.000740518
    outer loop
      vertex 109.904 73.5978 4.3754
      vertex 109.857 73.6138 2.31141
      vertex 109.928 73.5921 2.23993
    endloop
  endfacet
  facet normal -0.150862 -0.988554 0.000943147
    outer loop
      vertex 109.904 73.5978 4.3754
      vertex 109.928 73.5921 2.23993
      vertex 110.003 73.5848 6.5852
    endloop
  endfacet
  facet normal -0.0968755 -0.995297 -0
    outer loop
      vertex 110.003 73.5848 6.5852
      vertex 109.928 73.5921 2.23993
      vertex 110.003 73.5848 2.1656
    endloop
  endfacet
  facet normal -0.0953184 -0.995446 -0.00158579
    outer loop
      vertex 110.003 73.5848 6.5852
      vertex 109.928 73.5921 6.51087
      vertex 109.904 73.5978 4.3754
    endloop
  endfacet
  facet normal -0.292969 -0.956122 0.000740517
    outer loop
      vertex 109.904 73.5978 4.3754
      vertex 109.928 73.5921 6.51087
      vertex 109.857 73.6138 6.4394
    endloop
  endfacet
  facet normal -0.38176 -0.92426 -0.00152836
    outer loop
      vertex 109.904 73.5978 4.3754
      vertex 109.857 73.6138 6.4394
      vertex 109.812 73.6358 4.3754
    endloop
  endfacet
  facet normal -0.471267 -0.88199 0.000873652
    outer loop
      vertex 109.812 73.6358 4.3754
      vertex 109.857 73.6138 6.4394
      vertex 109.791 73.649 6.37353
    endloop
  endfacet
  facet normal -0.608642 -0.793444 -0.00115509
    outer loop
      vertex 109.812 73.6358 4.3754
      vertex 109.791 73.649 6.37353
      vertex 109.733 73.6964 4.3754
    endloop
  endfacet
  facet normal -0.632801 -0.774314 0
    outer loop
      vertex 109.733 73.6964 4.3754
      vertex 109.791 73.649 6.37353
      vertex 109.733 73.6964 6.3158
    endloop
  endfacet
  facet normal -0.775332 -0.631553 0
    outer loop
      vertex 109.733 73.6964 4.3754
      vertex 109.733 73.6964 6.3158
      vertex 109.686 73.7541 6.26841
    endloop
  endfacet
  facet normal -0.795987 -0.605313 -0.00131262
    outer loop
      vertex 109.733 73.6964 4.3754
      vertex 109.686 73.7541 6.26841
      vertex 109.673 73.7753 4.3754
    endloop
  endfacet
  facet normal -0.883348 -0.468717 0.000817077
    outer loop
      vertex 109.673 73.7753 4.3754
      vertex 109.686 73.7541 6.26841
      vertex 109.651 73.82 6.23321
    endloop
  endfacet
  facet normal -0.924113 -0.382114 -0.00174936
    outer loop
      vertex 109.673 73.7753 4.3754
      vertex 109.651 73.82 6.23321
      vertex 109.635 73.8672 4.3754
    endloop
  endfacet
  facet normal -0.955844 -0.293874 0.00076578
    outer loop
      vertex 109.635 73.8672 4.3754
      vertex 109.651 73.82 6.23321
      vertex 109.629 73.8915 6.21152
    endloop
  endfacet
  facet normal -0.990963 -0.134131 -0.00146309
    outer loop
      vertex 109.635 73.8672 4.3754
      vertex 109.629 73.8915 6.21152
      vertex 109.624 73.9285 6.20604
    endloop
  endfacet
  facet normal 0 -1 0
    outer loop
      vertex 82.5453 74.3468 5.9502
      vertex 82.5453 74.3468 2.8006
      vertex 83.3881 74.3468 5.9502
    endloop
  endfacet
  facet normal 0 -1 -0
    outer loop
      vertex 83.3881 74.3468 5.9502
      vertex 82.5453 74.3468 2.8006
      vertex 83.3881 74.3468 2.8006
    endloop
  endfacet
  facet normal 1 0 0
    outer loop
      vertex 82.1643 73.9668 2.8006
      vertex 82.1643 73.9664 5.9502
      vertex 82.1643 73.9658 2.8006
    endloop
  endfacet
  facet normal 1 0 0
    outer loop
      vertex 82.1643 73.9658 2.8006
      vertex 82.1643 73.9664 5.9502
      vertex 82.1643 73.9661 5.9502
    endloop
  endfacet
  facet normal 1 0 0
    outer loop
      vertex 82.1643 73.9658 2.8006
      vertex 82.1643 73.9661 5.9502
      vertex 82.1643 73.9658 5.9502
    endloop
  endfacet
  facet normal 0.991122 -0.132955 0
    outer loop
      vertex 82.1775 74.0652 2.8006
      vertex 82.1775 74.0652 4.3754
      vertex 82.1643 73.9668 2.8006
    endloop
  endfacet
  facet normal 0.991122 -0.132955 0
    outer loop
      vertex 82.1643 73.9668 2.8006
      vertex 82.1775 74.0652 4.3754
      vertex 82.1643 73.9668 5.9502
    endloop
  endfacet
  facet normal 1 0 -0
    outer loop
      vertex 82.1643 73.9668 2.8006
      vertex 82.1643 73.9668 5.9502
      vertex 82.1643 73.9664 5.9502
    endloop
  endfacet
  facet normal 0.923107 -0.384544 0
    outer loop
      vertex 82.1775 74.0652 4.3754
      vertex 82.1775 74.0652 2.8006
      vertex 82.2157 74.1569 4.3754
    endloop
  endfacet
  facet normal 0.923107 -0.384544 0
    outer loop
      vertex 82.2157 74.1569 4.3754
      vertex 82.1775 74.0652 2.8006
      vertex 82.2157 74.1569 2.8006
    endloop
  endfacet
  facet normal 0.792811 -0.609467 0
    outer loop
      vertex 82.2157 74.1569 4.3754
      vertex 82.2157 74.1569 2.8006
      vertex 82.2762 74.2356 4.3754
    endloop
  endfacet
  facet normal 0.792811 -0.609467 0
    outer loop
      vertex 82.2762 74.2356 4.3754
      vertex 82.2157 74.1569 2.8006
      vertex 82.2762 74.2356 2.8006
    endloop
  endfacet
  facet normal 0.607226 -0.794529 0
    outer loop
      vertex 82.2762 74.2356 4.3754
      vertex 82.2762 74.2356 2.8006
      vertex 82.3551 74.2959 4.3754
    endloop
  endfacet
  facet normal 0.607226 -0.794529 0
    outer loop
      vertex 82.3551 74.2959 4.3754
      vertex 82.2762 74.2356 2.8006
      vertex 82.3551 74.2959 2.8006
    endloop
  endfacet
  facet normal 0.382826 -0.92382 0
    outer loop
      vertex 82.3551 74.2959 4.3754
      vertex 82.3551 74.2959 2.8006
      vertex 82.4468 74.3339 4.3754
    endloop
  endfacet
  facet normal 0.382826 -0.92382 0
    outer loop
      vertex 82.4468 74.3339 4.3754
      vertex 82.3551 74.2959 2.8006
      vertex 82.4468 74.3339 2.8006
    endloop
  endfacet
  facet normal 0.129856 -0.991533 0
    outer loop
      vertex 82.4468 74.3339 4.3754
      vertex 82.4468 74.3339 2.8006
      vertex 82.5453 74.3468 2.8006
    endloop
  endfacet
  facet normal 0.129856 -0.991533 0
    outer loop
      vertex 82.5453 74.3468 2.8006
      vertex 82.5453 74.3468 5.9502
      vertex 82.4468 74.3339 4.3754
    endloop
  endfacet
  facet normal 0.129856 -0.991533 0
    outer loop
      vertex 82.4468 74.3339 4.3754
      vertex 82.5453 74.3468 5.9502
      vertex 82.4468 74.3339 5.9502
    endloop
  endfacet
  facet normal 0.382826 -0.92382 0
    outer loop
      vertex 82.4468 74.3339 4.3754
      vertex 82.4468 74.3339 5.9502
      vertex 82.3551 74.2959 4.3754
    endloop
  endfacet
  facet normal 0.382826 -0.92382 0
    outer loop
      vertex 82.3551 74.2959 4.3754
      vertex 82.4468 74.3339 5.9502
      vertex 82.3551 74.2959 5.9502
    endloop
  endfacet
  facet normal 0.607226 -0.794529 0
    outer loop
      vertex 82.3551 74.2959 4.3754
      vertex 82.3551 74.2959 5.9502
      vertex 82.2762 74.2356 4.3754
    endloop
  endfacet
  facet normal 0.607226 -0.794529 0
    outer loop
      vertex 82.2762 74.2356 4.3754
      vertex 82.3551 74.2959 5.9502
      vertex 82.2762 74.2356 5.9502
    endloop
  endfacet
  facet normal 0.792811 -0.609467 0
    outer loop
      vertex 82.2762 74.2356 4.3754
      vertex 82.2762 74.2356 5.9502
      vertex 82.2157 74.1569 4.3754
    endloop
  endfacet
  facet normal 0.792811 -0.609467 0
    outer loop
      vertex 82.2157 74.1569 4.3754
      vertex 82.2762 74.2356 5.9502
      vertex 82.2157 74.1569 5.9502
    endloop
  endfacet
  facet normal 0.923107 -0.384544 0
    outer loop
      vertex 82.2157 74.1569 4.3754
      vertex 82.2157 74.1569 5.9502
      vertex 82.1775 74.0652 4.3754
    endloop
  endfacet
  facet normal 0.923107 -0.384544 0
    outer loop
      vertex 82.1775 74.0652 4.3754
      vertex 82.2157 74.1569 5.9502
      vertex 82.1775 74.0652 5.9502
    endloop
  endfacet
  facet normal 0.991122 -0.132955 0
    outer loop
      vertex 82.1775 74.0652 4.3754
      vertex 82.1775 74.0652 5.9502
      vertex 82.1643 73.9668 5.9502
    endloop
  endfacet
  facet normal 0 0 0
    outer loop
      vertex 82.1643 73.9658 2.5466
      vertex 82.1643 73.9658 5.9502
      vertex 82.1643 73.9658 6.2042
    endloop
  endfacet
  facet normal 1 0 0
    outer loop
      vertex 82.1643 73.9658 6.2042
      vertex 82.1643 73.9658 5.9502
      vertex 82.1643 73.9661 5.9502
    endloop
  endfacet
  facet normal 1 0 0
    outer loop
      vertex 82.1643 73.9658 6.2042
      vertex 82.1643 73.9661 5.9502
      vertex 82.1643 73.9664 5.9502
    endloop
  endfacet
  facet normal 1 0 0
    outer loop
      vertex 82.1643 74.49 2.5466
      vertex 82.1643 73.9668 2.8006
      vertex 82.1643 73.9658 2.5466
    endloop
  endfacet
  facet normal 1 0 0
    outer loop
      vertex 82.1643 73.9658 2.5466
      vertex 82.1643 73.9668 2.8006
      vertex 82.1643 73.9658 2.8006
    endloop
  endfacet
  facet normal 0 0 0
    outer loop
      vertex 82.1643 73.9658 2.5466
      vertex 82.1643 73.9658 2.8006
      vertex 82.1643 73.9658 5.9502
    endloop
  endfacet
  facet normal 1 0 -0
    outer loop
      vertex 82.1643 74.49 2.5466
      vertex 82.1643 74.49 2.80061
      vertex 82.1643 73.9668 2.8006
    endloop
  endfacet
  facet normal 1 0 -0
    outer loop
      vertex 82.1643 73.9664 5.9502
      vertex 82.1643 73.9668 5.9502
      vertex 82.1643 73.9658 6.2042
    endloop
  endfacet
  facet normal 1 -0 0
    outer loop
      vertex 82.1643 73.9658 6.2042
      vertex 82.1643 73.9668 5.9502
      vertex 82.1643 74.49 6.2042
    endloop
  endfacet
  facet normal 1 0 0
    outer loop
      vertex 82.1643 74.49 6.2042
      vertex 82.1643 73.9668 5.9502
      vertex 82.1643 74.49 5.9502
    endloop
  endfacet
  facet normal 0.998838 -0.0482013 0
    outer loop
      vertex 82.1643 73.9658 2.5466
      vertex 82.1643 73.9658 6.2042
      vertex 82.1625 73.9285 2.54477
    endloop
  endfacet
  facet normal 0.998838 -0.0482013 0
    outer loop
      vertex 82.1625 73.9285 2.54477
      vertex 82.1643 73.9658 6.2042
      vertex 82.1625 73.9285 6.20604
    endloop
  endfacet
  facet normal 0.983715 -0.179733 0
    outer loop
      vertex 82.1625 73.9285 2.54477
      vertex 82.1625 73.9285 6.20604
      vertex 82.1513 73.8672 4.3754
    endloop
  endfacet
  facet normal 0.989107 -0.147196 -0.00112251
    outer loop
      vertex 82.1513 73.8672 4.3754
      vertex 82.1625 73.9285 6.20604
      vertex 82.157 73.8915 6.21152
    endloop
  endfacet
  facet normal 0.956973 -0.290174 0.00086949
    outer loop
      vertex 82.1513 73.8672 4.3754
      vertex 82.157 73.8915 6.21152
      vertex 82.1353 73.82 6.23321
    endloop
  endfacet
  facet normal 0.924113 -0.382114 -0.00174936
    outer loop
      vertex 82.1513 73.8672 4.3754
      vertex 82.1353 73.82 6.23321
      vertex 82.1133 73.7753 4.3754
    endloop
  endfacet
  facet normal 0.882251 -0.470778 0.000879668
    outer loop
      vertex 82.1133 73.7753 4.3754
      vertex 82.1353 73.82 6.23321
      vertex 82.1001 73.7541 6.26841
    endloop
  endfacet
  facet normal 0.793072 -0.609127 -0.00129157
    outer loop
      vertex 82.1133 73.7753 4.3754
      vertex 82.1001 73.7541 6.26841
      vertex 82.0527 73.6964 4.3754
    endloop
  endfacet
  facet normal 0.772703 -0.634768 0
    outer loop
      vertex 82.0527 73.6964 4.3754
      vertex 82.1001 73.7541 6.26841
      vertex 82.0527 73.6964 6.3158
    endloop
  endfacet
  facet normal 0.634768 -0.772703 0
    outer loop
      vertex 82.0527 73.6964 4.3754
      vertex 82.0527 73.6964 6.3158
      vertex 81.995 73.649 6.37353
    endloop
  endfacet
  facet normal 0.609127 -0.793072 -0.00122362
    outer loop
      vertex 82.0527 73.6964 4.3754
      vertex 81.995 73.649 6.37353
      vertex 81.9738 73.6358 4.3754
    endloop
  endfacet
  facet normal 0.471781 -0.881716 0.000819213
    outer loop
      vertex 81.9738 73.6358 4.3754
      vertex 81.995 73.649 6.37353
      vertex 81.9291 73.6138 6.4394
    endloop
  endfacet
  facet normal 0.382114 -0.924114 -0.0015746
    outer loop
      vertex 81.9738 73.6358 4.3754
      vertex 81.9291 73.6138 6.4394
      vertex 81.8819 73.5978 4.3754
    endloop
  endfacet
  facet normal 0.291111 -0.956689 0.000759017
    outer loop
      vertex 81.8819 73.5978 4.3754
      vertex 81.9291 73.6138 6.4394
      vertex 81.8576 73.5921 6.51087
    endloop
  endfacet
  facet normal 0.150969 -0.988538 -0.000920696
    outer loop
      vertex 81.8819 73.5978 4.3754
      vertex 81.8576 73.5921 6.51087
      vertex 81.7833 73.5848 2.1656
    endloop
  endfacet
  facet normal 0.0977795 -0.995208 0
    outer loop
      vertex 81.7833 73.5848 2.1656
      vertex 81.8576 73.5921 6.51087
      vertex 81.7833 73.5848 6.5852
    endloop
  endfacet
  facet normal 0.0962318 -0.995358 0.00156177
    outer loop
      vertex 81.7833 73.5848 2.1656
      vertex 81.8576 73.5921 2.23993
      vertex 81.8819 73.5978 4.3754
    endloop
  endfacet
  facet normal 0.291111 -0.956689 -0.000759018
    outer loop
      vertex 81.8819 73.5978 4.3754
      vertex 81.8576 73.5921 2.23993
      vertex 81.9291 73.6138 2.31141
    endloop
  endfacet
  facet normal 0.382114 -0.924114 0.00157461
    outer loop
      vertex 81.8819 73.5978 4.3754
      vertex 81.9291 73.6138 2.31141
      vertex 81.9738 73.6358 4.3754
    endloop
  endfacet
  facet normal 0.471781 -0.881716 -0.000819217
    outer loop
      vertex 81.9738 73.6358 4.3754
      vertex 81.9291 73.6138 2.31141
      vertex 81.995 73.649 2.37728
    endloop
  endfacet
  facet normal 0.609127 -0.793072 0.00122363
    outer loop
      vertex 81.9738 73.6358 4.3754
      vertex 81.995 73.649 2.37728
      vertex 82.0527 73.6964 4.3754
    endloop
  endfacet
  facet normal 0.634768 -0.772703 0
    outer loop
      vertex 82.0527 73.6964 4.3754
      vertex 81.995 73.649 2.37728
      vertex 82.0527 73.6964 2.43501
    endloop
  endfacet
  facet normal 0.772703 -0.634768 0
    outer loop
      vertex 82.0527 73.6964 4.3754
      vertex 82.0527 73.6964 2.43501
      vertex 82.1001 73.7541 2.48239
    endloop
  endfacet
  facet normal 0.793072 -0.609127 0.00129157
    outer loop
      vertex 82.0527 73.6964 4.3754
      vertex 82.1001 73.7541 2.48239
      vertex 82.1133 73.7753 4.3754
    endloop
  endfacet
  facet normal 0.882251 -0.470778 -0.000879669
    outer loop
      vertex 82.1133 73.7753 4.3754
      vertex 82.1001 73.7541 2.48239
      vertex 82.1353 73.82 2.5176
    endloop
  endfacet
  facet normal 0.924113 -0.382114 0.00174937
    outer loop
      vertex 82.1133 73.7753 4.3754
      vertex 82.1353 73.82 2.5176
      vertex 82.1513 73.8672 4.3754
    endloop
  endfacet
  facet normal 0.956973 -0.290174 -0.000869491
    outer loop
      vertex 82.1513 73.8672 4.3754
      vertex 82.1353 73.82 2.5176
      vertex 82.157 73.8915 2.53928
    endloop
  endfacet
  facet normal 0.989107 -0.147196 0.0011225
    outer loop
      vertex 82.1513 73.8672 4.3754
      vertex 82.157 73.8915 2.53928
      vertex 82.1625 73.9285 2.54477
    endloop
  endfacet
  facet normal 0 0 -1
    outer loop
      vertex 109.622 73.9658 6.2042
      vertex 82.1643 73.9658 6.2042
      vertex 109.622 74.4899 6.2042
    endloop
  endfacet
  facet normal -0 0 -1
    outer loop
      vertex 109.622 74.4899 6.2042
      vertex 82.1643 73.9658 6.2042
      vertex 82.1643 74.49 6.2042
    endloop
  endfacet
  facet normal 0.00172138 -0.995376 -0.0960359
    outer loop
      vertex 81.8576 73.5921 6.51087
      vertex 83.799 73.5978 6.48659
      vertex 81.7833 73.5848 6.5852
    endloop
  endfacet
  facet normal 0 -0.991422 -0.130702
    outer loop
      vertex 81.7833 73.5848 6.5852
      vertex 83.799 73.5978 6.48659
      vertex 85.8147 73.5978 6.48659
    endloop
  endfacet
  facet normal 0 -0.991422 -0.130702
    outer loop
      vertex 81.7833 73.5848 6.5852
      vertex 85.8147 73.5978 6.48659
      vertex 87.8303 73.5978 6.48659
    endloop
  endfacet
  facet normal -0 -0.9241 -0.38215
    outer loop
      vertex 87.8303 73.5978 6.48659
      vertex 85.8147 73.5978 6.48659
      vertex 87.8303 73.6358 6.3947
    endloop
  endfacet
  facet normal 0 -0.9241 -0.38215
    outer loop
      vertex 87.8303 73.5978 6.48659
      vertex 87.8303 73.6358 6.3947
      vertex 89.846 73.6358 6.3947
    endloop
  endfacet
  facet normal -0 -0.793072 -0.609128
    outer loop
      vertex 89.846 73.6358 6.3947
      vertex 87.8303 73.6358 6.3947
      vertex 87.8303 73.6964 6.3158
    endloop
  endfacet
  facet normal 0 -0.793072 -0.609128
    outer loop
      vertex 89.846 73.6358 6.3947
      vertex 87.8303 73.6964 6.3158
      vertex 89.846 73.6964 6.3158
    endloop
  endfacet
  facet normal -0 -0.608811 -0.793315
    outer loop
      vertex 89.846 73.6964 6.3158
      vertex 87.8303 73.6964 6.3158
      vertex 87.8303 73.7753 6.25525
    endloop
  endfacet
  facet normal 0 -0.608811 -0.793315
    outer loop
      vertex 89.846 73.6964 6.3158
      vertex 87.8303 73.7753 6.25525
      vertex 89.846 73.7753 6.25525
    endloop
  endfacet
  facet normal -0 -0.38263 -0.923902
    outer loop
      vertex 89.846 73.7753 6.25525
      vertex 87.8303 73.7753 6.25525
      vertex 89.846 73.8672 6.21719
    endloop
  endfacet
  facet normal 0 -0.38263 -0.923902
    outer loop
      vertex 89.846 73.7753 6.25525
      vertex 89.846 73.8672 6.21719
      vertex 91.8617 73.8672 6.21719
    endloop
  endfacet
  facet normal -0 -0.130616 -0.991433
    outer loop
      vertex 91.8617 73.8672 6.21719
      vertex 89.846 73.8672 6.21719
      vertex 82.1643 73.9658 6.2042
    endloop
  endfacet
  facet normal 0 -0.130616 -0.991433
    outer loop
      vertex 91.8617 73.8672 6.21719
      vertex 82.1643 73.9658 6.2042
      vertex 93.8773 73.8672 6.21719
    endloop
  endfacet
  facet normal 0 -0.130616 -0.991433
    outer loop
      vertex 93.8773 73.8672 6.21719
      vertex 82.1643 73.9658 6.2042
      vertex 95.893 73.8672 6.21719
    endloop
  endfacet
  facet normal 0 -0.38263 -0.923902
    outer loop
      vertex 93.8773 73.8672 6.21719
      vertex 95.893 73.8672 6.21719
      vertex 93.8773 73.7753 6.25525
    endloop
  endfacet
  facet normal 0 -0.38263 -0.923902
    outer loop
      vertex 93.8773 73.7753 6.25525
      vertex 95.893 73.8672 6.21719
      vertex 95.893 73.7753 6.25525
    endloop
  endfacet
  facet normal 0 -0.608811 -0.793315
    outer loop
      vertex 93.8773 73.7753 6.25525
      vertex 95.893 73.7753 6.25525
      vertex 95.893 73.6964 6.3158
    endloop
  endfacet
  facet normal 0 -0.608811 -0.793315
    outer loop
      vertex 95.893 73.6964 6.3158
      vertex 95.893 73.7753 6.25525
      vertex 97.9087 73.6964 6.3158
    endloop
  endfacet
  facet normal 0 -0.793072 -0.609128
    outer loop
      vertex 95.893 73.6964 6.3158
      vertex 97.9087 73.6964 6.3158
      vertex 97.9087 73.6358 6.3947
    endloop
  endfacet
  facet normal 0 -0.793072 -0.609128
    outer loop
      vertex 97.9087 73.6358 6.3947
      vertex 97.9087 73.6964 6.3158
      vertex 99.9243 73.6358 6.3947
    endloop
  endfacet
  facet normal 0 -0.9241 -0.38215
    outer loop
      vertex 97.9087 73.6358 6.3947
      vertex 99.9243 73.6358 6.3947
      vertex 97.9087 73.5978 6.48659
    endloop
  endfacet
  facet normal 0 -0.9241 -0.38215
    outer loop
      vertex 97.9087 73.5978 6.48659
      vertex 99.9243 73.6358 6.3947
      vertex 99.9243 73.5978 6.48659
    endloop
  endfacet
  facet normal 0 -0.991422 -0.130702
    outer loop
      vertex 97.9087 73.5978 6.48659
      vertex 99.9243 73.5978 6.48659
      vertex 81.7833 73.5848 6.5852
    endloop
  endfacet
  facet normal -0.000170439 -0.98688 -0.161458
    outer loop
      vertex 81.7833 73.5848 6.5852
      vertex 99.9243 73.5978 6.48659
      vertex 109.928 73.5921 6.51087
    endloop
  endfacet
  facet normal 0 -0.995212 -0.0977404
    outer loop
      vertex 81.7833 73.5848 6.5852
      vertex 109.928 73.5921 6.51087
      vertex 110.003 73.5848 6.5852
    endloop
  endfacet
  facet normal -0.000834319 -0.956634 -0.291292
    outer loop
      vertex 81.8576 73.5921 6.51087
      vertex 81.9291 73.6138 6.4394
      vertex 83.799 73.5978 6.48659
    endloop
  endfacet
  facet normal 0.00173703 -0.924099 -0.38215
    outer loop
      vertex 83.799 73.5978 6.48659
      vertex 81.9291 73.6138 6.4394
      vertex 83.799 73.6358 6.3947
    endloop
  endfacet
  facet normal 0 -0.9241 -0.38215
    outer loop
      vertex 83.799 73.5978 6.48659
      vertex 83.799 73.6358 6.3947
      vertex 85.8147 73.6358 6.3947
    endloop
  endfacet
  facet normal -0 -0.793072 -0.609128
    outer loop
      vertex 85.8147 73.6358 6.3947
      vertex 83.799 73.6358 6.3947
      vertex 83.799 73.6964 6.3158
    endloop
  endfacet
  facet normal 0 -0.793072 -0.609128
    outer loop
      vertex 85.8147 73.6358 6.3947
      vertex 83.799 73.6964 6.3158
      vertex 85.8147 73.6964 6.3158
    endloop
  endfacet
  facet normal -0 -0.608811 -0.793315
    outer loop
      vertex 85.8147 73.6964 6.3158
      vertex 83.799 73.6964 6.3158
      vertex 83.799 73.7753 6.25525
    endloop
  endfacet
  facet normal 0 -0.608811 -0.793315
    outer loop
      vertex 85.8147 73.6964 6.3158
      vertex 83.799 73.7753 6.25525
      vertex 85.8147 73.7753 6.25525
    endloop
  endfacet
  facet normal -0 -0.38263 -0.923902
    outer loop
      vertex 85.8147 73.7753 6.25525
      vertex 83.799 73.7753 6.25525
      vertex 85.8147 73.8672 6.21719
    endloop
  endfacet
  facet normal 0 -0.38263 -0.923902
    outer loop
      vertex 85.8147 73.7753 6.25525
      vertex 85.8147 73.8672 6.21719
      vertex 87.8303 73.8672 6.21719
    endloop
  endfacet
  facet normal -0 -0.130616 -0.991433
    outer loop
      vertex 87.8303 73.8672 6.21719
      vertex 85.8147 73.8672 6.21719
      vertex 82.1643 73.9658 6.2042
    endloop
  endfacet
  facet normal 0 -0.130616 -0.991433
    outer loop
      vertex 87.8303 73.8672 6.21719
      vertex 82.1643 73.9658 6.2042
      vertex 89.846 73.8672 6.21719
    endloop
  endfacet
  facet normal -0.000911472 -0.881587 -0.47202
    outer loop
      vertex 81.9291 73.6138 6.4394
      vertex 81.995 73.649 6.37353
      vertex 83.799 73.6358 6.3947
    endloop
  endfacet
  facet normal 0.00134517 -0.793071 -0.609127
    outer loop
      vertex 83.799 73.6358 6.3947
      vertex 81.995 73.649 6.37353
      vertex 83.799 73.6964 6.3158
    endloop
  endfacet
  facet normal 0 -0.772865 -0.634571
    outer loop
      vertex 81.995 73.649 6.37353
      vertex 82.0527 73.6964 6.3158
      vertex 83.799 73.6964 6.3158
    endloop
  endfacet
  facet normal -0 -0.634688 -0.772768
    outer loop
      vertex 83.799 73.6964 6.3158
      vertex 82.0527 73.6964 6.3158
      vertex 82.1001 73.7541 6.26841
    endloop
  endfacet
  facet normal 0.00145198 -0.608811 -0.793314
    outer loop
      vertex 83.799 73.6964 6.3158
      vertex 82.1001 73.7541 6.26841
      vertex 83.799 73.7753 6.25525
    endloop
  endfacet
  facet normal -0.000959957 -0.470745 -0.882269
    outer loop
      vertex 83.799 73.7753 6.25525
      vertex 82.1001 73.7541 6.26841
      vertex 82.1353 73.82 6.23321
    endloop
  endfacet
  facet normal 0.00195902 -0.382629 -0.9239
    outer loop
      vertex 83.799 73.7753 6.25525
      vertex 82.1353 73.82 6.23321
      vertex 83.799 73.8672 6.21719
    endloop
  endfacet
  facet normal -0.000987304 -0.290019 -0.95702
    outer loop
      vertex 83.799 73.8672 6.21719
      vertex 82.1353 73.82 6.23321
      vertex 82.157 73.8915 6.21152
    endloop
  endfacet
  facet normal 0.00124487 -0.146691 -0.989182
    outer loop
      vertex 83.799 73.8672 6.21719
      vertex 82.157 73.8915 6.21152
      vertex 82.1625 73.9285 6.20604
    endloop
  endfacet
  facet normal 0.00495043 -0.0495076 -0.998761
    outer loop
      vertex 82.1625 73.9285 6.20604
      vertex 82.1643 73.9658 6.2042
      vertex 83.799 73.8672 6.21719
    endloop
  endfacet
  facet normal 0 -0.130616 -0.991433
    outer loop
      vertex 83.799 73.8672 6.21719
      vertex 82.1643 73.9658 6.2042
      vertex 85.8147 73.8672 6.21719
    endloop
  endfacet
  facet normal 0 -0.38263 -0.923902
    outer loop
      vertex 83.799 73.8672 6.21719
      vertex 85.8147 73.8672 6.21719
      vertex 83.799 73.7753 6.25525
    endloop
  endfacet
  facet normal 0 -0.130616 -0.991433
    outer loop
      vertex 82.1643 73.9658 6.2042
      vertex 109.622 73.9658 6.2042
      vertex 95.893 73.8672 6.21719
    endloop
  endfacet
  facet normal 0 -0.130616 -0.991433
    outer loop
      vertex 95.893 73.8672 6.21719
      vertex 109.622 73.9658 6.2042
      vertex 97.9087 73.8672 6.21719
    endloop
  endfacet
  facet normal 0 -0.38263 -0.923902
    outer loop
      vertex 95.893 73.8672 6.21719
      vertex 97.9087 73.8672 6.21719
      vertex 95.893 73.7753 6.25525
    endloop
  endfacet
  facet normal 0 -0.38263 -0.923902
    outer loop
      vertex 95.893 73.7753 6.25525
      vertex 97.9087 73.8672 6.21719
      vertex 97.9087 73.7753 6.25525
    endloop
  endfacet
  facet normal 0 -0.608811 -0.793315
    outer loop
      vertex 95.893 73.7753 6.25525
      vertex 97.9087 73.7753 6.25525
      vertex 97.9087 73.6964 6.3158
    endloop
  endfacet
  facet normal 0 -0.608811 -0.793315
    outer loop
      vertex 97.9087 73.6964 6.3158
      vertex 97.9087 73.7753 6.25525
      vertex 99.9243 73.6964 6.3158
    endloop
  endfacet
  facet normal 0 -0.793072 -0.609128
    outer loop
      vertex 97.9087 73.6964 6.3158
      vertex 99.9243 73.6964 6.3158
      vertex 99.9243 73.6358 6.3947
    endloop
  endfacet
  facet normal 0 -0.793072 -0.609128
    outer loop
      vertex 99.9243 73.6358 6.3947
      vertex 99.9243 73.6964 6.3158
      vertex 101.94 73.6358 6.3947
    endloop
  endfacet
  facet normal 0 -0.9241 -0.38215
    outer loop
      vertex 99.9243 73.6358 6.3947
      vertex 101.94 73.6358 6.3947
      vertex 99.9243 73.5978 6.48659
    endloop
  endfacet
  facet normal 0 -0.9241 -0.38215
    outer loop
      vertex 99.9243 73.5978 6.48659
      vertex 101.94 73.6358 6.3947
      vertex 101.94 73.5978 6.48659
    endloop
  endfacet
  facet normal 0 -0.973533 -0.228548
    outer loop
      vertex 99.9243 73.5978 6.48659
      vertex 101.94 73.5978 6.48659
      vertex 109.928 73.5921 6.51087
    endloop
  endfacet
  facet normal 0 -0.973533 -0.228548
    outer loop
      vertex 109.928 73.5921 6.51087
      vertex 101.94 73.5978 6.48659
      vertex 103.956 73.5978 6.48659
    endloop
  endfacet
  facet normal 0 -0.973533 -0.228548
    outer loop
      vertex 109.928 73.5921 6.51087
      vertex 103.956 73.5978 6.48659
      vertex 105.971 73.5978 6.48659
    endloop
  endfacet
  facet normal -0 -0.9241 -0.38215
    outer loop
      vertex 105.971 73.5978 6.48659
      vertex 103.956 73.5978 6.48659
      vertex 105.971 73.6358 6.3947
    endloop
  endfacet
  facet normal 0 -0.9241 -0.38215
    outer loop
      vertex 105.971 73.5978 6.48659
      vertex 105.971 73.6358 6.3947
      vertex 107.987 73.6358 6.3947
    endloop
  endfacet
  facet normal -0 -0.793072 -0.609128
    outer loop
      vertex 107.987 73.6358 6.3947
      vertex 105.971 73.6358 6.3947
      vertex 105.971 73.6964 6.3158
    endloop
  endfacet
  facet normal 0 -0.793072 -0.609128
    outer loop
      vertex 107.987 73.6358 6.3947
      vertex 105.971 73.6964 6.3158
      vertex 107.987 73.6964 6.3158
    endloop
  endfacet
  facet normal -0 -0.608811 -0.793315
    outer loop
      vertex 107.987 73.6964 6.3158
      vertex 105.971 73.6964 6.3158
      vertex 105.971 73.7753 6.25525
    endloop
  endfacet
  facet normal 0 -0.608811 -0.793315
    outer loop
      vertex 107.987 73.6964 6.3158
      vertex 105.971 73.7753 6.25525
      vertex 107.987 73.7753 6.25525
    endloop
  endfacet
  facet normal -0 -0.38263 -0.923902
    outer loop
      vertex 107.987 73.7753 6.25525
      vertex 105.971 73.7753 6.25525
      vertex 107.987 73.8672 6.21719
    endloop
  endfacet
  facet normal -0.00195867 -0.382629 -0.9239
    outer loop
      vertex 107.987 73.7753 6.25525
      vertex 107.987 73.8672 6.21719
      vertex 109.651 73.82 6.23321
    endloop
  endfacet
  facet normal 0.000987244 -0.290015 -0.957022
    outer loop
      vertex 109.651 73.82 6.23321
      vertex 107.987 73.8672 6.21719
      vertex 109.629 73.8915 6.21152
    endloop
  endfacet
  facet normal -0.00124512 -0.146674 -0.989184
    outer loop
      vertex 109.629 73.8915 6.21152
      vertex 107.987 73.8672 6.21719
      vertex 109.624 73.9285 6.20604
    endloop
  endfacet
  facet normal -0.00494792 -0.0495339 -0.99876
    outer loop
      vertex 109.624 73.9285 6.20604
      vertex 107.987 73.8672 6.21719
      vertex 109.622 73.9658 6.2042
    endloop
  endfacet
  facet normal 0 -0.130616 -0.991433
    outer loop
      vertex 109.622 73.9658 6.2042
      vertex 107.987 73.8672 6.21719
      vertex 105.971 73.8672 6.21719
    endloop
  endfacet
  facet normal 0 -0.130616 -0.991433
    outer loop
      vertex 109.622 73.9658 6.2042
      vertex 105.971 73.8672 6.21719
      vertex 103.956 73.8672 6.21719
    endloop
  endfacet
  facet normal 0 -0.38263 -0.923902
    outer loop
      vertex 103.956 73.8672 6.21719
      vertex 105.971 73.8672 6.21719
      vertex 103.956 73.7753 6.25525
    endloop
  endfacet
  facet normal 0 -0.38263 -0.923902
    outer loop
      vertex 103.956 73.8672 6.21719
      vertex 103.956 73.7753 6.25525
      vertex 101.94 73.7753 6.25525
    endloop
  endfacet
  facet normal 0 -0.608811 -0.793315
    outer loop
      vertex 101.94 73.7753 6.25525
      vertex 103.956 73.7753 6.25525
      vertex 103.956 73.6964 6.3158
    endloop
  endfacet
  facet normal 0 -0.608811 -0.793315
    outer loop
      vertex 101.94 73.7753 6.25525
      vertex 103.956 73.6964 6.3158
      vertex 101.94 73.6964 6.3158
    endloop
  endfacet
  facet normal 0 -0.793072 -0.609128
    outer loop
      vertex 101.94 73.6964 6.3158
      vertex 103.956 73.6964 6.3158
      vertex 103.956 73.6358 6.3947
    endloop
  endfacet
  facet normal 0 -0.793072 -0.609128
    outer loop
      vertex 101.94 73.6964 6.3158
      vertex 103.956 73.6358 6.3947
      vertex 101.94 73.6358 6.3947
    endloop
  endfacet
  facet normal 0 -0.9241 -0.38215
    outer loop
      vertex 101.94 73.6358 6.3947
      vertex 103.956 73.6358 6.3947
      vertex 101.94 73.5978 6.48659
    endloop
  endfacet
  facet normal 0.000959862 -0.470747 -0.882268
    outer loop
      vertex 109.651 73.82 6.23321
      vertex 109.686 73.7541 6.26841
      vertex 107.987 73.7753 6.25525
    endloop
  endfacet
  facet normal -0.0014519 -0.608811 -0.793314
    outer loop
      vertex 107.987 73.7753 6.25525
      vertex 109.686 73.7541 6.26841
      vertex 107.987 73.6964 6.3158
    endloop
  endfacet
  facet normal 0 -0.634688 -0.772768
    outer loop
      vertex 109.686 73.7541 6.26841
      vertex 109.733 73.6964 6.3158
      vertex 107.987 73.6964 6.3158
    endloop
  endfacet
  facet normal 0 -0.772865 -0.634571
    outer loop
      vertex 107.987 73.6964 6.3158
      vertex 109.733 73.6964 6.3158
      vertex 109.791 73.649 6.37353
    endloop
  endfacet
  facet normal -0.00134517 -0.793071 -0.609127
    outer loop
      vertex 107.987 73.6964 6.3158
      vertex 109.791 73.649 6.37353
      vertex 107.987 73.6358 6.3947
    endloop
  endfacet
  facet normal 0.000911455 -0.881587 -0.472021
    outer loop
      vertex 107.987 73.6358 6.3947
      vertex 109.791 73.649 6.37353
      vertex 109.857 73.6138 6.4394
    endloop
  endfacet
  facet normal -0.00173694 -0.924099 -0.38215
    outer loop
      vertex 107.987 73.6358 6.3947
      vertex 109.857 73.6138 6.4394
      vertex 107.987 73.5978 6.48659
    endloop
  endfacet
  facet normal 0.00083442 -0.956636 -0.291286
    outer loop
      vertex 107.987 73.5978 6.48659
      vertex 109.857 73.6138 6.4394
      vertex 109.928 73.5921 6.51087
    endloop
  endfacet
  facet normal -0 -0.973533 -0.228548
    outer loop
      vertex 107.987 73.5978 6.48659
      vertex 109.928 73.5921 6.51087
      vertex 105.971 73.5978 6.48659
    endloop
  endfacet
  facet normal -0 -0.9241 -0.38215
    outer loop
      vertex 87.8303 73.6358 6.3947
      vertex 85.8147 73.5978 6.48659
      vertex 85.8147 73.6358 6.3947
    endloop
  endfacet
  facet normal 0 -0.9241 -0.38215
    outer loop
      vertex 85.8147 73.6358 6.3947
      vertex 85.8147 73.5978 6.48659
      vertex 83.799 73.5978 6.48659
    endloop
  endfacet
  facet normal 0 -0.991422 -0.130702
    outer loop
      vertex 87.8303 73.5978 6.48659
      vertex 89.846 73.5978 6.48659
      vertex 81.7833 73.5848 6.5852
    endloop
  endfacet
  facet normal 0 -0.991422 -0.130702
    outer loop
      vertex 81.7833 73.5848 6.5852
      vertex 89.846 73.5978 6.48659
      vertex 91.8617 73.5978 6.48659
    endloop
  endfacet
  facet normal 0 -0.991422 -0.130702
    outer loop
      vertex 81.7833 73.5848 6.5852
      vertex 91.8617 73.5978 6.48659
      vertex 93.8773 73.5978 6.48659
    endloop
  endfacet
  facet normal -0 -0.9241 -0.38215
    outer loop
      vertex 93.8773 73.5978 6.48659
      vertex 91.8617 73.5978 6.48659
      vertex 93.8773 73.6358 6.3947
    endloop
  endfacet
  facet normal 0 -0.9241 -0.38215
    outer loop
      vertex 93.8773 73.5978 6.48659
      vertex 93.8773 73.6358 6.3947
      vertex 95.893 73.6358 6.3947
    endloop
  endfacet
  facet normal -0 -0.793072 -0.609128
    outer loop
      vertex 95.893 73.6358 6.3947
      vertex 93.8773 73.6358 6.3947
      vertex 93.8773 73.6964 6.3158
    endloop
  endfacet
  facet normal 0 -0.793072 -0.609128
    outer loop
      vertex 95.893 73.6358 6.3947
      vertex 93.8773 73.6964 6.3158
      vertex 95.893 73.6964 6.3158
    endloop
  endfacet
  facet normal -0 -0.608811 -0.793315
    outer loop
      vertex 95.893 73.6964 6.3158
      vertex 93.8773 73.6964 6.3158
      vertex 93.8773 73.7753 6.25525
    endloop
  endfacet
  facet normal 0 -0.9241 -0.38215
    outer loop
      vertex 87.8303 73.5978 6.48659
      vertex 89.846 73.6358 6.3947
      vertex 89.846 73.5978 6.48659
    endloop
  endfacet
  facet normal 0 -0.9241 -0.38215
    outer loop
      vertex 89.846 73.5978 6.48659
      vertex 89.846 73.6358 6.3947
      vertex 91.8617 73.6358 6.3947
    endloop
  endfacet
  facet normal 0 -0.9241 -0.38215
    outer loop
      vertex 89.846 73.5978 6.48659
      vertex 91.8617 73.6358 6.3947
      vertex 91.8617 73.5978 6.48659
    endloop
  endfacet
  facet normal 0 -0.9241 -0.38215
    outer loop
      vertex 91.8617 73.5978 6.48659
      vertex 91.8617 73.6358 6.3947
      vertex 93.8773 73.6358 6.3947
    endloop
  endfacet
  facet normal -0 -0.991422 -0.130702
    outer loop
      vertex 97.9087 73.5978 6.48659
      vertex 81.7833 73.5848 6.5852
      vertex 95.893 73.5978 6.48659
    endloop
  endfacet
  facet normal -0 -0.991422 -0.130702
    outer loop
      vertex 95.893 73.5978 6.48659
      vertex 81.7833 73.5848 6.5852
      vertex 93.8773 73.5978 6.48659
    endloop
  endfacet
  facet normal -0 -0.9241 -0.38215
    outer loop
      vertex 95.893 73.5978 6.48659
      vertex 93.8773 73.5978 6.48659
      vertex 95.893 73.6358 6.3947
    endloop
  endfacet
  facet normal 0 -0.9241 -0.38215
    outer loop
      vertex 97.9087 73.6358 6.3947
      vertex 97.9087 73.5978 6.48659
      vertex 95.893 73.5978 6.48659
    endloop
  endfacet
  facet normal -0 -0.9241 -0.38215
    outer loop
      vertex 97.9087 73.6358 6.3947
      vertex 95.893 73.5978 6.48659
      vertex 95.893 73.6358 6.3947
    endloop
  endfacet
  facet normal -0 -0.9241 -0.38215
    outer loop
      vertex 105.971 73.6358 6.3947
      vertex 103.956 73.5978 6.48659
      vertex 103.956 73.6358 6.3947
    endloop
  endfacet
  facet normal 0 -0.9241 -0.38215
    outer loop
      vertex 103.956 73.6358 6.3947
      vertex 103.956 73.5978 6.48659
      vertex 101.94 73.5978 6.48659
    endloop
  endfacet
  facet normal 0 -0.9241 -0.38215
    outer loop
      vertex 107.987 73.6358 6.3947
      vertex 107.987 73.5978 6.48659
      vertex 105.971 73.5978 6.48659
    endloop
  endfacet
  facet normal -0 -0.793072 -0.609128
    outer loop
      vertex 87.8303 73.6964 6.3158
      vertex 87.8303 73.6358 6.3947
      vertex 85.8147 73.6964 6.3158
    endloop
  endfacet
  facet normal 0 -0.793072 -0.609128
    outer loop
      vertex 85.8147 73.6964 6.3158
      vertex 87.8303 73.6358 6.3947
      vertex 85.8147 73.6358 6.3947
    endloop
  endfacet
  facet normal 0 -0.793072 -0.609128
    outer loop
      vertex 89.846 73.6358 6.3947
      vertex 89.846 73.6964 6.3158
      vertex 91.8617 73.6358 6.3947
    endloop
  endfacet
  facet normal 0 -0.793072 -0.609128
    outer loop
      vertex 91.8617 73.6358 6.3947
      vertex 89.846 73.6964 6.3158
      vertex 91.8617 73.6964 6.3158
    endloop
  endfacet
  facet normal 0 -0.793072 -0.609128
    outer loop
      vertex 91.8617 73.6358 6.3947
      vertex 91.8617 73.6964 6.3158
      vertex 93.8773 73.6358 6.3947
    endloop
  endfacet
  facet normal 0 -0.793072 -0.609128
    outer loop
      vertex 93.8773 73.6358 6.3947
      vertex 91.8617 73.6964 6.3158
      vertex 93.8773 73.6964 6.3158
    endloop
  endfacet
  facet normal 0 -0.793072 -0.609128
    outer loop
      vertex 95.893 73.6964 6.3158
      vertex 97.9087 73.6358 6.3947
      vertex 95.893 73.6358 6.3947
    endloop
  endfacet
  facet normal -0 -0.793072 -0.609128
    outer loop
      vertex 101.94 73.6964 6.3158
      vertex 101.94 73.6358 6.3947
      vertex 99.9243 73.6964 6.3158
    endloop
  endfacet
  facet normal -0 -0.793072 -0.609128
    outer loop
      vertex 105.971 73.6964 6.3158
      vertex 105.971 73.6358 6.3947
      vertex 103.956 73.6964 6.3158
    endloop
  endfacet
  facet normal 0 -0.793072 -0.609128
    outer loop
      vertex 103.956 73.6964 6.3158
      vertex 105.971 73.6358 6.3947
      vertex 103.956 73.6358 6.3947
    endloop
  endfacet
  facet normal -0 -0.608811 -0.793315
    outer loop
      vertex 87.8303 73.7753 6.25525
      vertex 87.8303 73.6964 6.3158
      vertex 85.8147 73.7753 6.25525
    endloop
  endfacet
  facet normal 0 -0.608811 -0.793315
    outer loop
      vertex 85.8147 73.7753 6.25525
      vertex 87.8303 73.6964 6.3158
      vertex 85.8147 73.6964 6.3158
    endloop
  endfacet
  facet normal 0 -0.608811 -0.793315
    outer loop
      vertex 89.846 73.6964 6.3158
      vertex 89.846 73.7753 6.25525
      vertex 91.8617 73.6964 6.3158
    endloop
  endfacet
  facet normal 0 -0.608811 -0.793315
    outer loop
      vertex 91.8617 73.6964 6.3158
      vertex 89.846 73.7753 6.25525
      vertex 91.8617 73.7753 6.25525
    endloop
  endfacet
  facet normal 0 -0.608811 -0.793315
    outer loop
      vertex 91.8617 73.6964 6.3158
      vertex 91.8617 73.7753 6.25525
      vertex 93.8773 73.6964 6.3158
    endloop
  endfacet
  facet normal 0 -0.608811 -0.793315
    outer loop
      vertex 93.8773 73.6964 6.3158
      vertex 91.8617 73.7753 6.25525
      vertex 93.8773 73.7753 6.25525
    endloop
  endfacet
  facet normal -0 -0.608811 -0.793315
    outer loop
      vertex 101.94 73.6964 6.3158
      vertex 99.9243 73.6964 6.3158
      vertex 99.9243 73.7753 6.25525
    endloop
  endfacet
  facet normal -0 -0.608811 -0.793315
    outer loop
      vertex 99.9243 73.7753 6.25525
      vertex 99.9243 73.6964 6.3158
      vertex 97.9087 73.7753 6.25525
    endloop
  endfacet
  facet normal -0 -0.38263 -0.923902
    outer loop
      vertex 99.9243 73.7753 6.25525
      vertex 97.9087 73.7753 6.25525
      vertex 99.9243 73.8672 6.21719
    endloop
  endfacet
  facet normal -0 -0.38263 -0.923902
    outer loop
      vertex 99.9243 73.8672 6.21719
      vertex 97.9087 73.7753 6.25525
      vertex 97.9087 73.8672 6.21719
    endloop
  endfacet
  facet normal -0 -0.130616 -0.991433
    outer loop
      vertex 99.9243 73.8672 6.21719
      vertex 97.9087 73.8672 6.21719
      vertex 109.622 73.9658 6.2042
    endloop
  endfacet
  facet normal -0 -0.608811 -0.793315
    outer loop
      vertex 105.971 73.7753 6.25525
      vertex 105.971 73.6964 6.3158
      vertex 103.956 73.7753 6.25525
    endloop
  endfacet
  facet normal 0 -0.608811 -0.793315
    outer loop
      vertex 103.956 73.7753 6.25525
      vertex 105.971 73.6964 6.3158
      vertex 103.956 73.6964 6.3158
    endloop
  endfacet
  facet normal -0 -0.38263 -0.923902
    outer loop
      vertex 89.846 73.8672 6.21719
      vertex 87.8303 73.7753 6.25525
      vertex 87.8303 73.8672 6.21719
    endloop
  endfacet
  facet normal 0 -0.38263 -0.923902
    outer loop
      vertex 87.8303 73.8672 6.21719
      vertex 87.8303 73.7753 6.25525
      vertex 85.8147 73.7753 6.25525
    endloop
  endfacet
  facet normal 0 -0.38263 -0.923902
    outer loop
      vertex 93.8773 73.8672 6.21719
      vertex 93.8773 73.7753 6.25525
      vertex 91.8617 73.7753 6.25525
    endloop
  endfacet
  facet normal -0 -0.38263 -0.923902
    outer loop
      vertex 93.8773 73.8672 6.21719
      vertex 91.8617 73.7753 6.25525
      vertex 91.8617 73.8672 6.21719
    endloop
  endfacet
  facet normal 0 -0.38263 -0.923902
    outer loop
      vertex 91.8617 73.8672 6.21719
      vertex 91.8617 73.7753 6.25525
      vertex 89.846 73.7753 6.25525
    endloop
  endfacet
  facet normal 0 -0.608811 -0.793315
    outer loop
      vertex 101.94 73.6964 6.3158
      vertex 99.9243 73.7753 6.25525
      vertex 101.94 73.7753 6.25525
    endloop
  endfacet
  facet normal -0 -0.38263 -0.923902
    outer loop
      vertex 101.94 73.7753 6.25525
      vertex 99.9243 73.7753 6.25525
      vertex 101.94 73.8672 6.21719
    endloop
  endfacet
  facet normal 0 -0.38263 -0.923902
    outer loop
      vertex 101.94 73.7753 6.25525
      vertex 101.94 73.8672 6.21719
      vertex 103.956 73.8672 6.21719
    endloop
  endfacet
  facet normal -0 -0.130616 -0.991433
    outer loop
      vertex 103.956 73.8672 6.21719
      vertex 101.94 73.8672 6.21719
      vertex 109.622 73.9658 6.2042
    endloop
  endfacet
  facet normal -0 -0.38263 -0.923902
    outer loop
      vertex 101.94 73.8672 6.21719
      vertex 99.9243 73.7753 6.25525
      vertex 99.9243 73.8672 6.21719
    endloop
  endfacet
  facet normal -0 -0.38263 -0.923902
    outer loop
      vertex 107.987 73.8672 6.21719
      vertex 105.971 73.7753 6.25525
      vertex 105.971 73.8672 6.21719
    endloop
  endfacet
  facet normal 0 -0.38263 -0.923902
    outer loop
      vertex 105.971 73.8672 6.21719
      vertex 105.971 73.7753 6.25525
      vertex 103.956 73.7753 6.25525
    endloop
  endfacet
  facet normal 0 -0.130616 -0.991433
    outer loop
      vertex 109.622 73.9658 6.2042
      vertex 101.94 73.8672 6.21719
      vertex 99.9243 73.8672 6.21719
    endloop
  endfacet
  facet normal 0 -0 1
    outer loop
      vertex 109.622 73.9658 2.5466
      vertex 109.622 74.4899 2.5466
      vertex 82.1643 73.9658 2.5466
    endloop
  endfacet
  facet normal 0 0 1
    outer loop
      vertex 82.1643 73.9658 2.5466
      vertex 109.622 74.4899 2.5466
      vertex 82.1643 74.49 2.5466
    endloop
  endfacet
  facet normal -0.00172195 -0.995378 0.0960193
    outer loop
      vertex 109.928 73.5921 2.23993
      vertex 107.987 73.5978 2.26421
      vertex 110.003 73.5848 2.1656
    endloop
  endfacet
  facet normal 0 -0.991422 0.130702
    outer loop
      vertex 110.003 73.5848 2.1656
      vertex 107.987 73.5978 2.26421
      vertex 105.971 73.5978 2.26421
    endloop
  endfacet
  facet normal 0 -0.991422 0.130702
    outer loop
      vertex 110.003 73.5848 2.1656
      vertex 105.971 73.5978 2.26421
      vertex 103.956 73.5978 2.26421
    endloop
  endfacet
  facet normal 0 -0.9241 0.38215
    outer loop
      vertex 103.956 73.5978 2.26421
      vertex 105.971 73.5978 2.26421
      vertex 103.956 73.6358 2.3561
    endloop
  endfacet
  facet normal 0 -0.9241 0.38215
    outer loop
      vertex 103.956 73.5978 2.26421
      vertex 103.956 73.6358 2.3561
      vertex 101.94 73.6358 2.3561
    endloop
  endfacet
  facet normal 0 -0.793109 0.609079
    outer loop
      vertex 101.94 73.6358 2.3561
      vertex 103.956 73.6358 2.3561
      vertex 101.94 73.6964 2.43501
    endloop
  endfacet
  facet normal 0 -0.793109 0.609079
    outer loop
      vertex 101.94 73.6358 2.3561
      vertex 101.94 73.6964 2.43501
      vertex 99.9243 73.6964 2.43501
    endloop
  endfacet
  facet normal 0 -0.608811 0.793315
    outer loop
      vertex 99.9243 73.6964 2.43501
      vertex 101.94 73.6964 2.43501
      vertex 99.9243 73.7753 2.49556
    endloop
  endfacet
  facet normal 0 -0.608811 0.793315
    outer loop
      vertex 99.9243 73.6964 2.43501
      vertex 99.9243 73.7753 2.49556
      vertex 97.9087 73.7753 2.49556
    endloop
  endfacet
  facet normal 0 -0.38263 0.923902
    outer loop
      vertex 97.9087 73.7753 2.49556
      vertex 99.9243 73.7753 2.49556
      vertex 97.9087 73.8672 2.53362
    endloop
  endfacet
  facet normal 0 -0.38263 0.923902
    outer loop
      vertex 97.9087 73.7753 2.49556
      vertex 97.9087 73.8672 2.53362
      vertex 95.893 73.8672 2.53362
    endloop
  endfacet
  facet normal 0 -0.130517 0.991446
    outer loop
      vertex 95.893 73.8672 2.53362
      vertex 97.9087 73.8672 2.53362
      vertex 82.1643 73.9658 2.5466
    endloop
  endfacet
  facet normal 0 -0.130517 0.991446
    outer loop
      vertex 95.893 73.8672 2.53362
      vertex 82.1643 73.9658 2.5466
      vertex 93.8773 73.8672 2.53362
    endloop
  endfacet
  facet normal 0 -0.130517 0.991446
    outer loop
      vertex 93.8773 73.8672 2.53362
      vertex 82.1643 73.9658 2.5466
      vertex 91.8617 73.8672 2.53362
    endloop
  endfacet
  facet normal 0 -0.38263 0.923902
    outer loop
      vertex 93.8773 73.8672 2.53362
      vertex 91.8617 73.8672 2.53362
      vertex 93.8773 73.7753 2.49556
    endloop
  endfacet
  facet normal 0 -0.38263 0.923902
    outer loop
      vertex 93.8773 73.7753 2.49556
      vertex 91.8617 73.8672 2.53362
      vertex 91.8617 73.7753 2.49556
    endloop
  endfacet
  facet normal 0 -0.608811 0.793315
    outer loop
      vertex 93.8773 73.7753 2.49556
      vertex 91.8617 73.7753 2.49556
      vertex 93.8773 73.6964 2.43501
    endloop
  endfacet
  facet normal 0 -0.608811 0.793315
    outer loop
      vertex 93.8773 73.6964 2.43501
      vertex 91.8617 73.7753 2.49556
      vertex 91.8617 73.6964 2.43501
    endloop
  endfacet
  facet normal 0 -0.793109 0.609079
    outer loop
      vertex 93.8773 73.6964 2.43501
      vertex 91.8617 73.6964 2.43501
      vertex 93.8773 73.6358 2.3561
    endloop
  endfacet
  facet normal 0 -0.793109 0.609079
    outer loop
      vertex 93.8773 73.6358 2.3561
      vertex 91.8617 73.6964 2.43501
      vertex 91.8617 73.6358 2.3561
    endloop
  endfacet
  facet normal 0 -0.9241 0.38215
    outer loop
      vertex 93.8773 73.6358 2.3561
      vertex 91.8617 73.6358 2.3561
      vertex 93.8773 73.5978 2.26421
    endloop
  endfacet
  facet normal 0 -0.9241 0.38215
    outer loop
      vertex 93.8773 73.5978 2.26421
      vertex 91.8617 73.6358 2.3561
      vertex 91.8617 73.5978 2.26421
    endloop
  endfacet
  facet normal 0 -0.991422 0.130702
    outer loop
      vertex 93.8773 73.5978 2.26421
      vertex 91.8617 73.5978 2.26421
      vertex 110.003 73.5848 2.1656
    endloop
  endfacet
  facet normal 0.000170433 -0.98688 0.161457
    outer loop
      vertex 110.003 73.5848 2.1656
      vertex 91.8617 73.5978 2.26421
      vertex 81.8576 73.5921 2.23993
    endloop
  endfacet
  facet normal 0 -0.995212 0.0977404
    outer loop
      vertex 110.003 73.5848 2.1656
      vertex 81.8576 73.5921 2.23993
      vertex 81.7833 73.5848 2.1656
    endloop
  endfacet
  facet normal 0.000833914 -0.956647 0.291249
    outer loop
      vertex 109.928 73.5921 2.23993
      vertex 109.857 73.6138 2.31141
      vertex 107.987 73.5978 2.26421
    endloop
  endfacet
  facet normal -0.00173898 -0.924099 0.38215
    outer loop
      vertex 107.987 73.5978 2.26421
      vertex 109.857 73.6138 2.31141
      vertex 107.987 73.6358 2.3561
    endloop
  endfacet
  facet normal 0 -0.9241 0.38215
    outer loop
      vertex 107.987 73.5978 2.26421
      vertex 107.987 73.6358 2.3561
      vertex 105.971 73.6358 2.3561
    endloop
  endfacet
  facet normal 0 -0.793109 0.609079
    outer loop
      vertex 105.971 73.6358 2.3561
      vertex 107.987 73.6358 2.3561
      vertex 105.971 73.6964 2.43501
    endloop
  endfacet
  facet normal 0 -0.793109 0.609079
    outer loop
      vertex 105.971 73.6358 2.3561
      vertex 105.971 73.6964 2.43501
      vertex 103.956 73.6964 2.43501
    endloop
  endfacet
  facet normal 0 -0.608811 0.793315
    outer loop
      vertex 103.956 73.6964 2.43501
      vertex 105.971 73.6964 2.43501
      vertex 103.956 73.7753 2.49556
    endloop
  endfacet
  facet normal 0 -0.608811 0.793315
    outer loop
      vertex 103.956 73.6964 2.43501
      vertex 103.956 73.7753 2.49556
      vertex 101.94 73.7753 2.49556
    endloop
  endfacet
  facet normal 0 -0.38263 0.923902
    outer loop
      vertex 101.94 73.7753 2.49556
      vertex 103.956 73.7753 2.49556
      vertex 101.94 73.8672 2.53362
    endloop
  endfacet
  facet normal 0 -0.38263 0.923902
    outer loop
      vertex 101.94 73.7753 2.49556
      vertex 101.94 73.8672 2.53362
      vertex 99.9243 73.8672 2.53362
    endloop
  endfacet
  facet normal 0 -0.178956 0.983857
    outer loop
      vertex 99.9243 73.8672 2.53362
      vertex 101.94 73.8672 2.53362
      vertex 109.624 73.9285 2.54477
    endloop
  endfacet
  facet normal 0 -0.178956 0.983857
    outer loop
      vertex 99.9243 73.8672 2.53362
      vertex 109.624 73.9285 2.54477
      vertex 97.9087 73.8672 2.53362
    endloop
  endfacet
  facet normal -0.000141565 -0.152704 0.988272
    outer loop
      vertex 97.9087 73.8672 2.53362
      vertex 109.624 73.9285 2.54477
      vertex 82.1643 73.9658 2.5466
    endloop
  endfacet
  facet normal 0.00090887 -0.881588 0.472019
    outer loop
      vertex 109.857 73.6138 2.31141
      vertex 109.791 73.649 2.37728
      vertex 107.987 73.6358 2.3561
    endloop
  endfacet
  facet normal -0.0013477 -0.793109 0.609079
    outer loop
      vertex 107.987 73.6358 2.3561
      vertex 109.791 73.649 2.37728
      vertex 107.987 73.6964 2.43501
    endloop
  endfacet
  facet normal 0 -0.793109 0.609079
    outer loop
      vertex 107.987 73.6358 2.3561
      vertex 107.987 73.6964 2.43501
      vertex 105.971 73.6964 2.43501
    endloop
  endfacet
  facet normal 0 -0.608811 0.793315
    outer loop
      vertex 105.971 73.6964 2.43501
      vertex 107.987 73.6964 2.43501
      vertex 105.971 73.7753 2.49556
    endloop
  endfacet
  facet normal 0 -0.608811 0.793315
    outer loop
      vertex 105.971 73.6964 2.43501
      vertex 105.971 73.7753 2.49556
      vertex 103.956 73.7753 2.49556
    endloop
  endfacet
  facet normal 0 -0.38263 0.923902
    outer loop
      vertex 103.956 73.7753 2.49556
      vertex 105.971 73.7753 2.49556
      vertex 103.956 73.8672 2.53362
    endloop
  endfacet
  facet normal 0 -0.38263 0.923902
    outer loop
      vertex 103.956 73.7753 2.49556
      vertex 103.956 73.8672 2.53362
      vertex 101.94 73.8672 2.53362
    endloop
  endfacet
  facet normal 0 -0.178956 0.983857
    outer loop
      vertex 101.94 73.8672 2.53362
      vertex 103.956 73.8672 2.53362
      vertex 109.624 73.9285 2.54477
    endloop
  endfacet
  facet normal 0 -0.772865 0.634571
    outer loop
      vertex 109.791 73.649 2.37728
      vertex 109.733 73.6964 2.43501
      vertex 107.987 73.6964 2.43501
    endloop
  endfacet
  facet normal 0 -0.634608 0.772834
    outer loop
      vertex 107.987 73.6964 2.43501
      vertex 109.733 73.6964 2.43501
      vertex 109.686 73.7541 2.48239
    endloop
  endfacet
  facet normal -0.00144723 -0.608811 0.793314
    outer loop
      vertex 107.987 73.6964 2.43501
      vertex 109.686 73.7541 2.48239
      vertex 107.987 73.7753 2.49556
    endloop
  endfacet
  facet normal 0.000963348 -0.47085 0.882213
    outer loop
      vertex 107.987 73.7753 2.49556
      vertex 109.686 73.7541 2.48239
      vertex 109.651 73.82 2.5176
    endloop
  endfacet
  facet normal -0.00195867 -0.382629 0.9239
    outer loop
      vertex 107.987 73.7753 2.49556
      vertex 109.651 73.82 2.5176
      vertex 107.987 73.8672 2.53362
    endloop
  endfacet
  facet normal 0.000991113 -0.289891 0.957059
    outer loop
      vertex 107.987 73.8672 2.53362
      vertex 109.651 73.82 2.5176
      vertex 109.629 73.8915 2.53928
    endloop
  endfacet
  facet normal -0.00123511 -0.146935 0.989145
    outer loop
      vertex 107.987 73.8672 2.53362
      vertex 109.629 73.8915 2.53928
      vertex 109.624 73.9285 2.54477
    endloop
  endfacet
  facet normal 0 -0.0490027 0.998799
    outer loop
      vertex 109.624 73.9285 2.54477
      vertex 109.622 73.9658 2.5466
      vertex 82.1643 73.9658 2.5466
    endloop
  endfacet
  facet normal 0.00496051 -0.0492409 0.998775
    outer loop
      vertex 82.1625 73.9285 2.54477
      vertex 83.799 73.8672 2.53362
      vertex 82.1643 73.9658 2.5466
    endloop
  endfacet
  facet normal 0 -0.130517 0.991446
    outer loop
      vertex 82.1643 73.9658 2.5466
      vertex 83.799 73.8672 2.53362
      vertex 85.8147 73.8672 2.53362
    endloop
  endfacet
  facet normal 0 -0.130517 0.991446
    outer loop
      vertex 82.1643 73.9658 2.5466
      vertex 85.8147 73.8672 2.53362
      vertex 87.8303 73.8672 2.53362
    endloop
  endfacet
  facet normal 0 -0.38263 0.923902
    outer loop
      vertex 87.8303 73.8672 2.53362
      vertex 85.8147 73.8672 2.53362
      vertex 87.8303 73.7753 2.49556
    endloop
  endfacet
  facet normal 0 -0.38263 0.923902
    outer loop
      vertex 87.8303 73.8672 2.53362
      vertex 87.8303 73.7753 2.49556
      vertex 89.846 73.7753 2.49556
    endloop
  endfacet
  facet normal 0 -0.608811 0.793315
    outer loop
      vertex 89.846 73.7753 2.49556
      vertex 87.8303 73.7753 2.49556
      vertex 89.846 73.6964 2.43501
    endloop
  endfacet
  facet normal 0 -0.608811 0.793315
    outer loop
      vertex 89.846 73.7753 2.49556
      vertex 89.846 73.6964 2.43501
      vertex 91.8617 73.6964 2.43501
    endloop
  endfacet
  facet normal 0 -0.793109 0.609079
    outer loop
      vertex 91.8617 73.6964 2.43501
      vertex 89.846 73.6964 2.43501
      vertex 91.8617 73.6358 2.3561
    endloop
  endfacet
  facet normal 0.00123486 -0.146951 0.989143
    outer loop
      vertex 82.1625 73.9285 2.54477
      vertex 82.157 73.8915 2.53928
      vertex 83.799 73.8672 2.53362
    endloop
  endfacet
  facet normal -0.000991173 -0.289895 0.957058
    outer loop
      vertex 83.799 73.8672 2.53362
      vertex 82.157 73.8915 2.53928
      vertex 82.1353 73.82 2.5176
    endloop
  endfacet
  facet normal 0.00195902 -0.382629 0.9239
    outer loop
      vertex 83.799 73.8672 2.53362
      vertex 82.1353 73.82 2.5176
      vertex 83.799 73.7753 2.49556
    endloop
  endfacet
  facet normal -0.000963444 -0.470847 0.882214
    outer loop
      vertex 83.799 73.7753 2.49556
      vertex 82.1353 73.82 2.5176
      vertex 82.1001 73.7541 2.48239
    endloop
  endfacet
  facet normal 0.00144731 -0.608811 0.793314
    outer loop
      vertex 83.799 73.7753 2.49556
      vertex 82.1001 73.7541 2.48239
      vertex 83.799 73.6964 2.43501
    endloop
  endfacet
  facet normal 0 -0.634608 0.772834
    outer loop
      vertex 83.799 73.6964 2.43501
      vertex 82.1001 73.7541 2.48239
      vertex 82.0527 73.6964 2.43501
    endloop
  endfacet
  facet normal 0 -0.772865 0.634571
    outer loop
      vertex 83.799 73.6964 2.43501
      vertex 82.0527 73.6964 2.43501
      vertex 81.995 73.649 2.37728
    endloop
  endfacet
  facet normal 0.0013477 -0.793109 0.609079
    outer loop
      vertex 83.799 73.6964 2.43501
      vertex 81.995 73.649 2.37728
      vertex 83.799 73.6358 2.3561
    endloop
  endfacet
  facet normal -0.000908887 -0.881589 0.472018
    outer loop
      vertex 83.799 73.6358 2.3561
      vertex 81.995 73.649 2.37728
      vertex 81.9291 73.6138 2.31141
    endloop
  endfacet
  facet normal 0.00173907 -0.924099 0.38215
    outer loop
      vertex 83.799 73.6358 2.3561
      vertex 81.9291 73.6138 2.31141
      vertex 83.799 73.5978 2.26421
    endloop
  endfacet
  facet normal -0.000833813 -0.956645 0.291254
    outer loop
      vertex 83.799 73.5978 2.26421
      vertex 81.9291 73.6138 2.31141
      vertex 81.8576 73.5921 2.23993
    endloop
  endfacet
  facet normal 0 -0.973533 0.228548
    outer loop
      vertex 83.799 73.5978 2.26421
      vertex 81.8576 73.5921 2.23993
      vertex 85.8147 73.5978 2.26421
    endloop
  endfacet
  facet normal 0 -0.973533 0.228548
    outer loop
      vertex 85.8147 73.5978 2.26421
      vertex 81.8576 73.5921 2.23993
      vertex 87.8303 73.5978 2.26421
    endloop
  endfacet
  facet normal 0 -0.9241 0.38215
    outer loop
      vertex 85.8147 73.5978 2.26421
      vertex 87.8303 73.5978 2.26421
      vertex 85.8147 73.6358 2.3561
    endloop
  endfacet
  facet normal 0 -0.9241 0.38215
    outer loop
      vertex 85.8147 73.6358 2.3561
      vertex 87.8303 73.5978 2.26421
      vertex 87.8303 73.6358 2.3561
    endloop
  endfacet
  facet normal 0 -0.793109 0.609079
    outer loop
      vertex 85.8147 73.6358 2.3561
      vertex 87.8303 73.6358 2.3561
      vertex 85.8147 73.6964 2.43501
    endloop
  endfacet
  facet normal 0 -0.793109 0.609079
    outer loop
      vertex 85.8147 73.6964 2.43501
      vertex 87.8303 73.6358 2.3561
      vertex 87.8303 73.6964 2.43501
    endloop
  endfacet
  facet normal 0 -0.608811 0.793315
    outer loop
      vertex 85.8147 73.6964 2.43501
      vertex 87.8303 73.6964 2.43501
      vertex 85.8147 73.7753 2.49556
    endloop
  endfacet
  facet normal 0 -0.608811 0.793315
    outer loop
      vertex 85.8147 73.7753 2.49556
      vertex 87.8303 73.6964 2.43501
      vertex 87.8303 73.7753 2.49556
    endloop
  endfacet
  facet normal 0 -0.38263 0.923902
    outer loop
      vertex 85.8147 73.7753 2.49556
      vertex 87.8303 73.7753 2.49556
      vertex 85.8147 73.8672 2.53362
    endloop
  endfacet
  facet normal 0 -0.9241 0.38215
    outer loop
      vertex 103.956 73.6358 2.3561
      vertex 105.971 73.5978 2.26421
      vertex 105.971 73.6358 2.3561
    endloop
  endfacet
  facet normal 0 -0.9241 0.38215
    outer loop
      vertex 105.971 73.6358 2.3561
      vertex 105.971 73.5978 2.26421
      vertex 107.987 73.5978 2.26421
    endloop
  endfacet
  facet normal 0 -0.991422 0.130702
    outer loop
      vertex 103.956 73.5978 2.26421
      vertex 101.94 73.5978 2.26421
      vertex 110.003 73.5848 2.1656
    endloop
  endfacet
  facet normal 0 -0.991422 0.130702
    outer loop
      vertex 110.003 73.5848 2.1656
      vertex 101.94 73.5978 2.26421
      vertex 99.9243 73.5978 2.26421
    endloop
  endfacet
  facet normal 0 -0.991422 0.130702
    outer loop
      vertex 110.003 73.5848 2.1656
      vertex 99.9243 73.5978 2.26421
      vertex 97.9087 73.5978 2.26421
    endloop
  endfacet
  facet normal 0 -0.9241 0.38215
    outer loop
      vertex 97.9087 73.5978 2.26421
      vertex 99.9243 73.5978 2.26421
      vertex 97.9087 73.6358 2.3561
    endloop
  endfacet
  facet normal 0 -0.9241 0.38215
    outer loop
      vertex 97.9087 73.5978 2.26421
      vertex 97.9087 73.6358 2.3561
      vertex 95.893 73.6358 2.3561
    endloop
  endfacet
  facet normal 0 -0.793109 0.609079
    outer loop
      vertex 95.893 73.6358 2.3561
      vertex 97.9087 73.6358 2.3561
      vertex 95.893 73.6964 2.43501
    endloop
  endfacet
  facet normal 0 -0.793109 0.609079
    outer loop
      vertex 95.893 73.6358 2.3561
      vertex 95.893 73.6964 2.43501
      vertex 93.8773 73.6964 2.43501
    endloop
  endfacet
  facet normal 0 -0.608811 0.793315
    outer loop
      vertex 93.8773 73.6964 2.43501
      vertex 95.893 73.6964 2.43501
      vertex 93.8773 73.7753 2.49556
    endloop
  endfacet
  facet normal 0 -0.9241 0.38215
    outer loop
      vertex 103.956 73.5978 2.26421
      vertex 101.94 73.6358 2.3561
      vertex 101.94 73.5978 2.26421
    endloop
  endfacet
  facet normal 0 -0.9241 0.38215
    outer loop
      vertex 101.94 73.5978 2.26421
      vertex 101.94 73.6358 2.3561
      vertex 99.9243 73.6358 2.3561
    endloop
  endfacet
  facet normal 0 -0.9241 0.38215
    outer loop
      vertex 101.94 73.5978 2.26421
      vertex 99.9243 73.6358 2.3561
      vertex 99.9243 73.5978 2.26421
    endloop
  endfacet
  facet normal 0 -0.9241 0.38215
    outer loop
      vertex 99.9243 73.5978 2.26421
      vertex 99.9243 73.6358 2.3561
      vertex 97.9087 73.6358 2.3561
    endloop
  endfacet
  facet normal 0 -0.991422 0.130702
    outer loop
      vertex 93.8773 73.5978 2.26421
      vertex 110.003 73.5848 2.1656
      vertex 95.893 73.5978 2.26421
    endloop
  endfacet
  facet normal 0 -0.991422 0.130702
    outer loop
      vertex 95.893 73.5978 2.26421
      vertex 110.003 73.5848 2.1656
      vertex 97.9087 73.5978 2.26421
    endloop
  endfacet
  facet normal 0 -0.9241 0.38215
    outer loop
      vertex 95.893 73.5978 2.26421
      vertex 97.9087 73.5978 2.26421
      vertex 95.893 73.6358 2.3561
    endloop
  endfacet
  facet normal 0 -0.9241 0.38215
    outer loop
      vertex 93.8773 73.6358 2.3561
      vertex 93.8773 73.5978 2.26421
      vertex 95.893 73.5978 2.26421
    endloop
  endfacet
  facet normal 0 -0.9241 0.38215
    outer loop
      vertex 93.8773 73.6358 2.3561
      vertex 95.893 73.5978 2.26421
      vertex 95.893 73.6358 2.3561
    endloop
  endfacet
  facet normal 0 -0.973533 0.228548
    outer loop
      vertex 87.8303 73.5978 2.26421
      vertex 81.8576 73.5921 2.23993
      vertex 89.846 73.5978 2.26421
    endloop
  endfacet
  facet normal 0 -0.973533 0.228548
    outer loop
      vertex 89.846 73.5978 2.26421
      vertex 81.8576 73.5921 2.23993
      vertex 91.8617 73.5978 2.26421
    endloop
  endfacet
  facet normal 0 -0.9241 0.38215
    outer loop
      vertex 89.846 73.5978 2.26421
      vertex 91.8617 73.5978 2.26421
      vertex 89.846 73.6358 2.3561
    endloop
  endfacet
  facet normal 0 -0.9241 0.38215
    outer loop
      vertex 89.846 73.6358 2.3561
      vertex 91.8617 73.5978 2.26421
      vertex 91.8617 73.6358 2.3561
    endloop
  endfacet
  facet normal 0 -0.793109 0.609079
    outer loop
      vertex 89.846 73.6358 2.3561
      vertex 91.8617 73.6358 2.3561
      vertex 89.846 73.6964 2.43501
    endloop
  endfacet
  facet normal 0 -0.9241 0.38215
    outer loop
      vertex 87.8303 73.6358 2.3561
      vertex 87.8303 73.5978 2.26421
      vertex 89.846 73.5978 2.26421
    endloop
  endfacet
  facet normal 0 -0.9241 0.38215
    outer loop
      vertex 87.8303 73.6358 2.3561
      vertex 89.846 73.5978 2.26421
      vertex 89.846 73.6358 2.3561
    endloop
  endfacet
  facet normal 0 -0.9241 0.38215
    outer loop
      vertex 83.799 73.6358 2.3561
      vertex 83.799 73.5978 2.26421
      vertex 85.8147 73.5978 2.26421
    endloop
  endfacet
  facet normal 0 -0.9241 0.38215
    outer loop
      vertex 83.799 73.6358 2.3561
      vertex 85.8147 73.5978 2.26421
      vertex 85.8147 73.6358 2.3561
    endloop
  endfacet
  facet normal 0 -0.793109 0.609079
    outer loop
      vertex 101.94 73.6964 2.43501
      vertex 103.956 73.6358 2.3561
      vertex 103.956 73.6964 2.43501
    endloop
  endfacet
  facet normal 0 -0.793109 0.609079
    outer loop
      vertex 103.956 73.6964 2.43501
      vertex 103.956 73.6358 2.3561
      vertex 105.971 73.6358 2.3561
    endloop
  endfacet
  facet normal 0 -0.793109 0.609079
    outer loop
      vertex 101.94 73.6358 2.3561
      vertex 99.9243 73.6964 2.43501
      vertex 99.9243 73.6358 2.3561
    endloop
  endfacet
  facet normal 0 -0.793109 0.609079
    outer loop
      vertex 99.9243 73.6358 2.3561
      vertex 99.9243 73.6964 2.43501
      vertex 97.9087 73.6964 2.43501
    endloop
  endfacet
  facet normal 0 -0.793109 0.609079
    outer loop
      vertex 99.9243 73.6358 2.3561
      vertex 97.9087 73.6964 2.43501
      vertex 97.9087 73.6358 2.3561
    endloop
  endfacet
  facet normal 0 -0.793109 0.609079
    outer loop
      vertex 97.9087 73.6358 2.3561
      vertex 97.9087 73.6964 2.43501
      vertex 95.893 73.6964 2.43501
    endloop
  endfacet
  facet normal 0 -0.793109 0.609079
    outer loop
      vertex 93.8773 73.6964 2.43501
      vertex 93.8773 73.6358 2.3561
      vertex 95.893 73.6358 2.3561
    endloop
  endfacet
  facet normal 0 -0.793109 0.609079
    outer loop
      vertex 87.8303 73.6964 2.43501
      vertex 87.8303 73.6358 2.3561
      vertex 89.846 73.6358 2.3561
    endloop
  endfacet
  facet normal 0 -0.793109 0.609079
    outer loop
      vertex 87.8303 73.6964 2.43501
      vertex 89.846 73.6358 2.3561
      vertex 89.846 73.6964 2.43501
    endloop
  endfacet
  facet normal 0 -0.793109 0.609079
    outer loop
      vertex 83.799 73.6964 2.43501
      vertex 83.799 73.6358 2.3561
      vertex 85.8147 73.6358 2.3561
    endloop
  endfacet
  facet normal 0 -0.793109 0.609079
    outer loop
      vertex 83.799 73.6964 2.43501
      vertex 85.8147 73.6358 2.3561
      vertex 85.8147 73.6964 2.43501
    endloop
  endfacet
  facet normal 0 -0.608811 0.793315
    outer loop
      vertex 99.9243 73.7753 2.49556
      vertex 101.94 73.6964 2.43501
      vertex 101.94 73.7753 2.49556
    endloop
  endfacet
  facet normal 0 -0.608811 0.793315
    outer loop
      vertex 101.94 73.7753 2.49556
      vertex 101.94 73.6964 2.43501
      vertex 103.956 73.6964 2.43501
    endloop
  endfacet
  facet normal 0 -0.608811 0.793315
    outer loop
      vertex 99.9243 73.6964 2.43501
      vertex 97.9087 73.7753 2.49556
      vertex 97.9087 73.6964 2.43501
    endloop
  endfacet
  facet normal 0 -0.608811 0.793315
    outer loop
      vertex 97.9087 73.6964 2.43501
      vertex 97.9087 73.7753 2.49556
      vertex 95.893 73.7753 2.49556
    endloop
  endfacet
  facet normal 0 -0.608811 0.793315
    outer loop
      vertex 97.9087 73.6964 2.43501
      vertex 95.893 73.7753 2.49556
      vertex 95.893 73.6964 2.43501
    endloop
  endfacet
  facet normal 0 -0.608811 0.793315
    outer loop
      vertex 95.893 73.6964 2.43501
      vertex 95.893 73.7753 2.49556
      vertex 93.8773 73.7753 2.49556
    endloop
  endfacet
  facet normal 0 -0.608811 0.793315
    outer loop
      vertex 89.846 73.7753 2.49556
      vertex 91.8617 73.6964 2.43501
      vertex 91.8617 73.7753 2.49556
    endloop
  endfacet
  facet normal 0 -0.608811 0.793315
    outer loop
      vertex 87.8303 73.7753 2.49556
      vertex 87.8303 73.6964 2.43501
      vertex 89.846 73.6964 2.43501
    endloop
  endfacet
  facet normal 0 -0.608811 0.793315
    outer loop
      vertex 83.799 73.7753 2.49556
      vertex 83.799 73.6964 2.43501
      vertex 85.8147 73.6964 2.43501
    endloop
  endfacet
  facet normal 0 -0.608811 0.793315
    outer loop
      vertex 83.799 73.7753 2.49556
      vertex 85.8147 73.6964 2.43501
      vertex 85.8147 73.7753 2.49556
    endloop
  endfacet
  facet normal 0 -0.608811 0.793315
    outer loop
      vertex 107.987 73.6964 2.43501
      vertex 107.987 73.7753 2.49556
      vertex 105.971 73.7753 2.49556
    endloop
  endfacet
  facet normal 0 -0.38263 0.923902
    outer loop
      vertex 105.971 73.7753 2.49556
      vertex 107.987 73.7753 2.49556
      vertex 105.971 73.8672 2.53362
    endloop
  endfacet
  facet normal 0 -0.38263 0.923902
    outer loop
      vertex 105.971 73.7753 2.49556
      vertex 105.971 73.8672 2.53362
      vertex 103.956 73.8672 2.53362
    endloop
  endfacet
  facet normal 0 -0.178956 0.983857
    outer loop
      vertex 103.956 73.8672 2.53362
      vertex 105.971 73.8672 2.53362
      vertex 109.624 73.9285 2.54477
    endloop
  endfacet
  facet normal 0 -0.38263 0.923902
    outer loop
      vertex 97.9087 73.8672 2.53362
      vertex 99.9243 73.7753 2.49556
      vertex 99.9243 73.8672 2.53362
    endloop
  endfacet
  facet normal 0 -0.38263 0.923902
    outer loop
      vertex 99.9243 73.8672 2.53362
      vertex 99.9243 73.7753 2.49556
      vertex 101.94 73.7753 2.49556
    endloop
  endfacet
  facet normal 0 -0.38263 0.923902
    outer loop
      vertex 93.8773 73.8672 2.53362
      vertex 93.8773 73.7753 2.49556
      vertex 95.893 73.7753 2.49556
    endloop
  endfacet
  facet normal 0 -0.38263 0.923902
    outer loop
      vertex 93.8773 73.8672 2.53362
      vertex 95.893 73.7753 2.49556
      vertex 95.893 73.8672 2.53362
    endloop
  endfacet
  facet normal 0 -0.38263 0.923902
    outer loop
      vertex 95.893 73.8672 2.53362
      vertex 95.893 73.7753 2.49556
      vertex 97.9087 73.7753 2.49556
    endloop
  endfacet
  facet normal 0 -0.38263 0.923902
    outer loop
      vertex 89.846 73.7753 2.49556
      vertex 91.8617 73.7753 2.49556
      vertex 89.846 73.8672 2.53362
    endloop
  endfacet
  facet normal 0 -0.38263 0.923902
    outer loop
      vertex 89.846 73.8672 2.53362
      vertex 91.8617 73.7753 2.49556
      vertex 91.8617 73.8672 2.53362
    endloop
  endfacet
  facet normal 0 -0.130517 0.991446
    outer loop
      vertex 89.846 73.8672 2.53362
      vertex 91.8617 73.8672 2.53362
      vertex 82.1643 73.9658 2.5466
    endloop
  endfacet
  facet normal 0 -0.38263 0.923902
    outer loop
      vertex 83.799 73.8672 2.53362
      vertex 83.799 73.7753 2.49556
      vertex 85.8147 73.7753 2.49556
    endloop
  endfacet
  facet normal 0 -0.38263 0.923902
    outer loop
      vertex 83.799 73.8672 2.53362
      vertex 85.8147 73.7753 2.49556
      vertex 85.8147 73.8672 2.53362
    endloop
  endfacet
  facet normal 0 -0.178956 0.983857
    outer loop
      vertex 109.624 73.9285 2.54477
      vertex 105.971 73.8672 2.53362
      vertex 107.987 73.8672 2.53362
    endloop
  endfacet
  facet normal 0 -0.38263 0.923902
    outer loop
      vertex 107.987 73.8672 2.53362
      vertex 105.971 73.8672 2.53362
      vertex 107.987 73.7753 2.49556
    endloop
  endfacet
  facet normal 0 -0.130517 0.991446
    outer loop
      vertex 82.1643 73.9658 2.5466
      vertex 87.8303 73.8672 2.53362
      vertex 89.846 73.8672 2.53362
    endloop
  endfacet
  facet normal 0 -0.38263 0.923902
    outer loop
      vertex 89.846 73.8672 2.53362
      vertex 87.8303 73.8672 2.53362
      vertex 89.846 73.7753 2.49556
    endloop
  endfacet
  facet normal 0 0 1
    outer loop
      vertex 82.1643 73.9668 5.9502
      vertex 82.1775 74.0652 5.9502
      vertex 82.1643 74.49 5.9502
    endloop
  endfacet
  facet normal 0 0 1
    outer loop
      vertex 82.1643 74.49 5.9502
      vertex 82.1775 74.0652 5.9502
      vertex 82.2157 74.1569 5.9502
    endloop
  endfacet
  facet normal 0 0 1
    outer loop
      vertex 82.1643 74.49 5.9502
      vertex 82.2157 74.1569 5.9502
      vertex 82.2762 74.2356 5.9502
    endloop
  endfacet
  facet normal 0 -0 1
    outer loop
      vertex 82.2762 74.2356 5.9502
      vertex 82.3551 74.2959 5.9502
      vertex 82.1643 74.49 5.9502
    endloop
  endfacet
  facet normal 0 0 1
    outer loop
      vertex 82.1643 74.49 5.9502
      vertex 82.3551 74.2959 5.9502
      vertex 82.4468 74.3339 5.9502
    endloop
  endfacet
  facet normal 0 0 1
    outer loop
      vertex 82.1643 74.49 5.9502
      vertex 82.4468 74.3339 5.9502
      vertex 82.5453 74.3468 5.9502
    endloop
  endfacet
  facet normal 0 -0 1
    outer loop
      vertex 82.5453 74.3468 5.9502
      vertex 83.3881 74.3468 5.9502
      vertex 82.1643 74.49 5.9502
    endloop
  endfacet
  facet normal 0 0 1
    outer loop
      vertex 82.1643 74.49 5.9502
      vertex 83.3881 74.3468 5.9502
      vertex 84.1418 74.3319 5.9502
    endloop
  endfacet
  facet normal 0 0 1
    outer loop
      vertex 82.1643 74.49 5.9502
      vertex 84.1418 74.3319 5.9502
      vertex 93.5342 74.3344 5.9502
    endloop
  endfacet
  facet normal 0 0 1
    outer loop
      vertex 93.5342 74.3344 5.9502
      vertex 84.1418 74.3319 5.9502
      vertex 92.9734 74.2971 5.9502
    endloop
  endfacet
  facet normal 0 0 1
    outer loop
      vertex 92.9734 74.2971 5.9502
      vertex 84.1418 74.3319 5.9502
      vertex 84.8944 74.2872 5.9502
    endloop
  endfacet
  facet normal 0 0 1
    outer loop
      vertex 92.9734 74.2971 5.9502
      vertex 84.8944 74.2872 5.9502
      vertex 92.4148 74.235 5.9502
    endloop
  endfacet
  facet normal 0 0 1
    outer loop
      vertex 92.4148 74.235 5.9502
      vertex 84.8944 74.2872 5.9502
      vertex 85.6447 74.2127 5.9502
    endloop
  endfacet
  facet normal 0 0 1
    outer loop
      vertex 92.4148 74.235 5.9502
      vertex 85.6447 74.2127 5.9502
      vertex 91.8562 74.173 5.9502
    endloop
  endfacet
  facet normal 0 0 1
    outer loop
      vertex 91.8562 74.173 5.9502
      vertex 85.6447 74.2127 5.9502
      vertex 86.1448 74.1631 5.9502
    endloop
  endfacet
  facet normal 0 0 1
    outer loop
      vertex 91.8562 74.173 5.9502
      vertex 86.1448 74.1631 5.9502
      vertex 87.149 74.1233 5.9502
    endloop
  endfacet
  facet normal 0 0 1
    outer loop
      vertex 87.149 74.1233 5.9502
      vertex 86.1448 74.1631 5.9502
      vertex 86.6465 74.1332 5.9502
    endloop
  endfacet
  facet normal 0 0 1
    outer loop
      vertex 87.149 74.1233 5.9502
      vertex 90.7336 74.1233 5.9502
      vertex 91.8562 74.173 5.9502
    endloop
  endfacet
  facet normal 0 0 1
    outer loop
      vertex 91.8562 74.173 5.9502
      vertex 90.7336 74.1233 5.9502
      vertex 91.2955 74.1357 5.9502
    endloop
  endfacet
  facet normal 0 -0 1
    outer loop
      vertex 93.5342 74.3344 5.9502
      vertex 94.096 74.3468 5.9502
      vertex 82.1643 74.49 5.9502
    endloop
  endfacet
  facet normal -0 0 1
    outer loop
      vertex 82.1643 74.49 5.9502
      vertex 94.096 74.3468 5.9502
      vertex 82.6094 74.7437 5.9502
    endloop
  endfacet
  facet normal 0 -0 1
    outer loop
      vertex 82.1643 74.49 5.9502
      vertex 82.6094 74.7437 5.9502
      vertex 81.0307 74.49 5.9502
    endloop
  endfacet
  facet normal 0 0 1
    outer loop
      vertex 97.6899 74.3468 5.9502
      vertex 94.9583 74.8964 5.9502
      vertex 94.096 74.3468 5.9502
    endloop
  endfacet
  facet normal 0 0 1
    outer loop
      vertex 94.096 74.3468 5.9502
      vertex 94.9583 74.8964 5.9502
      vertex 94.4197 74.9021 5.9502
    endloop
  endfacet
  facet normal 0 -0 1
    outer loop
      vertex 94.096 74.3468 5.9502
      vertex 94.4197 74.9021 5.9502
      vertex 82.6094 74.7437 5.9502
    endloop
  endfacet
  facet normal 0 0 1
    outer loop
      vertex 82.6094 74.7437 5.9502
      vertex 94.4197 74.9021 5.9502
      vertex 93.8814 74.919 5.9502
    endloop
  endfacet
  facet normal 0 0 1
    outer loop
      vertex 82.6094 74.7437 5.9502
      vertex 93.8814 74.919 5.9502
      vertex 84.201 74.8963 5.9502
    endloop
  endfacet
  facet normal 0 0 1
    outer loop
      vertex 84.201 74.8963 5.9502
      vertex 93.8814 74.919 5.9502
      vertex 85.7991 74.9472 5.9502
    endloop
  endfacet
  facet normal -0 0 1
    outer loop
      vertex 85.7991 74.9472 5.9502
      vertex 93.8814 74.919 5.9502
      vertex 93.3435 74.9472 5.9502
    endloop
  endfacet
  facet normal 0 -0 1
    outer loop
      vertex 98.2518 74.3344 5.9502
      vertex 109.622 74.4899 5.9502
      vertex 97.6899 74.3468 5.9502
    endloop
  endfacet
  facet normal 0 0 1
    outer loop
      vertex 97.6899 74.3468 5.9502
      vertex 109.622 74.4899 5.9502
      vertex 109.177 74.7436 5.9502
    endloop
  endfacet
  facet normal 0 -0 1
    outer loop
      vertex 97.6899 74.3468 5.9502
      vertex 109.177 74.7436 5.9502
      vertex 97.3665 74.9021 5.9502
    endloop
  endfacet
  facet normal -0 0 1
    outer loop
      vertex 97.3665 74.9021 5.9502
      vertex 109.177 74.7436 5.9502
      vertex 97.9048 74.919 5.9502
    endloop
  endfacet
  facet normal 0 0 1
    outer loop
      vertex 97.9048 74.919 5.9502
      vertex 109.177 74.7436 5.9502
      vertex 107.585 74.8963 5.9502
    endloop
  endfacet
  facet normal -0 0 1
    outer loop
      vertex 97.9048 74.919 5.9502
      vertex 107.585 74.8963 5.9502
      vertex 105.987 74.9472 5.9502
    endloop
  endfacet
  facet normal 0 0 1
    outer loop
      vertex 109.622 74.4899 5.9502
      vertex 98.2518 74.3344 5.9502
      vertex 107.644 74.3319 5.9502
    endloop
  endfacet
  facet normal 0 0 1
    outer loop
      vertex 107.644 74.3319 5.9502
      vertex 98.2518 74.3344 5.9502
      vertex 98.8126 74.2971 5.9502
    endloop
  endfacet
  facet normal 0 0 1
    outer loop
      vertex 107.644 74.3319 5.9502
      vertex 98.8126 74.2971 5.9502
      vertex 106.892 74.2872 5.9502
    endloop
  endfacet
  facet normal 0 0 1
    outer loop
      vertex 106.892 74.2872 5.9502
      vertex 98.8126 74.2971 5.9502
      vertex 99.3712 74.235 5.9502
    endloop
  endfacet
  facet normal 0 0 1
    outer loop
      vertex 106.892 74.2872 5.9502
      vertex 99.3712 74.235 5.9502
      vertex 106.141 74.2127 5.9502
    endloop
  endfacet
  facet normal 0 0 1
    outer loop
      vertex 106.141 74.2127 5.9502
      vertex 99.3712 74.235 5.9502
      vertex 99.9298 74.173 5.9502
    endloop
  endfacet
  facet normal 0 0 1
    outer loop
      vertex 106.141 74.2127 5.9502
      vertex 99.9298 74.173 5.9502
      vertex 105.641 74.163 5.9502
    endloop
  endfacet
  facet normal 0 0 1
    outer loop
      vertex 105.641 74.163 5.9502
      vertex 99.9298 74.173 5.9502
      vertex 104.637 74.1233 5.9502
    endloop
  endfacet
  facet normal 0 0 1
    outer loop
      vertex 105.641 74.163 5.9502
      vertex 104.637 74.1233 5.9502
      vertex 105.139 74.1332 5.9502
    endloop
  endfacet
  facet normal -0 -0 1
    outer loop
      vertex 100.491 74.1357 5.9502
      vertex 101.052 74.1233 5.9502
      vertex 99.9298 74.173 5.9502
    endloop
  endfacet
  facet normal 0 0 1
    outer loop
      vertex 99.9298 74.173 5.9502
      vertex 101.052 74.1233 5.9502
      vertex 104.637 74.1233 5.9502
    endloop
  endfacet
  facet normal 0 0 1
    outer loop
      vertex 107.644 74.3319 5.9502
      vertex 108.398 74.3468 5.9502
      vertex 109.622 74.4899 5.9502
    endloop
  endfacet
  facet normal 0 0 1
    outer loop
      vertex 109.622 74.4899 5.9502
      vertex 108.398 74.3468 5.9502
      vertex 109.241 74.3468 5.9502
    endloop
  endfacet
  facet normal 0 0 1
    outer loop
      vertex 109.622 74.4899 5.9502
      vertex 109.241 74.3468 5.9502
      vertex 109.339 74.3338 5.9502
    endloop
  endfacet
  facet normal -0 0 1
    outer loop
      vertex 109.339 74.3338 5.9502
      vertex 109.431 74.2958 5.9502
      vertex 109.622 74.4899 5.9502
    endloop
  endfacet
  facet normal 0 0 1
    outer loop
      vertex 109.622 74.4899 5.9502
      vertex 109.431 74.2958 5.9502
      vertex 109.51 74.2352 5.9502
    endloop
  endfacet
  facet normal 0 0 1
    outer loop
      vertex 109.622 74.4899 5.9502
      vertex 109.51 74.2352 5.9502
      vertex 109.571 74.1563 5.9502
    endloop
  endfacet
  facet normal -0 0 1
    outer loop
      vertex 109.571 74.1563 5.9502
      vertex 109.609 74.0644 5.9502
      vertex 109.622 74.4899 5.9502
    endloop
  endfacet
  facet normal 0 0 1
    outer loop
      vertex 109.622 74.4899 5.9502
      vertex 109.609 74.0644 5.9502
      vertex 109.622 73.9658 5.9502
    endloop
  endfacet
  facet normal 0 -0 1
    outer loop
      vertex 109.622 74.4899 5.9502
      vertex 110.755 74.4899 5.9502
      vertex 109.177 74.7436 5.9502
    endloop
  endfacet
  facet normal 0 0 1
    outer loop
      vertex 105.987 74.9472 5.9502
      vertex 98.4427 74.9472 5.9502
      vertex 97.9048 74.919 5.9502
    endloop
  endfacet
  facet normal 0 0 1
    outer loop
      vertex 97.3665 74.9021 5.9502
      vertex 96.8279 74.8964 5.9502
      vertex 97.6899 74.3468 5.9502
    endloop
  endfacet
  facet normal 0 0 1
    outer loop
      vertex 97.6899 74.3468 5.9502
      vertex 96.8279 74.8964 5.9502
      vertex 94.9583 74.8964 5.9502
    endloop
  endfacet
  facet normal -0.110314 -0.993897 -3.15563e-05
    outer loop
      vertex 99.3712 74.2351 2.8006
      vertex 99.3712 74.235 5.9502
      vertex 98.8126 74.2971 2.8006
    endloop
  endfacet
  facet normal -0.11049 -0.993877 0
    outer loop
      vertex 98.8126 74.2971 2.8006
      vertex 99.3712 74.235 5.9502
      vertex 98.8126 74.2971 5.9502
    endloop
  endfacet
  facet normal -0.0663655 -0.997795 0
    outer loop
      vertex 98.8126 74.2971 2.8006
      vertex 98.8126 74.2971 5.9502
      vertex 98.2518 74.3344 2.8006
    endloop
  endfacet
  facet normal -0.0663655 -0.997795 0
    outer loop
      vertex 98.2518 74.3344 2.8006
      vertex 98.8126 74.2971 5.9502
      vertex 98.2518 74.3344 5.9502
    endloop
  endfacet
  facet normal -0.0220626 -0.999757 0
    outer loop
      vertex 98.2518 74.3344 2.8006
      vertex 98.2518 74.3344 5.9502
      vertex 97.6899 74.3468 2.8006
    endloop
  endfacet
  facet normal -0.0220626 -0.999757 0
    outer loop
      vertex 97.6899 74.3468 2.8006
      vertex 98.2518 74.3344 5.9502
      vertex 97.6899 74.3468 5.9502
    endloop
  endfacet
  facet normal -0.0988077 -0.995107 0
    outer loop
      vertex 85.6447 74.2127 2.8006
      vertex 85.6447 74.2127 5.9502
      vertex 84.8944 74.2872 2.8006
    endloop
  endfacet
  facet normal -0.0988077 -0.995107 0
    outer loop
      vertex 84.8944 74.2872 2.8006
      vertex 85.6447 74.2127 5.9502
      vertex 84.8944 74.2872 5.9502
    endloop
  endfacet
  facet normal -0.0592896 -0.998241 0
    outer loop
      vertex 84.8944 74.2872 2.8006
      vertex 84.8944 74.2872 5.9502
      vertex 84.1418 74.3319 5.9502
    endloop
  endfacet
  facet normal -0.0197653 -0.999805 -0
    outer loop
      vertex 83.3881 74.3468 5.9502
      vertex 83.3881 74.3468 2.8006
      vertex 84.1418 74.3319 5.9502
    endloop
  endfacet
  facet normal -0.0197653 -0.999805 -0
    outer loop
      vertex 84.1418 74.3319 5.9502
      vertex 83.3881 74.3468 2.8006
      vertex 84.1418 74.3319 2.8006
    endloop
  endfacet
  facet normal -0.0592896 -0.998241 -0
    outer loop
      vertex 84.1418 74.3319 5.9502
      vertex 84.1418 74.3319 2.8006
      vertex 84.8944 74.2872 2.8006
    endloop
  endfacet
  facet normal -0.0986959 -0.995118 -0
    outer loop
      vertex 85.6447 74.2127 5.9502
      vertex 85.6447 74.2127 2.8006
      vertex 86.1448 74.1631 5.9502
    endloop
  endfacet
  facet normal -0.0986959 -0.995118 -0
    outer loop
      vertex 86.1448 74.1631 5.9502
      vertex 85.6447 74.2127 2.8006
      vertex 86.1448 74.1631 2.8006
    endloop
  endfacet
  facet normal -0.0594918 -0.998229 -0
    outer loop
      vertex 86.1448 74.1631 5.9502
      vertex 86.1448 74.1631 2.8006
      vertex 86.6465 74.1332 5.9502
    endloop
  endfacet
  facet normal -0.0594918 -0.998229 -0
    outer loop
      vertex 86.6465 74.1332 5.9502
      vertex 86.1448 74.1631 2.8006
      vertex 86.6465 74.1332 2.8006
    endloop
  endfacet
  facet normal -0.0196977 -0.999806 -0
    outer loop
      vertex 86.6465 74.1332 5.9502
      vertex 86.6465 74.1332 2.8006
      vertex 87.149 74.1233 5.9502
    endloop
  endfacet
  facet normal -0.0196977 -0.999806 -0
    outer loop
      vertex 87.149 74.1233 5.9502
      vertex 86.6465 74.1332 2.8006
      vertex 87.149 74.1233 2.8006
    endloop
  endfacet
  facet normal 0.11049 -0.993877 -3.15557e-05
    outer loop
      vertex 92.4148 74.235 5.9502
      vertex 92.4148 74.2351 2.8006
      vertex 92.9734 74.2971 5.9502
    endloop
  endfacet
  facet normal 0.110314 -0.993897 0
    outer loop
      vertex 92.9734 74.2971 5.9502
      vertex 92.4148 74.2351 2.8006
      vertex 92.9734 74.2971 2.8006
    endloop
  endfacet
  facet normal 0.0663655 -0.997795 0
    outer loop
      vertex 92.9734 74.2971 5.9502
      vertex 92.9734 74.2971 2.8006
      vertex 93.5342 74.3344 5.9502
    endloop
  endfacet
  facet normal 0.0663655 -0.997795 0
    outer loop
      vertex 93.5342 74.3344 5.9502
      vertex 92.9734 74.2971 2.8006
      vertex 93.5342 74.3344 2.8006
    endloop
  endfacet
  facet normal 0.0220665 -0.999757 0
    outer loop
      vertex 93.5342 74.3344 5.9502
      vertex 93.5342 74.3344 2.8006
      vertex 94.096 74.3468 5.9502
    endloop
  endfacet
  facet normal 0.0220665 -0.999757 0
    outer loop
      vertex 94.096 74.3468 5.9502
      vertex 93.5342 74.3344 2.8006
      vertex 94.096 74.3468 2.8006
    endloop
  endfacet
  facet normal 0.11049 -0.993877 -3.15557e-05
    outer loop
      vertex 92.4148 74.2351 2.8006
      vertex 92.4148 74.235 5.9502
      vertex 91.8562 74.173 2.8006
    endloop
  endfacet
  facet normal 0.110314 -0.993897 0
    outer loop
      vertex 91.8562 74.173 2.8006
      vertex 92.4148 74.235 5.9502
      vertex 91.8562 74.173 5.9502
    endloop
  endfacet
  facet normal 0.0663773 -0.997795 0
    outer loop
      vertex 91.8562 74.173 2.8006
      vertex 91.8562 74.173 5.9502
      vertex 91.2955 74.1357 2.8006
    endloop
  endfacet
  facet normal 0.0663773 -0.997795 0
    outer loop
      vertex 91.2955 74.1357 2.8006
      vertex 91.8562 74.173 5.9502
      vertex 91.2955 74.1357 5.9502
    endloop
  endfacet
  facet normal 0.0220626 -0.999757 0
    outer loop
      vertex 91.2955 74.1357 2.8006
      vertex 91.2955 74.1357 5.9502
      vertex 90.7336 74.1233 2.8006
    endloop
  endfacet
  facet normal 0.0220626 -0.999757 0
    outer loop
      vertex 90.7336 74.1233 2.8006
      vertex 91.2955 74.1357 5.9502
      vertex 90.7336 74.1233 5.9502
    endloop
  endfacet
  facet normal 0.0987165 -0.995116 0
    outer loop
      vertex 106.141 74.2127 5.9502
      vertex 106.141 74.2127 2.8006
      vertex 106.892 74.2872 5.9502
    endloop
  endfacet
  facet normal 0.0987165 -0.995116 0
    outer loop
      vertex 106.892 74.2872 5.9502
      vertex 106.141 74.2127 2.8006
      vertex 106.892 74.2872 2.8006
    endloop
  endfacet
  facet normal 0.0593368 -0.998238 0
    outer loop
      vertex 106.892 74.2872 5.9502
      vertex 106.892 74.2872 2.8006
      vertex 107.644 74.3319 2.8006
    endloop
  endfacet
  facet normal 0.0197574 -0.999805 0
    outer loop
      vertex 108.398 74.3468 2.8006
      vertex 108.398 74.3468 5.9502
      vertex 107.644 74.3319 2.8006
    endloop
  endfacet
  facet normal 0.0197574 -0.999805 0
    outer loop
      vertex 107.644 74.3319 2.8006
      vertex 108.398 74.3468 5.9502
      vertex 107.644 74.3319 5.9502
    endloop
  endfacet
  facet normal 0.0593368 -0.998238 0
    outer loop
      vertex 107.644 74.3319 2.8006
      vertex 107.644 74.3319 5.9502
      vertex 106.892 74.2872 5.9502
    endloop
  endfacet
  facet normal 0.0987155 -0.995116 0
    outer loop
      vertex 106.141 74.2127 2.8006
      vertex 106.141 74.2127 5.9502
      vertex 105.641 74.1631 2.8006
    endloop
  endfacet
  facet normal 0.0989126 -0.995096 -3.15944e-05
    outer loop
      vertex 105.641 74.1631 2.8006
      vertex 106.141 74.2127 5.9502
      vertex 105.641 74.163 5.9502
    endloop
  endfacet
  facet normal 0.0594564 -0.998231 -3.16939e-05
    outer loop
      vertex 105.641 74.1631 2.8006
      vertex 105.641 74.163 5.9502
      vertex 105.139 74.1332 2.8006
    endloop
  endfacet
  facet normal 0.0592582 -0.998243 0
    outer loop
      vertex 105.139 74.1332 2.8006
      vertex 105.641 74.163 5.9502
      vertex 105.139 74.1332 5.9502
    endloop
  endfacet
  facet normal 0.0197173 -0.999806 0
    outer loop
      vertex 105.139 74.1332 2.8006
      vertex 105.139 74.1332 5.9502
      vertex 104.637 74.1233 2.8006
    endloop
  endfacet
  facet normal 0.0197173 -0.999806 0
    outer loop
      vertex 104.637 74.1233 2.8006
      vertex 105.139 74.1332 5.9502
      vertex 104.637 74.1233 5.9502
    endloop
  endfacet
  facet normal 0 6.98324e-05 -1
    outer loop
      vertex 83.3881 74.3468 2.8006
      vertex 82.5453 74.3468 2.8006
      vertex 82.1643 74.49 2.80061
    endloop
  endfacet
  facet normal -6.7823e-06 5.17873e-05 -1
    outer loop
      vertex 82.1643 74.49 2.80061
      vertex 82.5453 74.3468 2.8006
      vertex 82.4468 74.3339 2.8006
    endloop
  endfacet
  facet normal -1.517e-05 3.66077e-05 -1
    outer loop
      vertex 82.1643 74.49 2.80061
      vertex 82.4468 74.3339 2.8006
      vertex 82.3551 74.2959 2.8006
    endloop
  endfacet
  facet normal -2.24834e-05 2.94186e-05 -1
    outer loop
      vertex 82.3551 74.2959 2.8006
      vertex 82.2762 74.2356 2.8006
      vertex 82.1643 74.49 2.80061
    endloop
  endfacet
  facet normal -3.25237e-05 2.50023e-05 -1
    outer loop
      vertex 82.1643 74.49 2.80061
      vertex 82.2762 74.2356 2.8006
      vertex 82.2157 74.1569 2.8006
    endloop
  endfacet
  facet normal -5.25869e-05 2.19064e-05 -1
    outer loop
      vertex 82.1643 74.49 2.80061
      vertex 82.2157 74.1569 2.8006
      vertex 82.1775 74.0652 2.8006
    endloop
  endfacet
  facet normal -0.00014248 1.91131e-05 -1
    outer loop
      vertex 82.1775 74.0652 2.8006
      vertex 82.1643 73.9668 2.8006
      vertex 82.1643 74.49 2.80061
    endloop
  endfacet
  facet normal 0 0 -1
    outer loop
      vertex 81.0307 74.49 2.80061
      vertex 82.6094 74.7437 2.80061
      vertex 82.1643 74.49 2.80061
    endloop
  endfacet
  facet normal -8.2082e-07 1.44008e-06 -1
    outer loop
      vertex 82.1643 74.49 2.80061
      vertex 82.6094 74.7437 2.80061
      vertex 94.096 74.3468 2.8006
    endloop
  endfacet
  facet normal -5.429e-07 2.45969e-05 -1
    outer loop
      vertex 82.1643 74.49 2.80061
      vertex 94.096 74.3468 2.8006
      vertex 93.5342 74.3344 2.8006
    endloop
  endfacet
  facet normal 0 -0 -1
    outer loop
      vertex 84.201 74.8963 2.80061
      vertex 93.8814 74.919 2.80061
      vertex 82.6094 74.7437 2.80061
    endloop
  endfacet
  facet normal 0 0 -1
    outer loop
      vertex 82.6094 74.7437 2.80061
      vertex 93.8814 74.919 2.80061
      vertex 94.4197 74.9021 2.80061
    endloop
  endfacet
  facet normal -2.43431e-07 1.81502e-05 -1
    outer loop
      vertex 82.6094 74.7437 2.80061
      vertex 94.4197 74.9021 2.80061
      vertex 94.096 74.3468 2.8006
    endloop
  endfacet
  facet normal 1.89413e-07 1.78979e-05 -1
    outer loop
      vertex 94.096 74.3468 2.8006
      vertex 94.4197 74.9021 2.80061
      vertex 94.9583 74.8964 2.80061
    endloop
  endfacet
  facet normal 0 1.81951e-05 -1
    outer loop
      vertex 94.096 74.3468 2.8006
      vertex 94.9583 74.8964 2.80061
      vertex 97.6899 74.3468 2.8006
    endloop
  endfacet
  facet normal 0 1.81951e-05 -1
    outer loop
      vertex 97.6899 74.3468 2.8006
      vertex 94.9583 74.8964 2.80061
      vertex 96.8279 74.8964 2.80061
    endloop
  endfacet
  facet normal -1.89414e-07 1.7898e-05 -1
    outer loop
      vertex 97.6899 74.3468 2.8006
      vertex 96.8279 74.8964 2.80061
      vertex 97.3665 74.9021 2.80061
    endloop
  endfacet
  facet normal 0 0 -1
    outer loop
      vertex 84.201 74.8963 2.80061
      vertex 85.7991 74.9472 2.80061
      vertex 93.8814 74.919 2.80061
    endloop
  endfacet
  facet normal 0 0 -1
    outer loop
      vertex 93.8814 74.919 2.80061
      vertex 85.7991 74.9472 2.80061
      vertex 93.3435 74.9472 2.80061
    endloop
  endfacet
  facet normal 2.4358e-07 1.81501e-05 -1
    outer loop
      vertex 97.6899 74.3468 2.8006
      vertex 97.3665 74.9021 2.80061
      vertex 109.177 74.7436 2.80061
    endloop
  endfacet
  facet normal 0 0 -1
    outer loop
      vertex 109.177 74.7436 2.80061
      vertex 97.3665 74.9021 2.80061
      vertex 97.9048 74.919 2.80061
    endloop
  endfacet
  facet normal 0 0 -1
    outer loop
      vertex 109.177 74.7436 2.80061
      vertex 97.9048 74.919 2.80061
      vertex 107.585 74.8963 2.80061
    endloop
  endfacet
  facet normal 0 0 -1
    outer loop
      vertex 107.585 74.8963 2.80061
      vertex 97.9048 74.919 2.80061
      vertex 105.987 74.9472 2.80061
    endloop
  endfacet
  facet normal -0 0 -1
    outer loop
      vertex 105.987 74.9472 2.80061
      vertex 97.9048 74.919 2.80061
      vertex 98.4427 74.9472 2.80061
    endloop
  endfacet
  facet normal 0 0 -1
    outer loop
      vertex 110.755 74.4899 2.80061
      vertex 109.622 74.4899 2.80061
      vertex 109.177 74.7436 2.80061
    endloop
  endfacet
  facet normal 8.20809e-07 1.43973e-06 -1
    outer loop
      vertex 109.177 74.7436 2.80061
      vertex 109.622 74.4899 2.80061
      vertex 97.6899 74.3468 2.8006
    endloop
  endfacet
  facet normal 0.000144717 1.90803e-05 -1
    outer loop
      vertex 109.622 73.9658 2.8006
      vertex 109.609 74.0644 2.8006
      vertex 109.622 74.4899 2.80061
    endloop
  endfacet
  facet normal 5.29265e-05 2.18847e-05 -1
    outer loop
      vertex 109.622 74.4899 2.80061
      vertex 109.609 74.0644 2.8006
      vertex 109.571 74.1563 2.8006
    endloop
  endfacet
  facet normal 3.23712e-05 2.50272e-05 -1
    outer loop
      vertex 109.622 74.4899 2.80061
      vertex 109.571 74.1563 2.8006
      vertex 109.51 74.2352 2.8006
    endloop
  endfacet
  facet normal 2.25208e-05 2.93588e-05 -1
    outer loop
      vertex 109.51 74.2352 2.8006
      vertex 109.431 74.2958 2.8006
      vertex 109.622 74.4899 2.80061
    endloop
  endfacet
  facet normal 1.51303e-05 3.66312e-05 -1
    outer loop
      vertex 109.622 74.4899 2.80061
      vertex 109.431 74.2958 2.8006
      vertex 109.339 74.3338 2.8006
    endloop
  endfacet
  facet normal 6.85047e-06 5.1642e-05 -1
    outer loop
      vertex 109.622 74.4899 2.80061
      vertex 109.339 74.3338 2.8006
      vertex 109.241 74.3468 2.8006
    endloop
  endfacet
  facet normal 0 6.98812e-05 -1
    outer loop
      vertex 109.241 74.3468 2.8006
      vertex 108.398 74.3468 2.8006
      vertex 109.622 74.4899 2.80061
    endloop
  endfacet
  facet normal -1.66184e-06 8.40957e-05 -1
    outer loop
      vertex 109.622 74.4899 2.80061
      vertex 108.398 74.3468 2.8006
      vertex 107.644 74.3319 2.8006
    endloop
  endfacet
  facet normal 1.67908e-08 6.30809e-05 -1
    outer loop
      vertex 109.622 74.4899 2.80061
      vertex 107.644 74.3319 2.8006
      vertex 98.2518 74.3344 2.8006
    endloop
  endfacet
  facet normal 0 0 -1
    outer loop
      vertex 98.2518 74.3344 2.8006
      vertex 107.644 74.3319 2.8006
      vertex 98.8126 74.2971 2.8006
    endloop
  endfacet
  facet normal 0 0 -1
    outer loop
      vertex 98.8126 74.2971 2.8006
      vertex 107.644 74.3319 2.8006
      vertex 106.892 74.2872 2.8006
    endloop
  endfacet
  facet normal 0 0 -1
    outer loop
      vertex 98.8126 74.2971 2.8006
      vertex 106.892 74.2872 2.8006
      vertex 99.3712 74.2351 2.8006
    endloop
  endfacet
  facet normal 0 0 -1
    outer loop
      vertex 99.3712 74.2351 2.8006
      vertex 106.892 74.2872 2.8006
      vertex 106.141 74.2127 2.8006
    endloop
  endfacet
  facet normal 0 0 -1
    outer loop
      vertex 99.3712 74.2351 2.8006
      vertex 106.141 74.2127 2.8006
      vertex 99.9298 74.173 2.8006
    endloop
  endfacet
  facet normal 0 0 -1
    outer loop
      vertex 99.9298 74.173 2.8006
      vertex 106.141 74.2127 2.8006
      vertex 105.641 74.1631 2.8006
    endloop
  endfacet
  facet normal 0 0 -1
    outer loop
      vertex 99.9298 74.173 2.8006
      vertex 105.641 74.1631 2.8006
      vertex 104.637 74.1233 2.8006
    endloop
  endfacet
  facet normal 0 0 -1
    outer loop
      vertex 104.637 74.1233 2.8006
      vertex 105.641 74.1631 2.8006
      vertex 105.139 74.1332 2.8006
    endloop
  endfacet
  facet normal 0 0 -1
    outer loop
      vertex 104.637 74.1233 2.8006
      vertex 101.052 74.1233 2.8006
      vertex 99.9298 74.173 2.8006
    endloop
  endfacet
  facet normal 0 0 -1
    outer loop
      vertex 99.9298 74.173 2.8006
      vertex 101.052 74.1233 2.8006
      vertex 100.491 74.1357 2.8006
    endloop
  endfacet
  facet normal 5.42988e-07 2.46052e-05 -1
    outer loop
      vertex 98.2518 74.3344 2.8006
      vertex 97.6899 74.3468 2.8006
      vertex 109.622 74.4899 2.80061
    endloop
  endfacet
  facet normal -1.67799e-08 6.30412e-05 -1
    outer loop
      vertex 82.1643 74.49 2.80061
      vertex 93.5342 74.3344 2.8006
      vertex 84.1418 74.3319 2.8006
    endloop
  endfacet
  facet normal 0 0 -1
    outer loop
      vertex 84.1418 74.3319 2.8006
      vertex 93.5342 74.3344 2.8006
      vertex 92.9734 74.2971 2.8006
    endloop
  endfacet
  facet normal 0 0 -1
    outer loop
      vertex 84.1418 74.3319 2.8006
      vertex 92.9734 74.2971 2.8006
      vertex 84.8944 74.2872 2.8006
    endloop
  endfacet
  facet normal 0 0 -1
    outer loop
      vertex 84.8944 74.2872 2.8006
      vertex 92.9734 74.2971 2.8006
      vertex 92.4148 74.2351 2.8006
    endloop
  endfacet
  facet normal 0 0 -1
    outer loop
      vertex 84.8944 74.2872 2.8006
      vertex 92.4148 74.2351 2.8006
      vertex 85.6447 74.2127 2.8006
    endloop
  endfacet
  facet normal 0 0 -1
    outer loop
      vertex 85.6447 74.2127 2.8006
      vertex 92.4148 74.2351 2.8006
      vertex 91.8562 74.173 2.8006
    endloop
  endfacet
  facet normal 0 0 -1
    outer loop
      vertex 85.6447 74.2127 2.8006
      vertex 91.8562 74.173 2.8006
      vertex 86.1448 74.1631 2.8006
    endloop
  endfacet
  facet normal 0 0 -1
    outer loop
      vertex 86.1448 74.1631 2.8006
      vertex 91.8562 74.173 2.8006
      vertex 87.149 74.1233 2.8006
    endloop
  endfacet
  facet normal 0 0 -1
    outer loop
      vertex 86.1448 74.1631 2.8006
      vertex 87.149 74.1233 2.8006
      vertex 86.6465 74.1332 2.8006
    endloop
  endfacet
  facet normal -0 0 -1
    outer loop
      vertex 91.2955 74.1357 2.8006
      vertex 90.7336 74.1233 2.8006
      vertex 91.8562 74.173 2.8006
    endloop
  endfacet
  facet normal 0 0 -1
    outer loop
      vertex 91.8562 74.173 2.8006
      vertex 90.7336 74.1233 2.8006
      vertex 87.149 74.1233 2.8006
    endloop
  endfacet
  facet normal 1.66118e-06 8.4029e-05 -1
    outer loop
      vertex 84.1418 74.3319 2.8006
      vertex 83.3881 74.3468 2.8006
      vertex 82.1643 74.49 2.80061
    endloop
  endfacet
  facet normal 0 -1 0
    outer loop
      vertex 101.052 74.1233 2.8006
      vertex 104.637 74.1233 2.8006
      vertex 101.052 74.1233 5.9502
    endloop
  endfacet
  facet normal 0 -1 0
    outer loop
      vertex 101.052 74.1233 5.9502
      vertex 104.637 74.1233 2.8006
      vertex 104.637 74.1233 5.9502
    endloop
  endfacet
  facet normal -0.110314 -0.993897 -3.15563e-05
    outer loop
      vertex 99.3712 74.235 5.9502
      vertex 99.3712 74.2351 2.8006
      vertex 99.9298 74.173 5.9502
    endloop
  endfacet
  facet normal -0.11049 -0.993877 -0
    outer loop
      vertex 99.9298 74.173 5.9502
      vertex 99.3712 74.2351 2.8006
      vertex 99.9298 74.173 2.8006
    endloop
  endfacet
  facet normal -0.0663184 -0.997799 -0
    outer loop
      vertex 99.9298 74.173 5.9502
      vertex 99.9298 74.173 2.8006
      vertex 100.491 74.1357 5.9502
    endloop
  endfacet
  facet normal -0.0663184 -0.997799 -0
    outer loop
      vertex 100.491 74.1357 5.9502
      vertex 99.9298 74.173 2.8006
      vertex 100.491 74.1357 2.8006
    endloop
  endfacet
  facet normal -0.022098 -0.999756 -0
    outer loop
      vertex 100.491 74.1357 5.9502
      vertex 100.491 74.1357 2.8006
      vertex 101.052 74.1233 5.9502
    endloop
  endfacet
  facet normal -0.022098 -0.999756 -0
    outer loop
      vertex 101.052 74.1233 5.9502
      vertex 100.491 74.1357 2.8006
      vertex 101.052 74.1233 2.8006
    endloop
  endfacet
endsolid OpenSCAD_Model
