solid OpenSCAD_Model
  facet normal 0 0 -1
    outer loop
      vertex -41.8833 61.7397 -0.8
      vertex -39.5722 61.7397 -0.8
      vertex -41.8833 59.6782 -0.8
    endloop
  endfacet
  facet normal 0 -0 -1
    outer loop
      vertex -39.5722 61.7397 -0.8
      vertex -39.5722 59.6782 -0.8
      vertex -41.8833 59.6782 -0.8
    endloop
  endfacet
  facet normal 0 0 -1
    outer loop
      vertex -73.6254 55.0905 -0.8
      vertex -70.4679 55.8806 -0.8
      vertex -70.4106 54.8156 -0.8
    endloop
  endfacet
  facet normal 0 -0 -1
    outer loop
      vertex -37.156 65.0941 -0.8
      vertex -36.966 64.8235 -0.8
      vertex -39.7355 63.5371 -0.8
    endloop
  endfacet
  facet normal 0 0 -1
    outer loop
      vertex -52.3106 56.7067 -0.8
      vertex -49.2478 59.1141 -0.8
      vertex -52.2968 56.293 -0.8
    endloop
  endfacet
  facet normal 0 -0 -1
    outer loop
      vertex -37.3805 65.331 -0.8
      vertex -37.156 65.0941 -0.8
      vertex -39.7355 63.5371 -0.8
    endloop
  endfacet
  facet normal -0 0 -1
    outer loop
      vertex -37.3805 65.331 -0.8
      vertex -39.7355 63.5371 -0.8
      vertex -37.6403 65.5354 -0.8
    endloop
  endfacet
  facet normal 0 0 -1
    outer loop
      vertex -39.7355 63.5371 -0.8
      vertex -39.8073 63.6544 -0.8
      vertex -37.6403 65.5354 -0.8
    endloop
  endfacet
  facet normal 0 0 -1
    outer loop
      vertex -39.8073 63.6544 -0.8
      vertex -37.9359 65.7084 -0.8
      vertex -37.6403 65.5354 -0.8
    endloop
  endfacet
  facet normal 0 0 -1
    outer loop
      vertex -39.8922 63.7523 -0.8
      vertex -38.2674 65.8499 -0.8
      vertex -39.8073 63.6544 -0.8
    endloop
  endfacet
  facet normal 0 0 -1
    outer loop
      vertex -39.9931 63.8344 -0.8
      vertex -39.038 66.0385 -0.8
      vertex -39.8922 63.7523 -0.8
    endloop
  endfacet
  facet normal 0 0 -1
    outer loop
      vertex -40.1128 63.9038 -0.8
      vertex -39.4771 66.0857 -0.8
      vertex -39.9931 63.8344 -0.8
    endloop
  endfacet
  facet normal 0 0 -1
    outer loop
      vertex -40.2513 63.9606 -0.8
      vertex -39.9521 66.1014 -0.8
      vertex -40.1128 63.9038 -0.8
    endloop
  endfacet
  facet normal 0 0 -1
    outer loop
      vertex -40.4087 64.0048 -0.8
      vertex -40.4595 66.0873 -0.8
      vertex -40.2014 66.0979 -0.8
    endloop
  endfacet
  facet normal 0 0 -1
    outer loop
      vertex -40.5849 64.0363 -0.8
      vertex -40.7266 66.0695 -0.8
      vertex -40.4595 66.0873 -0.8
    endloop
  endfacet
  facet normal 0 0 -1
    outer loop
      vertex -40.7798 64.0553 -0.8
      vertex -40.7266 66.0695 -0.8
      vertex -40.5849 64.0363 -0.8
    endloop
  endfacet
  facet normal 0 0 -1
    outer loop
      vertex -41.0025 66.0448 -0.8
      vertex -40.7266 66.0695 -0.8
      vertex -40.7798 64.0553 -0.8
    endloop
  endfacet
  facet normal 0 0 -1
    outer loop
      vertex -41.0025 66.0448 -0.8
      vertex -40.7798 64.0553 -0.8
      vertex -40.9936 64.0616 -0.8
    endloop
  endfacet
  facet normal 0 -0 -1
    outer loop
      vertex -41.0025 66.0448 -0.8
      vertex -40.9936 64.0616 -0.8
      vertex -41.2872 66.0129 -0.8
    endloop
  endfacet
  facet normal -0 0 -1
    outer loop
      vertex -40.9936 64.0616 -0.8
      vertex -41.1207 64.0596 -0.8
      vertex -41.2872 66.0129 -0.8
    endloop
  endfacet
  facet normal -0 0 -1
    outer loop
      vertex -41.1207 64.0596 -0.8
      vertex -41.2478 64.0536 -0.8
      vertex -41.2872 66.0129 -0.8
    endloop
  endfacet
  facet normal 0 0 -1
    outer loop
      vertex -41.2478 64.0536 -0.8
      vertex -41.5808 65.9739 -0.8
      vertex -41.2872 66.0129 -0.8
    endloop
  endfacet
  facet normal 0 0 -1
    outer loop
      vertex -41.3749 64.0437 -0.8
      vertex -41.5808 65.9739 -0.8
      vertex -41.2478 64.0536 -0.8
    endloop
  endfacet
  facet normal 0 0 -1
    outer loop
      vertex -41.502 64.0297 -0.8
      vertex -41.5808 65.9739 -0.8
      vertex -41.3749 64.0437 -0.8
    endloop
  endfacet
  facet normal 0 0 -1
    outer loop
      vertex -41.8833 65.9278 -0.8
      vertex -41.5808 65.9739 -0.8
      vertex -41.502 64.0297 -0.8
    endloop
  endfacet
  facet normal 0 0 -1
    outer loop
      vertex -41.8833 65.9278 -0.8
      vertex -41.502 64.0297 -0.8
      vertex -41.6291 64.0118 -0.8
    endloop
  endfacet
  facet normal 0 0 -1
    outer loop
      vertex -41.8833 65.9278 -0.8
      vertex -41.6291 64.0118 -0.8
      vertex -41.7562 63.9899 -0.8
    endloop
  endfacet
  facet normal 0 0 -1
    outer loop
      vertex -41.8833 65.9278 -0.8
      vertex -41.7562 63.9899 -0.8
      vertex -41.8833 63.964 -0.8
    endloop
  endfacet
  facet normal 0 0 -1
    outer loop
      vertex -40.5849 64.0363 -0.8
      vertex -40.4595 66.0873 -0.8
      vertex -40.4087 64.0048 -0.8
    endloop
  endfacet
  facet normal 0 0 -1
    outer loop
      vertex -40.4087 64.0048 -0.8
      vertex -40.2014 66.0979 -0.8
      vertex -39.9521 66.1014 -0.8
    endloop
  endfacet
  facet normal 0 0 -1
    outer loop
      vertex -40.4087 64.0048 -0.8
      vertex -39.9521 66.1014 -0.8
      vertex -40.2513 63.9606 -0.8
    endloop
  endfacet
  facet normal 0 -0 -1
    outer loop
      vertex -39.9521 66.1014 -0.8
      vertex -39.4771 66.0857 -0.8
      vertex -40.1128 63.9038 -0.8
    endloop
  endfacet
  facet normal 0 -0 -1
    outer loop
      vertex -39.4771 66.0857 -0.8
      vertex -39.038 66.0385 -0.8
      vertex -39.9931 63.8344 -0.8
    endloop
  endfacet
  facet normal 0 -0 -1
    outer loop
      vertex -39.038 66.0385 -0.8
      vertex -38.6348 65.9599 -0.8
      vertex -39.8922 63.7523 -0.8
    endloop
  endfacet
  facet normal 0 -0 -1
    outer loop
      vertex -38.6348 65.9599 -0.8
      vertex -38.2674 65.8499 -0.8
      vertex -39.8922 63.7523 -0.8
    endloop
  endfacet
  facet normal 0 -0 -1
    outer loop
      vertex -38.2674 65.8499 -0.8
      vertex -37.9359 65.7084 -0.8
      vertex -39.8073 63.6544 -0.8
    endloop
  endfacet
  facet normal 0 0 -1
    outer loop
      vertex -39.7355 63.5371 -0.8
      vertex -36.966 64.8235 -0.8
      vertex -39.6767 63.4006 -0.8
    endloop
  endfacet
  facet normal 0 -0 -1
    outer loop
      vertex -36.966 64.8235 -0.8
      vertex -36.8106 64.5193 -0.8
      vertex -39.6767 63.4006 -0.8
    endloop
  endfacet
  facet normal 0 -0 -1
    outer loop
      vertex -36.8106 64.5193 -0.8
      vertex -36.6897 64.1814 -0.8
      vertex -39.6767 63.4006 -0.8
    endloop
  endfacet
  facet normal 0 0 -1
    outer loop
      vertex -36.6897 64.1814 -0.8
      vertex -39.631 63.2449 -0.8
      vertex -39.6767 63.4006 -0.8
    endloop
  endfacet
  facet normal -0 0 -1
    outer loop
      vertex -36.6034 63.8098 -0.8
      vertex -39.631 63.2449 -0.8
      vertex -36.6897 64.1814 -0.8
    endloop
  endfacet
  facet normal 0 0 -1
    outer loop
      vertex -39.5983 63.0698 -0.8
      vertex -39.631 63.2449 -0.8
      vertex -36.6034 63.8098 -0.8
    endloop
  endfacet
  facet normal 0 0 -1
    outer loop
      vertex -39.5983 63.0698 -0.8
      vertex -36.6034 63.8098 -0.8
      vertex -36.5516 63.4046 -0.8
    endloop
  endfacet
  facet normal 0 0 -1
    outer loop
      vertex -32.5916 60.9586 -0.8
      vertex -31.8105 65.1357 -0.8
      vertex -30.8992 60.9586 -0.8
    endloop
  endfacet
  facet normal 0 0 -1
    outer loop
      vertex -39.5983 63.0698 -0.8
      vertex -36.5516 63.4046 -0.8
      vertex -39.5787 62.8755 -0.8
    endloop
  endfacet
  facet normal 0 -0 -1
    outer loop
      vertex -36.5516 63.4046 -0.8
      vertex -36.5343 62.9658 -0.8
      vertex -39.5787 62.8755 -0.8
    endloop
  endfacet
  facet normal 0 0 -1
    outer loop
      vertex -34.3712 59.3526 -0.8
      vertex -32.5916 60.9586 -0.8
      vertex -32.2337 59.3526 -0.8
    endloop
  endfacet
  facet normal 0 0 -1
    outer loop
      vertex -36.5343 62.9658 -0.8
      vertex -39.5722 62.6619 -0.8
      vertex -39.5787 62.8755 -0.8
    endloop
  endfacet
  facet normal 0 0 -1
    outer loop
      vertex -36.5343 61.7397 -0.8
      vertex -39.5722 62.6619 -0.8
      vertex -36.5343 62.9658 -0.8
    endloop
  endfacet
  facet normal 0 0 -1
    outer loop
      vertex -39.5722 61.7397 -0.8
      vertex -39.5722 62.6619 -0.8
      vertex -36.5343 61.7397 -0.8
    endloop
  endfacet
  facet normal 0 0 -1
    outer loop
      vertex -39.5722 61.7397 -0.8
      vertex -36.5343 61.7397 -0.8
      vertex -39.5722 59.6782 -0.8
    endloop
  endfacet
  facet normal 0 0 -1
    outer loop
      vertex -36.5343 59.6782 -0.8
      vertex -34.8199 61.7397 -0.8
      vertex -34.8199 59.6782 -0.8
    endloop
  endfacet
  facet normal -0 0 -1
    outer loop
      vertex -36.5343 59.6782 -0.8
      vertex -39.5722 50 -0.8
      vertex -39.5722 59.6782 -0.8
    endloop
  endfacet
  facet normal 0 0 -1
    outer loop
      vertex -36.5343 50 -0.8
      vertex -39.5722 50 -0.8
      vertex -36.5343 59.6782 -0.8
    endloop
  endfacet
  facet normal 0 -0 -1
    outer loop
      vertex -36.5343 61.7397 -0.8
      vertex -36.5343 59.6782 -0.8
      vertex -39.5722 59.6782 -0.8
    endloop
  endfacet
  facet normal 0 0 -1
    outer loop
      vertex -36.5343 61.7397 -0.8
      vertex -34.8199 61.7397 -0.8
      vertex -36.5343 59.6782 -0.8
    endloop
  endfacet
  facet normal 0 0 -1
    outer loop
      vertex -43.2184 63.8555 -0.8
      vertex -46.2674 63.8555 -0.8
      vertex -43.2184 66.1014 -0.8
    endloop
  endfacet
  facet normal 0 0 -1
    outer loop
      vertex -46.2674 66.1014 -0.8
      vertex -43.2184 66.1014 -0.8
      vertex -46.2674 63.8555 -0.8
    endloop
  endfacet
  facet normal 0 0 -1
    outer loop
      vertex -90.8782 50 -0.8
      vertex -90.8782 66.1014 -0.8
      vertex -87.8292 66.1014 -0.8
    endloop
  endfacet
  facet normal 0 0 -1
    outer loop
      vertex -87.8292 50 -0.8
      vertex -90.8782 50 -0.8
      vertex -87.8292 66.1014 -0.8
    endloop
  endfacet
  facet normal 0 0 -1
    outer loop
      vertex -49.2339 60.2881 -0.8
      vertex -52.1701 60.3941 -0.8
      vertex -52.1557 60.6384 -0.8
    endloop
  endfacet
  facet normal -0 0 -1
    outer loop
      vertex -55.7853 59.4258 -0.8
      vertex -56.17 59.1103 -0.8
      vertex -57.4693 61.7563 -0.8
    endloop
  endfacet
  facet normal -0 0 -1
    outer loop
      vertex -56.4691 58.6685 -0.8
      vertex -56.6828 58.1005 -0.8
      vertex -59.5657 59.6363 -0.8
    endloop
  endfacet
  facet normal -0 0 -1
    outer loop
      vertex -83.6369 50.054 -0.8
      vertex -83.8795 49.9734 -0.8
      vertex -85.2917 52.1102 -0.8
    endloop
  endfacet
  facet normal 0 -0 -1
    outer loop
      vertex -116.692 66.0695 -0.8
      vertex -116.55 64.0363 -0.8
      vertex -116.745 64.0553 -0.8
    endloop
  endfacet
  facet normal 0 0 -1
    outer loop
      vertex -96.9076 66.1014 -0.8
      vertex -93.8586 66.1014 -0.8
      vertex -96.9076 50 -0.8
    endloop
  endfacet
  facet normal 0 0 -1
    outer loop
      vertex -81.9428 51.4809 -0.8
      vertex -80.9202 52.4179 -0.8
      vertex -80.7565 52.3002 -0.8
    endloop
  endfacet
  facet normal 0 0 -1
    outer loop
      vertex -96.9076 50 -0.8
      vertex -93.8586 66.1014 -0.8
      vertex -93.8586 50 -0.8
    endloop
  endfacet
  facet normal -0 0 -1
    outer loop
      vertex -112.5 61.7397 -0.8
      vertex -115.538 59.6782 -0.8
      vertex -115.538 61.7397 -0.8
    endloop
  endfacet
  facet normal -0 0 -1
    outer loop
      vertex -125.199 60.2881 -0.8
      vertex -125.204 60.0811 -0.8
      vertex -128.136 60.3941 -0.8
    endloop
  endfacet
  facet normal 0 0 -1
    outer loop
      vertex -122.233 66.1014 -0.8
      vertex -119.184 66.1014 -0.8
      vertex -122.233 63.8555 -0.8
    endloop
  endfacet
  facet normal 0 0 -1
    outer loop
      vertex -122.233 63.8555 -0.8
      vertex -119.184 66.1014 -0.8
      vertex -119.184 63.8555 -0.8
    endloop
  endfacet
  facet normal 0 0 -1
    outer loop
      vertex -85.6593 49.928 -0.8
      vertex -85.7618 51.7665 -0.8
      vertex -85.5945 49.9198 -0.8
    endloop
  endfacet
  facet normal 0 0 -1
    outer loop
      vertex -128.318 57.0986 -0.8
      vertex -125.213 59.1141 -0.8
      vertex -128.276 56.7067 -0.8
    endloop
  endfacet
  facet normal 0 -0 -1
    outer loop
      vertex -112.569 63.8098 -0.8
      vertex -112.517 63.4046 -0.8
      vertex -115.564 63.0698 -0.8
    endloop
  endfacet
  facet normal 0 0 -1
    outer loop
      vertex -128.276 56.7067 -0.8
      vertex -125.213 59.1141 -0.8
      vertex -128.262 56.293 -0.8
    endloop
  endfacet
  facet normal -0 0 -1
    outer loop
      vertex -115.538 61.7397 -0.8
      vertex -117.849 59.6782 -0.8
      vertex -117.849 61.7397 -0.8
    endloop
  endfacet
  facet normal 0 0 -1
    outer loop
      vertex -115.642 63.4006 -0.8
      vertex -112.776 64.5193 -0.8
      vertex -112.655 64.1814 -0.8
    endloop
  endfacet
  facet normal 0 0 -1
    outer loop
      vertex -115.538 59.6782 -0.8
      vertex -117.849 59.6782 -0.8
      vertex -115.538 61.7397 -0.8
    endloop
  endfacet
  facet normal 0 0 -1
    outer loop
      vertex -115.701 63.5371 -0.8
      vertex -113.121 65.0941 -0.8
      vertex -112.932 64.8235 -0.8
    endloop
  endfacet
  facet normal 0 -0 -1
    outer loop
      vertex -113.606 65.5354 -0.8
      vertex -113.346 65.331 -0.8
      vertex -115.701 63.5371 -0.8
    endloop
  endfacet
  facet normal 0 0 -1
    outer loop
      vertex -113.606 65.5354 -0.8
      vertex -115.701 63.5371 -0.8
      vertex -115.773 63.6544 -0.8
    endloop
  endfacet
  facet normal -0 0 -1
    outer loop
      vertex -113.901 65.7084 -0.8
      vertex -115.773 63.6544 -0.8
      vertex -114.233 65.8499 -0.8
    endloop
  endfacet
  facet normal -0 0 -1
    outer loop
      vertex -114.233 65.8499 -0.8
      vertex -115.858 63.7523 -0.8
      vertex -114.6 65.9599 -0.8
    endloop
  endfacet
  facet normal 0 0 -1
    outer loop
      vertex -115.858 63.7523 -0.8
      vertex -115.959 63.8344 -0.8
      vertex -115.003 66.0385 -0.8
    endloop
  endfacet
  facet normal -0 0 -1
    outer loop
      vertex -115.443 66.0857 -0.8
      vertex -116.078 63.9038 -0.8
      vertex -115.918 66.1014 -0.8
    endloop
  endfacet
  facet normal 0 -0 -1
    outer loop
      vertex -116.167 66.0979 -0.8
      vertex -115.918 66.1014 -0.8
      vertex -116.374 64.0048 -0.8
    endloop
  endfacet
  facet normal 0 0 -1
    outer loop
      vertex -116.692 66.0695 -0.8
      vertex -116.425 66.0873 -0.8
      vertex -116.55 64.0363 -0.8
    endloop
  endfacet
  facet normal 0 0 -1
    outer loop
      vertex -116.374 64.0048 -0.8
      vertex -116.55 64.0363 -0.8
      vertex -116.425 66.0873 -0.8
    endloop
  endfacet
  facet normal 0 0 -1
    outer loop
      vertex -116.959 64.0616 -0.8
      vertex -116.968 66.0448 -0.8
      vertex -116.745 64.0553 -0.8
    endloop
  endfacet
  facet normal 0 0 -1
    outer loop
      vertex -117.253 66.0129 -0.8
      vertex -116.968 66.0448 -0.8
      vertex -116.959 64.0616 -0.8
    endloop
  endfacet
  facet normal 0 0 -1
    outer loop
      vertex -117.253 66.0129 -0.8
      vertex -116.959 64.0616 -0.8
      vertex -117.086 64.0596 -0.8
    endloop
  endfacet
  facet normal 0 0 -1
    outer loop
      vertex -117.253 66.0129 -0.8
      vertex -117.086 64.0596 -0.8
      vertex -117.213 64.0536 -0.8
    endloop
  endfacet
  facet normal 0 -0 -1
    outer loop
      vertex -117.253 66.0129 -0.8
      vertex -117.213 64.0536 -0.8
      vertex -117.546 65.9739 -0.8
    endloop
  endfacet
  facet normal -0 0 -1
    outer loop
      vertex -117.213 64.0536 -0.8
      vertex -117.34 64.0437 -0.8
      vertex -117.546 65.9739 -0.8
    endloop
  endfacet
  facet normal -0 0 -1
    outer loop
      vertex -117.34 64.0437 -0.8
      vertex -117.467 64.0297 -0.8
      vertex -117.546 65.9739 -0.8
    endloop
  endfacet
  facet normal 0 0 -1
    outer loop
      vertex -117.595 64.0118 -0.8
      vertex -117.849 65.9278 -0.8
      vertex -117.467 64.0297 -0.8
    endloop
  endfacet
  facet normal 0 0 -1
    outer loop
      vertex -117.467 64.0297 -0.8
      vertex -117.849 65.9278 -0.8
      vertex -117.546 65.9739 -0.8
    endloop
  endfacet
  facet normal 0 0 -1
    outer loop
      vertex -117.722 63.9899 -0.8
      vertex -117.849 65.9278 -0.8
      vertex -117.595 64.0118 -0.8
    endloop
  endfacet
  facet normal 0 0 -1
    outer loop
      vertex -117.849 63.964 -0.8
      vertex -117.849 65.9278 -0.8
      vertex -117.722 63.9899 -0.8
    endloop
  endfacet
  facet normal 0 0 -1
    outer loop
      vertex -116.745 64.0553 -0.8
      vertex -116.968 66.0448 -0.8
      vertex -116.692 66.0695 -0.8
    endloop
  endfacet
  facet normal 0 0 -1
    outer loop
      vertex -116.374 64.0048 -0.8
      vertex -116.425 66.0873 -0.8
      vertex -116.167 66.0979 -0.8
    endloop
  endfacet
  facet normal 0 0 -1
    outer loop
      vertex -116.217 63.9606 -0.8
      vertex -116.374 64.0048 -0.8
      vertex -115.918 66.1014 -0.8
    endloop
  endfacet
  facet normal 0 0 -1
    outer loop
      vertex -116.217 63.9606 -0.8
      vertex -115.918 66.1014 -0.8
      vertex -116.078 63.9038 -0.8
    endloop
  endfacet
  facet normal 0 0 -1
    outer loop
      vertex -116.078 63.9038 -0.8
      vertex -115.443 66.0857 -0.8
      vertex -115.959 63.8344 -0.8
    endloop
  endfacet
  facet normal 0 -0 -1
    outer loop
      vertex -115.443 66.0857 -0.8
      vertex -115.003 66.0385 -0.8
      vertex -115.959 63.8344 -0.8
    endloop
  endfacet
  facet normal 0 -0 -1
    outer loop
      vertex -115.003 66.0385 -0.8
      vertex -114.6 65.9599 -0.8
      vertex -115.858 63.7523 -0.8
    endloop
  endfacet
  facet normal 0 0 -1
    outer loop
      vertex -115.858 63.7523 -0.8
      vertex -114.233 65.8499 -0.8
      vertex -115.773 63.6544 -0.8
    endloop
  endfacet
  facet normal 0 0 -1
    outer loop
      vertex -115.773 63.6544 -0.8
      vertex -113.901 65.7084 -0.8
      vertex -113.606 65.5354 -0.8
    endloop
  endfacet
  facet normal -0 0 -1
    outer loop
      vertex -113.121 65.0941 -0.8
      vertex -115.701 63.5371 -0.8
      vertex -113.346 65.331 -0.8
    endloop
  endfacet
  facet normal 0 0 -1
    outer loop
      vertex -112.932 64.8235 -0.8
      vertex -115.642 63.4006 -0.8
      vertex -115.701 63.5371 -0.8
    endloop
  endfacet
  facet normal -0 0 -1
    outer loop
      vertex -112.776 64.5193 -0.8
      vertex -115.642 63.4006 -0.8
      vertex -112.932 64.8235 -0.8
    endloop
  endfacet
  facet normal 0 0 -1
    outer loop
      vertex -112.655 64.1814 -0.8
      vertex -115.596 63.2449 -0.8
      vertex -115.642 63.4006 -0.8
    endloop
  endfacet
  facet normal -0 0 -1
    outer loop
      vertex -112.569 63.8098 -0.8
      vertex -115.596 63.2449 -0.8
      vertex -112.655 64.1814 -0.8
    endloop
  endfacet
  facet normal 0 0 -1
    outer loop
      vertex -115.564 63.0698 -0.8
      vertex -115.596 63.2449 -0.8
      vertex -112.569 63.8098 -0.8
    endloop
  endfacet
  facet normal 0 0 -1
    outer loop
      vertex -112.517 63.4046 -0.8
      vertex -115.544 62.8755 -0.8
      vertex -115.564 63.0698 -0.8
    endloop
  endfacet
  facet normal -0 0 -1
    outer loop
      vertex -112.5 62.9658 -0.8
      vertex -115.544 62.8755 -0.8
      vertex -112.517 63.4046 -0.8
    endloop
  endfacet
  facet normal 0 0 -1
    outer loop
      vertex -115.538 62.6619 -0.8
      vertex -115.544 62.8755 -0.8
      vertex -112.5 62.9658 -0.8
    endloop
  endfacet
  facet normal 0 0 -1
    outer loop
      vertex -115.538 62.6619 -0.8
      vertex -112.5 62.9658 -0.8
      vertex -112.5 61.7397 -0.8
    endloop
  endfacet
  facet normal 0 0 -1
    outer loop
      vertex -115.538 62.6619 -0.8
      vertex -112.5 61.7397 -0.8
      vertex -115.538 61.7397 -0.8
    endloop
  endfacet
  facet normal 0 0 -1
    outer loop
      vertex -112.5 59.6782 -0.8
      vertex -110.785 61.7397 -0.8
      vertex -110.785 59.6782 -0.8
    endloop
  endfacet
  facet normal 0 0 -1
    outer loop
      vertex -112.5 61.7397 -0.8
      vertex -110.785 61.7397 -0.8
      vertex -112.5 59.6782 -0.8
    endloop
  endfacet
  facet normal -0 0 -1
    outer loop
      vertex -105.344 52.6898 -0.8
      vertex -106.463 52.0941 -0.8
      vertex -105.477 52.8441 -0.8
    endloop
  endfacet
  facet normal 0 0 -1
    outer loop
      vertex -112.5 59.6782 -0.8
      vertex -115.538 59.6782 -0.8
      vertex -112.5 61.7397 -0.8
    endloop
  endfacet
  facet normal -0 0 -1
    outer loop
      vertex -110.553 51.7573 -0.8
      vertex -110.836 50.1518 -0.8
      vertex -110.648 51.7692 -0.8
    endloop
  endfacet
  facet normal 0 0 -1
    outer loop
      vertex -115.538 50 -0.8
      vertex -115.538 59.6782 -0.8
      vertex -112.5 59.6782 -0.8
    endloop
  endfacet
  facet normal 0 0 -1
    outer loop
      vertex -85.7618 51.7665 -0.8
      vertex -85.6434 51.8047 -0.8
      vertex -85.5286 49.9121 -0.8
    endloop
  endfacet
  facet normal 0 0 -1
    outer loop
      vertex -115.538 50 -0.8
      vertex -112.5 59.6782 -0.8
      vertex -112.5 50 -0.8
    endloop
  endfacet
  facet normal -0 0 -1
    outer loop
      vertex -27.5681 60.9586 -0.8
      vertex -30.5735 59.3526 -0.8
      vertex -30.8992 60.9586 -0.8
    endloop
  endfacet
  facet normal 0 0 -1
    outer loop
      vertex -27.2427 59.3526 -0.8
      vertex -25.8864 60.9586 -0.8
      vertex -25.55 59.3526 -0.8
    endloop
  endfacet
  facet normal 0 0 -1
    outer loop
      vertex -27.2427 59.3526 -0.8
      vertex -30.5735 59.3526 -0.8
      vertex -27.5681 60.9586 -0.8
    endloop
  endfacet
  facet normal 0 -0 -1
    outer loop
      vertex -29.4344 54.1339 -0.8
      vertex -28.5664 50 -0.8
      vertex -30.259 50 -0.8
    endloop
  endfacet
  facet normal 0 -0 -1
    outer loop
      vertex -31.4851 55.7505 -0.8
      vertex -31.1486 54.1339 -0.8
      vertex -33.8177 54.1339 -0.8
    endloop
  endfacet
  facet normal -0 0 -1
    outer loop
      vertex -29.4344 54.1339 -0.8
      vertex -30.259 50 -0.8
      vertex -31.1486 54.1339 -0.8
    endloop
  endfacet
  facet normal 0 0 -1
    outer loop
      vertex -33.8177 54.1339 -0.8
      vertex -33.8177 55.7505 -0.8
      vertex -31.4851 55.7505 -0.8
    endloop
  endfacet
  facet normal 0 0 -1
    outer loop
      vertex -31.1486 54.1339 -0.8
      vertex -31.4851 55.7505 -0.8
      vertex -29.814 55.7505 -0.8
    endloop
  endfacet
  facet normal -0 0 -1
    outer loop
      vertex -32.5916 60.9586 -0.8
      vertex -34.3712 59.3526 -0.8
      vertex -34.3712 60.9586 -0.8
    endloop
  endfacet
  facet normal 0 0 -1
    outer loop
      vertex -33.5032 65.1357 -0.8
      vertex -31.8105 65.1357 -0.8
      vertex -32.5916 60.9586 -0.8
    endloop
  endfacet
  facet normal 0 0 -1
    outer loop
      vertex -27.2427 59.3526 -0.8
      vertex -27.5681 60.9586 -0.8
      vertex -25.8864 60.9586 -0.8
    endloop
  endfacet
  facet normal 0 0 -1
    outer loop
      vertex -26.4614 55.7505 -0.8
      vertex -25.55 59.3526 -0.8
      vertex -24.7905 55.7505 -0.8
    endloop
  endfacet
  facet normal 0 0 -1
    outer loop
      vertex -32.5916 60.9586 -0.8
      vertex -30.8992 60.9586 -0.8
      vertex -32.2337 59.3526 -0.8
    endloop
  endfacet
  facet normal 0 0 -1
    outer loop
      vertex -28.4579 65.1357 -0.8
      vertex -26.7979 65.1357 -0.8
      vertex -27.5681 60.9586 -0.8
    endloop
  endfacet
  facet normal 0 -0 -1
    outer loop
      vertex -26.7979 65.1357 -0.8
      vertex -25.8864 60.9586 -0.8
      vertex -27.5681 60.9586 -0.8
    endloop
  endfacet
  facet normal 0 0 -1
    outer loop
      vertex -25.55 59.3526 -0.8
      vertex -23.3041 60.9586 -0.8
      vertex -23.3041 59.3526 -0.8
    endloop
  endfacet
  facet normal 0 0 -1
    outer loop
      vertex -24.4324 54.1339 -0.8
      vertex -22.7507 55.7505 -0.8
      vertex -22.7507 54.1339 -0.8
    endloop
  endfacet
  facet normal 0 0 -1
    outer loop
      vertex -25.8864 60.9586 -0.8
      vertex -23.3041 60.9586 -0.8
      vertex -25.55 59.3526 -0.8
    endloop
  endfacet
  facet normal 0 0 -1
    outer loop
      vertex -29.4344 54.1339 -0.8
      vertex -29.814 55.7505 -0.8
      vertex -26.4614 55.7505 -0.8
    endloop
  endfacet
  facet normal -0 0 -1
    outer loop
      vertex -24.4324 54.1339 -0.8
      vertex -25.2355 50 -0.8
      vertex -26.1035 54.1339 -0.8
    endloop
  endfacet
  facet normal 0 0 -1
    outer loop
      vertex -23.5753 50 -0.8
      vertex -25.2355 50 -0.8
      vertex -24.4324 54.1339 -0.8
    endloop
  endfacet
  facet normal 0 -0 -1
    outer loop
      vertex -24.7905 55.7505 -0.8
      vertex -24.4324 54.1339 -0.8
      vertex -26.1035 54.1339 -0.8
    endloop
  endfacet
  facet normal 0 0 -1
    outer loop
      vertex -24.7905 55.7505 -0.8
      vertex -22.7507 55.7505 -0.8
      vertex -24.4324 54.1339 -0.8
    endloop
  endfacet
  facet normal 0 0 -1
    outer loop
      vertex -31.1486 54.1339 -0.8
      vertex -29.814 55.7505 -0.8
      vertex -29.4344 54.1339 -0.8
    endloop
  endfacet
  facet normal 0 0 -1
    outer loop
      vertex -31.4851 55.7505 -0.8
      vertex -32.2337 59.3526 -0.8
      vertex -30.5735 59.3526 -0.8
    endloop
  endfacet
  facet normal 0 0 -1
    outer loop
      vertex -26.1035 54.1339 -0.8
      vertex -26.4614 55.7505 -0.8
      vertex -24.7905 55.7505 -0.8
    endloop
  endfacet
  facet normal 0 0 -1
    outer loop
      vertex -26.1035 54.1339 -0.8
      vertex -29.4344 54.1339 -0.8
      vertex -26.4614 55.7505 -0.8
    endloop
  endfacet
  facet normal 0 0 -1
    outer loop
      vertex -26.4614 55.7505 -0.8
      vertex -27.2427 59.3526 -0.8
      vertex -25.55 59.3526 -0.8
    endloop
  endfacet
  facet normal 0 0 -1
    outer loop
      vertex -30.5735 59.3526 -0.8
      vertex -32.2337 59.3526 -0.8
      vertex -30.8992 60.9586 -0.8
    endloop
  endfacet
  facet normal 0 0 -1
    outer loop
      vertex -29.814 55.7505 -0.8
      vertex -31.4851 55.7505 -0.8
      vertex -30.5735 59.3526 -0.8
    endloop
  endfacet
  facet normal -0 0 -1
    outer loop
      vertex -49.2339 60.2881 -0.8
      vertex -49.2389 60.0811 -0.8
      vertex -52.1701 60.3941 -0.8
    endloop
  endfacet
  facet normal 0 0 -1
    outer loop
      vertex -56.6828 58.1005 -0.8
      vertex -59.8102 58.6319 -0.8
      vertex -59.7083 59.1558 -0.8
    endloop
  endfacet
  facet normal 0 0 -1
    outer loop
      vertex -52.2088 59.5144 -0.8
      vertex -52.2055 59.6447 -0.8
      vertex -49.2456 59.6255 -0.8
    endloop
  endfacet
  facet normal -0 0 -1
    outer loop
      vertex -49.2278 60.481 -0.8
      vertex -49.2339 60.2881 -0.8
      vertex -52.1557 60.6384 -0.8
    endloop
  endfacet
  facet normal 0 0 -1
    outer loop
      vertex -52.6427 58.1425 -0.8
      vertex -52.795 58.4466 -0.8
      vertex -52.2099 59.4069 -0.8
    endloop
  endfacet
  facet normal 0 0 -1
    outer loop
      vertex -52.795 58.4466 -0.8
      vertex -52.9749 58.7288 -0.8
      vertex -52.2533 59.4069 -0.8
    endloop
  endfacet
  facet normal 0 0 -1
    outer loop
      vertex -52.4364 59.7762 -0.8
      vertex -53.1773 58.9807 -0.8
      vertex -53.3973 59.1938 -0.8
    endloop
  endfacet
  facet normal 0 0 -1
    outer loop
      vertex -52.6324 60.1155 -0.8
      vertex -53.3973 59.1938 -0.8
      vertex -53.6348 59.3682 -0.8
    endloop
  endfacet
  facet normal 0 -0 -1
    outer loop
      vertex -53.0628 60.7036 -0.8
      vertex -52.8412 60.4246 -0.8
      vertex -53.8898 59.5038 -0.8
    endloop
  endfacet
  facet normal 0 -0 -1
    outer loop
      vertex -53.5446 61.1712 -0.8
      vertex -53.2973 60.9524 -0.8
      vertex -54.1622 59.6007 -0.8
    endloop
  endfacet
  facet normal 0 -0 -1
    outer loop
      vertex -54.0787 61.5211 -0.8
      vertex -53.8048 61.3598 -0.8
      vertex -54.4522 59.6589 -0.8
    endloop
  endfacet
  facet normal 0 0 -1
    outer loop
      vertex -54.9881 61.8559 -0.8
      vertex -54.6704 61.7691 -0.8
      vertex -54.7597 59.6782 -0.8
    endloop
  endfacet
  facet normal 0 -0 -1
    outer loop
      vertex -54.9881 61.8559 -0.8
      vertex -54.7597 59.6782 -0.8
      vertex -55.3152 59.6151 -0.8
    endloop
  endfacet
  facet normal -0 0 -1
    outer loop
      vertex -54.9881 61.8559 -0.8
      vertex -55.3152 59.6151 -0.8
      vertex -55.3205 61.9179 -0.8
    endloop
  endfacet
  facet normal -0 0 -1
    outer loop
      vertex -55.3152 59.6151 -0.8
      vertex -55.7853 59.4258 -0.8
      vertex -56.0291 61.9675 -0.8
    endloop
  endfacet
  facet normal 0 -0 -1
    outer loop
      vertex -58.5905 61.1226 -0.8
      vertex -56.17 59.1103 -0.8
      vertex -58.8934 60.8174 -0.8
    endloop
  endfacet
  facet normal 0 -0 -1
    outer loop
      vertex -59.3824 60.0734 -0.8
      vertex -56.4691 58.6685 -0.8
      vertex -59.5657 59.6363 -0.8
    endloop
  endfacet
  facet normal 0 0 -1
    outer loop
      vertex -59.8713 58.0646 -0.8
      vertex -59.8102 58.6319 -0.8
      vertex -56.6828 58.1005 -0.8
    endloop
  endfacet
  facet normal 0 0 -1
    outer loop
      vertex -59.8713 58.0646 -0.8
      vertex -56.6828 58.1005 -0.8
      vertex -56.811 57.4063 -0.8
    endloop
  endfacet
  facet normal 0 -0 -1
    outer loop
      vertex -59.8713 58.0646 -0.8
      vertex -56.811 57.4063 -0.8
      vertex -59.8917 57.4539 -0.8
    endloop
  endfacet
  facet normal -0 0 -1
    outer loop
      vertex -56.8537 56.5859 -0.8
      vertex -59.8917 50 -0.8
      vertex -59.8917 57.4539 -0.8
    endloop
  endfacet
  facet normal 0 0 -1
    outer loop
      vertex -73.3667 53.661 -0.8
      vertex -73.5284 54.3506 -0.8
      vertex -70.4106 54.8156 -0.8
    endloop
  endfacet
  facet normal 0 0 -1
    outer loop
      vertex -56.8537 50 -0.8
      vertex -59.8917 50 -0.8
      vertex -56.8537 56.5859 -0.8
    endloop
  endfacet
  facet normal 0 0 -1
    outer loop
      vertex -72.0735 51.4051 -0.8
      vertex -72.4938 51.8937 -0.8
      vertex -69.9518 53.1771 -0.8
    endloop
  endfacet
  facet normal -0 0 -1
    outer loop
      vertex -56.811 57.4063 -0.8
      vertex -56.8537 56.5859 -0.8
      vertex -59.8917 57.4539 -0.8
    endloop
  endfacet
  facet normal 0 0 -1
    outer loop
      vertex -69.9518 53.1771 -0.8
      vertex -72.4938 51.8937 -0.8
      vertex -72.8494 52.4325 -0.8
    endloop
  endfacet
  facet normal 0 0 -1
    outer loop
      vertex -56.6828 58.1005 -0.8
      vertex -59.7083 59.1558 -0.8
      vertex -59.5657 59.6363 -0.8
    endloop
  endfacet
  facet normal 0 0 -1
    outer loop
      vertex -73.1404 53.0216 -0.8
      vertex -73.3667 53.661 -0.8
      vertex -70.2385 53.9144 -0.8
    endloop
  endfacet
  facet normal 0 -0 -1
    outer loop
      vertex -59.1583 60.4671 -0.8
      vertex -56.4691 58.6685 -0.8
      vertex -59.3824 60.0734 -0.8
    endloop
  endfacet
  facet normal 0 -0 -1
    outer loop
      vertex -69.9518 53.1771 -0.8
      vertex -69.5503 52.6036 -0.8
      vertex -71.5961 50.9748 -0.8
    endloop
  endfacet
  facet normal 0 -0 -1
    outer loop
      vertex -58.8934 60.8174 -0.8
      vertex -56.4691 58.6685 -0.8
      vertex -59.1583 60.4671 -0.8
    endloop
  endfacet
  facet normal 0 0 -1
    outer loop
      vertex -73.5341 57.4488 -0.8
      vertex -73.3797 58.1489 -0.8
      vertex -70.3423 57.4643 -0.8
    endloop
  endfacet
  facet normal -0 0 -1
    outer loop
      vertex -56.17 59.1103 -0.8
      vertex -56.4691 58.6685 -0.8
      vertex -58.8934 60.8174 -0.8
    endloop
  endfacet
  facet normal 0 0 -1
    outer loop
      vertex -69.2872 61.8286 -0.8
      vertex -68.4923 59.7856 -0.8
      vertex -68.8011 59.6893 -0.8
    endloop
  endfacet
  facet normal 0 -0 -1
    outer loop
      vertex -58.2522 61.3807 -0.8
      vertex -56.17 59.1103 -0.8
      vertex -58.5905 61.1226 -0.8
    endloop
  endfacet
  facet normal 0 0 -1
    outer loop
      vertex -68.4923 59.7856 -0.8
      vertex -69.2872 61.8286 -0.8
      vertex -68.549 61.9246 -0.8
    endloop
  endfacet
  facet normal 0 -0 -1
    outer loop
      vertex -57.8785 61.592 -0.8
      vertex -56.17 59.1103 -0.8
      vertex -58.2522 61.3807 -0.8
    endloop
  endfacet
  facet normal 0 0 -1
    outer loop
      vertex -68.1582 59.8434 -0.8
      vertex -67.7553 61.9566 -0.8
      vertex -67.7988 59.8627 -0.8
    endloop
  endfacet
  facet normal 0 -0 -1
    outer loop
      vertex -57.4693 61.7563 -0.8
      vertex -56.17 59.1103 -0.8
      vertex -57.8785 61.592 -0.8
    endloop
  endfacet
  facet normal 0 -0 -1
    outer loop
      vertex -66.9779 61.9235 -0.8
      vertex -66.2514 61.8242 -0.8
      vertex -67.0619 59.7814 -0.8
    endloop
  endfacet
  facet normal 0 -0 -1
    outer loop
      vertex -57.0247 61.8736 -0.8
      vertex -55.7853 59.4258 -0.8
      vertex -57.4693 61.7563 -0.8
    endloop
  endfacet
  facet normal 0 0 -1
    outer loop
      vertex -61.8523 55.0933 -0.8
      vertex -61.9479 54.3555 -0.8
      vertex -65.0766 54.8351 -0.8
    endloop
  endfacet
  facet normal 0 -0 -1
    outer loop
      vertex -56.5446 61.944 -0.8
      vertex -55.7853 59.4258 -0.8
      vertex -57.0247 61.8736 -0.8
    endloop
  endfacet
  facet normal -0 0 -1
    outer loop
      vertex -62.3306 58.722 -0.8
      vertex -65.2479 57.831 -0.8
      vertex -62.6175 59.3089 -0.8
    endloop
  endfacet
  facet normal 0 -0 -1
    outer loop
      vertex -56.0291 61.9675 -0.8
      vertex -55.7853 59.4258 -0.8
      vertex -56.5446 61.944 -0.8
    endloop
  endfacet
  facet normal -0 -0 -1
    outer loop
      vertex -55.6675 61.9551 -0.8
      vertex -55.3152 59.6151 -0.8
      vertex -56.0291 61.9675 -0.8
    endloop
  endfacet
  facet normal -0 -0 -1
    outer loop
      vertex -55.3205 61.9179 -0.8
      vertex -55.3152 59.6151 -0.8
      vertex -55.6675 61.9551 -0.8
    endloop
  endfacet
  facet normal 0 0 -1
    outer loop
      vertex -52.1007 61.4365 -0.8
      vertex -52.0892 61.5657 -0.8
      vertex -49.1879 61.3075 -0.8
    endloop
  endfacet
  facet normal 0 -0 -1
    outer loop
      vertex -54.6704 61.7691 -0.8
      vertex -54.3672 61.6575 -0.8
      vertex -54.7597 59.6782 -0.8
    endloop
  endfacet
  facet normal 0 -0 -1
    outer loop
      vertex -54.3672 61.6575 -0.8
      vertex -54.0787 61.5211 -0.8
      vertex -54.7597 59.6782 -0.8
    endloop
  endfacet
  facet normal 0 0 -1
    outer loop
      vertex -54.0787 61.5211 -0.8
      vertex -54.4522 59.6589 -0.8
      vertex -54.7597 59.6782 -0.8
    endloop
  endfacet
  facet normal 0 -0 -1
    outer loop
      vertex -53.8048 61.3598 -0.8
      vertex -53.5446 61.1712 -0.8
      vertex -54.4522 59.6589 -0.8
    endloop
  endfacet
  facet normal 0 0 -1
    outer loop
      vertex -53.5446 61.1712 -0.8
      vertex -54.1622 59.6007 -0.8
      vertex -54.4522 59.6589 -0.8
    endloop
  endfacet
  facet normal 0 0 -1
    outer loop
      vertex -53.2973 60.9524 -0.8
      vertex -53.8898 59.5038 -0.8
      vertex -54.1622 59.6007 -0.8
    endloop
  endfacet
  facet normal -0 0 -1
    outer loop
      vertex -53.0628 60.7036 -0.8
      vertex -53.8898 59.5038 -0.8
      vertex -53.2973 60.9524 -0.8
    endloop
  endfacet
  facet normal 0 0 -1
    outer loop
      vertex -52.8412 60.4246 -0.8
      vertex -53.6348 59.3682 -0.8
      vertex -53.8898 59.5038 -0.8
    endloop
  endfacet
  facet normal -0 0 -1
    outer loop
      vertex -52.6324 60.1155 -0.8
      vertex -53.6348 59.3682 -0.8
      vertex -52.8412 60.4246 -0.8
    endloop
  endfacet
  facet normal -0 0 -1
    outer loop
      vertex -52.4364 59.7762 -0.8
      vertex -53.3973 59.1938 -0.8
      vertex -52.6324 60.1155 -0.8
    endloop
  endfacet
  facet normal -0 0 -1
    outer loop
      vertex -52.2533 59.4069 -0.8
      vertex -53.1773 58.9807 -0.8
      vertex -52.4364 59.7762 -0.8
    endloop
  endfacet
  facet normal 0 0 -1
    outer loop
      vertex -52.9749 58.7288 -0.8
      vertex -53.1773 58.9807 -0.8
      vertex -52.2533 59.4069 -0.8
    endloop
  endfacet
  facet normal 0 0 -1
    outer loop
      vertex -52.795 58.4466 -0.8
      vertex -52.2533 59.4069 -0.8
      vertex -52.2099 59.4069 -0.8
    endloop
  endfacet
  facet normal 0 0 -1
    outer loop
      vertex -52.6427 58.1425 -0.8
      vertex -52.2099 59.4069 -0.8
      vertex -52.5182 57.8164 -0.8
    endloop
  endfacet
  facet normal 0 0 -1
    outer loop
      vertex -49.2206 60.66 -0.8
      vertex -49.2278 60.481 -0.8
      vertex -52.1557 60.6384 -0.8
    endloop
  endfacet
  facet normal 0 -0 -1
    outer loop
      vertex -52.1406 60.8801 -0.8
      vertex -49.2206 60.66 -0.8
      vertex -52.1557 60.6384 -0.8
    endloop
  endfacet
  facet normal 0 -0 -1
    outer loop
      vertex -52.1264 61.0937 -0.8
      vertex -49.2128 60.8295 -0.8
      vertex -52.1406 60.8801 -0.8
    endloop
  endfacet
  facet normal -0 0 -1
    outer loop
      vertex -49.2047 60.9939 -0.8
      vertex -49.2128 60.8295 -0.8
      vertex -52.1264 61.0937 -0.8
    endloop
  endfacet
  facet normal 0 0 -1
    outer loop
      vertex -49.2047 60.9939 -0.8
      vertex -52.1264 61.0937 -0.8
      vertex -52.1131 61.2791 -0.8
    endloop
  endfacet
  facet normal 0 0 -1
    outer loop
      vertex -49.2047 60.9939 -0.8
      vertex -52.1131 61.2791 -0.8
      vertex -49.1965 61.1533 -0.8
    endloop
  endfacet
  facet normal 0 0 -1
    outer loop
      vertex -52.1131 61.2791 -0.8
      vertex -52.1007 61.4365 -0.8
      vertex -49.1965 61.1533 -0.8
    endloop
  endfacet
  facet normal 0 0 -1
    outer loop
      vertex -52.1007 61.4365 -0.8
      vertex -49.1879 61.3075 -0.8
      vertex -49.1965 61.1533 -0.8
    endloop
  endfacet
  facet normal 0 0 -1
    outer loop
      vertex -52.0892 61.5657 -0.8
      vertex -52.0785 61.6667 -0.8
      vertex -49.1879 61.3075 -0.8
    endloop
  endfacet
  facet normal 0 0 -1
    outer loop
      vertex -52.0785 61.6667 -0.8
      vertex -49.1792 61.4567 -0.8
      vertex -49.1879 61.3075 -0.8
    endloop
  endfacet
  facet normal 0 -0 -1
    outer loop
      vertex -52.0688 61.7397 -0.8
      vertex -49.1792 61.4567 -0.8
      vertex -52.0785 61.6667 -0.8
    endloop
  endfacet
  facet normal -0 0 -1
    outer loop
      vertex -49.1703 61.6007 -0.8
      vertex -49.1792 61.4567 -0.8
      vertex -52.0688 61.7397 -0.8
    endloop
  endfacet
  facet normal 0 0 -1
    outer loop
      vertex -49.1703 61.6007 -0.8
      vertex -52.0688 61.7397 -0.8
      vertex -49.1611 61.7397 -0.8
    endloop
  endfacet
  facet normal 0 0 -1
    outer loop
      vertex -52.1406 60.8801 -0.8
      vertex -49.2128 60.8295 -0.8
      vertex -49.2206 60.66 -0.8
    endloop
  endfacet
  facet normal 0 -0 -1
    outer loop
      vertex -52.1701 60.3941 -0.8
      vertex -49.2389 60.0811 -0.8
      vertex -52.1822 60.1725 -0.8
    endloop
  endfacet
  facet normal -0 0 -1
    outer loop
      vertex -49.2389 60.0811 -0.8
      vertex -52.1922 59.9738 -0.8
      vertex -52.1822 60.1725 -0.8
    endloop
  endfacet
  facet normal 0 0 -1
    outer loop
      vertex -49.2428 59.8603 -0.8
      vertex -52.1922 59.9738 -0.8
      vertex -49.2389 60.0811 -0.8
    endloop
  endfacet
  facet normal 0 0 -1
    outer loop
      vertex -52.1999 59.7979 -0.8
      vertex -52.1922 59.9738 -0.8
      vertex -49.2428 59.8603 -0.8
    endloop
  endfacet
  facet normal 0 0 -1
    outer loop
      vertex -52.1999 59.7979 -0.8
      vertex -49.2428 59.8603 -0.8
      vertex -49.2456 59.6255 -0.8
    endloop
  endfacet
  facet normal 0 -0 -1
    outer loop
      vertex -52.1999 59.7979 -0.8
      vertex -49.2456 59.6255 -0.8
      vertex -52.2055 59.6447 -0.8
    endloop
  endfacet
  facet normal 0 0 -1
    outer loop
      vertex -49.2456 59.6255 -0.8
      vertex -49.2473 59.3768 -0.8
      vertex -52.2088 59.5144 -0.8
    endloop
  endfacet
  facet normal 0 0 -1
    outer loop
      vertex -49.2473 59.3768 -0.8
      vertex -52.2099 59.4069 -0.8
      vertex -52.2088 59.5144 -0.8
    endloop
  endfacet
  facet normal 0 0 -1
    outer loop
      vertex -49.2478 59.1141 -0.8
      vertex -52.2099 59.4069 -0.8
      vertex -49.2473 59.3768 -0.8
    endloop
  endfacet
  facet normal 0 0 -1
    outer loop
      vertex -52.5182 57.8164 -0.8
      vertex -52.2099 59.4069 -0.8
      vertex -49.2478 59.1141 -0.8
    endloop
  endfacet
  facet normal 0 0 -1
    outer loop
      vertex -52.5182 57.8164 -0.8
      vertex -49.2478 59.1141 -0.8
      vertex -52.4213 57.4685 -0.8
    endloop
  endfacet
  facet normal 0 0 -1
    outer loop
      vertex -49.2478 59.1141 -0.8
      vertex -52.3521 57.0986 -0.8
      vertex -52.4213 57.4685 -0.8
    endloop
  endfacet
  facet normal 0 0 -1
    outer loop
      vertex -52.3106 56.7067 -0.8
      vertex -52.3521 57.0986 -0.8
      vertex -49.2478 59.1141 -0.8
    endloop
  endfacet
  facet normal 0 0 -1
    outer loop
      vertex -52.2968 56.293 -0.8
      vertex -49.2478 59.1141 -0.8
      vertex -49.2478 50 -0.8
    endloop
  endfacet
  facet normal 0 0 -1
    outer loop
      vertex -52.2968 56.293 -0.8
      vertex -49.2478 50 -0.8
      vertex -52.2968 50 -0.8
    endloop
  endfacet
  facet normal -0 0 -1
    outer loop
      vertex -107.765 50.054 -0.8
      vertex -108.008 49.9734 -0.8
      vertex -109.42 52.1102 -0.8
    endloop
  endfacet
  facet normal 0 0 -1
    outer loop
      vertex -125.199 60.2881 -0.8
      vertex -128.136 60.3941 -0.8
      vertex -128.121 60.6384 -0.8
    endloop
  endfacet
  facet normal 0 -0 -1
    outer loop
      vertex -128.171 59.6447 -0.8
      vertex -125.211 59.6255 -0.8
      vertex -128.174 59.5144 -0.8
    endloop
  endfacet
  facet normal 0 0 -1
    outer loop
      vertex -125.193 60.481 -0.8
      vertex -128.121 60.6384 -0.8
      vertex -125.186 60.66 -0.8
    endloop
  endfacet
  facet normal 0 0 -1
    outer loop
      vertex -128.76 58.4466 -0.8
      vertex -128.175 59.4069 -0.8
      vertex -128.608 58.1425 -0.8
    endloop
  endfacet
  facet normal 0 0 -1
    outer loop
      vertex -128.94 58.7288 -0.8
      vertex -128.219 59.4069 -0.8
      vertex -128.76 58.4466 -0.8
    endloop
  endfacet
  facet normal 0 0 -1
    outer loop
      vertex -129.143 58.9807 -0.8
      vertex -129.363 59.1938 -0.8
      vertex -128.402 59.7762 -0.8
    endloop
  endfacet
  facet normal 0 0 -1
    outer loop
      vertex -129.363 59.1938 -0.8
      vertex -129.6 59.3682 -0.8
      vertex -128.598 60.1155 -0.8
    endloop
  endfacet
  facet normal -0 0 -1
    outer loop
      vertex -128.807 60.4246 -0.8
      vertex -129.855 59.5038 -0.8
      vertex -129.028 60.7036 -0.8
    endloop
  endfacet
  facet normal -0 0 -1
    outer loop
      vertex -129.263 60.9524 -0.8
      vertex -130.128 59.6007 -0.8
      vertex -129.51 61.1712 -0.8
    endloop
  endfacet
  facet normal -0 0 -1
    outer loop
      vertex -129.77 61.3598 -0.8
      vertex -130.418 59.6589 -0.8
      vertex -130.044 61.5211 -0.8
    endloop
  endfacet
  facet normal -0 0 -1
    outer loop
      vertex -130.636 61.7691 -0.8
      vertex -130.725 59.6782 -0.8
      vertex -130.954 61.8559 -0.8
    endloop
  endfacet
  facet normal 0 0 -1
    outer loop
      vertex -131.281 59.6151 -0.8
      vertex -131.286 61.9179 -0.8
      vertex -130.954 61.8559 -0.8
    endloop
  endfacet
  facet normal 0 0 -1
    outer loop
      vertex -131.751 59.4258 -0.8
      vertex -131.995 61.9675 -0.8
      vertex -131.281 59.6151 -0.8
    endloop
  endfacet
  facet normal 0 0 -1
    outer loop
      vertex -132.135 59.1103 -0.8
      vertex -133.435 61.7563 -0.8
      vertex -131.751 59.4258 -0.8
    endloop
  endfacet
  facet normal 0 0 -1
    outer loop
      vertex -134.859 60.8174 -0.8
      vertex -134.556 61.1226 -0.8
      vertex -132.135 59.1103 -0.8
    endloop
  endfacet
  facet normal 0 0 -1
    outer loop
      vertex -135.531 59.6363 -0.8
      vertex -135.348 60.0734 -0.8
      vertex -132.435 58.6685 -0.8
    endloop
  endfacet
  facet normal 0 0 -1
    outer loop
      vertex -135.674 59.1558 -0.8
      vertex -135.531 59.6363 -0.8
      vertex -132.648 58.1005 -0.8
    endloop
  endfacet
  facet normal 0 -0 -1
    outer loop
      vertex -135.674 59.1558 -0.8
      vertex -132.648 58.1005 -0.8
      vertex -135.776 58.6319 -0.8
    endloop
  endfacet
  facet normal -0 0 -1
    outer loop
      vertex -132.648 58.1005 -0.8
      vertex -135.837 58.0646 -0.8
      vertex -135.776 58.6319 -0.8
    endloop
  endfacet
  facet normal 0 0 -1
    outer loop
      vertex -132.776 57.4063 -0.8
      vertex -135.857 57.4539 -0.8
      vertex -135.837 58.0646 -0.8
    endloop
  endfacet
  facet normal 0 0 -1
    outer loop
      vertex -132.819 56.5859 -0.8
      vertex -135.857 57.4539 -0.8
      vertex -132.776 57.4063 -0.8
    endloop
  endfacet
  facet normal 0 0 -1
    outer loop
      vertex -135.857 50 -0.8
      vertex -135.857 57.4539 -0.8
      vertex -132.819 56.5859 -0.8
    endloop
  endfacet
  facet normal 0 0 -1
    outer loop
      vertex -109.89 51.7665 -0.8
      vertex -109.771 51.8047 -0.8
      vertex -109.657 49.9121 -0.8
    endloop
  endfacet
  facet normal 0 0 -1
    outer loop
      vertex -135.857 50 -0.8
      vertex -132.819 56.5859 -0.8
      vertex -132.819 50 -0.8
    endloop
  endfacet
  facet normal 0 0 -1
    outer loop
      vertex -132.776 57.4063 -0.8
      vertex -135.837 58.0646 -0.8
      vertex -132.648 58.1005 -0.8
    endloop
  endfacet
  facet normal 0 0 -1
    outer loop
      vertex -135.531 59.6363 -0.8
      vertex -132.435 58.6685 -0.8
      vertex -132.648 58.1005 -0.8
    endloop
  endfacet
  facet normal 0 0 -1
    outer loop
      vertex -147.934 52.1266 -0.8
      vertex -145.322 52.8511 -0.8
      vertex -147.42 51.4105 -0.8
    endloop
  endfacet
  facet normal 0 0 -1
    outer loop
      vertex -135.348 60.0734 -0.8
      vertex -135.124 60.4671 -0.8
      vertex -132.435 58.6685 -0.8
    endloop
  endfacet
  facet normal 0 0 -1
    outer loop
      vertex -147.934 52.1266 -0.8
      vertex -145.468 53.2224 -0.8
      vertex -145.322 52.8511 -0.8
    endloop
  endfacet
  facet normal 0 0 -1
    outer loop
      vertex -135.124 60.4671 -0.8
      vertex -134.859 60.8174 -0.8
      vertex -132.435 58.6685 -0.8
    endloop
  endfacet
  facet normal -0 0 -1
    outer loop
      vertex -145.128 52.5369 -0.8
      vertex -147.42 51.4105 -0.8
      vertex -145.322 52.8511 -0.8
    endloop
  endfacet
  facet normal 0 0 -1
    outer loop
      vertex -134.859 60.8174 -0.8
      vertex -132.135 59.1103 -0.8
      vertex -132.435 58.6685 -0.8
    endloop
  endfacet
  facet normal 0 0 -1
    outer loop
      vertex -147.934 52.1266 -0.8
      vertex -148.343 52.9729 -0.8
      vertex -145.468 53.2224 -0.8
    endloop
  endfacet
  facet normal 0 0 -1
    outer loop
      vertex -134.556 61.1226 -0.8
      vertex -134.218 61.3807 -0.8
      vertex -132.135 59.1103 -0.8
    endloop
  endfacet
  facet normal 0 0 -1
    outer loop
      vertex -147.42 51.4105 -0.8
      vertex -145.128 52.5369 -0.8
      vertex -146.801 50.8246 -0.8
    endloop
  endfacet
  facet normal 0 0 -1
    outer loop
      vertex -134.218 61.3807 -0.8
      vertex -133.844 61.592 -0.8
      vertex -132.135 59.1103 -0.8
    endloop
  endfacet
  facet normal 0 0 -1
    outer loop
      vertex -146.801 50.8246 -0.8
      vertex -145.128 52.5369 -0.8
      vertex -144.886 52.2799 -0.8
    endloop
  endfacet
  facet normal 0 0 -1
    outer loop
      vertex -133.844 61.592 -0.8
      vertex -133.435 61.7563 -0.8
      vertex -132.135 59.1103 -0.8
    endloop
  endfacet
  facet normal 0 0 -1
    outer loop
      vertex -133.435 61.7563 -0.8
      vertex -132.99 61.8736 -0.8
      vertex -131.751 59.4258 -0.8
    endloop
  endfacet
  facet normal 0 0 -1
    outer loop
      vertex -141.008 57.1936 -0.8
      vertex -137.815 56.7275 -0.8
      vertex -137.786 55.9241 -0.8
    endloop
  endfacet
  facet normal 0 0 -1
    outer loop
      vertex -132.99 61.8736 -0.8
      vertex -132.51 61.944 -0.8
      vertex -131.751 59.4258 -0.8
    endloop
  endfacet
  facet normal 0 0 -1
    outer loop
      vertex -145.565 57.1936 -0.8
      vertex -148.517 55.3707 -0.8
      vertex -148.489 56.2627 -0.8
    endloop
  endfacet
  facet normal 0 0 -1
    outer loop
      vertex -132.51 61.944 -0.8
      vertex -131.995 61.9675 -0.8
      vertex -131.751 59.4258 -0.8
    endloop
  endfacet
  facet normal 0 0 -1
    outer loop
      vertex -144.882 59.3256 -0.8
      vertex -146.322 61.1014 -0.8
      vertex -144.703 59.5141 -0.8
    endloop
  endfacet
  facet normal 0 0 -1
    outer loop
      vertex -125.153 61.3075 -0.8
      vertex -128.066 61.4365 -0.8
      vertex -128.055 61.5657 -0.8
    endloop
  endfacet
  facet normal 0 0 -1
    outer loop
      vertex -143.556 60.0218 -0.8
      vertex -143.319 61.9566 -0.8
      vertex -143.276 60.0363 -0.8
    endloop
  endfacet
  facet normal 0 0 -1
    outer loop
      vertex -142.979 60.021 -0.8
      vertex -143.319 61.9566 -0.8
      vertex -142.587 61.9247 -0.8
    endloop
  endfacet
  facet normal 0 0 -1
    outer loop
      vertex -131.995 61.9675 -0.8
      vertex -131.633 61.9551 -0.8
      vertex -131.281 59.6151 -0.8
    endloop
  endfacet
  facet normal 0 0 -1
    outer loop
      vertex -141.137 58.2371 -0.8
      vertex -141.224 58.5362 -0.8
      vertex -138.522 59.3916 -0.8
    endloop
  endfacet
  facet normal 0 0 -1
    outer loop
      vertex -131.633 61.9551 -0.8
      vertex -131.286 61.9179 -0.8
      vertex -131.281 59.6151 -0.8
    endloop
  endfacet
  facet normal -0 0 -1
    outer loop
      vertex -130.725 59.6782 -0.8
      vertex -131.281 59.6151 -0.8
      vertex -130.954 61.8559 -0.8
    endloop
  endfacet
  facet normal -0 0 -1
    outer loop
      vertex -130.333 61.6575 -0.8
      vertex -130.725 59.6782 -0.8
      vertex -130.636 61.7691 -0.8
    endloop
  endfacet
  facet normal -0 0 -1
    outer loop
      vertex -130.044 61.5211 -0.8
      vertex -130.725 59.6782 -0.8
      vertex -130.333 61.6575 -0.8
    endloop
  endfacet
  facet normal 0 0 -1
    outer loop
      vertex -130.418 59.6589 -0.8
      vertex -130.725 59.6782 -0.8
      vertex -130.044 61.5211 -0.8
    endloop
  endfacet
  facet normal -0 0 -1
    outer loop
      vertex -129.51 61.1712 -0.8
      vertex -130.418 59.6589 -0.8
      vertex -129.77 61.3598 -0.8
    endloop
  endfacet
  facet normal 0 0 -1
    outer loop
      vertex -130.128 59.6007 -0.8
      vertex -130.418 59.6589 -0.8
      vertex -129.51 61.1712 -0.8
    endloop
  endfacet
  facet normal 0 0 -1
    outer loop
      vertex -129.855 59.5038 -0.8
      vertex -130.128 59.6007 -0.8
      vertex -129.263 60.9524 -0.8
    endloop
  endfacet
  facet normal 0 0 -1
    outer loop
      vertex -129.855 59.5038 -0.8
      vertex -129.263 60.9524 -0.8
      vertex -129.028 60.7036 -0.8
    endloop
  endfacet
  facet normal 0 0 -1
    outer loop
      vertex -129.6 59.3682 -0.8
      vertex -129.855 59.5038 -0.8
      vertex -128.807 60.4246 -0.8
    endloop
  endfacet
  facet normal 0 0 -1
    outer loop
      vertex -129.6 59.3682 -0.8
      vertex -128.807 60.4246 -0.8
      vertex -128.598 60.1155 -0.8
    endloop
  endfacet
  facet normal 0 0 -1
    outer loop
      vertex -129.363 59.1938 -0.8
      vertex -128.598 60.1155 -0.8
      vertex -128.402 59.7762 -0.8
    endloop
  endfacet
  facet normal 0 0 -1
    outer loop
      vertex -129.143 58.9807 -0.8
      vertex -128.402 59.7762 -0.8
      vertex -128.219 59.4069 -0.8
    endloop
  endfacet
  facet normal 0 0 -1
    outer loop
      vertex -129.143 58.9807 -0.8
      vertex -128.219 59.4069 -0.8
      vertex -128.94 58.7288 -0.8
    endloop
  endfacet
  facet normal 0 -0 -1
    outer loop
      vertex -128.219 59.4069 -0.8
      vertex -128.175 59.4069 -0.8
      vertex -128.76 58.4466 -0.8
    endloop
  endfacet
  facet normal 0 0 -1
    outer loop
      vertex -125.204 60.0811 -0.8
      vertex -128.148 60.1725 -0.8
      vertex -128.136 60.3941 -0.8
    endloop
  endfacet
  facet normal 0 0 -1
    outer loop
      vertex -128.175 59.4069 -0.8
      vertex -128.484 57.8164 -0.8
      vertex -128.608 58.1425 -0.8
    endloop
  endfacet
  facet normal 0 0 -1
    outer loop
      vertex -125.199 60.2881 -0.8
      vertex -128.121 60.6384 -0.8
      vertex -125.193 60.481 -0.8
    endloop
  endfacet
  facet normal -0 0 -1
    outer loop
      vertex -125.178 60.8295 -0.8
      vertex -125.186 60.66 -0.8
      vertex -128.106 60.8801 -0.8
    endloop
  endfacet
  facet normal 0 0 -1
    outer loop
      vertex -125.178 60.8295 -0.8
      vertex -128.106 60.8801 -0.8
      vertex -128.092 61.0937 -0.8
    endloop
  endfacet
  facet normal 0 0 -1
    outer loop
      vertex -125.178 60.8295 -0.8
      vertex -128.092 61.0937 -0.8
      vertex -125.17 60.9939 -0.8
    endloop
  endfacet
  facet normal 0 0 -1
    outer loop
      vertex -128.092 61.0937 -0.8
      vertex -128.079 61.2791 -0.8
      vertex -125.17 60.9939 -0.8
    endloop
  endfacet
  facet normal 0 0 -1
    outer loop
      vertex -128.079 61.2791 -0.8
      vertex -125.162 61.1533 -0.8
      vertex -125.17 60.9939 -0.8
    endloop
  endfacet
  facet normal 0 -0 -1
    outer loop
      vertex -128.066 61.4365 -0.8
      vertex -125.162 61.1533 -0.8
      vertex -128.079 61.2791 -0.8
    endloop
  endfacet
  facet normal -0 0 -1
    outer loop
      vertex -125.153 61.3075 -0.8
      vertex -125.162 61.1533 -0.8
      vertex -128.066 61.4365 -0.8
    endloop
  endfacet
  facet normal 0 -0 -1
    outer loop
      vertex -128.044 61.6667 -0.8
      vertex -125.153 61.3075 -0.8
      vertex -128.055 61.5657 -0.8
    endloop
  endfacet
  facet normal -0 0 -1
    outer loop
      vertex -125.145 61.4567 -0.8
      vertex -125.153 61.3075 -0.8
      vertex -128.044 61.6667 -0.8
    endloop
  endfacet
  facet normal 0 0 -1
    outer loop
      vertex -125.145 61.4567 -0.8
      vertex -128.044 61.6667 -0.8
      vertex -128.034 61.7397 -0.8
    endloop
  endfacet
  facet normal 0 0 -1
    outer loop
      vertex -125.145 61.4567 -0.8
      vertex -128.034 61.7397 -0.8
      vertex -125.136 61.6007 -0.8
    endloop
  endfacet
  facet normal 0 0 -1
    outer loop
      vertex -128.034 61.7397 -0.8
      vertex -125.127 61.7397 -0.8
      vertex -125.136 61.6007 -0.8
    endloop
  endfacet
  facet normal -0 0 -1
    outer loop
      vertex -125.186 60.66 -0.8
      vertex -128.121 60.6384 -0.8
      vertex -128.106 60.8801 -0.8
    endloop
  endfacet
  facet normal 0 0 -1
    outer loop
      vertex -128.158 59.9738 -0.8
      vertex -128.148 60.1725 -0.8
      vertex -125.204 60.0811 -0.8
    endloop
  endfacet
  facet normal 0 0 -1
    outer loop
      vertex -128.158 59.9738 -0.8
      vertex -125.204 60.0811 -0.8
      vertex -125.208 59.8603 -0.8
    endloop
  endfacet
  facet normal 0 -0 -1
    outer loop
      vertex -128.158 59.9738 -0.8
      vertex -125.208 59.8603 -0.8
      vertex -128.165 59.7979 -0.8
    endloop
  endfacet
  facet normal 0 0 -1
    outer loop
      vertex -125.208 59.8603 -0.8
      vertex -125.211 59.6255 -0.8
      vertex -128.165 59.7979 -0.8
    endloop
  endfacet
  facet normal 0 0 -1
    outer loop
      vertex -125.211 59.6255 -0.8
      vertex -128.171 59.6447 -0.8
      vertex -128.165 59.7979 -0.8
    endloop
  endfacet
  facet normal 0 0 -1
    outer loop
      vertex -125.213 59.3768 -0.8
      vertex -128.174 59.5144 -0.8
      vertex -125.211 59.6255 -0.8
    endloop
  endfacet
  facet normal 0 0 -1
    outer loop
      vertex -128.175 59.4069 -0.8
      vertex -128.174 59.5144 -0.8
      vertex -125.213 59.3768 -0.8
    endloop
  endfacet
  facet normal 0 0 -1
    outer loop
      vertex -128.175 59.4069 -0.8
      vertex -125.213 59.3768 -0.8
      vertex -125.213 59.1141 -0.8
    endloop
  endfacet
  facet normal 0 -0 -1
    outer loop
      vertex -128.175 59.4069 -0.8
      vertex -125.213 59.1141 -0.8
      vertex -128.484 57.8164 -0.8
    endloop
  endfacet
  facet normal 0 0 -1
    outer loop
      vertex -125.213 59.1141 -0.8
      vertex -128.387 57.4685 -0.8
      vertex -128.484 57.8164 -0.8
    endloop
  endfacet
  facet normal 0 0 -1
    outer loop
      vertex -128.318 57.0986 -0.8
      vertex -128.387 57.4685 -0.8
      vertex -125.213 59.1141 -0.8
    endloop
  endfacet
  facet normal 0 -0 -1
    outer loop
      vertex -125.213 59.1141 -0.8
      vertex -125.213 50 -0.8
      vertex -128.262 56.293 -0.8
    endloop
  endfacet
  facet normal 0 0 -1
    outer loop
      vertex -125.213 50 -0.8
      vertex -128.262 50 -0.8
      vertex -128.262 56.293 -0.8
    endloop
  endfacet
  facet normal 0 0 -1
    outer loop
      vertex -109.975 49.9555 -0.8
      vertex -110.037 49.9661 -0.8
      vertex -110.02 51.7436 -0.8
    endloop
  endfacet
  facet normal 0 0 -1
    outer loop
      vertex -73.6577 55.8806 -0.8
      vertex -70.454 56.4555 -0.8
      vertex -70.4679 55.8806 -0.8
    endloop
  endfacet
  facet normal 0 0 -1
    outer loop
      vertex -71.0692 50.6106 -0.8
      vertex -69.5503 52.6036 -0.8
      vertex -70.4926 50.3127 -0.8
    endloop
  endfacet
  facet normal 0 0 -1
    outer loop
      vertex -70.4121 56.9834 -0.8
      vertex -70.454 56.4555 -0.8
      vertex -73.6268 56.6927 -0.8
    endloop
  endfacet
  facet normal 0 0 -1
    outer loop
      vertex -69.0341 52.1939 -0.8
      vertex -69.8664 50.081 -0.8
      vertex -70.4926 50.3127 -0.8
    endloop
  endfacet
  facet normal -0 0 -1
    outer loop
      vertex -68.4033 51.9482 -0.8
      vertex -69.1907 49.9155 -0.8
      vertex -69.0341 52.1939 -0.8
    endloop
  endfacet
  facet normal 0 0 -1
    outer loop
      vertex -82.3352 52.0941 -0.8
      vertex -81.3491 52.8441 -0.8
      vertex -81.2165 52.6898 -0.8
    endloop
  endfacet
  facet normal 0 0 -1
    outer loop
      vertex -77.1499 49.9534 -0.8
      vertex -78.4237 52.3165 -0.8
      vertex -76.7702 50.086 -0.8
    endloop
  endfacet
  facet normal 0 0 -1
    outer loop
      vertex -66.9779 61.9235 -0.8
      vertex -67.0619 59.7814 -0.8
      vertex -67.7988 59.8627 -0.8
    endloop
  endfacet
  facet normal 0 0 -1
    outer loop
      vertex -78.3215 52.4415 -0.8
      vertex -76.1024 50.4646 -0.8
      vertex -76.421 50.2563 -0.8
    endloop
  endfacet
  facet normal 0 0 -1
    outer loop
      vertex -70.5967 61.4447 -0.8
      vertex -69.3432 59.3811 -0.8
      vertex -69.5763 59.1692 -0.8
    endloop
  endfacet
  facet normal 0 -0 -1
    outer loop
      vertex -78.1643 52.744 -0.8
      vertex -75.561 50.9911 -0.8
      vertex -78.2351 52.584 -0.8
    endloop
  endfacet
  facet normal 0 0 -1
    outer loop
      vertex -68.8011 59.6893 -0.8
      vertex -69.9697 61.6687 -0.8
      vertex -69.2872 61.8286 -0.8
    endloop
  endfacet
  facet normal 0 -0 -1
    outer loop
      vertex -78.1093 52.9214 -0.8
      vertex -75.1713 51.6444 -0.8
      vertex -78.1643 52.744 -0.8
    endloop
  endfacet
  facet normal 0 0 -1
    outer loop
      vertex -78.0433 53.7395 -0.8
      vertex -74.9565 54.2908 -0.8
      vertex -74.8838 53.8232 -0.8
    endloop
  endfacet
  facet normal 0 0 -1
    outer loop
      vertex -68.549 61.9246 -0.8
      vertex -67.7553 61.9566 -0.8
      vertex -68.1582 59.8434 -0.8
    endloop
  endfacet
  facet normal 0 0 -1
    outer loop
      vertex -79.8419 49.9717 -0.8
      vertex -79.449 51.9096 -0.8
      vertex -79.2713 51.9179 -0.8
    endloop
  endfacet
  facet normal 0 0 -1
    outer loop
      vertex -78.2719 54.6003 -0.8
      vertex -78.3428 54.7078 -0.8
      vertex -76.8137 56.5671 -0.8
    endloop
  endfacet
  facet normal 0 0 -1
    outer loop
      vertex -82.4002 52.0941 -0.8
      vertex -81.7734 53.5783 -0.8
      vertex -81.6842 53.3798 -0.8
    endloop
  endfacet
  facet normal 0 0 -1
    outer loop
      vertex -69.9656 58.6255 -0.8
      vertex -72.1441 60.3888 -0.8
      vertex -69.7842 58.9187 -0.8
    endloop
  endfacet
  facet normal 0 0 -1
    outer loop
      vertex -85.0693 53.472 -0.8
      vertex -82.0205 54.839 -0.8
      vertex -82.0136 54.6206 -0.8
    endloop
  endfacet
  facet normal -0 0 -1
    outer loop
      vertex -61.8204 55.8806 -0.8
      vertex -65.035 55.3387 -0.8
      vertex -65.0212 55.8806 -0.8
    endloop
  endfacet
  facet normal -0 0 -1
    outer loop
      vertex -61.9479 57.4001 -0.8
      vertex -65.0779 56.9371 -0.8
      vertex -62.1074 58.0857 -0.8
    endloop
  endfacet
  facet normal 0 0 -1
    outer loop
      vertex -80.4363 61.9566 -0.8
      vertex -80.5562 59.9707 -0.8
      vertex -81.051 61.9343 -0.8
    endloop
  endfacet
  facet normal -0 0 -1
    outer loop
      vertex -61.8523 56.665 -0.8
      vertex -65.0212 55.8806 -0.8
      vertex -65.0779 56.9371 -0.8
    endloop
  endfacet
  facet normal -0 0 -1
    outer loop
      vertex -81.619 59.4232 -0.8
      vertex -81.7256 59.2515 -0.8
      vertex -83.5001 61.1515 -0.8
    endloop
  endfacet
  facet normal 0 0 -1
    outer loop
      vertex -65.2479 57.831 -0.8
      vertex -65.5314 58.5624 -0.8
      vertex -62.6175 59.3089 -0.8
    endloop
  endfacet
  facet normal 0 0 -1
    outer loop
      vertex -79.0639 59.5968 -0.8
      vertex -78.222 61.6679 -0.8
      vertex -77.7631 61.5054 -0.8
    endloop
  endfacet
  facet normal -0 0 -1
    outer loop
      vertex -75.6388 59.3857 -0.8
      vertex -78.6042 58.5658 -0.8
      vertex -75.8226 59.7908 -0.8
    endloop
  endfacet
  facet normal -0 0 -1
    outer loop
      vertex -75.4949 58.9468 -0.8
      vertex -78.6042 58.5658 -0.8
      vertex -75.6388 59.3857 -0.8
    endloop
  endfacet
  facet normal 0 0 -1
    outer loop
      vertex -78.5703 58.3219 -0.8
      vertex -75.4949 58.9468 -0.8
      vertex -75.3912 58.4739 -0.8
    endloop
  endfacet
  facet normal -0 0 -1
    outer loop
      vertex -61.8523 55.0933 -0.8
      vertex -65.0766 54.8351 -0.8
      vertex -65.035 55.3387 -0.8
    endloop
  endfacet
  facet normal 0 -0 -1
    outer loop
      vertex -63.8547 60.7649 -0.8
      vertex -63.3828 60.3345 -0.8
      vertex -65.5314 58.5624 -0.8
    endloop
  endfacet
  facet normal 0 -0 -1
    outer loop
      vertex -64.3775 61.129 -0.8
      vertex -63.8547 60.7649 -0.8
      vertex -65.9282 59.1313 -0.8
    endloop
  endfacet
  facet normal 0 0 -1
    outer loop
      vertex -62.3306 53.0287 -0.8
      vertex -65.1458 54.3697 -0.8
      vertex -62.1074 53.6673 -0.8
    endloop
  endfacet
  facet normal 0 0 -1
    outer loop
      vertex -66.4383 59.5376 -0.8
      vertex -66.2514 61.8242 -0.8
      vertex -65.5758 61.6587 -0.8
    endloop
  endfacet
  facet normal 0 0 -1
    outer loop
      vertex -73.1634 58.7929 -0.8
      vertex -70.2447 57.8983 -0.8
      vertex -70.3423 57.4643 -0.8
    endloop
  endfacet
  facet normal 0 -0 -1
    outer loop
      vertex -65.5194 53.2036 -0.8
      vertex -63.3828 51.4106 -0.8
      vertex -65.6993 52.8915 -0.8
    endloop
  endfacet
  facet normal 0 0 -1
    outer loop
      vertex -66.1359 52.3893 -0.8
      vertex -65.9053 52.6195 -0.8
      vertex -64.3721 50.6134 -0.8
    endloop
  endfacet
  facet normal -0 0 -1
    outer loop
      vertex -66.2182 49.9159 -0.8
      vertex -66.9301 49.8163 -0.8
      vertex -66.9752 51.9499 -0.8
    endloop
  endfacet
  facet normal 0 0 -1
    outer loop
      vertex -66.2182 49.9159 -0.8
      vertex -66.6709 52.0546 -0.8
      vertex -65.5546 50.082 -0.8
    endloop
  endfacet
  facet normal 0 0 -1
    outer loop
      vertex -66.9752 51.9499 -0.8
      vertex -66.6709 52.0546 -0.8
      vertex -66.2182 49.9159 -0.8
    endloop
  endfacet
  facet normal 0 0 -1
    outer loop
      vertex -66.6709 52.0546 -0.8
      vertex -66.3911 52.201 -0.8
      vertex -65.5546 50.082 -0.8
    endloop
  endfacet
  facet normal 0 0 -1
    outer loop
      vertex -66.3911 52.201 -0.8
      vertex -64.9392 50.3145 -0.8
      vertex -65.5546 50.082 -0.8
    endloop
  endfacet
  facet normal 0 0 -1
    outer loop
      vertex -66.3911 52.201 -0.8
      vertex -66.1359 52.3893 -0.8
      vertex -64.9392 50.3145 -0.8
    endloop
  endfacet
  facet normal 0 0 -1
    outer loop
      vertex -67.3042 51.8872 -0.8
      vertex -66.9752 51.9499 -0.8
      vertex -66.9301 49.8163 -0.8
    endloop
  endfacet
  facet normal -0 0 -1
    outer loop
      vertex -66.9301 49.8163 -0.8
      vertex -67.6903 49.7831 -0.8
      vertex -67.3042 51.8872 -0.8
    endloop
  endfacet
  facet normal 0 0 -1
    outer loop
      vertex -67.6903 49.7831 -0.8
      vertex -67.6577 51.8662 -0.8
      vertex -67.3042 51.8872 -0.8
    endloop
  endfacet
  facet normal 0 0 -1
    outer loop
      vertex -67.6903 49.7831 -0.8
      vertex -68.4653 49.8161 -0.8
      vertex -67.6577 51.8662 -0.8
    endloop
  endfacet
  facet normal 0 0 -1
    outer loop
      vertex -66.1359 52.3893 -0.8
      vertex -64.3721 50.6134 -0.8
      vertex -64.9392 50.3145 -0.8
    endloop
  endfacet
  facet normal 0 0 -1
    outer loop
      vertex -65.9053 52.6195 -0.8
      vertex -63.8533 50.9788 -0.8
      vertex -64.3721 50.6134 -0.8
    endloop
  endfacet
  facet normal -0 0 -1
    outer loop
      vertex -63.3828 51.4106 -0.8
      vertex -63.8533 50.9788 -0.8
      vertex -65.6993 52.8915 -0.8
    endloop
  endfacet
  facet normal 0 -0 -1
    outer loop
      vertex -65.6993 52.8915 -0.8
      vertex -63.8533 50.9788 -0.8
      vertex -65.9053 52.6195 -0.8
    endloop
  endfacet
  facet normal 0 -0 -1
    outer loop
      vertex -65.3672 53.554 -0.8
      vertex -62.9683 51.9004 -0.8
      vertex -65.5194 53.2036 -0.8
    endloop
  endfacet
  facet normal 0 0 -1
    outer loop
      vertex -65.5194 53.2036 -0.8
      vertex -62.9683 51.9004 -0.8
      vertex -63.3828 51.4106 -0.8
    endloop
  endfacet
  facet normal 0 -0 -1
    outer loop
      vertex -65.2426 53.9427 -0.8
      vertex -62.6175 52.4398 -0.8
      vertex -65.3672 53.554 -0.8
    endloop
  endfacet
  facet normal 0 0 -1
    outer loop
      vertex -65.3672 53.554 -0.8
      vertex -62.6175 52.4398 -0.8
      vertex -62.9683 51.9004 -0.8
    endloop
  endfacet
  facet normal 0 -0 -1
    outer loop
      vertex -65.1458 54.3697 -0.8
      vertex -62.3306 53.0287 -0.8
      vertex -65.2426 53.9427 -0.8
    endloop
  endfacet
  facet normal 0 0 -1
    outer loop
      vertex -65.2426 53.9427 -0.8
      vertex -62.3306 53.0287 -0.8
      vertex -62.6175 52.4398 -0.8
    endloop
  endfacet
  facet normal 0 -0 -1
    outer loop
      vertex -65.0766 54.8351 -0.8
      vertex -61.9479 54.3555 -0.8
      vertex -65.1458 54.3697 -0.8
    endloop
  endfacet
  facet normal 0 0 -1
    outer loop
      vertex -65.1458 54.3697 -0.8
      vertex -61.9479 54.3555 -0.8
      vertex -62.1074 53.6673 -0.8
    endloop
  endfacet
  facet normal 0 0 -1
    outer loop
      vertex -61.8523 55.0933 -0.8
      vertex -65.035 55.3387 -0.8
      vertex -61.8204 55.8806 -0.8
    endloop
  endfacet
  facet normal 0 0 -1
    outer loop
      vertex -61.8204 55.8806 -0.8
      vertex -65.0212 55.8806 -0.8
      vertex -61.8523 56.665 -0.8
    endloop
  endfacet
  facet normal 0 0 -1
    outer loop
      vertex -61.8523 56.665 -0.8
      vertex -65.0779 56.9371 -0.8
      vertex -61.9479 57.4001 -0.8
    endloop
  endfacet
  facet normal 0 0 -1
    outer loop
      vertex -65.0779 56.9371 -0.8
      vertex -65.2479 57.831 -0.8
      vertex -62.1074 58.0857 -0.8
    endloop
  endfacet
  facet normal 0 -0 -1
    outer loop
      vertex -62.3306 58.722 -0.8
      vertex -62.1074 58.0857 -0.8
      vertex -65.2479 57.831 -0.8
    endloop
  endfacet
  facet normal 0 0 -1
    outer loop
      vertex -65.5314 58.5624 -0.8
      vertex -62.9683 59.8464 -0.8
      vertex -62.6175 59.3089 -0.8
    endloop
  endfacet
  facet normal 0 -0 -1
    outer loop
      vertex -63.3828 60.3345 -0.8
      vertex -62.9683 59.8464 -0.8
      vertex -65.5314 58.5624 -0.8
    endloop
  endfacet
  facet normal 0 0 -1
    outer loop
      vertex -63.8547 60.7649 -0.8
      vertex -65.5314 58.5624 -0.8
      vertex -65.9282 59.1313 -0.8
    endloop
  endfacet
  facet normal -0 0 -1
    outer loop
      vertex -64.3775 61.129 -0.8
      vertex -65.9282 59.1313 -0.8
      vertex -64.9512 61.427 -0.8
    endloop
  endfacet
  facet normal 0 0 -1
    outer loop
      vertex -66.4383 59.5376 -0.8
      vertex -65.5758 61.6587 -0.8
      vertex -64.9512 61.427 -0.8
    endloop
  endfacet
  facet normal 0 0 -1
    outer loop
      vertex -65.9282 59.1313 -0.8
      vertex -66.4383 59.5376 -0.8
      vertex -64.9512 61.427 -0.8
    endloop
  endfacet
  facet normal 0 0 -1
    outer loop
      vertex -67.0619 59.7814 -0.8
      vertex -66.2514 61.8242 -0.8
      vertex -66.4383 59.5376 -0.8
    endloop
  endfacet
  facet normal 0 0 -1
    outer loop
      vertex -67.7988 59.8627 -0.8
      vertex -67.7553 61.9566 -0.8
      vertex -66.9779 61.9235 -0.8
    endloop
  endfacet
  facet normal -0 0 -1
    outer loop
      vertex -68.1582 59.8434 -0.8
      vertex -68.4923 59.7856 -0.8
      vertex -68.549 61.9246 -0.8
    endloop
  endfacet
  facet normal 0 0 -1
    outer loop
      vertex -69.3432 59.3811 -0.8
      vertex -69.9697 61.6687 -0.8
      vertex -69.0848 59.5545 -0.8
    endloop
  endfacet
  facet normal 0 0 -1
    outer loop
      vertex -69.0848 59.5545 -0.8
      vertex -69.9697 61.6687 -0.8
      vertex -68.8011 59.6893 -0.8
    endloop
  endfacet
  facet normal 0 0 -1
    outer loop
      vertex -70.5967 61.4447 -0.8
      vertex -69.9697 61.6687 -0.8
      vertex -69.3432 59.3811 -0.8
    endloop
  endfacet
  facet normal 0 0 -1
    outer loop
      vertex -71.6839 60.8047 -0.8
      vertex -71.1681 61.1567 -0.8
      vertex -69.5763 59.1692 -0.8
    endloop
  endfacet
  facet normal 0 0 -1
    outer loop
      vertex -69.5763 59.1692 -0.8
      vertex -71.1681 61.1567 -0.8
      vertex -70.5967 61.4447 -0.8
    endloop
  endfacet
  facet normal 0 0 -1
    outer loop
      vertex -72.1441 60.3888 -0.8
      vertex -71.6839 60.8047 -0.8
      vertex -69.7842 58.9187 -0.8
    endloop
  endfacet
  facet normal 0 0 -1
    outer loop
      vertex -69.7842 58.9187 -0.8
      vertex -71.6839 60.8047 -0.8
      vertex -69.5763 59.1692 -0.8
    endloop
  endfacet
  facet normal 0 0 -1
    outer loop
      vertex -70.1191 58.2854 -0.8
      vertex -72.5457 59.9129 -0.8
      vertex -69.9656 58.6255 -0.8
    endloop
  endfacet
  facet normal 0 0 -1
    outer loop
      vertex -69.9656 58.6255 -0.8
      vertex -72.5457 59.9129 -0.8
      vertex -72.1441 60.3888 -0.8
    endloop
  endfacet
  facet normal 0 0 -1
    outer loop
      vertex -70.2447 57.8983 -0.8
      vertex -72.8854 59.3809 -0.8
      vertex -70.1191 58.2854 -0.8
    endloop
  endfacet
  facet normal 0 0 -1
    outer loop
      vertex -70.1191 58.2854 -0.8
      vertex -72.8854 59.3809 -0.8
      vertex -72.5457 59.9129 -0.8
    endloop
  endfacet
  facet normal 0 0 -1
    outer loop
      vertex -73.1634 58.7929 -0.8
      vertex -72.8854 59.3809 -0.8
      vertex -70.2447 57.8983 -0.8
    endloop
  endfacet
  facet normal 0 0 -1
    outer loop
      vertex -70.3423 57.4643 -0.8
      vertex -73.3797 58.1489 -0.8
      vertex -73.1634 58.7929 -0.8
    endloop
  endfacet
  facet normal 0 0 -1
    outer loop
      vertex -70.4121 56.9834 -0.8
      vertex -73.5341 57.4488 -0.8
      vertex -70.3423 57.4643 -0.8
    endloop
  endfacet
  facet normal 0 0 -1
    outer loop
      vertex -73.6268 56.6927 -0.8
      vertex -73.5341 57.4488 -0.8
      vertex -70.4121 56.9834 -0.8
    endloop
  endfacet
  facet normal 0 0 -1
    outer loop
      vertex -73.6577 55.8806 -0.8
      vertex -73.6268 56.6927 -0.8
      vertex -70.454 56.4555 -0.8
    endloop
  endfacet
  facet normal 0 0 -1
    outer loop
      vertex -73.6254 55.0905 -0.8
      vertex -73.6577 55.8806 -0.8
      vertex -70.4679 55.8806 -0.8
    endloop
  endfacet
  facet normal 0 0 -1
    outer loop
      vertex -73.5284 54.3506 -0.8
      vertex -73.6254 55.0905 -0.8
      vertex -70.4106 54.8156 -0.8
    endloop
  endfacet
  facet normal 0 0 -1
    outer loop
      vertex -73.3667 53.661 -0.8
      vertex -70.4106 54.8156 -0.8
      vertex -70.2385 53.9144 -0.8
    endloop
  endfacet
  facet normal 0 0 -1
    outer loop
      vertex -73.1404 53.0216 -0.8
      vertex -70.2385 53.9144 -0.8
      vertex -72.8494 52.4325 -0.8
    endloop
  endfacet
  facet normal 0 -0 -1
    outer loop
      vertex -70.2385 53.9144 -0.8
      vertex -69.9518 53.1771 -0.8
      vertex -72.8494 52.4325 -0.8
    endloop
  endfacet
  facet normal 0 0 -1
    outer loop
      vertex -69.9518 53.1771 -0.8
      vertex -71.5961 50.9748 -0.8
      vertex -72.0735 51.4051 -0.8
    endloop
  endfacet
  facet normal 0 0 -1
    outer loop
      vertex -69.5503 52.6036 -0.8
      vertex -71.0692 50.6106 -0.8
      vertex -71.5961 50.9748 -0.8
    endloop
  endfacet
  facet normal -0 0 -1
    outer loop
      vertex -69.0341 52.1939 -0.8
      vertex -70.4926 50.3127 -0.8
      vertex -69.5503 52.6036 -0.8
    endloop
  endfacet
  facet normal 0 0 -1
    outer loop
      vertex -69.1907 49.9155 -0.8
      vertex -69.8664 50.081 -0.8
      vertex -69.0341 52.1939 -0.8
    endloop
  endfacet
  facet normal 0 0 -1
    outer loop
      vertex -68.4653 49.8161 -0.8
      vertex -68.4033 51.9482 -0.8
      vertex -67.6577 51.8662 -0.8
    endloop
  endfacet
  facet normal 0 0 -1
    outer loop
      vertex -68.4653 49.8161 -0.8
      vertex -69.1907 49.9155 -0.8
      vertex -68.4033 51.9482 -0.8
    endloop
  endfacet
  facet normal 0 0 -1
    outer loop
      vertex -78.3428 54.7078 -0.8
      vertex -78.4224 54.8072 -0.8
      vertex -76.8137 56.5671 -0.8
    endloop
  endfacet
  facet normal 0 0 -1
    outer loop
      vertex -76.0475 56.0976 -0.8
      vertex -78.1576 54.3559 -0.8
      vertex -78.21 54.4834 -0.8
    endloop
  endfacet
  facet normal 0 0 -1
    outer loop
      vertex -75.4949 58.9468 -0.8
      vertex -78.5703 58.3219 -0.8
      vertex -78.6042 58.5658 -0.8
    endloop
  endfacet
  facet normal -0 0 -1
    outer loop
      vertex -81.9468 58.5916 -0.8
      vertex -81.9877 58.3233 -0.8
      vertex -84.971 58.8248 -0.8
    endloop
  endfacet
  facet normal 0 -0 -1
    outer loop
      vertex -85.0693 53.472 -0.8
      vertex -82.4002 52.0941 -0.8
      vertex -85.0738 53.2024 -0.8
    endloop
  endfacet
  facet normal 0 0 -1
    outer loop
      vertex -82.4002 52.0941 -0.8
      vertex -85.1101 52.7383 -0.8
      vertex -85.0874 52.9578 -0.8
    endloop
  endfacet
  facet normal 0 -0 -1
    outer loop
      vertex -86.6143 51.7838 -0.8
      vertex -86.52 51.7692 -0.8
      vertex -86.7077 50.1518 -0.8
    endloop
  endfacet
  facet normal 0 0 -1
    outer loop
      vertex -84.9341 49.8716 -0.8
      vertex -85.5372 51.8582 -0.8
      vertex -84.8461 49.8702 -0.8
    endloop
  endfacet
  facet normal 0 0 -1
    outer loop
      vertex -84.7547 49.8698 -0.8
      vertex -85.4432 51.9269 -0.8
      vertex -84.4384 49.8813 -0.8
    endloop
  endfacet
  facet normal 0 0 -1
    outer loop
      vertex -85.3614 52.0109 -0.8
      vertex -83.8795 49.9734 -0.8
      vertex -84.1467 49.9158 -0.8
    endloop
  endfacet
  facet normal 0 0 -1
    outer loop
      vertex -85.3614 52.0109 -0.8
      vertex -84.1467 49.9158 -0.8
      vertex -84.4384 49.8813 -0.8
    endloop
  endfacet
  facet normal 0 0 -1
    outer loop
      vertex -85.4432 51.9269 -0.8
      vertex -85.3614 52.0109 -0.8
      vertex -84.4384 49.8813 -0.8
    endloop
  endfacet
  facet normal 0 0 -1
    outer loop
      vertex -85.5372 51.8582 -0.8
      vertex -85.4432 51.9269 -0.8
      vertex -84.8461 49.8702 -0.8
    endloop
  endfacet
  facet normal 0 0 -1
    outer loop
      vertex -85.5372 51.8582 -0.8
      vertex -85.1001 49.8769 -0.8
      vertex -85.1782 49.8809 -0.8
    endloop
  endfacet
  facet normal 0 0 -1
    outer loop
      vertex -85.0188 49.8738 -0.8
      vertex -85.1001 49.8769 -0.8
      vertex -85.5372 51.8582 -0.8
    endloop
  endfacet
  facet normal 0 0 -1
    outer loop
      vertex -85.1782 49.8809 -0.8
      vertex -85.2529 49.8858 -0.8
      vertex -85.6434 51.8047 -0.8
    endloop
  endfacet
  facet normal 0 0 -1
    outer loop
      vertex -85.6434 51.8047 -0.8
      vertex -85.3243 49.8915 -0.8
      vertex -85.3935 49.8979 -0.8
    endloop
  endfacet
  facet normal 0 0 -1
    outer loop
      vertex -85.6434 51.8047 -0.8
      vertex -85.3935 49.8979 -0.8
      vertex -85.4616 49.9048 -0.8
    endloop
  endfacet
  facet normal 0 0 -1
    outer loop
      vertex -85.6434 51.8047 -0.8
      vertex -85.4616 49.9048 -0.8
      vertex -85.5286 49.9121 -0.8
    endloop
  endfacet
  facet normal 0 0 -1
    outer loop
      vertex -85.7618 51.7665 -0.8
      vertex -85.5286 49.9121 -0.8
      vertex -85.5945 49.9198 -0.8
    endloop
  endfacet
  facet normal 0 0 -1
    outer loop
      vertex -85.7229 49.9367 -0.8
      vertex -85.7618 51.7665 -0.8
      vertex -85.6593 49.928 -0.8
    endloop
  endfacet
  facet normal 0 0 -1
    outer loop
      vertex -85.7855 49.9458 -0.8
      vertex -85.7618 51.7665 -0.8
      vertex -85.7229 49.9367 -0.8
    endloop
  endfacet
  facet normal 0 0 -1
    outer loop
      vertex -85.8923 51.7436 -0.8
      vertex -85.7618 51.7665 -0.8
      vertex -85.7855 49.9458 -0.8
    endloop
  endfacet
  facet normal 0 0 -1
    outer loop
      vertex -85.8923 51.7436 -0.8
      vertex -85.7855 49.9458 -0.8
      vertex -85.8474 49.9555 -0.8
    endloop
  endfacet
  facet normal 0 -0 -1
    outer loop
      vertex -85.8923 51.7436 -0.8
      vertex -85.8474 49.9555 -0.8
      vertex -85.9094 49.9661 -0.8
    endloop
  endfacet
  facet normal 0 0 -1
    outer loop
      vertex -85.8923 51.7436 -0.8
      vertex -85.9094 49.9661 -0.8
      vertex -85.9714 49.9776 -0.8
    endloop
  endfacet
  facet normal 0 0 -1
    outer loop
      vertex -85.8923 51.7436 -0.8
      vertex -85.9714 49.9776 -0.8
      vertex -86.0334 49.99 -0.8
    endloop
  endfacet
  facet normal 0 0 -1
    outer loop
      vertex -85.8923 51.7436 -0.8
      vertex -86.0334 49.99 -0.8
      vertex -86.0954 50.0033 -0.8
    endloop
  endfacet
  facet normal 0 0 -1
    outer loop
      vertex -85.8923 51.7436 -0.8
      vertex -86.0954 50.0033 -0.8
      vertex -86.035 51.736 -0.8
    endloop
  endfacet
  facet normal 0 0 -1
    outer loop
      vertex -86.0954 50.0033 -0.8
      vertex -86.1574 50.0174 -0.8
      vertex -86.035 51.736 -0.8
    endloop
  endfacet
  facet normal 0 0 -1
    outer loop
      vertex -86.1574 50.0174 -0.8
      vertex -86.2194 50.0325 -0.8
      vertex -86.035 51.736 -0.8
    endloop
  endfacet
  facet normal 0 0 -1
    outer loop
      vertex -86.2194 50.0325 -0.8
      vertex -86.2825 50.0482 -0.8
      vertex -86.035 51.736 -0.8
    endloop
  endfacet
  facet normal 0 0 -1
    outer loop
      vertex -86.2825 50.0482 -0.8
      vertex -86.1338 51.7373 -0.8
      vertex -86.035 51.736 -0.8
    endloop
  endfacet
  facet normal 0 0 -1
    outer loop
      vertex -86.3479 50.0644 -0.8
      vertex -86.1338 51.7373 -0.8
      vertex -86.2825 50.0482 -0.8
    endloop
  endfacet
  facet normal 0 0 -1
    outer loop
      vertex -86.4154 50.081 -0.8
      vertex -86.1338 51.7373 -0.8
      vertex -86.3479 50.0644 -0.8
    endloop
  endfacet
  facet normal 0 -0 -1
    outer loop
      vertex -86.2317 51.7413 -0.8
      vertex -86.1338 51.7373 -0.8
      vertex -86.4154 50.081 -0.8
    endloop
  endfacet
  facet normal 0 0 -1
    outer loop
      vertex -86.2317 51.7413 -0.8
      vertex -86.4154 50.081 -0.8
      vertex -86.4852 50.0981 -0.8
    endloop
  endfacet
  facet normal 0 0 -1
    outer loop
      vertex -86.2317 51.7413 -0.8
      vertex -86.4852 50.0981 -0.8
      vertex -86.5571 50.1156 -0.8
    endloop
  endfacet
  facet normal -0 0 -1
    outer loop
      vertex -86.2317 51.7413 -0.8
      vertex -86.5571 50.1156 -0.8
      vertex -86.3287 51.748 -0.8
    endloop
  endfacet
  facet normal 0 0 -1
    outer loop
      vertex -86.5571 50.1156 -0.8
      vertex -86.6313 50.1335 -0.8
      vertex -86.3287 51.748 -0.8
    endloop
  endfacet
  facet normal 0 0 -1
    outer loop
      vertex -86.6313 50.1335 -0.8
      vertex -86.4247 51.7573 -0.8
      vertex -86.3287 51.748 -0.8
    endloop
  endfacet
  facet normal 0 0 -1
    outer loop
      vertex -86.7077 50.1518 -0.8
      vertex -86.4247 51.7573 -0.8
      vertex -86.6313 50.1335 -0.8
    endloop
  endfacet
  facet normal 0 -0 -1
    outer loop
      vertex -86.52 51.7692 -0.8
      vertex -86.4247 51.7573 -0.8
      vertex -86.7077 50.1518 -0.8
    endloop
  endfacet
  facet normal -0 0 -1
    outer loop
      vertex -86.6143 51.7838 -0.8
      vertex -86.7077 50.1518 -0.8
      vertex -86.7077 51.8011 -0.8
    endloop
  endfacet
  facet normal 0 0 -1
    outer loop
      vertex -85.1782 49.8809 -0.8
      vertex -85.6434 51.8047 -0.8
      vertex -85.5372 51.8582 -0.8
    endloop
  endfacet
  facet normal 0 0 -1
    outer loop
      vertex -85.6434 51.8047 -0.8
      vertex -85.2529 49.8858 -0.8
      vertex -85.3243 49.8915 -0.8
    endloop
  endfacet
  facet normal 0 0 -1
    outer loop
      vertex -85.0188 49.8738 -0.8
      vertex -85.5372 51.8582 -0.8
      vertex -84.9341 49.8716 -0.8
    endloop
  endfacet
  facet normal 0 0 -1
    outer loop
      vertex -84.8461 49.8702 -0.8
      vertex -85.4432 51.9269 -0.8
      vertex -84.7547 49.8698 -0.8
    endloop
  endfacet
  facet normal 0 0 -1
    outer loop
      vertex -83.8795 49.9734 -0.8
      vertex -85.3614 52.0109 -0.8
      vertex -85.2917 52.1102 -0.8
    endloop
  endfacet
  facet normal 0 0 -1
    outer loop
      vertex -83.6369 50.054 -0.8
      vertex -85.2917 52.1102 -0.8
      vertex -83.4189 50.1576 -0.8
    endloop
  endfacet
  facet normal 0 0 -1
    outer loop
      vertex -85.2917 52.1102 -0.8
      vertex -83.2255 50.2842 -0.8
      vertex -83.4189 50.1576 -0.8
    endloop
  endfacet
  facet normal 0 0 -1
    outer loop
      vertex -83.0567 50.4339 -0.8
      vertex -85.2917 52.1102 -0.8
      vertex -82.9091 50.606 -0.8
    endloop
  endfacet
  facet normal -0 0 -1
    outer loop
      vertex -83.0567 50.4339 -0.8
      vertex -83.2255 50.2842 -0.8
      vertex -85.2917 52.1102 -0.8
    endloop
  endfacet
  facet normal 0 0 -1
    outer loop
      vertex -85.2917 52.1102 -0.8
      vertex -82.7794 50.7998 -0.8
      vertex -82.9091 50.606 -0.8
    endloop
  endfacet
  facet normal 0 -0 -1
    outer loop
      vertex -85.2327 52.2297 -0.8
      vertex -82.7794 50.7998 -0.8
      vertex -85.2917 52.1102 -0.8
    endloop
  endfacet
  facet normal -0 0 -1
    outer loop
      vertex -82.6677 51.0152 -0.8
      vertex -82.7794 50.7998 -0.8
      vertex -85.2327 52.2297 -0.8
    endloop
  endfacet
  facet normal 0 0 -1
    outer loop
      vertex -82.6677 51.0152 -0.8
      vertex -85.2327 52.2297 -0.8
      vertex -82.574 51.2524 -0.8
    endloop
  endfacet
  facet normal 0 0 -1
    outer loop
      vertex -85.2327 52.2297 -0.8
      vertex -82.4981 51.5113 -0.8
      vertex -82.574 51.2524 -0.8
    endloop
  endfacet
  facet normal 0 -0 -1
    outer loop
      vertex -85.1828 52.3742 -0.8
      vertex -82.4981 51.5113 -0.8
      vertex -85.2327 52.2297 -0.8
    endloop
  endfacet
  facet normal -0 0 -1
    outer loop
      vertex -82.4402 51.7918 -0.8
      vertex -82.4981 51.5113 -0.8
      vertex -85.1828 52.3742 -0.8
    endloop
  endfacet
  facet normal 0 0 -1
    outer loop
      vertex -82.4402 51.7918 -0.8
      vertex -85.1828 52.3742 -0.8
      vertex -82.4002 52.0941 -0.8
    endloop
  endfacet
  facet normal 0 0 -1
    outer loop
      vertex -85.1828 52.3742 -0.8
      vertex -85.1419 52.5437 -0.8
      vertex -82.4002 52.0941 -0.8
    endloop
  endfacet
  facet normal 0 0 -1
    outer loop
      vertex -85.1419 52.5437 -0.8
      vertex -85.1101 52.7383 -0.8
      vertex -82.4002 52.0941 -0.8
    endloop
  endfacet
  facet normal 0 0 -1
    outer loop
      vertex -82.4002 52.0941 -0.8
      vertex -85.0874 52.9578 -0.8
      vertex -85.0738 53.2024 -0.8
    endloop
  endfacet
  facet normal 0 0 -1
    outer loop
      vertex -85.0693 57.7469 -0.8
      vertex -82.0205 57.7144 -0.8
      vertex -82.0205 57.1176 -0.8
    endloop
  endfacet
  facet normal 0 0 -1
    outer loop
      vertex -81.348 59.6969 -0.8
      vertex -82.1555 61.7554 -0.8
      vertex -81.1813 59.7996 -0.8
    endloop
  endfacet
  facet normal 0 0 -1
    outer loop
      vertex -81.1813 59.7996 -0.8
      vertex -81.6241 61.8672 -0.8
      vertex -80.9938 59.8794 -0.8
    endloop
  endfacet
  facet normal -0 0 -1
    outer loop
      vertex -79.826 61.9386 -0.8
      vertex -80.3063 59.9821 -0.8
      vertex -80.4363 61.9566 -0.8
    endloop
  endfacet
  facet normal 0 0 -1
    outer loop
      vertex -78.7792 59.174 -0.8
      vertex -76.6147 60.8027 -0.8
      vertex -76.3106 60.4993 -0.8
    endloop
  endfacet
  facet normal 0 0 -1
    outer loop
      vertex -78.7792 59.174 -0.8
      vertex -76.3106 60.4993 -0.8
      vertex -78.7087 58.9919 -0.8
    endloop
  endfacet
  facet normal 0 0 -1
    outer loop
      vertex -78.6042 58.5658 -0.8
      vertex -78.6504 58.7892 -0.8
      vertex -75.8226 59.7908 -0.8
    endloop
  endfacet
  facet normal -0 0 -1
    outer loop
      vertex -75.8226 59.7908 -0.8
      vertex -78.6504 58.7892 -0.8
      vertex -76.0466 60.162 -0.8
    endloop
  endfacet
  facet normal 0 0 -1
    outer loop
      vertex -76.0466 60.162 -0.8
      vertex -78.6504 58.7892 -0.8
      vertex -78.7087 58.9919 -0.8
    endloop
  endfacet
  facet normal 0 -0 -1
    outer loop
      vertex -76.3106 60.4993 -0.8
      vertex -76.0466 60.162 -0.8
      vertex -78.7087 58.9919 -0.8
    endloop
  endfacet
  facet normal 0 0 -1
    outer loop
      vertex -78.7792 59.174 -0.8
      vertex -78.8619 59.3355 -0.8
      vertex -76.6147 60.8027 -0.8
    endloop
  endfacet
  facet normal 0 0 -1
    outer loop
      vertex -79.8419 49.9717 -0.8
      vertex -79.2713 51.9179 -0.8
      vertex -79.1837 49.8302 -0.8
    endloop
  endfacet
  facet normal 0 0 -1
    outer loop
      vertex -78.9568 59.4765 -0.8
      vertex -79.0639 59.5968 -0.8
      vertex -77.7631 61.5054 -0.8
    endloop
  endfacet
  facet normal 0 -0 -1
    outer loop
      vertex -75.7323 55.8071 -0.8
      vertex -75.4657 55.4812 -0.8
      vertex -78.1147 54.2177 -0.8
    endloop
  endfacet
  facet normal 0 -0 -1
    outer loop
      vertex -84.4548 60.1593 -0.8
      vertex -81.8894 58.8357 -0.8
      vertex -84.676 59.7521 -0.8
    endloop
  endfacet
  facet normal 0 0 -1
    outer loop
      vertex -84.1845 60.5289 -0.8
      vertex -81.7256 59.2515 -0.8
      vertex -81.8157 59.0556 -0.8
    endloop
  endfacet
  facet normal 0 -0 -1
    outer loop
      vertex -77.3421 61.3069 -0.8
      vertex -76.9589 61.0723 -0.8
      vertex -78.8619 59.3355 -0.8
    endloop
  endfacet
  facet normal 0 0 -1
    outer loop
      vertex -78.8619 59.3355 -0.8
      vertex -76.9589 61.0723 -0.8
      vertex -76.6147 60.8027 -0.8
    endloop
  endfacet
  facet normal 0 0 -1
    outer loop
      vertex -77.3421 61.3069 -0.8
      vertex -78.8619 59.3355 -0.8
      vertex -78.9568 59.4765 -0.8
    endloop
  endfacet
  facet normal -0 0 -1
    outer loop
      vertex -77.3421 61.3069 -0.8
      vertex -78.9568 59.4765 -0.8
      vertex -77.7631 61.5054 -0.8
    endloop
  endfacet
  facet normal 0 0 -1
    outer loop
      vertex -79.1862 59.699 -0.8
      vertex -78.222 61.6679 -0.8
      vertex -79.0639 59.5968 -0.8
    endloop
  endfacet
  facet normal 0 0 -1
    outer loop
      vertex -79.3269 59.7855 -0.8
      vertex -78.222 61.6679 -0.8
      vertex -79.1862 59.699 -0.8
    endloop
  endfacet
  facet normal 0 0 -1
    outer loop
      vertex -78.7188 61.7942 -0.8
      vertex -79.3269 59.7855 -0.8
      vertex -79.486 59.8563 -0.8
    endloop
  endfacet
  facet normal 0 -0 -1
    outer loop
      vertex -78.7188 61.7942 -0.8
      vertex -78.222 61.6679 -0.8
      vertex -79.3269 59.7855 -0.8
    endloop
  endfacet
  facet normal 0 0 -1
    outer loop
      vertex -79.2535 61.8844 -0.8
      vertex -79.486 59.8563 -0.8
      vertex -79.6635 59.9113 -0.8
    endloop
  endfacet
  facet normal 0 -0 -1
    outer loop
      vertex -79.2535 61.8844 -0.8
      vertex -78.7188 61.7942 -0.8
      vertex -79.486 59.8563 -0.8
    endloop
  endfacet
  facet normal 0 -0 -1
    outer loop
      vertex -79.826 61.9386 -0.8
      vertex -79.2535 61.8844 -0.8
      vertex -79.8594 59.9506 -0.8
    endloop
  endfacet
  facet normal 0 0 -1
    outer loop
      vertex -79.8594 59.9506 -0.8
      vertex -79.2535 61.8844 -0.8
      vertex -79.6635 59.9113 -0.8
    endloop
  endfacet
  facet normal 0 0 -1
    outer loop
      vertex -80.3063 59.9821 -0.8
      vertex -79.826 61.9386 -0.8
      vertex -80.0736 59.9742 -0.8
    endloop
  endfacet
  facet normal 0 0 -1
    outer loop
      vertex -80.0736 59.9742 -0.8
      vertex -79.826 61.9386 -0.8
      vertex -79.8594 59.9506 -0.8
    endloop
  endfacet
  facet normal -0 0 -1
    outer loop
      vertex -80.3063 59.9821 -0.8
      vertex -80.5562 59.9707 -0.8
      vertex -80.4363 61.9566 -0.8
    endloop
  endfacet
  facet normal -0 0 -1
    outer loop
      vertex -80.7854 59.9364 -0.8
      vertex -80.9938 59.8794 -0.8
      vertex -81.051 61.9343 -0.8
    endloop
  endfacet
  facet normal -0 0 -1
    outer loop
      vertex -80.5562 59.9707 -0.8
      vertex -80.7854 59.9364 -0.8
      vertex -81.051 61.9343 -0.8
    endloop
  endfacet
  facet normal 0 0 -1
    outer loop
      vertex -80.9938 59.8794 -0.8
      vertex -81.6241 61.8672 -0.8
      vertex -81.051 61.9343 -0.8
    endloop
  endfacet
  facet normal 0 0 -1
    outer loop
      vertex -81.1813 59.7996 -0.8
      vertex -82.1555 61.7554 -0.8
      vertex -81.6241 61.8672 -0.8
    endloop
  endfacet
  facet normal 0 -0 -1
    outer loop
      vertex -82.1555 61.7554 -0.8
      vertex -81.348 59.6969 -0.8
      vertex -82.6454 61.5988 -0.8
    endloop
  endfacet
  facet normal 0 0 -1
    outer loop
      vertex -81.494 59.5715 -0.8
      vertex -83.0935 61.3975 -0.8
      vertex -82.6454 61.5988 -0.8
    endloop
  endfacet
  facet normal -0 0 -1
    outer loop
      vertex -81.348 59.6969 -0.8
      vertex -81.494 59.5715 -0.8
      vertex -82.6454 61.5988 -0.8
    endloop
  endfacet
  facet normal 0 0 -1
    outer loop
      vertex -81.619 59.4232 -0.8
      vertex -83.5001 61.1515 -0.8
      vertex -83.0935 61.3975 -0.8
    endloop
  endfacet
  facet normal -0 0 -1
    outer loop
      vertex -81.494 59.5715 -0.8
      vertex -81.619 59.4232 -0.8
      vertex -83.0935 61.3975 -0.8
    endloop
  endfacet
  facet normal 0 0 -1
    outer loop
      vertex -81.7256 59.2515 -0.8
      vertex -84.1845 60.5289 -0.8
      vertex -83.865 60.8608 -0.8
    endloop
  endfacet
  facet normal 0 -0 -1
    outer loop
      vertex -83.5001 61.1515 -0.8
      vertex -81.7256 59.2515 -0.8
      vertex -83.865 60.8608 -0.8
    endloop
  endfacet
  facet normal 0 -0 -1
    outer loop
      vertex -84.1845 60.5289 -0.8
      vertex -81.8157 59.0556 -0.8
      vertex -84.4548 60.1593 -0.8
    endloop
  endfacet
  facet normal 0 0 -1
    outer loop
      vertex -81.8894 58.8357 -0.8
      vertex -84.4548 60.1593 -0.8
      vertex -81.8157 59.0556 -0.8
    endloop
  endfacet
  facet normal -0 0 -1
    outer loop
      vertex -81.8894 58.8357 -0.8
      vertex -81.9468 58.5916 -0.8
      vertex -84.676 59.7521 -0.8
    endloop
  endfacet
  facet normal 0 0 -1
    outer loop
      vertex -81.9468 58.5916 -0.8
      vertex -84.8481 59.3073 -0.8
      vertex -84.676 59.7521 -0.8
    endloop
  endfacet
  facet normal 0 0 -1
    outer loop
      vertex -84.971 58.8248 -0.8
      vertex -84.8481 59.3073 -0.8
      vertex -81.9468 58.5916 -0.8
    endloop
  endfacet
  facet normal 0 0 -1
    outer loop
      vertex -85.0447 58.3046 -0.8
      vertex -84.971 58.8248 -0.8
      vertex -81.9877 58.3233 -0.8
    endloop
  endfacet
  facet normal 0 0 -1
    outer loop
      vertex -85.0447 58.3046 -0.8
      vertex -81.9877 58.3233 -0.8
      vertex -82.0123 58.0309 -0.8
    endloop
  endfacet
  facet normal 0 0 -1
    outer loop
      vertex -85.0693 57.7469 -0.8
      vertex -82.0205 57.1176 -0.8
      vertex -82.0205 55.4358 -0.8
    endloop
  endfacet
  facet normal 0 0 -1
    outer loop
      vertex -85.0693 57.7469 -0.8
      vertex -85.0447 58.3046 -0.8
      vertex -82.0123 58.0309 -0.8
    endloop
  endfacet
  facet normal 0 0 -1
    outer loop
      vertex -85.0693 57.7469 -0.8
      vertex -82.0123 58.0309 -0.8
      vertex -82.0205 57.7144 -0.8
    endloop
  endfacet
  facet normal -0 0 -1
    outer loop
      vertex -82.0205 55.4358 -0.8
      vertex -85.0693 53.472 -0.8
      vertex -85.0693 57.7469 -0.8
    endloop
  endfacet
  facet normal 0 0 -1
    outer loop
      vertex -80.4581 55.4141 -0.8
      vertex -82.0205 57.1176 -0.8
      vertex -79.4925 57.0742 -0.8
    endloop
  endfacet
  facet normal 0 0 -1
    outer loop
      vertex -78.5107 54.8983 -0.8
      vertex -77.7544 56.8842 -0.8
      vertex -77.2622 56.7447 -0.8
    endloop
  endfacet
  facet normal 0 0 -1
    outer loop
      vertex -78.0386 53.5589 -0.8
      vertex -74.8838 53.8232 -0.8
      vertex -74.8595 53.3202 -0.8
    endloop
  endfacet
  facet normal 0 0 -1
    outer loop
      vertex -78.1093 52.9214 -0.8
      vertex -75.0349 52.0172 -0.8
      vertex -75.1713 51.6444 -0.8
    endloop
  endfacet
  facet normal 0 0 -1
    outer loop
      vertex -78.0576 53.9095 -0.8
      vertex -74.9565 54.2908 -0.8
      vertex -78.0433 53.7395 -0.8
    endloop
  endfacet
  facet normal 0 0 -1
    outer loop
      vertex -78.2351 52.584 -0.8
      vertex -75.8143 50.7107 -0.8
      vertex -76.1024 50.4646 -0.8
    endloop
  endfacet
  facet normal -0 0 -1
    outer loop
      vertex -78.0011 49.802 -0.8
      vertex -78.4725 49.7831 -0.8
      vertex -78.8007 52.0424 -0.8
    endloop
  endfacet
  facet normal -0 0 -1
    outer loop
      vertex -77.5602 49.8588 -0.8
      vertex -78.0011 49.802 -0.8
      vertex -78.6646 52.1172 -0.8
    endloop
  endfacet
  facet normal 0 0 -1
    outer loop
      vertex -77.5602 49.8588 -0.8
      vertex -78.6646 52.1172 -0.8
      vertex -78.539 52.2085 -0.8
    endloop
  endfacet
  facet normal -0 0 -1
    outer loop
      vertex -77.1499 49.9534 -0.8
      vertex -77.5602 49.8588 -0.8
      vertex -78.539 52.2085 -0.8
    endloop
  endfacet
  facet normal 0 0 -1
    outer loop
      vertex -78.8007 52.0424 -0.8
      vertex -78.6646 52.1172 -0.8
      vertex -78.0011 49.802 -0.8
    endloop
  endfacet
  facet normal 0 -0 -1
    outer loop
      vertex -78.4237 52.3165 -0.8
      vertex -77.1499 49.9534 -0.8
      vertex -78.539 52.2085 -0.8
    endloop
  endfacet
  facet normal 0 -0 -1
    outer loop
      vertex -78.8007 52.0424 -0.8
      vertex -78.4725 49.7831 -0.8
      vertex -78.9472 51.9843 -0.8
    endloop
  endfacet
  facet normal 0 0 -1
    outer loop
      vertex -78.4725 49.7831 -0.8
      vertex -79.104 51.9428 -0.8
      vertex -78.9472 51.9843 -0.8
    endloop
  endfacet
  facet normal 0 -0 -1
    outer loop
      vertex -79.651 51.9176 -0.8
      vertex -79.449 51.9096 -0.8
      vertex -79.8419 49.9717 -0.8
    endloop
  endfacet
  facet normal 0 -0 -1
    outer loop
      vertex -79.104 51.9428 -0.8
      vertex -78.4725 49.7831 -0.8
      vertex -79.1837 49.8302 -0.8
    endloop
  endfacet
  facet normal 0 0 -1
    outer loop
      vertex -79.104 51.9428 -0.8
      vertex -79.1837 49.8302 -0.8
      vertex -79.2713 51.9179 -0.8
    endloop
  endfacet
  facet normal 0 0 -1
    outer loop
      vertex -80.4468 50.2075 -0.8
      vertex -79.848 51.9415 -0.8
      vertex -79.651 51.9176 -0.8
    endloop
  endfacet
  facet normal -0 0 -1
    outer loop
      vertex -80.2267 52.0371 -0.8
      vertex -80.9986 50.5377 -0.8
      vertex -80.4084 52.1089 -0.8
    endloop
  endfacet
  facet normal -0 0 -1
    outer loop
      vertex -76.421 50.2563 -0.8
      vertex -76.7702 50.086 -0.8
      vertex -78.3215 52.4415 -0.8
    endloop
  endfacet
  facet normal 0 -0 -1
    outer loop
      vertex -78.3215 52.4415 -0.8
      vertex -76.7702 50.086 -0.8
      vertex -78.4237 52.3165 -0.8
    endloop
  endfacet
  facet normal 0 -0 -1
    outer loop
      vertex -78.2351 52.584 -0.8
      vertex -76.1024 50.4646 -0.8
      vertex -78.3215 52.4415 -0.8
    endloop
  endfacet
  facet normal -0 0 -1
    outer loop
      vertex -75.561 50.9911 -0.8
      vertex -75.8143 50.7107 -0.8
      vertex -78.2351 52.584 -0.8
    endloop
  endfacet
  facet normal -0 0 -1
    outer loop
      vertex -75.3466 51.3024 -0.8
      vertex -75.561 50.9911 -0.8
      vertex -78.1643 52.744 -0.8
    endloop
  endfacet
  facet normal 0 0 -1
    outer loop
      vertex -78.1643 52.744 -0.8
      vertex -75.1713 51.6444 -0.8
      vertex -75.3466 51.3024 -0.8
    endloop
  endfacet
  facet normal 0 0 -1
    outer loop
      vertex -78.1093 52.9214 -0.8
      vertex -78.07 53.1164 -0.8
      vertex -74.9375 52.4207 -0.8
    endloop
  endfacet
  facet normal 0 0 -1
    outer loop
      vertex -75.0349 52.0172 -0.8
      vertex -78.1093 52.9214 -0.8
      vertex -74.9375 52.4207 -0.8
    endloop
  endfacet
  facet normal 0 0 -1
    outer loop
      vertex -78.07 53.1164 -0.8
      vertex -78.0464 53.3289 -0.8
      vertex -74.879 52.855 -0.8
    endloop
  endfacet
  facet normal 0 0 -1
    outer loop
      vertex -74.9375 52.4207 -0.8
      vertex -78.07 53.1164 -0.8
      vertex -74.879 52.855 -0.8
    endloop
  endfacet
  facet normal 0 0 -1
    outer loop
      vertex -78.0464 53.3289 -0.8
      vertex -78.0386 53.5589 -0.8
      vertex -74.8595 53.3202 -0.8
    endloop
  endfacet
  facet normal 0 0 -1
    outer loop
      vertex -74.879 52.855 -0.8
      vertex -78.0464 53.3289 -0.8
      vertex -74.8595 53.3202 -0.8
    endloop
  endfacet
  facet normal 0 0 -1
    outer loop
      vertex -78.0386 53.5589 -0.8
      vertex -78.0433 53.7395 -0.8
      vertex -74.8838 53.8232 -0.8
    endloop
  endfacet
  facet normal 0 -0 -1
    outer loop
      vertex -75.0777 54.7231 -0.8
      vertex -74.9565 54.2908 -0.8
      vertex -78.0576 53.9095 -0.8
    endloop
  endfacet
  facet normal -0 0 -1
    outer loop
      vertex -75.0777 54.7231 -0.8
      vertex -78.0814 54.069 -0.8
      vertex -75.2475 55.1198 -0.8
    endloop
  endfacet
  facet normal 0 0 -1
    outer loop
      vertex -75.0777 54.7231 -0.8
      vertex -78.0576 53.9095 -0.8
      vertex -78.0814 54.069 -0.8
    endloop
  endfacet
  facet normal 0 0 -1
    outer loop
      vertex -78.0814 54.069 -0.8
      vertex -78.1147 54.2177 -0.8
      vertex -75.2475 55.1198 -0.8
    endloop
  endfacet
  facet normal 0 0 -1
    outer loop
      vertex -78.1147 54.2177 -0.8
      vertex -75.4657 55.4812 -0.8
      vertex -75.2475 55.1198 -0.8
    endloop
  endfacet
  facet normal 0 0 -1
    outer loop
      vertex -78.1576 54.3559 -0.8
      vertex -75.7323 55.8071 -0.8
      vertex -78.1147 54.2177 -0.8
    endloop
  endfacet
  facet normal 0 -0 -1
    outer loop
      vertex -76.0475 56.0976 -0.8
      vertex -75.7323 55.8071 -0.8
      vertex -78.1576 54.3559 -0.8
    endloop
  endfacet
  facet normal 0 -0 -1
    outer loop
      vertex -76.4088 56.3514 -0.8
      vertex -76.0475 56.0976 -0.8
      vertex -78.21 54.4834 -0.8
    endloop
  endfacet
  facet normal 0 0 -1
    outer loop
      vertex -76.4088 56.3514 -0.8
      vertex -78.21 54.4834 -0.8
      vertex -78.2719 54.6003 -0.8
    endloop
  endfacet
  facet normal -0 0 -1
    outer loop
      vertex -76.4088 56.3514 -0.8
      vertex -78.2719 54.6003 -0.8
      vertex -76.8137 56.5671 -0.8
    endloop
  endfacet
  facet normal 0 0 -1
    outer loop
      vertex -78.4224 54.8072 -0.8
      vertex -77.2622 56.7447 -0.8
      vertex -76.8137 56.5671 -0.8
    endloop
  endfacet
  facet normal 0 0 -1
    outer loop
      vertex -78.5107 54.8983 -0.8
      vertex -77.2622 56.7447 -0.8
      vertex -78.4224 54.8072 -0.8
    endloop
  endfacet
  facet normal 0 0 -1
    outer loop
      vertex -78.6075 54.9812 -0.8
      vertex -77.7544 56.8842 -0.8
      vertex -78.5107 54.8983 -0.8
    endloop
  endfacet
  facet normal 0 0 -1
    outer loop
      vertex -78.713 55.056 -0.8
      vertex -77.7544 56.8842 -0.8
      vertex -78.6075 54.9812 -0.8
    endloop
  endfacet
  facet normal 0 -0 -1
    outer loop
      vertex -78.2901 56.9856 -0.8
      vertex -77.7544 56.8842 -0.8
      vertex -78.713 55.056 -0.8
    endloop
  endfacet
  facet normal 0 0 -1
    outer loop
      vertex -78.2901 56.9856 -0.8
      vertex -78.713 55.056 -0.8
      vertex -78.8272 55.1225 -0.8
    endloop
  endfacet
  facet normal 0 0 -1
    outer loop
      vertex -78.2901 56.9856 -0.8
      vertex -78.8272 55.1225 -0.8
      vertex -78.9499 55.1808 -0.8
    endloop
  endfacet
  facet normal -0 0 -1
    outer loop
      vertex -78.2901 56.9856 -0.8
      vertex -78.9499 55.1808 -0.8
      vertex -78.8695 57.049 -0.8
    endloop
  endfacet
  facet normal 0 0 -1
    outer loop
      vertex -79.0896 55.2321 -0.8
      vertex -78.8695 57.049 -0.8
      vertex -78.9499 55.1808 -0.8
    endloop
  endfacet
  facet normal 0 0 -1
    outer loop
      vertex -79.2546 55.2774 -0.8
      vertex -78.8695 57.049 -0.8
      vertex -79.0896 55.2321 -0.8
    endloop
  endfacet
  facet normal 0 0 -1
    outer loop
      vertex -79.4448 55.3167 -0.8
      vertex -78.8695 57.049 -0.8
      vertex -79.2546 55.2774 -0.8
    endloop
  endfacet
  facet normal 0 0 -1
    outer loop
      vertex -79.4925 57.0742 -0.8
      vertex -78.8695 57.049 -0.8
      vertex -79.4448 55.3167 -0.8
    endloop
  endfacet
  facet normal 0 -0 -1
    outer loop
      vertex -79.4925 57.0742 -0.8
      vertex -79.4448 55.3167 -0.8
      vertex -79.6603 55.35 -0.8
    endloop
  endfacet
  facet normal 0 0 -1
    outer loop
      vertex -79.4925 57.0742 -0.8
      vertex -79.6603 55.35 -0.8
      vertex -79.901 55.3773 -0.8
    endloop
  endfacet
  facet normal 0 0 -1
    outer loop
      vertex -79.4925 57.0742 -0.8
      vertex -79.901 55.3773 -0.8
      vertex -80.1669 55.3987 -0.8
    endloop
  endfacet
  facet normal 0 0 -1
    outer loop
      vertex -79.4925 57.0742 -0.8
      vertex -80.1669 55.3987 -0.8
      vertex -80.4581 55.4141 -0.8
    endloop
  endfacet
  facet normal -0 0 -1
    outer loop
      vertex -82.0205 54.839 -0.8
      vertex -85.0693 53.472 -0.8
      vertex -82.0205 55.4358 -0.8
    endloop
  endfacet
  facet normal 0 0 -1
    outer loop
      vertex -80.4581 55.4141 -0.8
      vertex -82.0205 55.4358 -0.8
      vertex -82.0205 57.1176 -0.8
    endloop
  endfacet
  facet normal 0 0 -1
    outer loop
      vertex -85.0693 53.472 -0.8
      vertex -82.0136 54.6206 -0.8
      vertex -81.993 54.4055 -0.8
    endloop
  endfacet
  facet normal -0 0 -1
    outer loop
      vertex -81.9587 54.1938 -0.8
      vertex -85.0693 53.472 -0.8
      vertex -81.993 54.4055 -0.8
    endloop
  endfacet
  facet normal -0 0 -1
    outer loop
      vertex -81.9107 53.9853 -0.8
      vertex -85.0693 53.472 -0.8
      vertex -81.9587 54.1938 -0.8
    endloop
  endfacet
  facet normal -0 0 -1
    outer loop
      vertex -81.8489 53.7802 -0.8
      vertex -85.0693 53.472 -0.8
      vertex -81.9107 53.9853 -0.8
    endloop
  endfacet
  facet normal 0 0 -1
    outer loop
      vertex -82.4002 52.0941 -0.8
      vertex -85.0693 53.472 -0.8
      vertex -81.8489 53.7802 -0.8
    endloop
  endfacet
  facet normal 0 0 -1
    outer loop
      vertex -82.4002 52.0941 -0.8
      vertex -81.8489 53.7802 -0.8
      vertex -81.7734 53.5783 -0.8
    endloop
  endfacet
  facet normal 0 0 -1
    outer loop
      vertex -82.3352 52.0941 -0.8
      vertex -82.4002 52.0941 -0.8
      vertex -81.6842 53.3798 -0.8
    endloop
  endfacet
  facet normal 0 0 -1
    outer loop
      vertex -82.3352 52.0941 -0.8
      vertex -81.6842 53.3798 -0.8
      vertex -81.5829 53.1891 -0.8
    endloop
  endfacet
  facet normal 0 0 -1
    outer loop
      vertex -82.3352 52.0941 -0.8
      vertex -81.5829 53.1891 -0.8
      vertex -81.4712 53.0105 -0.8
    endloop
  endfacet
  facet normal 0 0 -1
    outer loop
      vertex -82.3352 52.0941 -0.8
      vertex -81.4712 53.0105 -0.8
      vertex -81.3491 52.8441 -0.8
    endloop
  endfacet
  facet normal -0 0 -1
    outer loop
      vertex -81.0736 52.5478 -0.8
      vertex -82.3352 52.0941 -0.8
      vertex -81.2165 52.6898 -0.8
    endloop
  endfacet
  facet normal 0 0 -1
    outer loop
      vertex -81.9428 51.4809 -0.8
      vertex -82.3352 52.0941 -0.8
      vertex -81.0736 52.5478 -0.8
    endloop
  endfacet
  facet normal 0 0 -1
    outer loop
      vertex -81.9428 51.4809 -0.8
      vertex -81.0736 52.5478 -0.8
      vertex -80.9202 52.4179 -0.8
    endloop
  endfacet
  facet normal 0 0 -1
    outer loop
      vertex -81.4973 50.9621 -0.8
      vertex -81.9428 51.4809 -0.8
      vertex -80.7565 52.3002 -0.8
    endloop
  endfacet
  facet normal 0 0 -1
    outer loop
      vertex -81.4973 50.9621 -0.8
      vertex -80.7565 52.3002 -0.8
      vertex -80.585 52.1965 -0.8
    endloop
  endfacet
  facet normal 0 0 -1
    outer loop
      vertex -81.4973 50.9621 -0.8
      vertex -80.585 52.1965 -0.8
      vertex -80.4084 52.1089 -0.8
    endloop
  endfacet
  facet normal 0 0 -1
    outer loop
      vertex -81.4973 50.9621 -0.8
      vertex -80.4084 52.1089 -0.8
      vertex -80.9986 50.5377 -0.8
    endloop
  endfacet
  facet normal 0 0 -1
    outer loop
      vertex -80.9986 50.5377 -0.8
      vertex -80.2267 52.0371 -0.8
      vertex -80.0399 51.9813 -0.8
    endloop
  endfacet
  facet normal 0 0 -1
    outer loop
      vertex -80.9986 50.5377 -0.8
      vertex -80.0399 51.9813 -0.8
      vertex -80.4468 50.2075 -0.8
    endloop
  endfacet
  facet normal 0 -0 -1
    outer loop
      vertex -80.0399 51.9813 -0.8
      vertex -79.848 51.9415 -0.8
      vertex -80.4468 50.2075 -0.8
    endloop
  endfacet
  facet normal 0 0 -1
    outer loop
      vertex -80.4468 50.2075 -0.8
      vertex -79.651 51.9176 -0.8
      vertex -79.8419 49.9717 -0.8
    endloop
  endfacet
  facet normal 0 0 -1
    outer loop
      vertex -141.311 53.2639 -0.8
      vertex -141.194 53.5993 -0.8
      vertex -138.511 52.3641 -0.8
    endloop
  endfacet
  facet normal 0 0 -1
    outer loop
      vertex -141.103 53.969 -0.8
      vertex -141.038 54.373 -0.8
      vertex -138.047 53.6121 -0.8
    endloop
  endfacet
  facet normal 0 0 -1
    outer loop
      vertex -140.987 55.284 -0.8
      vertex -137.786 55.9241 -0.8
      vertex -137.815 55.0948 -0.8
    endloop
  endfacet
  facet normal 0 0 -1
    outer loop
      vertex -141.993 59.6543 -0.8
      vertex -141.271 61.6697 -0.8
      vertex -140.687 61.4465 -0.8
    endloop
  endfacet
  facet normal -0 0 -1
    outer loop
      vertex -145.474 57.9478 -0.8
      vertex -145.53 57.5852 -0.8
      vertex -148.081 58.5575 -0.8
    endloop
  endfacet
  facet normal 0 0 -1
    outer loop
      vertex -145.565 57.1936 -0.8
      vertex -148.489 56.2627 -0.8
      vertex -148.408 57.0912 -0.8
    endloop
  endfacet
  facet normal -0 0 -1
    outer loop
      vertex -145.565 57.1936 -0.8
      vertex -148.408 57.0912 -0.8
      vertex -148.271 57.8561 -0.8
    endloop
  endfacet
  facet normal -0 0 -1
    outer loop
      vertex -145.042 59.108 -0.8
      vertex -145.181 58.8615 -0.8
      vertex -147.182 60.2803 -0.8
    endloop
  endfacet
  facet normal 0 0 -1
    outer loop
      vertex -146.077 50.3689 -0.8
      vertex -146.801 50.8246 -0.8
      vertex -144.886 52.2799 -0.8
    endloop
  endfacet
  facet normal 0 0 -1
    outer loop
      vertex -146.077 50.3689 -0.8
      vertex -144.886 52.2799 -0.8
      vertex -144.594 52.0799 -0.8
    endloop
  endfacet
  facet normal 0 0 -1
    outer loop
      vertex -146.077 50.3689 -0.8
      vertex -144.594 52.0799 -0.8
      vertex -145.248 50.0434 -0.8
    endloop
  endfacet
  facet normal 0 -0 -1
    outer loop
      vertex -144.594 52.0799 -0.8
      vertex -144.254 51.9371 -0.8
      vertex -145.248 50.0434 -0.8
    endloop
  endfacet
  facet normal 0 0 -1
    outer loop
      vertex -144.254 51.9371 -0.8
      vertex -144.315 49.8481 -0.8
      vertex -145.248 50.0434 -0.8
    endloop
  endfacet
  facet normal 0 0 -1
    outer loop
      vertex -143.276 49.7831 -0.8
      vertex -144.315 49.8481 -0.8
      vertex -143.865 51.8514 -0.8
    endloop
  endfacet
  facet normal -0 0 -1
    outer loop
      vertex -143.865 51.8514 -0.8
      vertex -144.315 49.8481 -0.8
      vertex -144.254 51.9371 -0.8
    endloop
  endfacet
  facet normal -0 -0 -1
    outer loop
      vertex -143.428 51.8229 -0.8
      vertex -143.276 49.7831 -0.8
      vertex -143.865 51.8514 -0.8
    endloop
  endfacet
  facet normal 0 0 -1
    outer loop
      vertex -143.104 51.8407 -0.8
      vertex -143.276 49.7831 -0.8
      vertex -143.428 51.8229 -0.8
    endloop
  endfacet
  facet normal 0 -0 -1
    outer loop
      vertex -142.802 51.8942 -0.8
      vertex -142.545 49.815 -0.8
      vertex -143.104 51.8407 -0.8
    endloop
  endfacet
  facet normal 0 0 -1
    outer loop
      vertex -142.522 51.9833 -0.8
      vertex -142.264 52.108 -0.8
      vertex -141.863 49.911 -0.8
    endloop
  endfacet
  facet normal 0 0 -1
    outer loop
      vertex -141.232 50.071 -0.8
      vertex -142.028 52.2684 -0.8
      vertex -140.651 50.295 -0.8
    endloop
  endfacet
  facet normal -0 0 -1
    outer loop
      vertex -139.638 50.9349 -0.8
      vertex -140.119 50.5829 -0.8
      vertex -141.621 52.6962 -0.8
    endloop
  endfacet
  facet normal 0 0 -1
    outer loop
      vertex -139.207 51.3509 -0.8
      vertex -141.453 52.9629 -0.8
      vertex -138.83 51.8282 -0.8
    endloop
  endfacet
  facet normal -0 0 -1
    outer loop
      vertex -139.207 51.3509 -0.8
      vertex -139.638 50.9349 -0.8
      vertex -141.453 52.9629 -0.8
    endloop
  endfacet
  facet normal 0 0 -1
    outer loop
      vertex -141.453 52.9629 -0.8
      vertex -141.311 53.2639 -0.8
      vertex -138.83 51.8282 -0.8
    endloop
  endfacet
  facet normal 0 -0 -1
    outer loop
      vertex -141.103 53.969 -0.8
      vertex -138.25 52.9588 -0.8
      vertex -141.194 53.5993 -0.8
    endloop
  endfacet
  facet normal 0 0 -1
    outer loop
      vertex -141.038 54.373 -0.8
      vertex -141 54.8113 -0.8
      vertex -137.902 54.3241 -0.8
    endloop
  endfacet
  facet normal 0 0 -1
    outer loop
      vertex -141 54.8113 -0.8
      vertex -140.987 55.284 -0.8
      vertex -137.815 55.0948 -0.8
    endloop
  endfacet
  facet normal 0 0 -1
    outer loop
      vertex -140.987 55.284 -0.8
      vertex -141.008 57.1936 -0.8
      vertex -137.786 55.9241 -0.8
    endloop
  endfacet
  facet normal -0 -0 -1
    outer loop
      vertex -141.008 57.1936 -0.8
      vertex -140.987 55.284 -0.8
      vertex -145.565 57.1936 -0.8
    endloop
  endfacet
  facet normal 0 -0 -1
    outer loop
      vertex -144.017 61.9224 -0.8
      vertex -143.819 59.9783 -0.8
      vertex -144.667 61.8198 -0.8
    endloop
  endfacet
  facet normal 0 0 -1
    outer loop
      vertex -148.517 55.3707 -0.8
      vertex -145.565 57.1936 -0.8
      vertex -148.517 55.284 -0.8
    endloop
  endfacet
  facet normal 0 0 -1
    outer loop
      vertex -144.507 59.6737 -0.8
      vertex -145.819 61.4093 -0.8
      vertex -145.267 61.6487 -0.8
    endloop
  endfacet
  facet normal -0 0 -1
    outer loop
      vertex -144.065 59.9058 -0.8
      vertex -144.295 59.8042 -0.8
      vertex -144.667 61.8198 -0.8
    endloop
  endfacet
  facet normal 0 0 -1
    outer loop
      vertex -142.702 59.9752 -0.8
      vertex -142.587 61.9247 -0.8
      vertex -141.905 61.8291 -0.8
    endloop
  endfacet
  facet normal 0 0 -1
    outer loop
      vertex -142.446 59.8988 -0.8
      vertex -141.905 61.8291 -0.8
      vertex -142.21 59.7918 -0.8
    endloop
  endfacet
  facet normal -0 0 -1
    outer loop
      vertex -145.53 57.5852 -0.8
      vertex -145.565 57.1936 -0.8
      vertex -148.271 57.8561 -0.8
    endloop
  endfacet
  facet normal 0 0 -1
    outer loop
      vertex -141.137 58.2371 -0.8
      vertex -138.522 59.3916 -0.8
      vertex -138.257 58.8079 -0.8
    endloop
  endfacet
  facet normal 0 0 -1
    outer loop
      vertex -141.137 58.2371 -0.8
      vertex -138.257 58.8079 -0.8
      vertex -141.072 57.9136 -0.8
    endloop
  endfacet
  facet normal 0 -0 -1
    outer loop
      vertex -138.257 58.8079 -0.8
      vertex -138.051 58.1694 -0.8
      vertex -141.072 57.9136 -0.8
    endloop
  endfacet
  facet normal 0 0 -1
    outer loop
      vertex -138.051 58.1694 -0.8
      vertex -141.029 57.5658 -0.8
      vertex -141.072 57.9136 -0.8
    endloop
  endfacet
  facet normal 0 0 -1
    outer loop
      vertex -137.904 57.4759 -0.8
      vertex -141.029 57.5658 -0.8
      vertex -138.051 58.1694 -0.8
    endloop
  endfacet
  facet normal 0 0 -1
    outer loop
      vertex -141.008 57.1936 -0.8
      vertex -141.029 57.5658 -0.8
      vertex -137.904 57.4759 -0.8
    endloop
  endfacet
  facet normal 0 0 -1
    outer loop
      vertex -141.008 57.1936 -0.8
      vertex -137.904 57.4759 -0.8
      vertex -137.815 56.7275 -0.8
    endloop
  endfacet
  facet normal 0 0 -1
    outer loop
      vertex -141 54.8113 -0.8
      vertex -137.815 55.0948 -0.8
      vertex -137.902 54.3241 -0.8
    endloop
  endfacet
  facet normal 0 0 -1
    outer loop
      vertex -141.038 54.373 -0.8
      vertex -137.902 54.3241 -0.8
      vertex -138.047 53.6121 -0.8
    endloop
  endfacet
  facet normal 0 0 -1
    outer loop
      vertex -141.103 53.969 -0.8
      vertex -138.047 53.6121 -0.8
      vertex -138.25 52.9588 -0.8
    endloop
  endfacet
  facet normal 0 0 -1
    outer loop
      vertex -141.194 53.5993 -0.8
      vertex -138.25 52.9588 -0.8
      vertex -138.511 52.3641 -0.8
    endloop
  endfacet
  facet normal 0 0 -1
    outer loop
      vertex -141.311 53.2639 -0.8
      vertex -138.511 52.3641 -0.8
      vertex -138.83 51.8282 -0.8
    endloop
  endfacet
  facet normal 0 0 -1
    outer loop
      vertex -139.638 50.9349 -0.8
      vertex -141.621 52.6962 -0.8
      vertex -141.453 52.9629 -0.8
    endloop
  endfacet
  facet normal 0 0 -1
    outer loop
      vertex -140.119 50.5829 -0.8
      vertex -141.814 52.4645 -0.8
      vertex -141.621 52.6962 -0.8
    endloop
  endfacet
  facet normal 0 0 -1
    outer loop
      vertex -140.651 50.295 -0.8
      vertex -141.814 52.4645 -0.8
      vertex -140.119 50.5829 -0.8
    endloop
  endfacet
  facet normal 0 0 -1
    outer loop
      vertex -142.028 52.2684 -0.8
      vertex -141.814 52.4645 -0.8
      vertex -140.651 50.295 -0.8
    endloop
  endfacet
  facet normal 0 0 -1
    outer loop
      vertex -142.264 52.108 -0.8
      vertex -142.028 52.2684 -0.8
      vertex -141.232 50.071 -0.8
    endloop
  endfacet
  facet normal 0 0 -1
    outer loop
      vertex -142.264 52.108 -0.8
      vertex -141.232 50.071 -0.8
      vertex -141.863 49.911 -0.8
    endloop
  endfacet
  facet normal 0 -0 -1
    outer loop
      vertex -142.522 51.9833 -0.8
      vertex -141.863 49.911 -0.8
      vertex -142.802 51.8942 -0.8
    endloop
  endfacet
  facet normal -0 0 -1
    outer loop
      vertex -141.863 49.911 -0.8
      vertex -142.545 49.815 -0.8
      vertex -142.802 51.8942 -0.8
    endloop
  endfacet
  facet normal -0 0 -1
    outer loop
      vertex -142.545 49.815 -0.8
      vertex -143.276 49.7831 -0.8
      vertex -143.104 51.8407 -0.8
    endloop
  endfacet
  facet normal 0 0 -1
    outer loop
      vertex -147.836 59.1953 -0.8
      vertex -147.536 59.7696 -0.8
      vertex -145.3 58.5859 -0.8
    endloop
  endfacet
  facet normal 0 0 -1
    outer loop
      vertex -140.987 55.284 -0.8
      vertex -148.517 55.284 -0.8
      vertex -145.565 57.1936 -0.8
    endloop
  endfacet
  facet normal 0 0 -1
    outer loop
      vertex -141.224 58.5362 -0.8
      vertex -138.846 59.9204 -0.8
      vertex -138.522 59.3916 -0.8
    endloop
  endfacet
  facet normal 0 -0 -1
    outer loop
      vertex -139.229 60.3942 -0.8
      vertex -138.846 59.9204 -0.8
      vertex -141.334 58.811 -0.8
    endloop
  endfacet
  facet normal 0 0 -1
    outer loop
      vertex -141.334 58.811 -0.8
      vertex -138.846 59.9204 -0.8
      vertex -141.224 58.5362 -0.8
    endloop
  endfacet
  facet normal 0 0 -1
    outer loop
      vertex -141.467 59.0614 -0.8
      vertex -139.229 60.3942 -0.8
      vertex -141.334 58.811 -0.8
    endloop
  endfacet
  facet normal 0 0 -1
    outer loop
      vertex -139.666 60.8087 -0.8
      vertex -141.467 59.0614 -0.8
      vertex -141.621 59.2875 -0.8
    endloop
  endfacet
  facet normal 0 -0 -1
    outer loop
      vertex -139.666 60.8087 -0.8
      vertex -139.229 60.3942 -0.8
      vertex -141.467 59.0614 -0.8
    endloop
  endfacet
  facet normal 0 -0 -1
    outer loop
      vertex -140.152 61.1595 -0.8
      vertex -139.666 60.8087 -0.8
      vertex -141.621 59.2875 -0.8
    endloop
  endfacet
  facet normal -0 0 -1
    outer loop
      vertex -140.152 61.1595 -0.8
      vertex -141.797 59.4862 -0.8
      vertex -140.687 61.4465 -0.8
    endloop
  endfacet
  facet normal 0 0 -1
    outer loop
      vertex -140.152 61.1595 -0.8
      vertex -141.621 59.2875 -0.8
      vertex -141.797 59.4862 -0.8
    endloop
  endfacet
  facet normal 0 0 -1
    outer loop
      vertex -141.797 59.4862 -0.8
      vertex -141.993 59.6543 -0.8
      vertex -140.687 61.4465 -0.8
    endloop
  endfacet
  facet normal 0 0 -1
    outer loop
      vertex -141.993 59.6543 -0.8
      vertex -142.21 59.7918 -0.8
      vertex -141.271 61.6697 -0.8
    endloop
  endfacet
  facet normal 0 0 -1
    outer loop
      vertex -142.21 59.7918 -0.8
      vertex -141.905 61.8291 -0.8
      vertex -141.271 61.6697 -0.8
    endloop
  endfacet
  facet normal 0 0 -1
    outer loop
      vertex -142.446 59.8988 -0.8
      vertex -142.702 59.9752 -0.8
      vertex -141.905 61.8291 -0.8
    endloop
  endfacet
  facet normal 0 0 -1
    outer loop
      vertex -142.702 59.9752 -0.8
      vertex -142.979 60.021 -0.8
      vertex -142.587 61.9247 -0.8
    endloop
  endfacet
  facet normal 0 0 -1
    outer loop
      vertex -142.979 60.021 -0.8
      vertex -143.276 60.0363 -0.8
      vertex -143.319 61.9566 -0.8
    endloop
  endfacet
  facet normal 0 0 -1
    outer loop
      vertex -143.319 61.9566 -0.8
      vertex -143.556 60.0218 -0.8
      vertex -144.017 61.9224 -0.8
    endloop
  endfacet
  facet normal -0 0 -1
    outer loop
      vertex -143.556 60.0218 -0.8
      vertex -143.819 59.9783 -0.8
      vertex -144.017 61.9224 -0.8
    endloop
  endfacet
  facet normal -0 0 -1
    outer loop
      vertex -143.819 59.9783 -0.8
      vertex -144.065 59.9058 -0.8
      vertex -144.667 61.8198 -0.8
    endloop
  endfacet
  facet normal 0 -0 -1
    outer loop
      vertex -144.667 61.8198 -0.8
      vertex -144.295 59.8042 -0.8
      vertex -145.267 61.6487 -0.8
    endloop
  endfacet
  facet normal -0 0 -1
    outer loop
      vertex -144.295 59.8042 -0.8
      vertex -144.507 59.6737 -0.8
      vertex -145.267 61.6487 -0.8
    endloop
  endfacet
  facet normal -0 0 -1
    outer loop
      vertex -144.507 59.6737 -0.8
      vertex -144.703 59.5141 -0.8
      vertex -145.819 61.4093 -0.8
    endloop
  endfacet
  facet normal 0 0 -1
    outer loop
      vertex -144.703 59.5141 -0.8
      vertex -146.322 61.1014 -0.8
      vertex -145.819 61.4093 -0.8
    endloop
  endfacet
  facet normal 0 0 -1
    outer loop
      vertex -144.882 59.3256 -0.8
      vertex -146.776 60.7251 -0.8
      vertex -146.322 61.1014 -0.8
    endloop
  endfacet
  facet normal 0 0 -1
    outer loop
      vertex -145.042 59.108 -0.8
      vertex -146.776 60.7251 -0.8
      vertex -144.882 59.3256 -0.8
    endloop
  endfacet
  facet normal 0 0 -1
    outer loop
      vertex -147.182 60.2803 -0.8
      vertex -146.776 60.7251 -0.8
      vertex -145.042 59.108 -0.8
    endloop
  endfacet
  facet normal 0 0 -1
    outer loop
      vertex -147.536 59.7696 -0.8
      vertex -147.182 60.2803 -0.8
      vertex -145.181 58.8615 -0.8
    endloop
  endfacet
  facet normal 0 0 -1
    outer loop
      vertex -147.536 59.7696 -0.8
      vertex -145.181 58.8615 -0.8
      vertex -145.3 58.5859 -0.8
    endloop
  endfacet
  facet normal 0 0 -1
    outer loop
      vertex -147.836 59.1953 -0.8
      vertex -145.3 58.5859 -0.8
      vertex -145.397 58.2813 -0.8
    endloop
  endfacet
  facet normal 0 0 -1
    outer loop
      vertex -147.836 59.1953 -0.8
      vertex -145.397 58.2813 -0.8
      vertex -145.474 57.9478 -0.8
    endloop
  endfacet
  facet normal 0 -0 -1
    outer loop
      vertex -147.836 59.1953 -0.8
      vertex -145.474 57.9478 -0.8
      vertex -148.081 58.5575 -0.8
    endloop
  endfacet
  facet normal 0 -0 -1
    outer loop
      vertex -148.081 58.5575 -0.8
      vertex -145.53 57.5852 -0.8
      vertex -148.271 57.8561 -0.8
    endloop
  endfacet
  facet normal 0 0 -1
    outer loop
      vertex -109.787 49.928 -0.8
      vertex -109.89 51.7665 -0.8
      vertex -109.722 49.9198 -0.8
    endloop
  endfacet
  facet normal -0 0 -1
    outer loop
      vertex -100.176 56.0976 -0.8
      vertex -102.338 54.4834 -0.8
      vertex -100.537 56.3514 -0.8
    endloop
  endfacet
  facet normal 0 0 -1
    outer loop
      vertex -109.657 49.9121 -0.8
      vertex -109.771 51.8047 -0.8
      vertex -109.59 49.9048 -0.8
    endloop
  endfacet
  facet normal -0 0 -1
    outer loop
      vertex -105.812 53.3798 -0.8
      vertex -106.528 52.0941 -0.8
      vertex -105.901 53.5783 -0.8
    endloop
  endfacet
  facet normal 0 0 -1
    outer loop
      vertex -109.306 49.8809 -0.8
      vertex -109.665 51.8582 -0.8
      vertex -109.228 49.8769 -0.8
    endloop
  endfacet
  facet normal -0 0 -1
    outer loop
      vertex -104.884 52.3002 -0.8
      vertex -106.071 51.4809 -0.8
      vertex -105.048 52.4179 -0.8
    endloop
  endfacet
  facet normal 0 -0 -1
    outer loop
      vertex -109.571 51.9269 -0.8
      vertex -108.974 49.8702 -0.8
      vertex -109.665 51.8582 -0.8
    endloop
  endfacet
  facet normal 0 0 -1
    outer loop
      vertex -102.55 54.8072 -0.8
      vertex -102.639 54.8983 -0.8
      vertex -101.39 56.7447 -0.8
    endloop
  endfacet
  facet normal -0 0 -1
    outer loop
      vertex -108.275 49.9158 -0.8
      vertex -108.566 49.8813 -0.8
      vertex -109.489 52.0109 -0.8
    endloop
  endfacet
  facet normal 0 -0 -1
    outer loop
      vertex -104.564 61.9566 -0.8
      vertex -104.434 59.9821 -0.8
      vertex -104.684 59.9707 -0.8
    endloop
  endfacet
  facet normal -0 0 -1
    outer loop
      vertex -108.008 49.9734 -0.8
      vertex -108.275 49.9158 -0.8
      vertex -109.489 52.0109 -0.8
    endloop
  endfacet
  facet normal -0 0 -1
    outer loop
      vertex -106.075 58.5916 -0.8
      vertex -106.116 58.3233 -0.8
      vertex -109.099 58.8248 -0.8
    endloop
  endfacet
  facet normal 0 -0 -1
    outer loop
      vertex -109.489 52.0109 -0.8
      vertex -108.566 49.8813 -0.8
      vertex -109.571 51.9269 -0.8
    endloop
  endfacet
  facet normal 0 -0 -1
    outer loop
      vertex -109.202 53.2024 -0.8
      vertex -106.528 52.0941 -0.8
      vertex -109.215 52.9578 -0.8
    endloop
  endfacet
  facet normal -0 0 -1
    outer loop
      vertex -108.566 49.8813 -0.8
      vertex -108.883 49.8698 -0.8
      vertex -109.571 51.9269 -0.8
    endloop
  endfacet
  facet normal 0 0 -1
    outer loop
      vertex -108.974 49.8702 -0.8
      vertex -109.062 49.8716 -0.8
      vertex -109.665 51.8582 -0.8
    endloop
  endfacet
  facet normal 0 0 -1
    outer loop
      vertex -109.665 51.8582 -0.8
      vertex -109.147 49.8738 -0.8
      vertex -109.228 49.8769 -0.8
    endloop
  endfacet
  facet normal 0 0 -1
    outer loop
      vertex -109.522 49.8979 -0.8
      vertex -109.771 51.8047 -0.8
      vertex -109.452 49.8915 -0.8
    endloop
  endfacet
  facet normal 0 -0 -1
    outer loop
      vertex -109.42 52.1102 -0.8
      vertex -108.008 49.9734 -0.8
      vertex -109.489 52.0109 -0.8
    endloop
  endfacet
  facet normal 0 0 -1
    outer loop
      vertex -109.89 51.7665 -0.8
      vertex -109.657 49.9121 -0.8
      vertex -109.722 49.9198 -0.8
    endloop
  endfacet
  facet normal 0 0 -1
    outer loop
      vertex -109.851 49.9367 -0.8
      vertex -109.89 51.7665 -0.8
      vertex -109.787 49.928 -0.8
    endloop
  endfacet
  facet normal 0 0 -1
    outer loop
      vertex -109.913 49.9458 -0.8
      vertex -109.89 51.7665 -0.8
      vertex -109.851 49.9367 -0.8
    endloop
  endfacet
  facet normal 0 0 -1
    outer loop
      vertex -110.02 51.7436 -0.8
      vertex -109.89 51.7665 -0.8
      vertex -109.913 49.9458 -0.8
    endloop
  endfacet
  facet normal 0 0 -1
    outer loop
      vertex -110.02 51.7436 -0.8
      vertex -109.913 49.9458 -0.8
      vertex -109.975 49.9555 -0.8
    endloop
  endfacet
  facet normal 0 0 -1
    outer loop
      vertex -110.099 49.9776 -0.8
      vertex -110.02 51.7436 -0.8
      vertex -110.037 49.9661 -0.8
    endloop
  endfacet
  facet normal 0 0 -1
    outer loop
      vertex -110.161 49.99 -0.8
      vertex -110.02 51.7436 -0.8
      vertex -110.099 49.9776 -0.8
    endloop
  endfacet
  facet normal 0 0 -1
    outer loop
      vertex -110.223 50.0033 -0.8
      vertex -110.02 51.7436 -0.8
      vertex -110.161 49.99 -0.8
    endloop
  endfacet
  facet normal 0 -0 -1
    outer loop
      vertex -110.163 51.736 -0.8
      vertex -110.02 51.7436 -0.8
      vertex -110.223 50.0033 -0.8
    endloop
  endfacet
  facet normal 0 0 -1
    outer loop
      vertex -110.163 51.736 -0.8
      vertex -110.223 50.0033 -0.8
      vertex -110.285 50.0174 -0.8
    endloop
  endfacet
  facet normal 0 0 -1
    outer loop
      vertex -110.163 51.736 -0.8
      vertex -110.285 50.0174 -0.8
      vertex -110.347 50.0325 -0.8
    endloop
  endfacet
  facet normal 0 0 -1
    outer loop
      vertex -110.163 51.736 -0.8
      vertex -110.347 50.0325 -0.8
      vertex -110.41 50.0482 -0.8
    endloop
  endfacet
  facet normal -0 0 -1
    outer loop
      vertex -110.163 51.736 -0.8
      vertex -110.41 50.0482 -0.8
      vertex -110.262 51.7373 -0.8
    endloop
  endfacet
  facet normal 0 0 -1
    outer loop
      vertex -110.41 50.0482 -0.8
      vertex -110.476 50.0644 -0.8
      vertex -110.262 51.7373 -0.8
    endloop
  endfacet
  facet normal 0 0 -1
    outer loop
      vertex -110.476 50.0644 -0.8
      vertex -110.543 50.081 -0.8
      vertex -110.262 51.7373 -0.8
    endloop
  endfacet
  facet normal 0 0 -1
    outer loop
      vertex -110.543 50.081 -0.8
      vertex -110.36 51.7413 -0.8
      vertex -110.262 51.7373 -0.8
    endloop
  endfacet
  facet normal 0 0 -1
    outer loop
      vertex -110.613 50.0981 -0.8
      vertex -110.36 51.7413 -0.8
      vertex -110.543 50.081 -0.8
    endloop
  endfacet
  facet normal 0 0 -1
    outer loop
      vertex -110.685 50.1156 -0.8
      vertex -110.36 51.7413 -0.8
      vertex -110.613 50.0981 -0.8
    endloop
  endfacet
  facet normal 0 -0 -1
    outer loop
      vertex -110.457 51.748 -0.8
      vertex -110.36 51.7413 -0.8
      vertex -110.685 50.1156 -0.8
    endloop
  endfacet
  facet normal 0 0 -1
    outer loop
      vertex -110.457 51.748 -0.8
      vertex -110.685 50.1156 -0.8
      vertex -110.759 50.1335 -0.8
    endloop
  endfacet
  facet normal -0 0 -1
    outer loop
      vertex -110.457 51.748 -0.8
      vertex -110.759 50.1335 -0.8
      vertex -110.553 51.7573 -0.8
    endloop
  endfacet
  facet normal 0 0 -1
    outer loop
      vertex -110.759 50.1335 -0.8
      vertex -110.836 50.1518 -0.8
      vertex -110.553 51.7573 -0.8
    endloop
  endfacet
  facet normal 0 0 -1
    outer loop
      vertex -110.836 50.1518 -0.8
      vertex -110.742 51.7838 -0.8
      vertex -110.648 51.7692 -0.8
    endloop
  endfacet
  facet normal 0 0 -1
    outer loop
      vertex -110.836 51.8011 -0.8
      vertex -110.742 51.7838 -0.8
      vertex -110.836 50.1518 -0.8
    endloop
  endfacet
  facet normal 0 0 -1
    outer loop
      vertex -109.42 52.1102 -0.8
      vertex -107.185 50.4339 -0.8
      vertex -107.353 50.2842 -0.8
    endloop
  endfacet
  facet normal 0 0 -1
    outer loop
      vertex -109.59 49.9048 -0.8
      vertex -109.771 51.8047 -0.8
      vertex -109.522 49.8979 -0.8
    endloop
  endfacet
  facet normal 0 0 -1
    outer loop
      vertex -109.771 51.8047 -0.8
      vertex -109.306 49.8809 -0.8
      vertex -109.381 49.8858 -0.8
    endloop
  endfacet
  facet normal 0 0 -1
    outer loop
      vertex -109.452 49.8915 -0.8
      vertex -109.771 51.8047 -0.8
      vertex -109.381 49.8858 -0.8
    endloop
  endfacet
  facet normal 0 -0 -1
    outer loop
      vertex -109.665 51.8582 -0.8
      vertex -109.306 49.8809 -0.8
      vertex -109.771 51.8047 -0.8
    endloop
  endfacet
  facet normal 0 0 -1
    outer loop
      vertex -109.062 49.8716 -0.8
      vertex -109.147 49.8738 -0.8
      vertex -109.665 51.8582 -0.8
    endloop
  endfacet
  facet normal 0 0 -1
    outer loop
      vertex -108.883 49.8698 -0.8
      vertex -108.974 49.8702 -0.8
      vertex -109.571 51.9269 -0.8
    endloop
  endfacet
  facet normal 0 0 -1
    outer loop
      vertex -107.765 50.054 -0.8
      vertex -109.42 52.1102 -0.8
      vertex -107.547 50.1576 -0.8
    endloop
  endfacet
  facet normal 0 0 -1
    outer loop
      vertex -109.42 52.1102 -0.8
      vertex -107.353 50.2842 -0.8
      vertex -107.547 50.1576 -0.8
    endloop
  endfacet
  facet normal -0 0 -1
    outer loop
      vertex -107.037 50.606 -0.8
      vertex -107.185 50.4339 -0.8
      vertex -109.42 52.1102 -0.8
    endloop
  endfacet
  facet normal 0 0 -1
    outer loop
      vertex -107.037 50.606 -0.8
      vertex -109.42 52.1102 -0.8
      vertex -106.907 50.7998 -0.8
    endloop
  endfacet
  facet normal 0 0 -1
    outer loop
      vertex -109.42 52.1102 -0.8
      vertex -109.361 52.2297 -0.8
      vertex -106.907 50.7998 -0.8
    endloop
  endfacet
  facet normal 0 0 -1
    outer loop
      vertex -109.361 52.2297 -0.8
      vertex -106.796 51.0152 -0.8
      vertex -106.907 50.7998 -0.8
    endloop
  endfacet
  facet normal -0 0 -1
    outer loop
      vertex -106.702 51.2524 -0.8
      vertex -106.796 51.0152 -0.8
      vertex -109.361 52.2297 -0.8
    endloop
  endfacet
  facet normal 0 0 -1
    outer loop
      vertex -106.702 51.2524 -0.8
      vertex -109.361 52.2297 -0.8
      vertex -106.626 51.5113 -0.8
    endloop
  endfacet
  facet normal 0 0 -1
    outer loop
      vertex -109.361 52.2297 -0.8
      vertex -109.311 52.3742 -0.8
      vertex -106.626 51.5113 -0.8
    endloop
  endfacet
  facet normal 0 0 -1
    outer loop
      vertex -109.311 52.3742 -0.8
      vertex -106.568 51.7918 -0.8
      vertex -106.626 51.5113 -0.8
    endloop
  endfacet
  facet normal -0 0 -1
    outer loop
      vertex -106.528 52.0941 -0.8
      vertex -106.568 51.7918 -0.8
      vertex -109.311 52.3742 -0.8
    endloop
  endfacet
  facet normal 0 0 -1
    outer loop
      vertex -106.528 52.0941 -0.8
      vertex -109.311 52.3742 -0.8
      vertex -109.27 52.5437 -0.8
    endloop
  endfacet
  facet normal 0 0 -1
    outer loop
      vertex -106.528 52.0941 -0.8
      vertex -109.27 52.5437 -0.8
      vertex -109.238 52.7383 -0.8
    endloop
  endfacet
  facet normal 0 0 -1
    outer loop
      vertex -106.528 52.0941 -0.8
      vertex -109.238 52.7383 -0.8
      vertex -109.215 52.9578 -0.8
    endloop
  endfacet
  facet normal 0 -0 -1
    outer loop
      vertex -109.197 53.472 -0.8
      vertex -106.528 52.0941 -0.8
      vertex -109.202 53.2024 -0.8
    endloop
  endfacet
  facet normal 0 0 -1
    outer loop
      vertex -109.197 57.7469 -0.8
      vertex -106.148 57.7144 -0.8
      vertex -106.148 57.1176 -0.8
    endloop
  endfacet
  facet normal 0 0 -1
    outer loop
      vertex -106.284 61.7554 -0.8
      vertex -105.752 61.8672 -0.8
      vertex -105.309 59.7996 -0.8
    endloop
  endfacet
  facet normal 0 0 -1
    outer loop
      vertex -105.179 61.9343 -0.8
      vertex -104.684 59.9707 -0.8
      vertex -104.913 59.9364 -0.8
    endloop
  endfacet
  facet normal 0 0 -1
    outer loop
      vertex -104.684 59.9707 -0.8
      vertex -105.179 61.9343 -0.8
      vertex -104.564 61.9566 -0.8
    endloop
  endfacet
  facet normal -0 0 -1
    outer loop
      vertex -105.747 59.4232 -0.8
      vertex -105.854 59.2515 -0.8
      vertex -107.628 61.1515 -0.8
    endloop
  endfacet
  facet normal 0 0 -1
    outer loop
      vertex -103.791 59.9113 -0.8
      vertex -103.987 59.9506 -0.8
      vertex -103.381 61.8844 -0.8
    endloop
  endfacet
  facet normal 0 -0 -1
    outer loop
      vertex -100.743 60.8027 -0.8
      vertex -100.439 60.4993 -0.8
      vertex -102.907 59.174 -0.8
    endloop
  endfacet
  facet normal 0 0 -1
    outer loop
      vertex -100.439 60.4993 -0.8
      vertex -102.837 58.9919 -0.8
      vertex -102.907 59.174 -0.8
    endloop
  endfacet
  facet normal 0 0 -1
    outer loop
      vertex -102.732 58.5658 -0.8
      vertex -99.6229 58.9468 -0.8
      vertex -102.698 58.3219 -0.8
    endloop
  endfacet
  facet normal -0 0 -1
    outer loop
      vertex -99.7667 59.3857 -0.8
      vertex -102.732 58.5658 -0.8
      vertex -99.9506 59.7908 -0.8
    endloop
  endfacet
  facet normal 0 0 -1
    outer loop
      vertex -102.732 58.5658 -0.8
      vertex -102.778 58.7892 -0.8
      vertex -99.9506 59.7908 -0.8
    endloop
  endfacet
  facet normal -0 0 -1
    outer loop
      vertex -99.9506 59.7908 -0.8
      vertex -102.778 58.7892 -0.8
      vertex -100.175 60.162 -0.8
    endloop
  endfacet
  facet normal 0 0 -1
    outer loop
      vertex -102.732 58.5658 -0.8
      vertex -99.7667 59.3857 -0.8
      vertex -99.6229 58.9468 -0.8
    endloop
  endfacet
  facet normal 0 0 -1
    outer loop
      vertex -102.778 58.7892 -0.8
      vertex -102.837 58.9919 -0.8
      vertex -100.175 60.162 -0.8
    endloop
  endfacet
  facet normal -0 0 -1
    outer loop
      vertex -100.175 60.162 -0.8
      vertex -102.837 58.9919 -0.8
      vertex -100.439 60.4993 -0.8
    endloop
  endfacet
  facet normal -0 0 -1
    outer loop
      vertex -99.5192 58.4739 -0.8
      vertex -102.698 58.3219 -0.8
      vertex -99.6229 58.9468 -0.8
    endloop
  endfacet
  facet normal 0 0 -1
    outer loop
      vertex -100.743 60.8027 -0.8
      vertex -102.907 59.174 -0.8
      vertex -102.99 59.3355 -0.8
    endloop
  endfacet
  facet normal -0 0 -1
    outer loop
      vertex -100.743 60.8027 -0.8
      vertex -102.99 59.3355 -0.8
      vertex -101.087 61.0723 -0.8
    endloop
  endfacet
  facet normal 0 0 -1
    outer loop
      vertex -108.583 60.1593 -0.8
      vertex -108.312 60.5289 -0.8
      vertex -105.944 59.0556 -0.8
    endloop
  endfacet
  facet normal 0 -0 -1
    outer loop
      vertex -108.583 60.1593 -0.8
      vertex -106.017 58.8357 -0.8
      vertex -108.804 59.7521 -0.8
    endloop
  endfacet
  facet normal 0 -0 -1
    outer loop
      vertex -103.976 51.9415 -0.8
      vertex -103.779 51.9176 -0.8
      vertex -104.575 50.2075 -0.8
    endloop
  endfacet
  facet normal 0 0 -1
    outer loop
      vertex -103.97 49.9717 -0.8
      vertex -103.577 51.9096 -0.8
      vertex -103.399 51.9179 -0.8
    endloop
  endfacet
  facet normal 0 0 -1
    outer loop
      vertex -102.99 59.3355 -0.8
      vertex -101.47 61.3069 -0.8
      vertex -101.087 61.0723 -0.8
    endloop
  endfacet
  facet normal 0 0 -1
    outer loop
      vertex -103.085 59.4765 -0.8
      vertex -101.47 61.3069 -0.8
      vertex -102.99 59.3355 -0.8
    endloop
  endfacet
  facet normal 0 0 -1
    outer loop
      vertex -101.891 61.5054 -0.8
      vertex -103.085 59.4765 -0.8
      vertex -103.192 59.5968 -0.8
    endloop
  endfacet
  facet normal 0 -0 -1
    outer loop
      vertex -101.891 61.5054 -0.8
      vertex -101.47 61.3069 -0.8
      vertex -103.085 59.4765 -0.8
    endloop
  endfacet
  facet normal 0 -0 -1
    outer loop
      vertex -102.35 61.6679 -0.8
      vertex -101.891 61.5054 -0.8
      vertex -103.192 59.5968 -0.8
    endloop
  endfacet
  facet normal 0 0 -1
    outer loop
      vertex -102.35 61.6679 -0.8
      vertex -103.314 59.699 -0.8
      vertex -103.455 59.7855 -0.8
    endloop
  endfacet
  facet normal 0 0 -1
    outer loop
      vertex -102.35 61.6679 -0.8
      vertex -103.192 59.5968 -0.8
      vertex -103.314 59.699 -0.8
    endloop
  endfacet
  facet normal 0 0 -1
    outer loop
      vertex -102.847 61.7942 -0.8
      vertex -103.455 59.7855 -0.8
      vertex -103.614 59.8563 -0.8
    endloop
  endfacet
  facet normal 0 -0 -1
    outer loop
      vertex -102.847 61.7942 -0.8
      vertex -102.35 61.6679 -0.8
      vertex -103.455 59.7855 -0.8
    endloop
  endfacet
  facet normal 0 0 -1
    outer loop
      vertex -103.381 61.8844 -0.8
      vertex -103.614 59.8563 -0.8
      vertex -103.791 59.9113 -0.8
    endloop
  endfacet
  facet normal 0 -0 -1
    outer loop
      vertex -103.381 61.8844 -0.8
      vertex -102.847 61.7942 -0.8
      vertex -103.614 59.8563 -0.8
    endloop
  endfacet
  facet normal 0 0 -1
    outer loop
      vertex -103.987 59.9506 -0.8
      vertex -103.954 61.9386 -0.8
      vertex -103.381 61.8844 -0.8
    endloop
  endfacet
  facet normal 0 0 -1
    outer loop
      vertex -104.434 59.9821 -0.8
      vertex -103.954 61.9386 -0.8
      vertex -104.202 59.9742 -0.8
    endloop
  endfacet
  facet normal 0 0 -1
    outer loop
      vertex -104.202 59.9742 -0.8
      vertex -103.954 61.9386 -0.8
      vertex -103.987 59.9506 -0.8
    endloop
  endfacet
  facet normal 0 0 -1
    outer loop
      vertex -104.564 61.9566 -0.8
      vertex -103.954 61.9386 -0.8
      vertex -104.434 59.9821 -0.8
    endloop
  endfacet
  facet normal 0 0 -1
    outer loop
      vertex -105.179 61.9343 -0.8
      vertex -104.913 59.9364 -0.8
      vertex -105.122 59.8794 -0.8
    endloop
  endfacet
  facet normal -0 0 -1
    outer loop
      vertex -105.122 59.8794 -0.8
      vertex -105.309 59.7996 -0.8
      vertex -105.752 61.8672 -0.8
    endloop
  endfacet
  facet normal 0 -0 -1
    outer loop
      vertex -105.179 61.9343 -0.8
      vertex -105.122 59.8794 -0.8
      vertex -105.752 61.8672 -0.8
    endloop
  endfacet
  facet normal 0 0 -1
    outer loop
      vertex -106.284 61.7554 -0.8
      vertex -105.309 59.7996 -0.8
      vertex -105.476 59.6969 -0.8
    endloop
  endfacet
  facet normal 0 -0 -1
    outer loop
      vertex -106.284 61.7554 -0.8
      vertex -105.476 59.6969 -0.8
      vertex -106.773 61.5988 -0.8
    endloop
  endfacet
  facet normal 0 0 -1
    outer loop
      vertex -105.622 59.5715 -0.8
      vertex -107.221 61.3975 -0.8
      vertex -106.773 61.5988 -0.8
    endloop
  endfacet
  facet normal -0 0 -1
    outer loop
      vertex -105.476 59.6969 -0.8
      vertex -105.622 59.5715 -0.8
      vertex -106.773 61.5988 -0.8
    endloop
  endfacet
  facet normal 0 0 -1
    outer loop
      vertex -105.747 59.4232 -0.8
      vertex -107.628 61.1515 -0.8
      vertex -107.221 61.3975 -0.8
    endloop
  endfacet
  facet normal -0 0 -1
    outer loop
      vertex -105.622 59.5715 -0.8
      vertex -105.747 59.4232 -0.8
      vertex -107.221 61.3975 -0.8
    endloop
  endfacet
  facet normal 0 0 -1
    outer loop
      vertex -105.854 59.2515 -0.8
      vertex -108.312 60.5289 -0.8
      vertex -107.993 60.8608 -0.8
    endloop
  endfacet
  facet normal 0 -0 -1
    outer loop
      vertex -107.628 61.1515 -0.8
      vertex -105.854 59.2515 -0.8
      vertex -107.993 60.8608 -0.8
    endloop
  endfacet
  facet normal 0 0 -1
    outer loop
      vertex -105.944 59.0556 -0.8
      vertex -108.312 60.5289 -0.8
      vertex -105.854 59.2515 -0.8
    endloop
  endfacet
  facet normal -0 0 -1
    outer loop
      vertex -105.944 59.0556 -0.8
      vertex -106.017 58.8357 -0.8
      vertex -108.583 60.1593 -0.8
    endloop
  endfacet
  facet normal -0 0 -1
    outer loop
      vertex -106.017 58.8357 -0.8
      vertex -106.075 58.5916 -0.8
      vertex -108.804 59.7521 -0.8
    endloop
  endfacet
  facet normal 0 0 -1
    outer loop
      vertex -106.075 58.5916 -0.8
      vertex -108.976 59.3073 -0.8
      vertex -108.804 59.7521 -0.8
    endloop
  endfacet
  facet normal 0 0 -1
    outer loop
      vertex -109.099 58.8248 -0.8
      vertex -108.976 59.3073 -0.8
      vertex -106.075 58.5916 -0.8
    endloop
  endfacet
  facet normal 0 0 -1
    outer loop
      vertex -109.173 58.3046 -0.8
      vertex -109.099 58.8248 -0.8
      vertex -106.116 58.3233 -0.8
    endloop
  endfacet
  facet normal 0 0 -1
    outer loop
      vertex -109.173 58.3046 -0.8
      vertex -106.116 58.3233 -0.8
      vertex -106.14 58.0309 -0.8
    endloop
  endfacet
  facet normal 0 0 -1
    outer loop
      vertex -109.197 57.7469 -0.8
      vertex -106.148 57.1176 -0.8
      vertex -106.148 55.4358 -0.8
    endloop
  endfacet
  facet normal 0 0 -1
    outer loop
      vertex -109.197 57.7469 -0.8
      vertex -109.173 58.3046 -0.8
      vertex -106.14 58.0309 -0.8
    endloop
  endfacet
  facet normal 0 0 -1
    outer loop
      vertex -109.197 57.7469 -0.8
      vertex -106.14 58.0309 -0.8
      vertex -106.148 57.7144 -0.8
    endloop
  endfacet
  facet normal 0 -0 -1
    outer loop
      vertex -106.148 55.4358 -0.8
      vertex -106.148 54.839 -0.8
      vertex -109.197 53.472 -0.8
    endloop
  endfacet
  facet normal 0 -0 -1
    outer loop
      vertex -102.997 57.049 -0.8
      vertex -102.418 56.9856 -0.8
      vertex -103.078 55.1808 -0.8
    endloop
  endfacet
  facet normal 0 0 -1
    outer loop
      vertex -103.312 49.8302 -0.8
      vertex -103.97 49.9717 -0.8
      vertex -103.399 51.9179 -0.8
    endloop
  endfacet
  facet normal 0 0 -1
    outer loop
      vertex -102.209 54.069 -0.8
      vertex -99.3754 55.1198 -0.8
      vertex -99.2057 54.7231 -0.8
    endloop
  endfacet
  facet normal -0 0 -1
    outer loop
      vertex -98.9875 53.3202 -0.8
      vertex -99.007 52.855 -0.8
      vertex -102.174 53.3289 -0.8
    endloop
  endfacet
  facet normal -0 0 -1
    outer loop
      vertex -99.007 52.855 -0.8
      vertex -99.0654 52.4207 -0.8
      vertex -102.198 53.1164 -0.8
    endloop
  endfacet
  facet normal -0 0 -1
    outer loop
      vertex -99.0654 52.4207 -0.8
      vertex -99.1629 52.0172 -0.8
      vertex -102.237 52.9214 -0.8
    endloop
  endfacet
  facet normal 0 0 -1
    outer loop
      vertex -98.9875 53.3202 -0.8
      vertex -102.167 53.5589 -0.8
      vertex -99.0117 53.8232 -0.8
    endloop
  endfacet
  facet normal 0 0 -1
    outer loop
      vertex -99.2993 51.6444 -0.8
      vertex -102.237 52.9214 -0.8
      vertex -99.1629 52.0172 -0.8
    endloop
  endfacet
  facet normal 0 0 -1
    outer loop
      vertex -102.186 53.9095 -0.8
      vertex -99.2057 54.7231 -0.8
      vertex -99.0845 54.2908 -0.8
    endloop
  endfacet
  facet normal 0 0 -1
    outer loop
      vertex -102.292 52.744 -0.8
      vertex -99.4746 51.3024 -0.8
      vertex -99.6889 50.9911 -0.8
    endloop
  endfacet
  facet normal 0 0 -1
    outer loop
      vertex -102.363 52.584 -0.8
      vertex -99.6889 50.9911 -0.8
      vertex -99.9422 50.7107 -0.8
    endloop
  endfacet
  facet normal 0 0 -1
    outer loop
      vertex -102.449 52.4415 -0.8
      vertex -102.363 52.584 -0.8
      vertex -100.23 50.4646 -0.8
    endloop
  endfacet
  facet normal -0 0 -1
    outer loop
      vertex -100.898 50.086 -0.8
      vertex -101.278 49.9534 -0.8
      vertex -102.552 52.3165 -0.8
    endloop
  endfacet
  facet normal 0 0 -1
    outer loop
      vertex -102.929 52.0424 -0.8
      vertex -102.129 49.802 -0.8
      vertex -102.6 49.7831 -0.8
    endloop
  endfacet
  facet normal 0 0 -1
    outer loop
      vertex -102.129 49.802 -0.8
      vertex -102.793 52.1172 -0.8
      vertex -101.688 49.8588 -0.8
    endloop
  endfacet
  facet normal 0 0 -1
    outer loop
      vertex -102.793 52.1172 -0.8
      vertex -102.667 52.2085 -0.8
      vertex -101.688 49.8588 -0.8
    endloop
  endfacet
  facet normal 0 0 -1
    outer loop
      vertex -101.688 49.8588 -0.8
      vertex -102.667 52.2085 -0.8
      vertex -101.278 49.9534 -0.8
    endloop
  endfacet
  facet normal 0 -0 -1
    outer loop
      vertex -102.793 52.1172 -0.8
      vertex -102.129 49.802 -0.8
      vertex -102.929 52.0424 -0.8
    endloop
  endfacet
  facet normal 0 0 -1
    outer loop
      vertex -101.278 49.9534 -0.8
      vertex -102.667 52.2085 -0.8
      vertex -102.552 52.3165 -0.8
    endloop
  endfacet
  facet normal 0 0 -1
    outer loop
      vertex -102.6 49.7831 -0.8
      vertex -103.075 51.9843 -0.8
      vertex -102.929 52.0424 -0.8
    endloop
  endfacet
  facet normal 0 0 -1
    outer loop
      vertex -103.232 51.9428 -0.8
      vertex -103.075 51.9843 -0.8
      vertex -102.6 49.7831 -0.8
    endloop
  endfacet
  facet normal 0 0 -1
    outer loop
      vertex -100.898 50.086 -0.8
      vertex -102.449 52.4415 -0.8
      vertex -100.549 50.2563 -0.8
    endloop
  endfacet
  facet normal 0 0 -1
    outer loop
      vertex -102.6 49.7831 -0.8
      vertex -103.312 49.8302 -0.8
      vertex -103.232 51.9428 -0.8
    endloop
  endfacet
  facet normal 0 0 -1
    outer loop
      vertex -103.312 49.8302 -0.8
      vertex -103.399 51.9179 -0.8
      vertex -103.232 51.9428 -0.8
    endloop
  endfacet
  facet normal 0 0 -1
    outer loop
      vertex -105.127 50.5377 -0.8
      vertex -104.536 52.1089 -0.8
      vertex -104.355 52.0371 -0.8
    endloop
  endfacet
  facet normal 0 0 -1
    outer loop
      vertex -99.8603 55.8071 -0.8
      vertex -102.243 54.2177 -0.8
      vertex -102.286 54.3559 -0.8
    endloop
  endfacet
  facet normal 0 0 -1
    outer loop
      vertex -100.898 50.086 -0.8
      vertex -102.552 52.3165 -0.8
      vertex -102.449 52.4415 -0.8
    endloop
  endfacet
  facet normal 0 0 -1
    outer loop
      vertex -109.197 53.472 -0.8
      vertex -106.121 54.4055 -0.8
      vertex -106.087 54.1938 -0.8
    endloop
  endfacet
  facet normal 0 0 -1
    outer loop
      vertex -100.549 50.2563 -0.8
      vertex -102.449 52.4415 -0.8
      vertex -100.23 50.4646 -0.8
    endloop
  endfacet
  facet normal 0 0 -1
    outer loop
      vertex -100.23 50.4646 -0.8
      vertex -102.363 52.584 -0.8
      vertex -99.9422 50.7107 -0.8
    endloop
  endfacet
  facet normal 0 0 -1
    outer loop
      vertex -102.363 52.584 -0.8
      vertex -102.292 52.744 -0.8
      vertex -99.6889 50.9911 -0.8
    endloop
  endfacet
  facet normal 0 0 -1
    outer loop
      vertex -102.292 52.744 -0.8
      vertex -102.237 52.9214 -0.8
      vertex -99.2993 51.6444 -0.8
    endloop
  endfacet
  facet normal 0 0 -1
    outer loop
      vertex -99.4746 51.3024 -0.8
      vertex -102.292 52.744 -0.8
      vertex -99.2993 51.6444 -0.8
    endloop
  endfacet
  facet normal 0 0 -1
    outer loop
      vertex -99.0654 52.4207 -0.8
      vertex -102.237 52.9214 -0.8
      vertex -102.198 53.1164 -0.8
    endloop
  endfacet
  facet normal 0 0 -1
    outer loop
      vertex -99.007 52.855 -0.8
      vertex -102.198 53.1164 -0.8
      vertex -102.174 53.3289 -0.8
    endloop
  endfacet
  facet normal 0 0 -1
    outer loop
      vertex -98.9875 53.3202 -0.8
      vertex -102.174 53.3289 -0.8
      vertex -102.167 53.5589 -0.8
    endloop
  endfacet
  facet normal -0 0 -1
    outer loop
      vertex -99.0117 53.8232 -0.8
      vertex -102.171 53.7395 -0.8
      vertex -99.0845 54.2908 -0.8
    endloop
  endfacet
  facet normal 0 0 -1
    outer loop
      vertex -99.0117 53.8232 -0.8
      vertex -102.167 53.5589 -0.8
      vertex -102.171 53.7395 -0.8
    endloop
  endfacet
  facet normal 0 0 -1
    outer loop
      vertex -102.171 53.7395 -0.8
      vertex -102.186 53.9095 -0.8
      vertex -99.0845 54.2908 -0.8
    endloop
  endfacet
  facet normal 0 0 -1
    outer loop
      vertex -102.186 53.9095 -0.8
      vertex -102.209 54.069 -0.8
      vertex -99.2057 54.7231 -0.8
    endloop
  endfacet
  facet normal 0 0 -1
    outer loop
      vertex -99.3754 55.1198 -0.8
      vertex -102.209 54.069 -0.8
      vertex -102.243 54.2177 -0.8
    endloop
  endfacet
  facet normal 0 0 -1
    outer loop
      vertex -102.243 54.2177 -0.8
      vertex -99.8603 55.8071 -0.8
      vertex -99.5936 55.4812 -0.8
    endloop
  endfacet
  facet normal -0 0 -1
    outer loop
      vertex -99.3754 55.1198 -0.8
      vertex -102.243 54.2177 -0.8
      vertex -99.5936 55.4812 -0.8
    endloop
  endfacet
  facet normal -0 0 -1
    outer loop
      vertex -99.8603 55.8071 -0.8
      vertex -102.286 54.3559 -0.8
      vertex -100.176 56.0976 -0.8
    endloop
  endfacet
  facet normal 0 0 -1
    outer loop
      vertex -102.286 54.3559 -0.8
      vertex -102.338 54.4834 -0.8
      vertex -100.176 56.0976 -0.8
    endloop
  endfacet
  facet normal 0 0 -1
    outer loop
      vertex -102.338 54.4834 -0.8
      vertex -102.4 54.6003 -0.8
      vertex -100.537 56.3514 -0.8
    endloop
  endfacet
  facet normal 0 0 -1
    outer loop
      vertex -102.4 54.6003 -0.8
      vertex -100.942 56.5671 -0.8
      vertex -100.537 56.3514 -0.8
    endloop
  endfacet
  facet normal 0 0 -1
    outer loop
      vertex -102.471 54.7078 -0.8
      vertex -100.942 56.5671 -0.8
      vertex -102.4 54.6003 -0.8
    endloop
  endfacet
  facet normal 0 0 -1
    outer loop
      vertex -100.942 56.5671 -0.8
      vertex -102.471 54.7078 -0.8
      vertex -102.55 54.8072 -0.8
    endloop
  endfacet
  facet normal -0 0 -1
    outer loop
      vertex -100.942 56.5671 -0.8
      vertex -102.55 54.8072 -0.8
      vertex -101.39 56.7447 -0.8
    endloop
  endfacet
  facet normal -0 0 -1
    outer loop
      vertex -101.39 56.7447 -0.8
      vertex -102.639 54.8983 -0.8
      vertex -101.882 56.8842 -0.8
    endloop
  endfacet
  facet normal 0 0 -1
    outer loop
      vertex -102.639 54.8983 -0.8
      vertex -102.736 54.9812 -0.8
      vertex -101.882 56.8842 -0.8
    endloop
  endfacet
  facet normal 0 0 -1
    outer loop
      vertex -102.736 54.9812 -0.8
      vertex -102.841 55.056 -0.8
      vertex -101.882 56.8842 -0.8
    endloop
  endfacet
  facet normal 0 0 -1
    outer loop
      vertex -102.841 55.056 -0.8
      vertex -102.418 56.9856 -0.8
      vertex -101.882 56.8842 -0.8
    endloop
  endfacet
  facet normal 0 0 -1
    outer loop
      vertex -102.955 55.1225 -0.8
      vertex -102.418 56.9856 -0.8
      vertex -102.841 55.056 -0.8
    endloop
  endfacet
  facet normal 0 0 -1
    outer loop
      vertex -103.078 55.1808 -0.8
      vertex -102.418 56.9856 -0.8
      vertex -102.955 55.1225 -0.8
    endloop
  endfacet
  facet normal 0 0 -1
    outer loop
      vertex -103.078 55.1808 -0.8
      vertex -103.218 55.2321 -0.8
      vertex -102.997 57.049 -0.8
    endloop
  endfacet
  facet normal 0 0 -1
    outer loop
      vertex -103.218 55.2321 -0.8
      vertex -103.383 55.2774 -0.8
      vertex -102.997 57.049 -0.8
    endloop
  endfacet
  facet normal 0 0 -1
    outer loop
      vertex -103.383 55.2774 -0.8
      vertex -103.573 55.3167 -0.8
      vertex -102.997 57.049 -0.8
    endloop
  endfacet
  facet normal 0 0 -1
    outer loop
      vertex -103.573 55.3167 -0.8
      vertex -103.62 57.0742 -0.8
      vertex -102.997 57.049 -0.8
    endloop
  endfacet
  facet normal 0 0 -1
    outer loop
      vertex -103.788 55.35 -0.8
      vertex -103.62 57.0742 -0.8
      vertex -103.573 55.3167 -0.8
    endloop
  endfacet
  facet normal 0 0 -1
    outer loop
      vertex -104.029 55.3773 -0.8
      vertex -103.62 57.0742 -0.8
      vertex -103.788 55.35 -0.8
    endloop
  endfacet
  facet normal 0 0 -1
    outer loop
      vertex -104.295 55.3987 -0.8
      vertex -103.62 57.0742 -0.8
      vertex -104.029 55.3773 -0.8
    endloop
  endfacet
  facet normal -0 0 -1
    outer loop
      vertex -106.142 54.6206 -0.8
      vertex -109.197 53.472 -0.8
      vertex -106.148 54.839 -0.8
    endloop
  endfacet
  facet normal 0 0 -1
    outer loop
      vertex -104.586 55.4141 -0.8
      vertex -103.62 57.0742 -0.8
      vertex -104.295 55.3987 -0.8
    endloop
  endfacet
  facet normal -0 0 -1
    outer loop
      vertex -103.62 57.0742 -0.8
      vertex -104.586 55.4141 -0.8
      vertex -106.148 57.1176 -0.8
    endloop
  endfacet
  facet normal 0 0 -1
    outer loop
      vertex -109.197 57.7469 -0.8
      vertex -106.148 55.4358 -0.8
      vertex -109.197 53.472 -0.8
    endloop
  endfacet
  facet normal 0 0 -1
    outer loop
      vertex -106.148 57.1176 -0.8
      vertex -104.586 55.4141 -0.8
      vertex -106.148 55.4358 -0.8
    endloop
  endfacet
  facet normal -0 0 -1
    outer loop
      vertex -106.121 54.4055 -0.8
      vertex -109.197 53.472 -0.8
      vertex -106.142 54.6206 -0.8
    endloop
  endfacet
  facet normal 0 0 -1
    outer loop
      vertex -109.197 53.472 -0.8
      vertex -106.087 54.1938 -0.8
      vertex -106.039 53.9853 -0.8
    endloop
  endfacet
  facet normal 0 0 -1
    outer loop
      vertex -109.197 53.472 -0.8
      vertex -106.039 53.9853 -0.8
      vertex -105.977 53.7802 -0.8
    endloop
  endfacet
  facet normal 0 0 -1
    outer loop
      vertex -109.197 53.472 -0.8
      vertex -105.977 53.7802 -0.8
      vertex -106.528 52.0941 -0.8
    endloop
  endfacet
  facet normal 0 -0 -1
    outer loop
      vertex -105.977 53.7802 -0.8
      vertex -105.901 53.5783 -0.8
      vertex -106.528 52.0941 -0.8
    endloop
  endfacet
  facet normal 0 0 -1
    outer loop
      vertex -106.528 52.0941 -0.8
      vertex -105.812 53.3798 -0.8
      vertex -106.463 52.0941 -0.8
    endloop
  endfacet
  facet normal 0 -0 -1
    outer loop
      vertex -105.812 53.3798 -0.8
      vertex -105.711 53.1891 -0.8
      vertex -106.463 52.0941 -0.8
    endloop
  endfacet
  facet normal 0 -0 -1
    outer loop
      vertex -105.711 53.1891 -0.8
      vertex -105.599 53.0105 -0.8
      vertex -106.463 52.0941 -0.8
    endloop
  endfacet
  facet normal 0 -0 -1
    outer loop
      vertex -105.599 53.0105 -0.8
      vertex -105.477 52.8441 -0.8
      vertex -106.463 52.0941 -0.8
    endloop
  endfacet
  facet normal 0 0 -1
    outer loop
      vertex -106.463 52.0941 -0.8
      vertex -105.344 52.6898 -0.8
      vertex -105.202 52.5478 -0.8
    endloop
  endfacet
  facet normal 0 0 -1
    outer loop
      vertex -106.463 52.0941 -0.8
      vertex -105.202 52.5478 -0.8
      vertex -106.071 51.4809 -0.8
    endloop
  endfacet
  facet normal 0 -0 -1
    outer loop
      vertex -105.202 52.5478 -0.8
      vertex -105.048 52.4179 -0.8
      vertex -106.071 51.4809 -0.8
    endloop
  endfacet
  facet normal 0 0 -1
    outer loop
      vertex -106.071 51.4809 -0.8
      vertex -104.884 52.3002 -0.8
      vertex -105.625 50.9621 -0.8
    endloop
  endfacet
  facet normal 0 -0 -1
    outer loop
      vertex -104.884 52.3002 -0.8
      vertex -104.713 52.1965 -0.8
      vertex -105.625 50.9621 -0.8
    endloop
  endfacet
  facet normal 0 -0 -1
    outer loop
      vertex -104.713 52.1965 -0.8
      vertex -104.536 52.1089 -0.8
      vertex -105.625 50.9621 -0.8
    endloop
  endfacet
  facet normal 0 0 -1
    outer loop
      vertex -104.536 52.1089 -0.8
      vertex -105.127 50.5377 -0.8
      vertex -105.625 50.9621 -0.8
    endloop
  endfacet
  facet normal 0 -0 -1
    outer loop
      vertex -104.355 52.0371 -0.8
      vertex -104.168 51.9813 -0.8
      vertex -105.127 50.5377 -0.8
    endloop
  endfacet
  facet normal 0 0 -1
    outer loop
      vertex -104.168 51.9813 -0.8
      vertex -104.575 50.2075 -0.8
      vertex -105.127 50.5377 -0.8
    endloop
  endfacet
  facet normal -0 0 -1
    outer loop
      vertex -103.976 51.9415 -0.8
      vertex -104.575 50.2075 -0.8
      vertex -104.168 51.9813 -0.8
    endloop
  endfacet
  facet normal 0 0 -1
    outer loop
      vertex -103.779 51.9176 -0.8
      vertex -103.97 49.9717 -0.8
      vertex -104.575 50.2075 -0.8
    endloop
  endfacet
  facet normal -0 0 -1
    outer loop
      vertex -103.577 51.9096 -0.8
      vertex -103.97 49.9717 -0.8
      vertex -103.779 51.9176 -0.8
    endloop
  endfacet
  facet normal -0 0 -1
    outer loop
      vertex -43.2184 61.7397 -0.8
      vertex -46.2674 50 -0.8
      vertex -46.2674 61.7397 -0.8
    endloop
  endfacet
  facet normal 0 -0 -1
    outer loop
      vertex -43.2184 61.7397 -0.8
      vertex -43.2184 50 -0.8
      vertex -46.2674 50 -0.8
    endloop
  endfacet
  facet normal -0 0 -1
    outer loop
      vertex -119.184 61.7397 -0.8
      vertex -122.233 50 -0.8
      vertex -122.233 61.7397 -0.8
    endloop
  endfacet
  facet normal 0 -0 -1
    outer loop
      vertex -119.184 61.7397 -0.8
      vertex -119.184 50 -0.8
      vertex -122.233 50 -0.8
    endloop
  endfacet
  facet normal 0 0 1
    outer loop
      vertex -41.8833 59.6782 0
      vertex -39.5722 61.7397 0
      vertex -41.8833 61.7397 0
    endloop
  endfacet
  facet normal 0 0 1
    outer loop
      vertex -41.8833 59.6782 0
      vertex -39.5722 59.6782 0
      vertex -39.5722 61.7397 0
    endloop
  endfacet
  facet normal 0 0 1
    outer loop
      vertex -70.4106 54.8156 0
      vertex -70.4679 55.8806 0
      vertex -73.6254 55.0905 0
    endloop
  endfacet
  facet normal 0 0 1
    outer loop
      vertex -39.7355 63.5371 0
      vertex -36.966 64.8235 0
      vertex -37.156 65.0941 0
    endloop
  endfacet
  facet normal 0 -0 1
    outer loop
      vertex -52.2968 56.293 0
      vertex -49.2478 59.1141 0
      vertex -52.3106 56.7067 0
    endloop
  endfacet
  facet normal 0 0 1
    outer loop
      vertex -39.7355 63.5371 0
      vertex -37.156 65.0941 0
      vertex -37.3805 65.331 0
    endloop
  endfacet
  facet normal 0 0 1
    outer loop
      vertex -37.6403 65.5354 0
      vertex -39.7355 63.5371 0
      vertex -37.3805 65.331 0
    endloop
  endfacet
  facet normal 0 0 1
    outer loop
      vertex -37.6403 65.5354 0
      vertex -39.8073 63.6544 0
      vertex -39.7355 63.5371 0
    endloop
  endfacet
  facet normal 0 0 1
    outer loop
      vertex -37.6403 65.5354 0
      vertex -37.9359 65.7084 0
      vertex -39.8073 63.6544 0
    endloop
  endfacet
  facet normal 0 -0 1
    outer loop
      vertex -39.8073 63.6544 0
      vertex -38.2674 65.8499 0
      vertex -39.8922 63.7523 0
    endloop
  endfacet
  facet normal 0 -0 1
    outer loop
      vertex -39.8922 63.7523 0
      vertex -39.038 66.0385 0
      vertex -39.9931 63.8344 0
    endloop
  endfacet
  facet normal 0 -0 1
    outer loop
      vertex -39.9931 63.8344 0
      vertex -39.4771 66.0857 0
      vertex -40.1128 63.9038 0
    endloop
  endfacet
  facet normal 0 -0 1
    outer loop
      vertex -40.1128 63.9038 0
      vertex -39.9521 66.1014 0
      vertex -40.2513 63.9606 0
    endloop
  endfacet
  facet normal 0 0 1
    outer loop
      vertex -40.2014 66.0979 0
      vertex -40.4595 66.0873 0
      vertex -40.4087 64.0048 0
    endloop
  endfacet
  facet normal 0 0 1
    outer loop
      vertex -40.4595 66.0873 0
      vertex -40.7266 66.0695 0
      vertex -40.5849 64.0363 0
    endloop
  endfacet
  facet normal 0 0 1
    outer loop
      vertex -40.5849 64.0363 0
      vertex -40.7266 66.0695 0
      vertex -40.7798 64.0553 0
    endloop
  endfacet
  facet normal 0 -0 1
    outer loop
      vertex -40.7798 64.0553 0
      vertex -40.7266 66.0695 0
      vertex -41.0025 66.0448 0
    endloop
  endfacet
  facet normal -0 -0 1
    outer loop
      vertex -40.9936 64.0616 0
      vertex -40.7798 64.0553 0
      vertex -41.0025 66.0448 0
    endloop
  endfacet
  facet normal -0 0 1
    outer loop
      vertex -41.2872 66.0129 0
      vertex -40.9936 64.0616 0
      vertex -41.0025 66.0448 0
    endloop
  endfacet
  facet normal 0 0 1
    outer loop
      vertex -41.2872 66.0129 0
      vertex -41.1207 64.0596 0
      vertex -40.9936 64.0616 0
    endloop
  endfacet
  facet normal 0 0 1
    outer loop
      vertex -41.2872 66.0129 0
      vertex -41.2478 64.0536 0
      vertex -41.1207 64.0596 0
    endloop
  endfacet
  facet normal 0 0 1
    outer loop
      vertex -41.2872 66.0129 0
      vertex -41.5808 65.9739 0
      vertex -41.2478 64.0536 0
    endloop
  endfacet
  facet normal 0 0 1
    outer loop
      vertex -41.2478 64.0536 0
      vertex -41.5808 65.9739 0
      vertex -41.3749 64.0437 0
    endloop
  endfacet
  facet normal 0 0 1
    outer loop
      vertex -41.3749 64.0437 0
      vertex -41.5808 65.9739 0
      vertex -41.502 64.0297 0
    endloop
  endfacet
  facet normal 0 0 1
    outer loop
      vertex -41.502 64.0297 0
      vertex -41.5808 65.9739 0
      vertex -41.8833 65.9278 0
    endloop
  endfacet
  facet normal 0 -0 1
    outer loop
      vertex -41.6291 64.0118 0
      vertex -41.502 64.0297 0
      vertex -41.8833 65.9278 0
    endloop
  endfacet
  facet normal 0 -0 1
    outer loop
      vertex -41.7562 63.9899 0
      vertex -41.6291 64.0118 0
      vertex -41.8833 65.9278 0
    endloop
  endfacet
  facet normal 0 0 1
    outer loop
      vertex -41.8833 63.964 0
      vertex -41.7562 63.9899 0
      vertex -41.8833 65.9278 0
    endloop
  endfacet
  facet normal 0 0 1
    outer loop
      vertex -40.4087 64.0048 0
      vertex -40.4595 66.0873 0
      vertex -40.5849 64.0363 0
    endloop
  endfacet
  facet normal 0 0 1
    outer loop
      vertex -39.9521 66.1014 0
      vertex -40.2014 66.0979 0
      vertex -40.4087 64.0048 0
    endloop
  endfacet
  facet normal 0 -0 1
    outer loop
      vertex -40.2513 63.9606 0
      vertex -39.9521 66.1014 0
      vertex -40.4087 64.0048 0
    endloop
  endfacet
  facet normal 0 0 1
    outer loop
      vertex -40.1128 63.9038 0
      vertex -39.4771 66.0857 0
      vertex -39.9521 66.1014 0
    endloop
  endfacet
  facet normal 0 0 1
    outer loop
      vertex -39.9931 63.8344 0
      vertex -39.038 66.0385 0
      vertex -39.4771 66.0857 0
    endloop
  endfacet
  facet normal 0 0 1
    outer loop
      vertex -39.8922 63.7523 0
      vertex -38.6348 65.9599 0
      vertex -39.038 66.0385 0
    endloop
  endfacet
  facet normal 0 0 1
    outer loop
      vertex -39.8922 63.7523 0
      vertex -38.2674 65.8499 0
      vertex -38.6348 65.9599 0
    endloop
  endfacet
  facet normal 0 0 1
    outer loop
      vertex -39.8073 63.6544 0
      vertex -37.9359 65.7084 0
      vertex -38.2674 65.8499 0
    endloop
  endfacet
  facet normal 0 -0 1
    outer loop
      vertex -39.6767 63.4006 0
      vertex -36.966 64.8235 0
      vertex -39.7355 63.5371 0
    endloop
  endfacet
  facet normal 0 0 1
    outer loop
      vertex -39.6767 63.4006 0
      vertex -36.8106 64.5193 0
      vertex -36.966 64.8235 0
    endloop
  endfacet
  facet normal 0 0 1
    outer loop
      vertex -39.6767 63.4006 0
      vertex -36.6897 64.1814 0
      vertex -36.8106 64.5193 0
    endloop
  endfacet
  facet normal -0 0 1
    outer loop
      vertex -39.6767 63.4006 0
      vertex -39.631 63.2449 0
      vertex -36.6897 64.1814 0
    endloop
  endfacet
  facet normal 0 0 1
    outer loop
      vertex -36.6897 64.1814 0
      vertex -39.631 63.2449 0
      vertex -36.6034 63.8098 0
    endloop
  endfacet
  facet normal 0 0 1
    outer loop
      vertex -36.6034 63.8098 0
      vertex -39.631 63.2449 0
      vertex -39.5983 63.0698 0
    endloop
  endfacet
  facet normal 0 0 1
    outer loop
      vertex -36.5516 63.4046 0
      vertex -36.6034 63.8098 0
      vertex -39.5983 63.0698 0
    endloop
  endfacet
  facet normal 0 0 1
    outer loop
      vertex -30.8992 60.9586 0
      vertex -31.8105 65.1357 0
      vertex -32.5916 60.9586 0
    endloop
  endfacet
  facet normal 0 -0 1
    outer loop
      vertex -39.5787 62.8755 0
      vertex -36.5516 63.4046 0
      vertex -39.5983 63.0698 0
    endloop
  endfacet
  facet normal 0 0 1
    outer loop
      vertex -39.5787 62.8755 0
      vertex -36.5343 62.9658 0
      vertex -36.5516 63.4046 0
    endloop
  endfacet
  facet normal 0 0 1
    outer loop
      vertex -32.2337 59.3526 0
      vertex -32.5916 60.9586 0
      vertex -34.3712 59.3526 0
    endloop
  endfacet
  facet normal -0 0 1
    outer loop
      vertex -39.5787 62.8755 0
      vertex -39.5722 62.6619 0
      vertex -36.5343 62.9658 0
    endloop
  endfacet
  facet normal 0 0 1
    outer loop
      vertex -36.5343 62.9658 0
      vertex -39.5722 62.6619 0
      vertex -36.5343 61.7397 0
    endloop
  endfacet
  facet normal 0 0 1
    outer loop
      vertex -36.5343 61.7397 0
      vertex -39.5722 62.6619 0
      vertex -39.5722 61.7397 0
    endloop
  endfacet
  facet normal 0 0 1
    outer loop
      vertex -39.5722 59.6782 0
      vertex -36.5343 61.7397 0
      vertex -39.5722 61.7397 0
    endloop
  endfacet
  facet normal 0 -0 1
    outer loop
      vertex -34.8199 59.6782 0
      vertex -34.8199 61.7397 0
      vertex -36.5343 59.6782 0
    endloop
  endfacet
  facet normal -0 0 1
    outer loop
      vertex -39.5722 59.6782 0
      vertex -39.5722 50 0
      vertex -36.5343 59.6782 0
    endloop
  endfacet
  facet normal 0 0 1
    outer loop
      vertex -36.5343 59.6782 0
      vertex -39.5722 50 0
      vertex -36.5343 50 0
    endloop
  endfacet
  facet normal 0 0 1
    outer loop
      vertex -39.5722 59.6782 0
      vertex -36.5343 59.6782 0
      vertex -36.5343 61.7397 0
    endloop
  endfacet
  facet normal 0 0 1
    outer loop
      vertex -36.5343 59.6782 0
      vertex -34.8199 61.7397 0
      vertex -36.5343 61.7397 0
    endloop
  endfacet
  facet normal 0 0 1
    outer loop
      vertex -43.2184 66.1014 0
      vertex -46.2674 63.8555 0
      vertex -43.2184 63.8555 0
    endloop
  endfacet
  facet normal 0 0 1
    outer loop
      vertex -46.2674 63.8555 0
      vertex -43.2184 66.1014 0
      vertex -46.2674 66.1014 0
    endloop
  endfacet
  facet normal 0 0 1
    outer loop
      vertex -87.8292 66.1014 0
      vertex -90.8782 66.1014 0
      vertex -90.8782 50 0
    endloop
  endfacet
  facet normal 0 0 1
    outer loop
      vertex -87.8292 66.1014 0
      vertex -90.8782 50 0
      vertex -87.8292 50 0
    endloop
  endfacet
  facet normal 0 0 1
    outer loop
      vertex -52.1557 60.6384 0
      vertex -52.1701 60.3941 0
      vertex -49.2339 60.2881 0
    endloop
  endfacet
  facet normal 0 0 1
    outer loop
      vertex -57.4693 61.7563 0
      vertex -56.17 59.1103 0
      vertex -55.7853 59.4258 0
    endloop
  endfacet
  facet normal 0 0 1
    outer loop
      vertex -59.5657 59.6363 0
      vertex -56.6828 58.1005 0
      vertex -56.4691 58.6685 0
    endloop
  endfacet
  facet normal 0 0 1
    outer loop
      vertex -85.2917 52.1102 0
      vertex -83.8795 49.9734 0
      vertex -83.6369 50.054 0
    endloop
  endfacet
  facet normal -0 0 1
    outer loop
      vertex -116.745 64.0553 0
      vertex -116.55 64.0363 0
      vertex -116.692 66.0695 0
    endloop
  endfacet
  facet normal 0 0 1
    outer loop
      vertex -96.9076 50 0
      vertex -93.8586 66.1014 0
      vertex -96.9076 66.1014 0
    endloop
  endfacet
  facet normal 0 0 1
    outer loop
      vertex -80.7565 52.3002 0
      vertex -80.9202 52.4179 0
      vertex -81.9428 51.4809 0
    endloop
  endfacet
  facet normal 0 -0 1
    outer loop
      vertex -93.8586 50 0
      vertex -93.8586 66.1014 0
      vertex -96.9076 50 0
    endloop
  endfacet
  facet normal -0 0 1
    outer loop
      vertex -115.538 61.7397 0
      vertex -115.538 59.6782 0
      vertex -112.5 61.7397 0
    endloop
  endfacet
  facet normal 0 0 1
    outer loop
      vertex -128.136 60.3941 0
      vertex -125.204 60.0811 0
      vertex -125.199 60.2881 0
    endloop
  endfacet
  facet normal 0 0 1
    outer loop
      vertex -122.233 63.8555 0
      vertex -119.184 66.1014 0
      vertex -122.233 66.1014 0
    endloop
  endfacet
  facet normal 0 -0 1
    outer loop
      vertex -119.184 63.8555 0
      vertex -119.184 66.1014 0
      vertex -122.233 63.8555 0
    endloop
  endfacet
  facet normal 0 0 1
    outer loop
      vertex -85.5945 49.9198 0
      vertex -85.7618 51.7665 0
      vertex -85.6593 49.928 0
    endloop
  endfacet
  facet normal 0 -0 1
    outer loop
      vertex -128.276 56.7067 0
      vertex -125.213 59.1141 0
      vertex -128.318 57.0986 0
    endloop
  endfacet
  facet normal 0 0 1
    outer loop
      vertex -115.564 63.0698 0
      vertex -112.517 63.4046 0
      vertex -112.569 63.8098 0
    endloop
  endfacet
  facet normal 0 -0 1
    outer loop
      vertex -128.262 56.293 0
      vertex -125.213 59.1141 0
      vertex -128.276 56.7067 0
    endloop
  endfacet
  facet normal -0 0 1
    outer loop
      vertex -117.849 61.7397 0
      vertex -117.849 59.6782 0
      vertex -115.538 61.7397 0
    endloop
  endfacet
  facet normal 0 0 1
    outer loop
      vertex -112.655 64.1814 0
      vertex -112.776 64.5193 0
      vertex -115.642 63.4006 0
    endloop
  endfacet
  facet normal 0 0 1
    outer loop
      vertex -115.538 61.7397 0
      vertex -117.849 59.6782 0
      vertex -115.538 59.6782 0
    endloop
  endfacet
  facet normal 0 0 1
    outer loop
      vertex -112.932 64.8235 0
      vertex -113.121 65.0941 0
      vertex -115.701 63.5371 0
    endloop
  endfacet
  facet normal 0 0 1
    outer loop
      vertex -115.701 63.5371 0
      vertex -113.346 65.331 0
      vertex -113.606 65.5354 0
    endloop
  endfacet
  facet normal -0 0 1
    outer loop
      vertex -115.773 63.6544 0
      vertex -115.701 63.5371 0
      vertex -113.606 65.5354 0
    endloop
  endfacet
  facet normal 0 0 1
    outer loop
      vertex -114.233 65.8499 0
      vertex -115.773 63.6544 0
      vertex -113.901 65.7084 0
    endloop
  endfacet
  facet normal 0 0 1
    outer loop
      vertex -114.6 65.9599 0
      vertex -115.858 63.7523 0
      vertex -114.233 65.8499 0
    endloop
  endfacet
  facet normal 0 0 1
    outer loop
      vertex -115.003 66.0385 0
      vertex -115.959 63.8344 0
      vertex -115.858 63.7523 0
    endloop
  endfacet
  facet normal 0 0 1
    outer loop
      vertex -115.918 66.1014 0
      vertex -116.078 63.9038 0
      vertex -115.443 66.0857 0
    endloop
  endfacet
  facet normal 0 0 1
    outer loop
      vertex -116.374 64.0048 0
      vertex -115.918 66.1014 0
      vertex -116.167 66.0979 0
    endloop
  endfacet
  facet normal 0 -0 1
    outer loop
      vertex -116.55 64.0363 0
      vertex -116.425 66.0873 0
      vertex -116.692 66.0695 0
    endloop
  endfacet
  facet normal 0 0 1
    outer loop
      vertex -116.425 66.0873 0
      vertex -116.55 64.0363 0
      vertex -116.374 64.0048 0
    endloop
  endfacet
  facet normal 0 0 1
    outer loop
      vertex -116.745 64.0553 0
      vertex -116.968 66.0448 0
      vertex -116.959 64.0616 0
    endloop
  endfacet
  facet normal 0 0 1
    outer loop
      vertex -116.959 64.0616 0
      vertex -116.968 66.0448 0
      vertex -117.253 66.0129 0
    endloop
  endfacet
  facet normal 0 -0 1
    outer loop
      vertex -117.086 64.0596 0
      vertex -116.959 64.0616 0
      vertex -117.253 66.0129 0
    endloop
  endfacet
  facet normal 0 -0 1
    outer loop
      vertex -117.213 64.0536 0
      vertex -117.086 64.0596 0
      vertex -117.253 66.0129 0
    endloop
  endfacet
  facet normal -0 0 1
    outer loop
      vertex -117.546 65.9739 0
      vertex -117.213 64.0536 0
      vertex -117.253 66.0129 0
    endloop
  endfacet
  facet normal 0 0 1
    outer loop
      vertex -117.546 65.9739 0
      vertex -117.34 64.0437 0
      vertex -117.213 64.0536 0
    endloop
  endfacet
  facet normal 0 0 1
    outer loop
      vertex -117.546 65.9739 0
      vertex -117.467 64.0297 0
      vertex -117.34 64.0437 0
    endloop
  endfacet
  facet normal 0 0 1
    outer loop
      vertex -117.467 64.0297 0
      vertex -117.849 65.9278 0
      vertex -117.595 64.0118 0
    endloop
  endfacet
  facet normal 0 0 1
    outer loop
      vertex -117.546 65.9739 0
      vertex -117.849 65.9278 0
      vertex -117.467 64.0297 0
    endloop
  endfacet
  facet normal 0 0 1
    outer loop
      vertex -117.595 64.0118 0
      vertex -117.849 65.9278 0
      vertex -117.722 63.9899 0
    endloop
  endfacet
  facet normal 0 0 1
    outer loop
      vertex -117.722 63.9899 0
      vertex -117.849 65.9278 0
      vertex -117.849 63.964 0
    endloop
  endfacet
  facet normal 0 0 1
    outer loop
      vertex -116.692 66.0695 0
      vertex -116.968 66.0448 0
      vertex -116.745 64.0553 0
    endloop
  endfacet
  facet normal 0 0 1
    outer loop
      vertex -116.167 66.0979 0
      vertex -116.425 66.0873 0
      vertex -116.374 64.0048 0
    endloop
  endfacet
  facet normal 0 0 1
    outer loop
      vertex -115.918 66.1014 0
      vertex -116.374 64.0048 0
      vertex -116.217 63.9606 0
    endloop
  endfacet
  facet normal 0 -0 1
    outer loop
      vertex -116.078 63.9038 0
      vertex -115.918 66.1014 0
      vertex -116.217 63.9606 0
    endloop
  endfacet
  facet normal 0 -0 1
    outer loop
      vertex -115.959 63.8344 0
      vertex -115.443 66.0857 0
      vertex -116.078 63.9038 0
    endloop
  endfacet
  facet normal 0 0 1
    outer loop
      vertex -115.959 63.8344 0
      vertex -115.003 66.0385 0
      vertex -115.443 66.0857 0
    endloop
  endfacet
  facet normal 0 0 1
    outer loop
      vertex -115.858 63.7523 0
      vertex -114.6 65.9599 0
      vertex -115.003 66.0385 0
    endloop
  endfacet
  facet normal 0 -0 1
    outer loop
      vertex -115.773 63.6544 0
      vertex -114.233 65.8499 0
      vertex -115.858 63.7523 0
    endloop
  endfacet
  facet normal 0 0 1
    outer loop
      vertex -113.606 65.5354 0
      vertex -113.901 65.7084 0
      vertex -115.773 63.6544 0
    endloop
  endfacet
  facet normal 0 0 1
    outer loop
      vertex -113.346 65.331 0
      vertex -115.701 63.5371 0
      vertex -113.121 65.0941 0
    endloop
  endfacet
  facet normal -0 0 1
    outer loop
      vertex -115.701 63.5371 0
      vertex -115.642 63.4006 0
      vertex -112.932 64.8235 0
    endloop
  endfacet
  facet normal 0 0 1
    outer loop
      vertex -112.932 64.8235 0
      vertex -115.642 63.4006 0
      vertex -112.776 64.5193 0
    endloop
  endfacet
  facet normal -0 0 1
    outer loop
      vertex -115.642 63.4006 0
      vertex -115.596 63.2449 0
      vertex -112.655 64.1814 0
    endloop
  endfacet
  facet normal 0 0 1
    outer loop
      vertex -112.655 64.1814 0
      vertex -115.596 63.2449 0
      vertex -112.569 63.8098 0
    endloop
  endfacet
  facet normal 0 0 1
    outer loop
      vertex -112.569 63.8098 0
      vertex -115.596 63.2449 0
      vertex -115.564 63.0698 0
    endloop
  endfacet
  facet normal -0 0 1
    outer loop
      vertex -115.564 63.0698 0
      vertex -115.544 62.8755 0
      vertex -112.517 63.4046 0
    endloop
  endfacet
  facet normal 0 0 1
    outer loop
      vertex -112.517 63.4046 0
      vertex -115.544 62.8755 0
      vertex -112.5 62.9658 0
    endloop
  endfacet
  facet normal 0 0 1
    outer loop
      vertex -112.5 62.9658 0
      vertex -115.544 62.8755 0
      vertex -115.538 62.6619 0
    endloop
  endfacet
  facet normal 0 -0 1
    outer loop
      vertex -112.5 61.7397 0
      vertex -112.5 62.9658 0
      vertex -115.538 62.6619 0
    endloop
  endfacet
  facet normal 0 0 1
    outer loop
      vertex -115.538 61.7397 0
      vertex -112.5 61.7397 0
      vertex -115.538 62.6619 0
    endloop
  endfacet
  facet normal 0 -0 1
    outer loop
      vertex -110.785 59.6782 0
      vertex -110.785 61.7397 0
      vertex -112.5 59.6782 0
    endloop
  endfacet
  facet normal 0 0 1
    outer loop
      vertex -112.5 59.6782 0
      vertex -110.785 61.7397 0
      vertex -112.5 61.7397 0
    endloop
  endfacet
  facet normal 0 0 1
    outer loop
      vertex -105.477 52.8441 0
      vertex -106.463 52.0941 0
      vertex -105.344 52.6898 0
    endloop
  endfacet
  facet normal 0 0 1
    outer loop
      vertex -112.5 61.7397 0
      vertex -115.538 59.6782 0
      vertex -112.5 59.6782 0
    endloop
  endfacet
  facet normal 0 0 1
    outer loop
      vertex -110.648 51.7692 0
      vertex -110.836 50.1518 0
      vertex -110.553 51.7573 0
    endloop
  endfacet
  facet normal 0 0 1
    outer loop
      vertex -112.5 59.6782 0
      vertex -115.538 59.6782 0
      vertex -115.538 50 0
    endloop
  endfacet
  facet normal 0 0 1
    outer loop
      vertex -85.5286 49.9121 0
      vertex -85.6434 51.8047 0
      vertex -85.7618 51.7665 0
    endloop
  endfacet
  facet normal 0 -0 1
    outer loop
      vertex -112.5 50 0
      vertex -112.5 59.6782 0
      vertex -115.538 50 0
    endloop
  endfacet
  facet normal -0 0 1
    outer loop
      vertex -30.8992 60.9586 0
      vertex -30.5735 59.3526 0
      vertex -27.5681 60.9586 0
    endloop
  endfacet
  facet normal 0 0 1
    outer loop
      vertex -25.55 59.3526 0
      vertex -25.8864 60.9586 0
      vertex -27.2427 59.3526 0
    endloop
  endfacet
  facet normal 0 0 1
    outer loop
      vertex -27.5681 60.9586 0
      vertex -30.5735 59.3526 0
      vertex -27.2427 59.3526 0
    endloop
  endfacet
  facet normal 0 0 1
    outer loop
      vertex -30.259 50 0
      vertex -28.5664 50 0
      vertex -29.4344 54.1339 0
    endloop
  endfacet
  facet normal 0 0 1
    outer loop
      vertex -33.8177 54.1339 0
      vertex -31.1486 54.1339 0
      vertex -31.4851 55.7505 0
    endloop
  endfacet
  facet normal -0 0 1
    outer loop
      vertex -31.1486 54.1339 0
      vertex -30.259 50 0
      vertex -29.4344 54.1339 0
    endloop
  endfacet
  facet normal 0 0 1
    outer loop
      vertex -31.4851 55.7505 0
      vertex -33.8177 55.7505 0
      vertex -33.8177 54.1339 0
    endloop
  endfacet
  facet normal 0 0 1
    outer loop
      vertex -29.814 55.7505 0
      vertex -31.4851 55.7505 0
      vertex -31.1486 54.1339 0
    endloop
  endfacet
  facet normal -0 0 1
    outer loop
      vertex -34.3712 60.9586 0
      vertex -34.3712 59.3526 0
      vertex -32.5916 60.9586 0
    endloop
  endfacet
  facet normal 0 -0 1
    outer loop
      vertex -32.5916 60.9586 0
      vertex -31.8105 65.1357 0
      vertex -33.5032 65.1357 0
    endloop
  endfacet
  facet normal 0 0 1
    outer loop
      vertex -25.8864 60.9586 0
      vertex -27.5681 60.9586 0
      vertex -27.2427 59.3526 0
    endloop
  endfacet
  facet normal 0 0 1
    outer loop
      vertex -24.7905 55.7505 0
      vertex -25.55 59.3526 0
      vertex -26.4614 55.7505 0
    endloop
  endfacet
  facet normal 0 -0 1
    outer loop
      vertex -32.2337 59.3526 0
      vertex -30.8992 60.9586 0
      vertex -32.5916 60.9586 0
    endloop
  endfacet
  facet normal 0 -0 1
    outer loop
      vertex -27.5681 60.9586 0
      vertex -26.7979 65.1357 0
      vertex -28.4579 65.1357 0
    endloop
  endfacet
  facet normal 0 0 1
    outer loop
      vertex -27.5681 60.9586 0
      vertex -25.8864 60.9586 0
      vertex -26.7979 65.1357 0
    endloop
  endfacet
  facet normal 0 -0 1
    outer loop
      vertex -23.3041 59.3526 0
      vertex -23.3041 60.9586 0
      vertex -25.55 59.3526 0
    endloop
  endfacet
  facet normal 0 -0 1
    outer loop
      vertex -22.7507 54.1339 0
      vertex -22.7507 55.7505 0
      vertex -24.4324 54.1339 0
    endloop
  endfacet
  facet normal 0 -0 1
    outer loop
      vertex -25.55 59.3526 0
      vertex -23.3041 60.9586 0
      vertex -25.8864 60.9586 0
    endloop
  endfacet
  facet normal 0 0 1
    outer loop
      vertex -26.4614 55.7505 0
      vertex -29.814 55.7505 0
      vertex -29.4344 54.1339 0
    endloop
  endfacet
  facet normal -0 0 1
    outer loop
      vertex -26.1035 54.1339 0
      vertex -25.2355 50 0
      vertex -24.4324 54.1339 0
    endloop
  endfacet
  facet normal 0 0 1
    outer loop
      vertex -24.4324 54.1339 0
      vertex -25.2355 50 0
      vertex -23.5753 50 0
    endloop
  endfacet
  facet normal 0 0 1
    outer loop
      vertex -26.1035 54.1339 0
      vertex -24.4324 54.1339 0
      vertex -24.7905 55.7505 0
    endloop
  endfacet
  facet normal 0 -0 1
    outer loop
      vertex -24.4324 54.1339 0
      vertex -22.7507 55.7505 0
      vertex -24.7905 55.7505 0
    endloop
  endfacet
  facet normal 0 0 1
    outer loop
      vertex -29.4344 54.1339 0
      vertex -29.814 55.7505 0
      vertex -31.1486 54.1339 0
    endloop
  endfacet
  facet normal 0 0 1
    outer loop
      vertex -30.5735 59.3526 0
      vertex -32.2337 59.3526 0
      vertex -31.4851 55.7505 0
    endloop
  endfacet
  facet normal 0 0 1
    outer loop
      vertex -24.7905 55.7505 0
      vertex -26.4614 55.7505 0
      vertex -26.1035 54.1339 0
    endloop
  endfacet
  facet normal 0 0 1
    outer loop
      vertex -26.4614 55.7505 0
      vertex -29.4344 54.1339 0
      vertex -26.1035 54.1339 0
    endloop
  endfacet
  facet normal 0 0 1
    outer loop
      vertex -25.55 59.3526 0
      vertex -27.2427 59.3526 0
      vertex -26.4614 55.7505 0
    endloop
  endfacet
  facet normal 0 0 1
    outer loop
      vertex -30.8992 60.9586 0
      vertex -32.2337 59.3526 0
      vertex -30.5735 59.3526 0
    endloop
  endfacet
  facet normal 0 0 1
    outer loop
      vertex -30.5735 59.3526 0
      vertex -31.4851 55.7505 0
      vertex -29.814 55.7505 0
    endloop
  endfacet
  facet normal 0 0 1
    outer loop
      vertex -52.1701 60.3941 0
      vertex -49.2389 60.0811 0
      vertex -49.2339 60.2881 0
    endloop
  endfacet
  facet normal 0 0 1
    outer loop
      vertex -59.7083 59.1558 0
      vertex -59.8102 58.6319 0
      vertex -56.6828 58.1005 0
    endloop
  endfacet
  facet normal 0 0 1
    outer loop
      vertex -49.2456 59.6255 0
      vertex -52.2055 59.6447 0
      vertex -52.2088 59.5144 0
    endloop
  endfacet
  facet normal 0 0 1
    outer loop
      vertex -52.1557 60.6384 0
      vertex -49.2339 60.2881 0
      vertex -49.2278 60.481 0
    endloop
  endfacet
  facet normal 0 0 1
    outer loop
      vertex -52.2099 59.4069 0
      vertex -52.795 58.4466 0
      vertex -52.6427 58.1425 0
    endloop
  endfacet
  facet normal 0 0 1
    outer loop
      vertex -52.2533 59.4069 0
      vertex -52.9749 58.7288 0
      vertex -52.795 58.4466 0
    endloop
  endfacet
  facet normal -0 0 1
    outer loop
      vertex -53.3973 59.1938 0
      vertex -53.1773 58.9807 0
      vertex -52.4364 59.7762 0
    endloop
  endfacet
  facet normal -0 0 1
    outer loop
      vertex -53.6348 59.3682 0
      vertex -53.3973 59.1938 0
      vertex -52.6324 60.1155 0
    endloop
  endfacet
  facet normal 0 0 1
    outer loop
      vertex -53.8898 59.5038 0
      vertex -52.8412 60.4246 0
      vertex -53.0628 60.7036 0
    endloop
  endfacet
  facet normal 0 0 1
    outer loop
      vertex -54.1622 59.6007 0
      vertex -53.2973 60.9524 0
      vertex -53.5446 61.1712 0
    endloop
  endfacet
  facet normal 0 0 1
    outer loop
      vertex -54.4522 59.6589 0
      vertex -53.8048 61.3598 0
      vertex -54.0787 61.5211 0
    endloop
  endfacet
  facet normal 0 -0 1
    outer loop
      vertex -54.7597 59.6782 0
      vertex -54.6704 61.7691 0
      vertex -54.9881 61.8559 0
    endloop
  endfacet
  facet normal 0 0 1
    outer loop
      vertex -55.3152 59.6151 0
      vertex -54.7597 59.6782 0
      vertex -54.9881 61.8559 0
    endloop
  endfacet
  facet normal 0 0 1
    outer loop
      vertex -55.3205 61.9179 0
      vertex -55.3152 59.6151 0
      vertex -54.9881 61.8559 0
    endloop
  endfacet
  facet normal 0 0 1
    outer loop
      vertex -56.0291 61.9675 0
      vertex -55.7853 59.4258 0
      vertex -55.3152 59.6151 0
    endloop
  endfacet
  facet normal -0 0 1
    outer loop
      vertex -58.8934 60.8174 0
      vertex -56.17 59.1103 0
      vertex -58.5905 61.1226 0
    endloop
  endfacet
  facet normal -0 0 1
    outer loop
      vertex -59.5657 59.6363 0
      vertex -56.4691 58.6685 0
      vertex -59.3824 60.0734 0
    endloop
  endfacet
  facet normal 0 0 1
    outer loop
      vertex -56.6828 58.1005 0
      vertex -59.8102 58.6319 0
      vertex -59.8713 58.0646 0
    endloop
  endfacet
  facet normal 0 -0 1
    outer loop
      vertex -56.811 57.4063 0
      vertex -56.6828 58.1005 0
      vertex -59.8713 58.0646 0
    endloop
  endfacet
  facet normal -0 0 1
    outer loop
      vertex -59.8917 57.4539 0
      vertex -56.811 57.4063 0
      vertex -59.8713 58.0646 0
    endloop
  endfacet
  facet normal 0 0 1
    outer loop
      vertex -59.8917 57.4539 0
      vertex -59.8917 50 0
      vertex -56.8537 56.5859 0
    endloop
  endfacet
  facet normal 0 0 1
    outer loop
      vertex -70.4106 54.8156 0
      vertex -73.5284 54.3506 0
      vertex -73.3667 53.661 0
    endloop
  endfacet
  facet normal 0 0 1
    outer loop
      vertex -56.8537 56.5859 0
      vertex -59.8917 50 0
      vertex -56.8537 50 0
    endloop
  endfacet
  facet normal 0 0 1
    outer loop
      vertex -69.9518 53.1771 0
      vertex -72.4938 51.8937 0
      vertex -72.0735 51.4051 0
    endloop
  endfacet
  facet normal 0 0 1
    outer loop
      vertex -59.8917 57.4539 0
      vertex -56.8537 56.5859 0
      vertex -56.811 57.4063 0
    endloop
  endfacet
  facet normal -0 0 1
    outer loop
      vertex -72.8494 52.4325 0
      vertex -72.4938 51.8937 0
      vertex -69.9518 53.1771 0
    endloop
  endfacet
  facet normal 0 0 1
    outer loop
      vertex -59.5657 59.6363 0
      vertex -59.7083 59.1558 0
      vertex -56.6828 58.1005 0
    endloop
  endfacet
  facet normal 0 0 1
    outer loop
      vertex -70.2385 53.9144 0
      vertex -73.3667 53.661 0
      vertex -73.1404 53.0216 0
    endloop
  endfacet
  facet normal -0 0 1
    outer loop
      vertex -59.3824 60.0734 0
      vertex -56.4691 58.6685 0
      vertex -59.1583 60.4671 0
    endloop
  endfacet
  facet normal 0 0 1
    outer loop
      vertex -71.5961 50.9748 0
      vertex -69.5503 52.6036 0
      vertex -69.9518 53.1771 0
    endloop
  endfacet
  facet normal -0 0 1
    outer loop
      vertex -59.1583 60.4671 0
      vertex -56.4691 58.6685 0
      vertex -58.8934 60.8174 0
    endloop
  endfacet
  facet normal 0 0 1
    outer loop
      vertex -70.3423 57.4643 0
      vertex -73.3797 58.1489 0
      vertex -73.5341 57.4488 0
    endloop
  endfacet
  facet normal 0 0 1
    outer loop
      vertex -58.8934 60.8174 0
      vertex -56.4691 58.6685 0
      vertex -56.17 59.1103 0
    endloop
  endfacet
  facet normal 0 -0 1
    outer loop
      vertex -68.8011 59.6893 0
      vertex -68.4923 59.7856 0
      vertex -69.2872 61.8286 0
    endloop
  endfacet
  facet normal -0 0 1
    outer loop
      vertex -58.5905 61.1226 0
      vertex -56.17 59.1103 0
      vertex -58.2522 61.3807 0
    endloop
  endfacet
  facet normal 0 0 1
    outer loop
      vertex -68.549 61.9246 0
      vertex -69.2872 61.8286 0
      vertex -68.4923 59.7856 0
    endloop
  endfacet
  facet normal -0 0 1
    outer loop
      vertex -58.2522 61.3807 0
      vertex -56.17 59.1103 0
      vertex -57.8785 61.592 0
    endloop
  endfacet
  facet normal 0 -0 1
    outer loop
      vertex -67.7988 59.8627 0
      vertex -67.7553 61.9566 0
      vertex -68.1582 59.8434 0
    endloop
  endfacet
  facet normal -0 0 1
    outer loop
      vertex -57.8785 61.592 0
      vertex -56.17 59.1103 0
      vertex -57.4693 61.7563 0
    endloop
  endfacet
  facet normal 0 0 1
    outer loop
      vertex -67.0619 59.7814 0
      vertex -66.2514 61.8242 0
      vertex -66.9779 61.9235 0
    endloop
  endfacet
  facet normal -0 0 1
    outer loop
      vertex -57.4693 61.7563 0
      vertex -55.7853 59.4258 0
      vertex -57.0247 61.8736 0
    endloop
  endfacet
  facet normal -0 0 1
    outer loop
      vertex -65.0766 54.8351 0
      vertex -61.9479 54.3555 0
      vertex -61.8523 55.0933 0
    endloop
  endfacet
  facet normal -0 0 1
    outer loop
      vertex -57.0247 61.8736 0
      vertex -55.7853 59.4258 0
      vertex -56.5446 61.944 0
    endloop
  endfacet
  facet normal 0 0 1
    outer loop
      vertex -62.6175 59.3089 0
      vertex -65.2479 57.831 0
      vertex -62.3306 58.722 0
    endloop
  endfacet
  facet normal -0 0 1
    outer loop
      vertex -56.5446 61.944 0
      vertex -55.7853 59.4258 0
      vertex -56.0291 61.9675 0
    endloop
  endfacet
  facet normal 0 0 1
    outer loop
      vertex -56.0291 61.9675 0
      vertex -55.3152 59.6151 0
      vertex -55.6675 61.9551 0
    endloop
  endfacet
  facet normal 0 0 1
    outer loop
      vertex -55.6675 61.9551 0
      vertex -55.3152 59.6151 0
      vertex -55.3205 61.9179 0
    endloop
  endfacet
  facet normal 0 0 1
    outer loop
      vertex -49.1879 61.3075 0
      vertex -52.0892 61.5657 0
      vertex -52.1007 61.4365 0
    endloop
  endfacet
  facet normal 0 0 1
    outer loop
      vertex -54.7597 59.6782 0
      vertex -54.3672 61.6575 0
      vertex -54.6704 61.7691 0
    endloop
  endfacet
  facet normal 0 0 1
    outer loop
      vertex -54.7597 59.6782 0
      vertex -54.0787 61.5211 0
      vertex -54.3672 61.6575 0
    endloop
  endfacet
  facet normal -0 0 1
    outer loop
      vertex -54.7597 59.6782 0
      vertex -54.4522 59.6589 0
      vertex -54.0787 61.5211 0
    endloop
  endfacet
  facet normal 0 0 1
    outer loop
      vertex -54.4522 59.6589 0
      vertex -53.5446 61.1712 0
      vertex -53.8048 61.3598 0
    endloop
  endfacet
  facet normal -0 0 1
    outer loop
      vertex -54.4522 59.6589 0
      vertex -54.1622 59.6007 0
      vertex -53.5446 61.1712 0
    endloop
  endfacet
  facet normal -0 0 1
    outer loop
      vertex -54.1622 59.6007 0
      vertex -53.8898 59.5038 0
      vertex -53.2973 60.9524 0
    endloop
  endfacet
  facet normal 0 0 1
    outer loop
      vertex -53.2973 60.9524 0
      vertex -53.8898 59.5038 0
      vertex -53.0628 60.7036 0
    endloop
  endfacet
  facet normal -0 0 1
    outer loop
      vertex -53.8898 59.5038 0
      vertex -53.6348 59.3682 0
      vertex -52.8412 60.4246 0
    endloop
  endfacet
  facet normal 0 0 1
    outer loop
      vertex -52.8412 60.4246 0
      vertex -53.6348 59.3682 0
      vertex -52.6324 60.1155 0
    endloop
  endfacet
  facet normal 0 0 1
    outer loop
      vertex -52.6324 60.1155 0
      vertex -53.3973 59.1938 0
      vertex -52.4364 59.7762 0
    endloop
  endfacet
  facet normal 0 0 1
    outer loop
      vertex -52.4364 59.7762 0
      vertex -53.1773 58.9807 0
      vertex -52.2533 59.4069 0
    endloop
  endfacet
  facet normal 0 0 1
    outer loop
      vertex -52.2533 59.4069 0
      vertex -53.1773 58.9807 0
      vertex -52.9749 58.7288 0
    endloop
  endfacet
  facet normal 0 0 1
    outer loop
      vertex -52.2099 59.4069 0
      vertex -52.2533 59.4069 0
      vertex -52.795 58.4466 0
    endloop
  endfacet
  facet normal 0 -0 1
    outer loop
      vertex -52.5182 57.8164 0
      vertex -52.2099 59.4069 0
      vertex -52.6427 58.1425 0
    endloop
  endfacet
  facet normal -0 0 1
    outer loop
      vertex -52.1557 60.6384 0
      vertex -49.2278 60.481 0
      vertex -49.2206 60.66 0
    endloop
  endfacet
  facet normal 0 0 1
    outer loop
      vertex -52.1557 60.6384 0
      vertex -49.2206 60.66 0
      vertex -52.1406 60.8801 0
    endloop
  endfacet
  facet normal -0 0 1
    outer loop
      vertex -52.1406 60.8801 0
      vertex -49.2128 60.8295 0
      vertex -52.1264 61.0937 0
    endloop
  endfacet
  facet normal 0 0 1
    outer loop
      vertex -52.1264 61.0937 0
      vertex -49.2128 60.8295 0
      vertex -49.2047 60.9939 0
    endloop
  endfacet
  facet normal 0 0 1
    outer loop
      vertex -52.1131 61.2791 0
      vertex -52.1264 61.0937 0
      vertex -49.2047 60.9939 0
    endloop
  endfacet
  facet normal 0 0 1
    outer loop
      vertex -49.1965 61.1533 0
      vertex -52.1131 61.2791 0
      vertex -49.2047 60.9939 0
    endloop
  endfacet
  facet normal 0 0 1
    outer loop
      vertex -49.1965 61.1533 0
      vertex -52.1007 61.4365 0
      vertex -52.1131 61.2791 0
    endloop
  endfacet
  facet normal 0 -0 1
    outer loop
      vertex -49.1965 61.1533 0
      vertex -49.1879 61.3075 0
      vertex -52.1007 61.4365 0
    endloop
  endfacet
  facet normal 0 0 1
    outer loop
      vertex -49.1879 61.3075 0
      vertex -52.0785 61.6667 0
      vertex -52.0892 61.5657 0
    endloop
  endfacet
  facet normal 0 -0 1
    outer loop
      vertex -49.1879 61.3075 0
      vertex -49.1792 61.4567 0
      vertex -52.0785 61.6667 0
    endloop
  endfacet
  facet normal -0 0 1
    outer loop
      vertex -52.0785 61.6667 0
      vertex -49.1792 61.4567 0
      vertex -52.0688 61.7397 0
    endloop
  endfacet
  facet normal 0 0 1
    outer loop
      vertex -52.0688 61.7397 0
      vertex -49.1792 61.4567 0
      vertex -49.1703 61.6007 0
    endloop
  endfacet
  facet normal 0 0 1
    outer loop
      vertex -49.1611 61.7397 0
      vertex -52.0688 61.7397 0
      vertex -49.1703 61.6007 0
    endloop
  endfacet
  facet normal 0 -0 1
    outer loop
      vertex -49.2206 60.66 0
      vertex -49.2128 60.8295 0
      vertex -52.1406 60.8801 0
    endloop
  endfacet
  facet normal -0 0 1
    outer loop
      vertex -52.1822 60.1725 0
      vertex -49.2389 60.0811 0
      vertex -52.1701 60.3941 0
    endloop
  endfacet
  facet normal 0 0 1
    outer loop
      vertex -52.1822 60.1725 0
      vertex -52.1922 59.9738 0
      vertex -49.2389 60.0811 0
    endloop
  endfacet
  facet normal 0 0 1
    outer loop
      vertex -49.2389 60.0811 0
      vertex -52.1922 59.9738 0
      vertex -49.2428 59.8603 0
    endloop
  endfacet
  facet normal 0 0 1
    outer loop
      vertex -49.2428 59.8603 0
      vertex -52.1922 59.9738 0
      vertex -52.1999 59.7979 0
    endloop
  endfacet
  facet normal 0 -0 1
    outer loop
      vertex -49.2456 59.6255 0
      vertex -49.2428 59.8603 0
      vertex -52.1999 59.7979 0
    endloop
  endfacet
  facet normal -0 0 1
    outer loop
      vertex -52.2055 59.6447 0
      vertex -49.2456 59.6255 0
      vertex -52.1999 59.7979 0
    endloop
  endfacet
  facet normal -0 0 1
    outer loop
      vertex -52.2088 59.5144 0
      vertex -49.2473 59.3768 0
      vertex -49.2456 59.6255 0
    endloop
  endfacet
  facet normal 0 0 1
    outer loop
      vertex -52.2088 59.5144 0
      vertex -52.2099 59.4069 0
      vertex -49.2473 59.3768 0
    endloop
  endfacet
  facet normal 0 0 1
    outer loop
      vertex -49.2473 59.3768 0
      vertex -52.2099 59.4069 0
      vertex -49.2478 59.1141 0
    endloop
  endfacet
  facet normal 0 0 1
    outer loop
      vertex -49.2478 59.1141 0
      vertex -52.2099 59.4069 0
      vertex -52.5182 57.8164 0
    endloop
  endfacet
  facet normal 0 -0 1
    outer loop
      vertex -52.4213 57.4685 0
      vertex -49.2478 59.1141 0
      vertex -52.5182 57.8164 0
    endloop
  endfacet
  facet normal -0 0 1
    outer loop
      vertex -52.4213 57.4685 0
      vertex -52.3521 57.0986 0
      vertex -49.2478 59.1141 0
    endloop
  endfacet
  facet normal 0 0 1
    outer loop
      vertex -49.2478 59.1141 0
      vertex -52.3521 57.0986 0
      vertex -52.3106 56.7067 0
    endloop
  endfacet
  facet normal 0 -0 1
    outer loop
      vertex -49.2478 50 0
      vertex -49.2478 59.1141 0
      vertex -52.2968 56.293 0
    endloop
  endfacet
  facet normal 0 0 1
    outer loop
      vertex -52.2968 50 0
      vertex -49.2478 50 0
      vertex -52.2968 56.293 0
    endloop
  endfacet
  facet normal 0 0 1
    outer loop
      vertex -109.42 52.1102 0
      vertex -108.008 49.9734 0
      vertex -107.765 50.054 0
    endloop
  endfacet
  facet normal 0 0 1
    outer loop
      vertex -128.121 60.6384 0
      vertex -128.136 60.3941 0
      vertex -125.199 60.2881 0
    endloop
  endfacet
  facet normal 0 0 1
    outer loop
      vertex -128.174 59.5144 0
      vertex -125.211 59.6255 0
      vertex -128.171 59.6447 0
    endloop
  endfacet
  facet normal 0 0 1
    outer loop
      vertex -125.186 60.66 0
      vertex -128.121 60.6384 0
      vertex -125.193 60.481 0
    endloop
  endfacet
  facet normal 0 -0 1
    outer loop
      vertex -128.608 58.1425 0
      vertex -128.175 59.4069 0
      vertex -128.76 58.4466 0
    endloop
  endfacet
  facet normal 0 -0 1
    outer loop
      vertex -128.76 58.4466 0
      vertex -128.219 59.4069 0
      vertex -128.94 58.7288 0
    endloop
  endfacet
  facet normal 0 0 1
    outer loop
      vertex -128.402 59.7762 0
      vertex -129.363 59.1938 0
      vertex -129.143 58.9807 0
    endloop
  endfacet
  facet normal 0 0 1
    outer loop
      vertex -128.598 60.1155 0
      vertex -129.6 59.3682 0
      vertex -129.363 59.1938 0
    endloop
  endfacet
  facet normal 0 0 1
    outer loop
      vertex -129.028 60.7036 0
      vertex -129.855 59.5038 0
      vertex -128.807 60.4246 0
    endloop
  endfacet
  facet normal 0 0 1
    outer loop
      vertex -129.51 61.1712 0
      vertex -130.128 59.6007 0
      vertex -129.263 60.9524 0
    endloop
  endfacet
  facet normal 0 0 1
    outer loop
      vertex -130.044 61.5211 0
      vertex -130.418 59.6589 0
      vertex -129.77 61.3598 0
    endloop
  endfacet
  facet normal 0 0 1
    outer loop
      vertex -130.954 61.8559 0
      vertex -130.725 59.6782 0
      vertex -130.636 61.7691 0
    endloop
  endfacet
  facet normal 0 0 1
    outer loop
      vertex -130.954 61.8559 0
      vertex -131.286 61.9179 0
      vertex -131.281 59.6151 0
    endloop
  endfacet
  facet normal 0 0 1
    outer loop
      vertex -131.281 59.6151 0
      vertex -131.995 61.9675 0
      vertex -131.751 59.4258 0
    endloop
  endfacet
  facet normal 0 0 1
    outer loop
      vertex -131.751 59.4258 0
      vertex -133.435 61.7563 0
      vertex -132.135 59.1103 0
    endloop
  endfacet
  facet normal 0 0 1
    outer loop
      vertex -132.135 59.1103 0
      vertex -134.556 61.1226 0
      vertex -134.859 60.8174 0
    endloop
  endfacet
  facet normal 0 0 1
    outer loop
      vertex -132.435 58.6685 0
      vertex -135.348 60.0734 0
      vertex -135.531 59.6363 0
    endloop
  endfacet
  facet normal 0 0 1
    outer loop
      vertex -132.648 58.1005 0
      vertex -135.531 59.6363 0
      vertex -135.674 59.1558 0
    endloop
  endfacet
  facet normal -0 0 1
    outer loop
      vertex -135.776 58.6319 0
      vertex -132.648 58.1005 0
      vertex -135.674 59.1558 0
    endloop
  endfacet
  facet normal 0 0 1
    outer loop
      vertex -135.776 58.6319 0
      vertex -135.837 58.0646 0
      vertex -132.648 58.1005 0
    endloop
  endfacet
  facet normal 0 0 1
    outer loop
      vertex -135.837 58.0646 0
      vertex -135.857 57.4539 0
      vertex -132.776 57.4063 0
    endloop
  endfacet
  facet normal 0 0 1
    outer loop
      vertex -132.776 57.4063 0
      vertex -135.857 57.4539 0
      vertex -132.819 56.5859 0
    endloop
  endfacet
  facet normal 0 0 1
    outer loop
      vertex -132.819 56.5859 0
      vertex -135.857 57.4539 0
      vertex -135.857 50 0
    endloop
  endfacet
  facet normal 0 0 1
    outer loop
      vertex -109.657 49.9121 0
      vertex -109.771 51.8047 0
      vertex -109.89 51.7665 0
    endloop
  endfacet
  facet normal 0 -0 1
    outer loop
      vertex -132.819 50 0
      vertex -132.819 56.5859 0
      vertex -135.857 50 0
    endloop
  endfacet
  facet normal 0 0 1
    outer loop
      vertex -132.648 58.1005 0
      vertex -135.837 58.0646 0
      vertex -132.776 57.4063 0
    endloop
  endfacet
  facet normal 0 -0 1
    outer loop
      vertex -132.648 58.1005 0
      vertex -132.435 58.6685 0
      vertex -135.531 59.6363 0
    endloop
  endfacet
  facet normal 0 -0 1
    outer loop
      vertex -147.42 51.4105 0
      vertex -145.322 52.8511 0
      vertex -147.934 52.1266 0
    endloop
  endfacet
  facet normal 0 0 1
    outer loop
      vertex -132.435 58.6685 0
      vertex -135.124 60.4671 0
      vertex -135.348 60.0734 0
    endloop
  endfacet
  facet normal 0 0 1
    outer loop
      vertex -145.322 52.8511 0
      vertex -145.468 53.2224 0
      vertex -147.934 52.1266 0
    endloop
  endfacet
  facet normal 0 0 1
    outer loop
      vertex -132.435 58.6685 0
      vertex -134.859 60.8174 0
      vertex -135.124 60.4671 0
    endloop
  endfacet
  facet normal 0 0 1
    outer loop
      vertex -145.322 52.8511 0
      vertex -147.42 51.4105 0
      vertex -145.128 52.5369 0
    endloop
  endfacet
  facet normal 0 -0 1
    outer loop
      vertex -132.435 58.6685 0
      vertex -132.135 59.1103 0
      vertex -134.859 60.8174 0
    endloop
  endfacet
  facet normal 0 0 1
    outer loop
      vertex -145.468 53.2224 0
      vertex -148.343 52.9729 0
      vertex -147.934 52.1266 0
    endloop
  endfacet
  facet normal 0 0 1
    outer loop
      vertex -132.135 59.1103 0
      vertex -134.218 61.3807 0
      vertex -134.556 61.1226 0
    endloop
  endfacet
  facet normal 0 -0 1
    outer loop
      vertex -146.801 50.8246 0
      vertex -145.128 52.5369 0
      vertex -147.42 51.4105 0
    endloop
  endfacet
  facet normal 0 0 1
    outer loop
      vertex -132.135 59.1103 0
      vertex -133.844 61.592 0
      vertex -134.218 61.3807 0
    endloop
  endfacet
  facet normal 0 0 1
    outer loop
      vertex -144.886 52.2799 0
      vertex -145.128 52.5369 0
      vertex -146.801 50.8246 0
    endloop
  endfacet
  facet normal 0 0 1
    outer loop
      vertex -132.135 59.1103 0
      vertex -133.435 61.7563 0
      vertex -133.844 61.592 0
    endloop
  endfacet
  facet normal 0 0 1
    outer loop
      vertex -131.751 59.4258 0
      vertex -132.99 61.8736 0
      vertex -133.435 61.7563 0
    endloop
  endfacet
  facet normal 0 0 1
    outer loop
      vertex -137.786 55.9241 0
      vertex -137.815 56.7275 0
      vertex -141.008 57.1936 0
    endloop
  endfacet
  facet normal 0 0 1
    outer loop
      vertex -131.751 59.4258 0
      vertex -132.51 61.944 0
      vertex -132.99 61.8736 0
    endloop
  endfacet
  facet normal -0 0 1
    outer loop
      vertex -148.489 56.2627 0
      vertex -148.517 55.3707 0
      vertex -145.565 57.1936 0
    endloop
  endfacet
  facet normal 0 0 1
    outer loop
      vertex -131.751 59.4258 0
      vertex -131.995 61.9675 0
      vertex -132.51 61.944 0
    endloop
  endfacet
  facet normal 0 0 1
    outer loop
      vertex -144.703 59.5141 0
      vertex -146.322 61.1014 0
      vertex -144.882 59.3256 0
    endloop
  endfacet
  facet normal 0 0 1
    outer loop
      vertex -128.055 61.5657 0
      vertex -128.066 61.4365 0
      vertex -125.153 61.3075 0
    endloop
  endfacet
  facet normal 0 0 1
    outer loop
      vertex -143.276 60.0363 0
      vertex -143.319 61.9566 0
      vertex -143.556 60.0218 0
    endloop
  endfacet
  facet normal 0 0 1
    outer loop
      vertex -142.587 61.9247 0
      vertex -143.319 61.9566 0
      vertex -142.979 60.021 0
    endloop
  endfacet
  facet normal 0 0 1
    outer loop
      vertex -131.281 59.6151 0
      vertex -131.633 61.9551 0
      vertex -131.995 61.9675 0
    endloop
  endfacet
  facet normal 0 0 1
    outer loop
      vertex -138.522 59.3916 0
      vertex -141.224 58.5362 0
      vertex -141.137 58.2371 0
    endloop
  endfacet
  facet normal 0 0 1
    outer loop
      vertex -131.281 59.6151 0
      vertex -131.286 61.9179 0
      vertex -131.633 61.9551 0
    endloop
  endfacet
  facet normal 0 0 1
    outer loop
      vertex -130.954 61.8559 0
      vertex -131.281 59.6151 0
      vertex -130.725 59.6782 0
    endloop
  endfacet
  facet normal 0 0 1
    outer loop
      vertex -130.636 61.7691 0
      vertex -130.725 59.6782 0
      vertex -130.333 61.6575 0
    endloop
  endfacet
  facet normal 0 0 1
    outer loop
      vertex -130.333 61.6575 0
      vertex -130.725 59.6782 0
      vertex -130.044 61.5211 0
    endloop
  endfacet
  facet normal 0 0 1
    outer loop
      vertex -130.044 61.5211 0
      vertex -130.725 59.6782 0
      vertex -130.418 59.6589 0
    endloop
  endfacet
  facet normal 0 0 1
    outer loop
      vertex -129.77 61.3598 0
      vertex -130.418 59.6589 0
      vertex -129.51 61.1712 0
    endloop
  endfacet
  facet normal 0 0 1
    outer loop
      vertex -129.51 61.1712 0
      vertex -130.418 59.6589 0
      vertex -130.128 59.6007 0
    endloop
  endfacet
  facet normal 0 0 1
    outer loop
      vertex -129.263 60.9524 0
      vertex -130.128 59.6007 0
      vertex -129.855 59.5038 0
    endloop
  endfacet
  facet normal 0 0 1
    outer loop
      vertex -129.028 60.7036 0
      vertex -129.263 60.9524 0
      vertex -129.855 59.5038 0
    endloop
  endfacet
  facet normal 0 0 1
    outer loop
      vertex -128.807 60.4246 0
      vertex -129.855 59.5038 0
      vertex -129.6 59.3682 0
    endloop
  endfacet
  facet normal 0 0 1
    outer loop
      vertex -128.598 60.1155 0
      vertex -128.807 60.4246 0
      vertex -129.6 59.3682 0
    endloop
  endfacet
  facet normal 0 0 1
    outer loop
      vertex -128.402 59.7762 0
      vertex -128.598 60.1155 0
      vertex -129.363 59.1938 0
    endloop
  endfacet
  facet normal 0 0 1
    outer loop
      vertex -128.219 59.4069 0
      vertex -128.402 59.7762 0
      vertex -129.143 58.9807 0
    endloop
  endfacet
  facet normal 0 -0 1
    outer loop
      vertex -128.94 58.7288 0
      vertex -128.219 59.4069 0
      vertex -129.143 58.9807 0
    endloop
  endfacet
  facet normal 0 0 1
    outer loop
      vertex -128.76 58.4466 0
      vertex -128.175 59.4069 0
      vertex -128.219 59.4069 0
    endloop
  endfacet
  facet normal 0 0 1
    outer loop
      vertex -128.136 60.3941 0
      vertex -128.148 60.1725 0
      vertex -125.204 60.0811 0
    endloop
  endfacet
  facet normal -0 0 1
    outer loop
      vertex -128.608 58.1425 0
      vertex -128.484 57.8164 0
      vertex -128.175 59.4069 0
    endloop
  endfacet
  facet normal 0 0 1
    outer loop
      vertex -125.193 60.481 0
      vertex -128.121 60.6384 0
      vertex -125.199 60.2881 0
    endloop
  endfacet
  facet normal 0 0 1
    outer loop
      vertex -128.106 60.8801 0
      vertex -125.186 60.66 0
      vertex -125.178 60.8295 0
    endloop
  endfacet
  facet normal 0 0 1
    outer loop
      vertex -128.092 61.0937 0
      vertex -128.106 60.8801 0
      vertex -125.178 60.8295 0
    endloop
  endfacet
  facet normal 0 0 1
    outer loop
      vertex -125.17 60.9939 0
      vertex -128.092 61.0937 0
      vertex -125.178 60.8295 0
    endloop
  endfacet
  facet normal 0 0 1
    outer loop
      vertex -125.17 60.9939 0
      vertex -128.079 61.2791 0
      vertex -128.092 61.0937 0
    endloop
  endfacet
  facet normal 0 -0 1
    outer loop
      vertex -125.17 60.9939 0
      vertex -125.162 61.1533 0
      vertex -128.079 61.2791 0
    endloop
  endfacet
  facet normal -0 0 1
    outer loop
      vertex -128.079 61.2791 0
      vertex -125.162 61.1533 0
      vertex -128.066 61.4365 0
    endloop
  endfacet
  facet normal 0 0 1
    outer loop
      vertex -128.066 61.4365 0
      vertex -125.162 61.1533 0
      vertex -125.153 61.3075 0
    endloop
  endfacet
  facet normal -0 0 1
    outer loop
      vertex -128.055 61.5657 0
      vertex -125.153 61.3075 0
      vertex -128.044 61.6667 0
    endloop
  endfacet
  facet normal 0 0 1
    outer loop
      vertex -128.044 61.6667 0
      vertex -125.153 61.3075 0
      vertex -125.145 61.4567 0
    endloop
  endfacet
  facet normal 0 0 1
    outer loop
      vertex -128.034 61.7397 0
      vertex -128.044 61.6667 0
      vertex -125.145 61.4567 0
    endloop
  endfacet
  facet normal 0 0 1
    outer loop
      vertex -125.136 61.6007 0
      vertex -128.034 61.7397 0
      vertex -125.145 61.4567 0
    endloop
  endfacet
  facet normal 0 -0 1
    outer loop
      vertex -125.136 61.6007 0
      vertex -125.127 61.7397 0
      vertex -128.034 61.7397 0
    endloop
  endfacet
  facet normal 0 0 1
    outer loop
      vertex -128.106 60.8801 0
      vertex -128.121 60.6384 0
      vertex -125.186 60.66 0
    endloop
  endfacet
  facet normal 0 0 1
    outer loop
      vertex -125.204 60.0811 0
      vertex -128.148 60.1725 0
      vertex -128.158 59.9738 0
    endloop
  endfacet
  facet normal 0 -0 1
    outer loop
      vertex -125.208 59.8603 0
      vertex -125.204 60.0811 0
      vertex -128.158 59.9738 0
    endloop
  endfacet
  facet normal 0 0 1
    outer loop
      vertex -128.165 59.7979 0
      vertex -125.208 59.8603 0
      vertex -128.158 59.9738 0
    endloop
  endfacet
  facet normal -0 0 1
    outer loop
      vertex -128.165 59.7979 0
      vertex -125.211 59.6255 0
      vertex -125.208 59.8603 0
    endloop
  endfacet
  facet normal 0 0 1
    outer loop
      vertex -128.165 59.7979 0
      vertex -128.171 59.6447 0
      vertex -125.211 59.6255 0
    endloop
  endfacet
  facet normal 0 0 1
    outer loop
      vertex -125.211 59.6255 0
      vertex -128.174 59.5144 0
      vertex -125.213 59.3768 0
    endloop
  endfacet
  facet normal 0 0 1
    outer loop
      vertex -125.213 59.3768 0
      vertex -128.174 59.5144 0
      vertex -128.175 59.4069 0
    endloop
  endfacet
  facet normal 0 -0 1
    outer loop
      vertex -125.213 59.1141 0
      vertex -125.213 59.3768 0
      vertex -128.175 59.4069 0
    endloop
  endfacet
  facet normal 0 0 1
    outer loop
      vertex -128.484 57.8164 0
      vertex -125.213 59.1141 0
      vertex -128.175 59.4069 0
    endloop
  endfacet
  facet normal -0 0 1
    outer loop
      vertex -128.484 57.8164 0
      vertex -128.387 57.4685 0
      vertex -125.213 59.1141 0
    endloop
  endfacet
  facet normal 0 0 1
    outer loop
      vertex -125.213 59.1141 0
      vertex -128.387 57.4685 0
      vertex -128.318 57.0986 0
    endloop
  endfacet
  facet normal -0 0 1
    outer loop
      vertex -128.262 56.293 0
      vertex -125.213 50 0
      vertex -125.213 59.1141 0
    endloop
  endfacet
  facet normal 0 0 1
    outer loop
      vertex -128.262 56.293 0
      vertex -128.262 50 0
      vertex -125.213 50 0
    endloop
  endfacet
  facet normal 0 0 1
    outer loop
      vertex -110.02 51.7436 0
      vertex -110.037 49.9661 0
      vertex -109.975 49.9555 0
    endloop
  endfacet
  facet normal 0 -0 1
    outer loop
      vertex -70.4679 55.8806 0
      vertex -70.454 56.4555 0
      vertex -73.6577 55.8806 0
    endloop
  endfacet
  facet normal 0 -0 1
    outer loop
      vertex -70.4926 50.3127 0
      vertex -69.5503 52.6036 0
      vertex -71.0692 50.6106 0
    endloop
  endfacet
  facet normal -0 0 1
    outer loop
      vertex -73.6268 56.6927 0
      vertex -70.454 56.4555 0
      vertex -70.4121 56.9834 0
    endloop
  endfacet
  facet normal -0 0 1
    outer loop
      vertex -70.4926 50.3127 0
      vertex -69.8664 50.081 0
      vertex -69.0341 52.1939 0
    endloop
  endfacet
  facet normal 0 0 1
    outer loop
      vertex -69.0341 52.1939 0
      vertex -69.1907 49.9155 0
      vertex -68.4033 51.9482 0
    endloop
  endfacet
  facet normal 0 0 1
    outer loop
      vertex -81.2165 52.6898 0
      vertex -81.3491 52.8441 0
      vertex -82.3352 52.0941 0
    endloop
  endfacet
  facet normal 0 0 1
    outer loop
      vertex -76.7702 50.086 0
      vertex -78.4237 52.3165 0
      vertex -77.1499 49.9534 0
    endloop
  endfacet
  facet normal -0 0 1
    outer loop
      vertex -67.7988 59.8627 0
      vertex -67.0619 59.7814 0
      vertex -66.9779 61.9235 0
    endloop
  endfacet
  facet normal 0 -0 1
    outer loop
      vertex -76.421 50.2563 0
      vertex -76.1024 50.4646 0
      vertex -78.3215 52.4415 0
    endloop
  endfacet
  facet normal 0 -0 1
    outer loop
      vertex -69.5763 59.1692 0
      vertex -69.3432 59.3811 0
      vertex -70.5967 61.4447 0
    endloop
  endfacet
  facet normal -0 0 1
    outer loop
      vertex -78.2351 52.584 0
      vertex -75.561 50.9911 0
      vertex -78.1643 52.744 0
    endloop
  endfacet
  facet normal 0 0 1
    outer loop
      vertex -69.2872 61.8286 0
      vertex -69.9697 61.6687 0
      vertex -68.8011 59.6893 0
    endloop
  endfacet
  facet normal -0 0 1
    outer loop
      vertex -78.1643 52.744 0
      vertex -75.1713 51.6444 0
      vertex -78.1093 52.9214 0
    endloop
  endfacet
  facet normal 0 0 1
    outer loop
      vertex -74.8838 53.8232 0
      vertex -74.9565 54.2908 0
      vertex -78.0433 53.7395 0
    endloop
  endfacet
  facet normal 0 -0 1
    outer loop
      vertex -68.1582 59.8434 0
      vertex -67.7553 61.9566 0
      vertex -68.549 61.9246 0
    endloop
  endfacet
  facet normal 0 0 1
    outer loop
      vertex -79.2713 51.9179 0
      vertex -79.449 51.9096 0
      vertex -79.8419 49.9717 0
    endloop
  endfacet
  facet normal 0 0 1
    outer loop
      vertex -76.8137 56.5671 0
      vertex -78.3428 54.7078 0
      vertex -78.2719 54.6003 0
    endloop
  endfacet
  facet normal 0 0 1
    outer loop
      vertex -81.6842 53.3798 0
      vertex -81.7734 53.5783 0
      vertex -82.4002 52.0941 0
    endloop
  endfacet
  facet normal 0 0 1
    outer loop
      vertex -69.7842 58.9187 0
      vertex -72.1441 60.3888 0
      vertex -69.9656 58.6255 0
    endloop
  endfacet
  facet normal 0 0 1
    outer loop
      vertex -82.0136 54.6206 0
      vertex -82.0205 54.839 0
      vertex -85.0693 53.472 0
    endloop
  endfacet
  facet normal -0 0 1
    outer loop
      vertex -65.0212 55.8806 0
      vertex -65.035 55.3387 0
      vertex -61.8204 55.8806 0
    endloop
  endfacet
  facet normal 0 0 1
    outer loop
      vertex -62.1074 58.0857 0
      vertex -65.0779 56.9371 0
      vertex -61.9479 57.4001 0
    endloop
  endfacet
  facet normal -0 0 1
    outer loop
      vertex -81.051 61.9343 0
      vertex -80.5562 59.9707 0
      vertex -80.4363 61.9566 0
    endloop
  endfacet
  facet normal 0 0 1
    outer loop
      vertex -65.0779 56.9371 0
      vertex -65.0212 55.8806 0
      vertex -61.8523 56.665 0
    endloop
  endfacet
  facet normal 0 0 1
    outer loop
      vertex -83.5001 61.1515 0
      vertex -81.7256 59.2515 0
      vertex -81.619 59.4232 0
    endloop
  endfacet
  facet normal 0 0 1
    outer loop
      vertex -62.6175 59.3089 0
      vertex -65.5314 58.5624 0
      vertex -65.2479 57.831 0
    endloop
  endfacet
  facet normal 0 0 1
    outer loop
      vertex -77.7631 61.5054 0
      vertex -78.222 61.6679 0
      vertex -79.0639 59.5968 0
    endloop
  endfacet
  facet normal 0 0 1
    outer loop
      vertex -75.8226 59.7908 0
      vertex -78.6042 58.5658 0
      vertex -75.6388 59.3857 0
    endloop
  endfacet
  facet normal 0 0 1
    outer loop
      vertex -75.6388 59.3857 0
      vertex -78.6042 58.5658 0
      vertex -75.4949 58.9468 0
    endloop
  endfacet
  facet normal 0 0 1
    outer loop
      vertex -75.3912 58.4739 0
      vertex -75.4949 58.9468 0
      vertex -78.5703 58.3219 0
    endloop
  endfacet
  facet normal 0 0 1
    outer loop
      vertex -65.035 55.3387 0
      vertex -65.0766 54.8351 0
      vertex -61.8523 55.0933 0
    endloop
  endfacet
  facet normal 0 0 1
    outer loop
      vertex -65.5314 58.5624 0
      vertex -63.3828 60.3345 0
      vertex -63.8547 60.7649 0
    endloop
  endfacet
  facet normal 0 0 1
    outer loop
      vertex -65.9282 59.1313 0
      vertex -63.8547 60.7649 0
      vertex -64.3775 61.129 0
    endloop
  endfacet
  facet normal 0 0 1
    outer loop
      vertex -62.1074 53.6673 0
      vertex -65.1458 54.3697 0
      vertex -62.3306 53.0287 0
    endloop
  endfacet
  facet normal 0 0 1
    outer loop
      vertex -65.5758 61.6587 0
      vertex -66.2514 61.8242 0
      vertex -66.4383 59.5376 0
    endloop
  endfacet
  facet normal 0 -0 1
    outer loop
      vertex -70.3423 57.4643 0
      vertex -70.2447 57.8983 0
      vertex -73.1634 58.7929 0
    endloop
  endfacet
  facet normal -0 0 1
    outer loop
      vertex -65.6993 52.8915 0
      vertex -63.3828 51.4106 0
      vertex -65.5194 53.2036 0
    endloop
  endfacet
  facet normal 0 0 1
    outer loop
      vertex -64.3721 50.6134 0
      vertex -65.9053 52.6195 0
      vertex -66.1359 52.3893 0
    endloop
  endfacet
  facet normal 0 0 1
    outer loop
      vertex -66.9752 51.9499 0
      vertex -66.9301 49.8163 0
      vertex -66.2182 49.9159 0
    endloop
  endfacet
  facet normal 0 0 1
    outer loop
      vertex -65.5546 50.082 0
      vertex -66.6709 52.0546 0
      vertex -66.2182 49.9159 0
    endloop
  endfacet
  facet normal 0 0 1
    outer loop
      vertex -66.2182 49.9159 0
      vertex -66.6709 52.0546 0
      vertex -66.9752 51.9499 0
    endloop
  endfacet
  facet normal 0 0 1
    outer loop
      vertex -65.5546 50.082 0
      vertex -66.3911 52.201 0
      vertex -66.6709 52.0546 0
    endloop
  endfacet
  facet normal 0 -0 1
    outer loop
      vertex -65.5546 50.082 0
      vertex -64.9392 50.3145 0
      vertex -66.3911 52.201 0
    endloop
  endfacet
  facet normal 0 0 1
    outer loop
      vertex -64.9392 50.3145 0
      vertex -66.1359 52.3893 0
      vertex -66.3911 52.201 0
    endloop
  endfacet
  facet normal 0 0 1
    outer loop
      vertex -66.9301 49.8163 0
      vertex -66.9752 51.9499 0
      vertex -67.3042 51.8872 0
    endloop
  endfacet
  facet normal 0 0 1
    outer loop
      vertex -67.3042 51.8872 0
      vertex -67.6903 49.7831 0
      vertex -66.9301 49.8163 0
    endloop
  endfacet
  facet normal 0 0 1
    outer loop
      vertex -67.3042 51.8872 0
      vertex -67.6577 51.8662 0
      vertex -67.6903 49.7831 0
    endloop
  endfacet
  facet normal 0 0 1
    outer loop
      vertex -67.6577 51.8662 0
      vertex -68.4653 49.8161 0
      vertex -67.6903 49.7831 0
    endloop
  endfacet
  facet normal 0 -0 1
    outer loop
      vertex -64.9392 50.3145 0
      vertex -64.3721 50.6134 0
      vertex -66.1359 52.3893 0
    endloop
  endfacet
  facet normal 0 -0 1
    outer loop
      vertex -64.3721 50.6134 0
      vertex -63.8533 50.9788 0
      vertex -65.9053 52.6195 0
    endloop
  endfacet
  facet normal 0 0 1
    outer loop
      vertex -65.6993 52.8915 0
      vertex -63.8533 50.9788 0
      vertex -63.3828 51.4106 0
    endloop
  endfacet
  facet normal -0 0 1
    outer loop
      vertex -65.9053 52.6195 0
      vertex -63.8533 50.9788 0
      vertex -65.6993 52.8915 0
    endloop
  endfacet
  facet normal -0 0 1
    outer loop
      vertex -65.5194 53.2036 0
      vertex -62.9683 51.9004 0
      vertex -65.3672 53.554 0
    endloop
  endfacet
  facet normal 0 -0 1
    outer loop
      vertex -63.3828 51.4106 0
      vertex -62.9683 51.9004 0
      vertex -65.5194 53.2036 0
    endloop
  endfacet
  facet normal -0 0 1
    outer loop
      vertex -65.3672 53.554 0
      vertex -62.6175 52.4398 0
      vertex -65.2426 53.9427 0
    endloop
  endfacet
  facet normal 0 -0 1
    outer loop
      vertex -62.9683 51.9004 0
      vertex -62.6175 52.4398 0
      vertex -65.3672 53.554 0
    endloop
  endfacet
  facet normal -0 0 1
    outer loop
      vertex -65.2426 53.9427 0
      vertex -62.3306 53.0287 0
      vertex -65.1458 54.3697 0
    endloop
  endfacet
  facet normal 0 -0 1
    outer loop
      vertex -62.6175 52.4398 0
      vertex -62.3306 53.0287 0
      vertex -65.2426 53.9427 0
    endloop
  endfacet
  facet normal -0 0 1
    outer loop
      vertex -65.1458 54.3697 0
      vertex -61.9479 54.3555 0
      vertex -65.0766 54.8351 0
    endloop
  endfacet
  facet normal 0 -0 1
    outer loop
      vertex -62.1074 53.6673 0
      vertex -61.9479 54.3555 0
      vertex -65.1458 54.3697 0
    endloop
  endfacet
  facet normal 0 0 1
    outer loop
      vertex -61.8204 55.8806 0
      vertex -65.035 55.3387 0
      vertex -61.8523 55.0933 0
    endloop
  endfacet
  facet normal 0 0 1
    outer loop
      vertex -61.8523 56.665 0
      vertex -65.0212 55.8806 0
      vertex -61.8204 55.8806 0
    endloop
  endfacet
  facet normal 0 0 1
    outer loop
      vertex -61.9479 57.4001 0
      vertex -65.0779 56.9371 0
      vertex -61.8523 56.665 0
    endloop
  endfacet
  facet normal 0 0 1
    outer loop
      vertex -62.1074 58.0857 0
      vertex -65.2479 57.831 0
      vertex -65.0779 56.9371 0
    endloop
  endfacet
  facet normal 0 0 1
    outer loop
      vertex -65.2479 57.831 0
      vertex -62.1074 58.0857 0
      vertex -62.3306 58.722 0
    endloop
  endfacet
  facet normal 0 0 1
    outer loop
      vertex -62.6175 59.3089 0
      vertex -62.9683 59.8464 0
      vertex -65.5314 58.5624 0
    endloop
  endfacet
  facet normal 0 0 1
    outer loop
      vertex -65.5314 58.5624 0
      vertex -62.9683 59.8464 0
      vertex -63.3828 60.3345 0
    endloop
  endfacet
  facet normal -0 0 1
    outer loop
      vertex -65.9282 59.1313 0
      vertex -65.5314 58.5624 0
      vertex -63.8547 60.7649 0
    endloop
  endfacet
  facet normal 0 0 1
    outer loop
      vertex -64.9512 61.427 0
      vertex -65.9282 59.1313 0
      vertex -64.3775 61.129 0
    endloop
  endfacet
  facet normal 0 0 1
    outer loop
      vertex -64.9512 61.427 0
      vertex -65.5758 61.6587 0
      vertex -66.4383 59.5376 0
    endloop
  endfacet
  facet normal 0 0 1
    outer loop
      vertex -64.9512 61.427 0
      vertex -66.4383 59.5376 0
      vertex -65.9282 59.1313 0
    endloop
  endfacet
  facet normal 0 -0 1
    outer loop
      vertex -66.4383 59.5376 0
      vertex -66.2514 61.8242 0
      vertex -67.0619 59.7814 0
    endloop
  endfacet
  facet normal 0 0 1
    outer loop
      vertex -66.9779 61.9235 0
      vertex -67.7553 61.9566 0
      vertex -67.7988 59.8627 0
    endloop
  endfacet
  facet normal 0 0 1
    outer loop
      vertex -68.549 61.9246 0
      vertex -68.4923 59.7856 0
      vertex -68.1582 59.8434 0
    endloop
  endfacet
  facet normal 0 0 1
    outer loop
      vertex -69.0848 59.5545 0
      vertex -69.9697 61.6687 0
      vertex -69.3432 59.3811 0
    endloop
  endfacet
  facet normal 0 0 1
    outer loop
      vertex -68.8011 59.6893 0
      vertex -69.9697 61.6687 0
      vertex -69.0848 59.5545 0
    endloop
  endfacet
  facet normal 0 0 1
    outer loop
      vertex -69.3432 59.3811 0
      vertex -69.9697 61.6687 0
      vertex -70.5967 61.4447 0
    endloop
  endfacet
  facet normal 0 0 1
    outer loop
      vertex -69.5763 59.1692 0
      vertex -71.1681 61.1567 0
      vertex -71.6839 60.8047 0
    endloop
  endfacet
  facet normal 0 0 1
    outer loop
      vertex -70.5967 61.4447 0
      vertex -71.1681 61.1567 0
      vertex -69.5763 59.1692 0
    endloop
  endfacet
  facet normal 0 0 1
    outer loop
      vertex -69.7842 58.9187 0
      vertex -71.6839 60.8047 0
      vertex -72.1441 60.3888 0
    endloop
  endfacet
  facet normal 0 0 1
    outer loop
      vertex -69.5763 59.1692 0
      vertex -71.6839 60.8047 0
      vertex -69.7842 58.9187 0
    endloop
  endfacet
  facet normal 0 0 1
    outer loop
      vertex -69.9656 58.6255 0
      vertex -72.5457 59.9129 0
      vertex -70.1191 58.2854 0
    endloop
  endfacet
  facet normal 0 0 1
    outer loop
      vertex -72.1441 60.3888 0
      vertex -72.5457 59.9129 0
      vertex -69.9656 58.6255 0
    endloop
  endfacet
  facet normal 0 0 1
    outer loop
      vertex -70.1191 58.2854 0
      vertex -72.8854 59.3809 0
      vertex -70.2447 57.8983 0
    endloop
  endfacet
  facet normal 0 0 1
    outer loop
      vertex -72.5457 59.9129 0
      vertex -72.8854 59.3809 0
      vertex -70.1191 58.2854 0
    endloop
  endfacet
  facet normal 0 0 1
    outer loop
      vertex -70.2447 57.8983 0
      vertex -72.8854 59.3809 0
      vertex -73.1634 58.7929 0
    endloop
  endfacet
  facet normal 0 0 1
    outer loop
      vertex -73.1634 58.7929 0
      vertex -73.3797 58.1489 0
      vertex -70.3423 57.4643 0
    endloop
  endfacet
  facet normal 0 0 1
    outer loop
      vertex -70.3423 57.4643 0
      vertex -73.5341 57.4488 0
      vertex -70.4121 56.9834 0
    endloop
  endfacet
  facet normal 0 0 1
    outer loop
      vertex -70.4121 56.9834 0
      vertex -73.5341 57.4488 0
      vertex -73.6268 56.6927 0
    endloop
  endfacet
  facet normal 0 0 1
    outer loop
      vertex -70.454 56.4555 0
      vertex -73.6268 56.6927 0
      vertex -73.6577 55.8806 0
    endloop
  endfacet
  facet normal 0 0 1
    outer loop
      vertex -70.4679 55.8806 0
      vertex -73.6577 55.8806 0
      vertex -73.6254 55.0905 0
    endloop
  endfacet
  facet normal 0 0 1
    outer loop
      vertex -70.4106 54.8156 0
      vertex -73.6254 55.0905 0
      vertex -73.5284 54.3506 0
    endloop
  endfacet
  facet normal 0 0 1
    outer loop
      vertex -70.2385 53.9144 0
      vertex -70.4106 54.8156 0
      vertex -73.3667 53.661 0
    endloop
  endfacet
  facet normal 0 -0 1
    outer loop
      vertex -72.8494 52.4325 0
      vertex -70.2385 53.9144 0
      vertex -73.1404 53.0216 0
    endloop
  endfacet
  facet normal 0 0 1
    outer loop
      vertex -72.8494 52.4325 0
      vertex -69.9518 53.1771 0
      vertex -70.2385 53.9144 0
    endloop
  endfacet
  facet normal -0 0 1
    outer loop
      vertex -72.0735 51.4051 0
      vertex -71.5961 50.9748 0
      vertex -69.9518 53.1771 0
    endloop
  endfacet
  facet normal -0 0 1
    outer loop
      vertex -71.5961 50.9748 0
      vertex -71.0692 50.6106 0
      vertex -69.5503 52.6036 0
    endloop
  endfacet
  facet normal 0 0 1
    outer loop
      vertex -69.5503 52.6036 0
      vertex -70.4926 50.3127 0
      vertex -69.0341 52.1939 0
    endloop
  endfacet
  facet normal 0 0 1
    outer loop
      vertex -69.0341 52.1939 0
      vertex -69.8664 50.081 0
      vertex -69.1907 49.9155 0
    endloop
  endfacet
  facet normal 0 0 1
    outer loop
      vertex -67.6577 51.8662 0
      vertex -68.4033 51.9482 0
      vertex -68.4653 49.8161 0
    endloop
  endfacet
  facet normal 0 0 1
    outer loop
      vertex -68.4033 51.9482 0
      vertex -69.1907 49.9155 0
      vertex -68.4653 49.8161 0
    endloop
  endfacet
  facet normal 0 0 1
    outer loop
      vertex -76.8137 56.5671 0
      vertex -78.4224 54.8072 0
      vertex -78.3428 54.7078 0
    endloop
  endfacet
  facet normal -0 0 1
    outer loop
      vertex -78.21 54.4834 0
      vertex -78.1576 54.3559 0
      vertex -76.0475 56.0976 0
    endloop
  endfacet
  facet normal -0 0 1
    outer loop
      vertex -78.6042 58.5658 0
      vertex -78.5703 58.3219 0
      vertex -75.4949 58.9468 0
    endloop
  endfacet
  facet normal 0 0 1
    outer loop
      vertex -84.971 58.8248 0
      vertex -81.9877 58.3233 0
      vertex -81.9468 58.5916 0
    endloop
  endfacet
  facet normal -0 0 1
    outer loop
      vertex -85.0738 53.2024 0
      vertex -82.4002 52.0941 0
      vertex -85.0693 53.472 0
    endloop
  endfacet
  facet normal 0 0 1
    outer loop
      vertex -85.0874 52.9578 0
      vertex -85.1101 52.7383 0
      vertex -82.4002 52.0941 0
    endloop
  endfacet
  facet normal 0 0 1
    outer loop
      vertex -86.7077 50.1518 0
      vertex -86.52 51.7692 0
      vertex -86.6143 51.7838 0
    endloop
  endfacet
  facet normal 0 0 1
    outer loop
      vertex -84.8461 49.8702 0
      vertex -85.5372 51.8582 0
      vertex -84.9341 49.8716 0
    endloop
  endfacet
  facet normal 0 0 1
    outer loop
      vertex -84.4384 49.8813 0
      vertex -85.4432 51.9269 0
      vertex -84.7547 49.8698 0
    endloop
  endfacet
  facet normal 0 -0 1
    outer loop
      vertex -84.1467 49.9158 0
      vertex -83.8795 49.9734 0
      vertex -85.3614 52.0109 0
    endloop
  endfacet
  facet normal 0 -0 1
    outer loop
      vertex -84.4384 49.8813 0
      vertex -84.1467 49.9158 0
      vertex -85.3614 52.0109 0
    endloop
  endfacet
  facet normal 0 0 1
    outer loop
      vertex -84.4384 49.8813 0
      vertex -85.3614 52.0109 0
      vertex -85.4432 51.9269 0
    endloop
  endfacet
  facet normal 0 0 1
    outer loop
      vertex -84.8461 49.8702 0
      vertex -85.4432 51.9269 0
      vertex -85.5372 51.8582 0
    endloop
  endfacet
  facet normal -0 -0 1
    outer loop
      vertex -85.1782 49.8809 0
      vertex -85.1001 49.8769 0
      vertex -85.5372 51.8582 0
    endloop
  endfacet
  facet normal 0 0 1
    outer loop
      vertex -85.5372 51.8582 0
      vertex -85.1001 49.8769 0
      vertex -85.0188 49.8738 0
    endloop
  endfacet
  facet normal 0 0 1
    outer loop
      vertex -85.6434 51.8047 0
      vertex -85.2529 49.8858 0
      vertex -85.1782 49.8809 0
    endloop
  endfacet
  facet normal -0 -0 1
    outer loop
      vertex -85.3935 49.8979 0
      vertex -85.3243 49.8915 0
      vertex -85.6434 51.8047 0
    endloop
  endfacet
  facet normal -0 -0 1
    outer loop
      vertex -85.4616 49.9048 0
      vertex -85.3935 49.8979 0
      vertex -85.6434 51.8047 0
    endloop
  endfacet
  facet normal -0 -0 1
    outer loop
      vertex -85.5286 49.9121 0
      vertex -85.4616 49.9048 0
      vertex -85.6434 51.8047 0
    endloop
  endfacet
  facet normal -0 -0 1
    outer loop
      vertex -85.5945 49.9198 0
      vertex -85.5286 49.9121 0
      vertex -85.7618 51.7665 0
    endloop
  endfacet
  facet normal 0 0 1
    outer loop
      vertex -85.6593 49.928 0
      vertex -85.7618 51.7665 0
      vertex -85.7229 49.9367 0
    endloop
  endfacet
  facet normal 0 0 1
    outer loop
      vertex -85.7229 49.9367 0
      vertex -85.7618 51.7665 0
      vertex -85.7855 49.9458 0
    endloop
  endfacet
  facet normal 0 -0 1
    outer loop
      vertex -85.7855 49.9458 0
      vertex -85.7618 51.7665 0
      vertex -85.8923 51.7436 0
    endloop
  endfacet
  facet normal -0 -0 1
    outer loop
      vertex -85.8474 49.9555 0
      vertex -85.7855 49.9458 0
      vertex -85.8923 51.7436 0
    endloop
  endfacet
  facet normal -0 0 1
    outer loop
      vertex -85.9094 49.9661 0
      vertex -85.8474 49.9555 0
      vertex -85.8923 51.7436 0
    endloop
  endfacet
  facet normal -0 0 1
    outer loop
      vertex -85.9714 49.9776 0
      vertex -85.9094 49.9661 0
      vertex -85.8923 51.7436 0
    endloop
  endfacet
  facet normal -0 0 1
    outer loop
      vertex -86.0334 49.99 0
      vertex -85.9714 49.9776 0
      vertex -85.8923 51.7436 0
    endloop
  endfacet
  facet normal -0 0 1
    outer loop
      vertex -86.0954 50.0033 0
      vertex -86.0334 49.99 0
      vertex -85.8923 51.7436 0
    endloop
  endfacet
  facet normal -0 0 1
    outer loop
      vertex -86.035 51.736 0
      vertex -86.0954 50.0033 0
      vertex -85.8923 51.7436 0
    endloop
  endfacet
  facet normal 0 0 1
    outer loop
      vertex -86.035 51.736 0
      vertex -86.1574 50.0174 0
      vertex -86.0954 50.0033 0
    endloop
  endfacet
  facet normal 0 0 1
    outer loop
      vertex -86.035 51.736 0
      vertex -86.2194 50.0325 0
      vertex -86.1574 50.0174 0
    endloop
  endfacet
  facet normal 0 0 1
    outer loop
      vertex -86.035 51.736 0
      vertex -86.2825 50.0482 0
      vertex -86.2194 50.0325 0
    endloop
  endfacet
  facet normal 0 0 1
    outer loop
      vertex -86.035 51.736 0
      vertex -86.1338 51.7373 0
      vertex -86.2825 50.0482 0
    endloop
  endfacet
  facet normal 0 -0 1
    outer loop
      vertex -86.2825 50.0482 0
      vertex -86.1338 51.7373 0
      vertex -86.3479 50.0644 0
    endloop
  endfacet
  facet normal 0 -0 1
    outer loop
      vertex -86.3479 50.0644 0
      vertex -86.1338 51.7373 0
      vertex -86.4154 50.081 0
    endloop
  endfacet
  facet normal 0 0 1
    outer loop
      vertex -86.4154 50.081 0
      vertex -86.1338 51.7373 0
      vertex -86.2317 51.7413 0
    endloop
  endfacet
  facet normal -0 0 1
    outer loop
      vertex -86.4852 50.0981 0
      vertex -86.4154 50.081 0
      vertex -86.2317 51.7413 0
    endloop
  endfacet
  facet normal -0 0 1
    outer loop
      vertex -86.5571 50.1156 0
      vertex -86.4852 50.0981 0
      vertex -86.2317 51.7413 0
    endloop
  endfacet
  facet normal 0 0 1
    outer loop
      vertex -86.3287 51.748 0
      vertex -86.5571 50.1156 0
      vertex -86.2317 51.7413 0
    endloop
  endfacet
  facet normal 0 0 1
    outer loop
      vertex -86.3287 51.748 0
      vertex -86.6313 50.1335 0
      vertex -86.5571 50.1156 0
    endloop
  endfacet
  facet normal 0 0 1
    outer loop
      vertex -86.3287 51.748 0
      vertex -86.4247 51.7573 0
      vertex -86.6313 50.1335 0
    endloop
  endfacet
  facet normal 0 -0 1
    outer loop
      vertex -86.6313 50.1335 0
      vertex -86.4247 51.7573 0
      vertex -86.7077 50.1518 0
    endloop
  endfacet
  facet normal 0 0 1
    outer loop
      vertex -86.7077 50.1518 0
      vertex -86.4247 51.7573 0
      vertex -86.52 51.7692 0
    endloop
  endfacet
  facet normal 0 0 1
    outer loop
      vertex -86.7077 51.8011 0
      vertex -86.7077 50.1518 0
      vertex -86.6143 51.7838 0
    endloop
  endfacet
  facet normal 0 0 1
    outer loop
      vertex -85.5372 51.8582 0
      vertex -85.6434 51.8047 0
      vertex -85.1782 49.8809 0
    endloop
  endfacet
  facet normal -0 -0 1
    outer loop
      vertex -85.3243 49.8915 0
      vertex -85.2529 49.8858 0
      vertex -85.6434 51.8047 0
    endloop
  endfacet
  facet normal 0 0 1
    outer loop
      vertex -84.9341 49.8716 0
      vertex -85.5372 51.8582 0
      vertex -85.0188 49.8738 0
    endloop
  endfacet
  facet normal 0 0 1
    outer loop
      vertex -84.7547 49.8698 0
      vertex -85.4432 51.9269 0
      vertex -84.8461 49.8702 0
    endloop
  endfacet
  facet normal 0 0 1
    outer loop
      vertex -85.2917 52.1102 0
      vertex -85.3614 52.0109 0
      vertex -83.8795 49.9734 0
    endloop
  endfacet
  facet normal 0 0 1
    outer loop
      vertex -83.4189 50.1576 0
      vertex -85.2917 52.1102 0
      vertex -83.6369 50.054 0
    endloop
  endfacet
  facet normal 0 -0 1
    outer loop
      vertex -83.4189 50.1576 0
      vertex -83.2255 50.2842 0
      vertex -85.2917 52.1102 0
    endloop
  endfacet
  facet normal 0 0 1
    outer loop
      vertex -82.9091 50.606 0
      vertex -85.2917 52.1102 0
      vertex -83.0567 50.4339 0
    endloop
  endfacet
  facet normal 0 0 1
    outer loop
      vertex -85.2917 52.1102 0
      vertex -83.2255 50.2842 0
      vertex -83.0567 50.4339 0
    endloop
  endfacet
  facet normal 0 -0 1
    outer loop
      vertex -82.9091 50.606 0
      vertex -82.7794 50.7998 0
      vertex -85.2917 52.1102 0
    endloop
  endfacet
  facet normal -0 0 1
    outer loop
      vertex -85.2917 52.1102 0
      vertex -82.7794 50.7998 0
      vertex -85.2327 52.2297 0
    endloop
  endfacet
  facet normal 0 0 1
    outer loop
      vertex -85.2327 52.2297 0
      vertex -82.7794 50.7998 0
      vertex -82.6677 51.0152 0
    endloop
  endfacet
  facet normal 0 0 1
    outer loop
      vertex -82.574 51.2524 0
      vertex -85.2327 52.2297 0
      vertex -82.6677 51.0152 0
    endloop
  endfacet
  facet normal 0 -0 1
    outer loop
      vertex -82.574 51.2524 0
      vertex -82.4981 51.5113 0
      vertex -85.2327 52.2297 0
    endloop
  endfacet
  facet normal -0 0 1
    outer loop
      vertex -85.2327 52.2297 0
      vertex -82.4981 51.5113 0
      vertex -85.1828 52.3742 0
    endloop
  endfacet
  facet normal 0 0 1
    outer loop
      vertex -85.1828 52.3742 0
      vertex -82.4981 51.5113 0
      vertex -82.4402 51.7918 0
    endloop
  endfacet
  facet normal 0 0 1
    outer loop
      vertex -82.4002 52.0941 0
      vertex -85.1828 52.3742 0
      vertex -82.4402 51.7918 0
    endloop
  endfacet
  facet normal 0 0 1
    outer loop
      vertex -82.4002 52.0941 0
      vertex -85.1419 52.5437 0
      vertex -85.1828 52.3742 0
    endloop
  endfacet
  facet normal 0 0 1
    outer loop
      vertex -82.4002 52.0941 0
      vertex -85.1101 52.7383 0
      vertex -85.1419 52.5437 0
    endloop
  endfacet
  facet normal 0 0 1
    outer loop
      vertex -85.0738 53.2024 0
      vertex -85.0874 52.9578 0
      vertex -82.4002 52.0941 0
    endloop
  endfacet
  facet normal 0 -0 1
    outer loop
      vertex -82.0205 57.1176 0
      vertex -82.0205 57.7144 0
      vertex -85.0693 57.7469 0
    endloop
  endfacet
  facet normal 0 0 1
    outer loop
      vertex -81.1813 59.7996 0
      vertex -82.1555 61.7554 0
      vertex -81.348 59.6969 0
    endloop
  endfacet
  facet normal 0 0 1
    outer loop
      vertex -80.9938 59.8794 0
      vertex -81.6241 61.8672 0
      vertex -81.1813 59.7996 0
    endloop
  endfacet
  facet normal 0 0 1
    outer loop
      vertex -80.4363 61.9566 0
      vertex -80.3063 59.9821 0
      vertex -79.826 61.9386 0
    endloop
  endfacet
  facet normal 0 0 1
    outer loop
      vertex -76.3106 60.4993 0
      vertex -76.6147 60.8027 0
      vertex -78.7792 59.174 0
    endloop
  endfacet
  facet normal 0 -0 1
    outer loop
      vertex -78.7087 58.9919 0
      vertex -76.3106 60.4993 0
      vertex -78.7792 59.174 0
    endloop
  endfacet
  facet normal 0 0 1
    outer loop
      vertex -75.8226 59.7908 0
      vertex -78.6504 58.7892 0
      vertex -78.6042 58.5658 0
    endloop
  endfacet
  facet normal 0 0 1
    outer loop
      vertex -76.0466 60.162 0
      vertex -78.6504 58.7892 0
      vertex -75.8226 59.7908 0
    endloop
  endfacet
  facet normal -0 0 1
    outer loop
      vertex -78.7087 58.9919 0
      vertex -78.6504 58.7892 0
      vertex -76.0466 60.162 0
    endloop
  endfacet
  facet normal 0 0 1
    outer loop
      vertex -78.7087 58.9919 0
      vertex -76.0466 60.162 0
      vertex -76.3106 60.4993 0
    endloop
  endfacet
  facet normal 0 0 1
    outer loop
      vertex -76.6147 60.8027 0
      vertex -78.8619 59.3355 0
      vertex -78.7792 59.174 0
    endloop
  endfacet
  facet normal 0 0 1
    outer loop
      vertex -79.1837 49.8302 0
      vertex -79.2713 51.9179 0
      vertex -79.8419 49.9717 0
    endloop
  endfacet
  facet normal 0 0 1
    outer loop
      vertex -77.7631 61.5054 0
      vertex -79.0639 59.5968 0
      vertex -78.9568 59.4765 0
    endloop
  endfacet
  facet normal 0 0 1
    outer loop
      vertex -78.1147 54.2177 0
      vertex -75.4657 55.4812 0
      vertex -75.7323 55.8071 0
    endloop
  endfacet
  facet normal -0 0 1
    outer loop
      vertex -84.676 59.7521 0
      vertex -81.8894 58.8357 0
      vertex -84.4548 60.1593 0
    endloop
  endfacet
  facet normal 0 -0 1
    outer loop
      vertex -81.8157 59.0556 0
      vertex -81.7256 59.2515 0
      vertex -84.1845 60.5289 0
    endloop
  endfacet
  facet normal 0 0 1
    outer loop
      vertex -78.8619 59.3355 0
      vertex -76.9589 61.0723 0
      vertex -77.3421 61.3069 0
    endloop
  endfacet
  facet normal 0 0 1
    outer loop
      vertex -76.6147 60.8027 0
      vertex -76.9589 61.0723 0
      vertex -78.8619 59.3355 0
    endloop
  endfacet
  facet normal -0 0 1
    outer loop
      vertex -78.9568 59.4765 0
      vertex -78.8619 59.3355 0
      vertex -77.3421 61.3069 0
    endloop
  endfacet
  facet normal 0 0 1
    outer loop
      vertex -77.7631 61.5054 0
      vertex -78.9568 59.4765 0
      vertex -77.3421 61.3069 0
    endloop
  endfacet
  facet normal 0 -0 1
    outer loop
      vertex -79.0639 59.5968 0
      vertex -78.222 61.6679 0
      vertex -79.1862 59.699 0
    endloop
  endfacet
  facet normal 0 -0 1
    outer loop
      vertex -79.1862 59.699 0
      vertex -78.222 61.6679 0
      vertex -79.3269 59.7855 0
    endloop
  endfacet
  facet normal -0 0 1
    outer loop
      vertex -79.486 59.8563 0
      vertex -79.3269 59.7855 0
      vertex -78.7188 61.7942 0
    endloop
  endfacet
  facet normal 0 0 1
    outer loop
      vertex -79.3269 59.7855 0
      vertex -78.222 61.6679 0
      vertex -78.7188 61.7942 0
    endloop
  endfacet
  facet normal -0 0 1
    outer loop
      vertex -79.6635 59.9113 0
      vertex -79.486 59.8563 0
      vertex -79.2535 61.8844 0
    endloop
  endfacet
  facet normal 0 0 1
    outer loop
      vertex -79.486 59.8563 0
      vertex -78.7188 61.7942 0
      vertex -79.2535 61.8844 0
    endloop
  endfacet
  facet normal 0 0 1
    outer loop
      vertex -79.8594 59.9506 0
      vertex -79.2535 61.8844 0
      vertex -79.826 61.9386 0
    endloop
  endfacet
  facet normal 0 -0 1
    outer loop
      vertex -79.6635 59.9113 0
      vertex -79.2535 61.8844 0
      vertex -79.8594 59.9506 0
    endloop
  endfacet
  facet normal 0 -0 1
    outer loop
      vertex -80.0736 59.9742 0
      vertex -79.826 61.9386 0
      vertex -80.3063 59.9821 0
    endloop
  endfacet
  facet normal 0 -0 1
    outer loop
      vertex -79.8594 59.9506 0
      vertex -79.826 61.9386 0
      vertex -80.0736 59.9742 0
    endloop
  endfacet
  facet normal 0 0 1
    outer loop
      vertex -80.4363 61.9566 0
      vertex -80.5562 59.9707 0
      vertex -80.3063 59.9821 0
    endloop
  endfacet
  facet normal 0 0 1
    outer loop
      vertex -81.051 61.9343 0
      vertex -80.9938 59.8794 0
      vertex -80.7854 59.9364 0
    endloop
  endfacet
  facet normal 0 0 1
    outer loop
      vertex -81.051 61.9343 0
      vertex -80.7854 59.9364 0
      vertex -80.5562 59.9707 0
    endloop
  endfacet
  facet normal 0 0 1
    outer loop
      vertex -81.051 61.9343 0
      vertex -81.6241 61.8672 0
      vertex -80.9938 59.8794 0
    endloop
  endfacet
  facet normal 0 0 1
    outer loop
      vertex -81.6241 61.8672 0
      vertex -82.1555 61.7554 0
      vertex -81.1813 59.7996 0
    endloop
  endfacet
  facet normal -0 0 1
    outer loop
      vertex -82.6454 61.5988 0
      vertex -81.348 59.6969 0
      vertex -82.1555 61.7554 0
    endloop
  endfacet
  facet normal 0 0 1
    outer loop
      vertex -82.6454 61.5988 0
      vertex -83.0935 61.3975 0
      vertex -81.494 59.5715 0
    endloop
  endfacet
  facet normal 0 0 1
    outer loop
      vertex -82.6454 61.5988 0
      vertex -81.494 59.5715 0
      vertex -81.348 59.6969 0
    endloop
  endfacet
  facet normal 0 0 1
    outer loop
      vertex -83.0935 61.3975 0
      vertex -83.5001 61.1515 0
      vertex -81.619 59.4232 0
    endloop
  endfacet
  facet normal 0 0 1
    outer loop
      vertex -83.0935 61.3975 0
      vertex -81.619 59.4232 0
      vertex -81.494 59.5715 0
    endloop
  endfacet
  facet normal 0 0 1
    outer loop
      vertex -83.865 60.8608 0
      vertex -84.1845 60.5289 0
      vertex -81.7256 59.2515 0
    endloop
  endfacet
  facet normal -0 0 1
    outer loop
      vertex -83.865 60.8608 0
      vertex -81.7256 59.2515 0
      vertex -83.5001 61.1515 0
    endloop
  endfacet
  facet normal -0 0 1
    outer loop
      vertex -84.4548 60.1593 0
      vertex -81.8157 59.0556 0
      vertex -84.1845 60.5289 0
    endloop
  endfacet
  facet normal 0 0 1
    outer loop
      vertex -81.8157 59.0556 0
      vertex -84.4548 60.1593 0
      vertex -81.8894 58.8357 0
    endloop
  endfacet
  facet normal 0 0 1
    outer loop
      vertex -84.676 59.7521 0
      vertex -81.9468 58.5916 0
      vertex -81.8894 58.8357 0
    endloop
  endfacet
  facet normal 0 0 1
    outer loop
      vertex -84.676 59.7521 0
      vertex -84.8481 59.3073 0
      vertex -81.9468 58.5916 0
    endloop
  endfacet
  facet normal 0 0 1
    outer loop
      vertex -81.9468 58.5916 0
      vertex -84.8481 59.3073 0
      vertex -84.971 58.8248 0
    endloop
  endfacet
  facet normal 0 0 1
    outer loop
      vertex -81.9877 58.3233 0
      vertex -84.971 58.8248 0
      vertex -85.0447 58.3046 0
    endloop
  endfacet
  facet normal 0 -0 1
    outer loop
      vertex -82.0123 58.0309 0
      vertex -81.9877 58.3233 0
      vertex -85.0447 58.3046 0
    endloop
  endfacet
  facet normal 0 -0 1
    outer loop
      vertex -82.0205 55.4358 0
      vertex -82.0205 57.1176 0
      vertex -85.0693 57.7469 0
    endloop
  endfacet
  facet normal 0 0 1
    outer loop
      vertex -82.0123 58.0309 0
      vertex -85.0447 58.3046 0
      vertex -85.0693 57.7469 0
    endloop
  endfacet
  facet normal 0 -0 1
    outer loop
      vertex -82.0205 57.7144 0
      vertex -82.0123 58.0309 0
      vertex -85.0693 57.7469 0
    endloop
  endfacet
  facet normal 0 0 1
    outer loop
      vertex -85.0693 57.7469 0
      vertex -85.0693 53.472 0
      vertex -82.0205 55.4358 0
    endloop
  endfacet
  facet normal 0 0 1
    outer loop
      vertex -79.4925 57.0742 0
      vertex -82.0205 57.1176 0
      vertex -80.4581 55.4141 0
    endloop
  endfacet
  facet normal 0 0 1
    outer loop
      vertex -77.2622 56.7447 0
      vertex -77.7544 56.8842 0
      vertex -78.5107 54.8983 0
    endloop
  endfacet
  facet normal 0 0 1
    outer loop
      vertex -74.8595 53.3202 0
      vertex -74.8838 53.8232 0
      vertex -78.0386 53.5589 0
    endloop
  endfacet
  facet normal 0 -0 1
    outer loop
      vertex -75.1713 51.6444 0
      vertex -75.0349 52.0172 0
      vertex -78.1093 52.9214 0
    endloop
  endfacet
  facet normal 0 -0 1
    outer loop
      vertex -78.0433 53.7395 0
      vertex -74.9565 54.2908 0
      vertex -78.0576 53.9095 0
    endloop
  endfacet
  facet normal 0 -0 1
    outer loop
      vertex -76.1024 50.4646 0
      vertex -75.8143 50.7107 0
      vertex -78.2351 52.584 0
    endloop
  endfacet
  facet normal 0 0 1
    outer loop
      vertex -78.8007 52.0424 0
      vertex -78.4725 49.7831 0
      vertex -78.0011 49.802 0
    endloop
  endfacet
  facet normal 0 0 1
    outer loop
      vertex -78.6646 52.1172 0
      vertex -78.0011 49.802 0
      vertex -77.5602 49.8588 0
    endloop
  endfacet
  facet normal 0 0 1
    outer loop
      vertex -78.539 52.2085 0
      vertex -78.6646 52.1172 0
      vertex -77.5602 49.8588 0
    endloop
  endfacet
  facet normal 0 0 1
    outer loop
      vertex -78.539 52.2085 0
      vertex -77.5602 49.8588 0
      vertex -77.1499 49.9534 0
    endloop
  endfacet
  facet normal 0 0 1
    outer loop
      vertex -78.0011 49.802 0
      vertex -78.6646 52.1172 0
      vertex -78.8007 52.0424 0
    endloop
  endfacet
  facet normal -0 0 1
    outer loop
      vertex -78.539 52.2085 0
      vertex -77.1499 49.9534 0
      vertex -78.4237 52.3165 0
    endloop
  endfacet
  facet normal -0 0 1
    outer loop
      vertex -78.9472 51.9843 0
      vertex -78.4725 49.7831 0
      vertex -78.8007 52.0424 0
    endloop
  endfacet
  facet normal 0 0 1
    outer loop
      vertex -78.9472 51.9843 0
      vertex -79.104 51.9428 0
      vertex -78.4725 49.7831 0
    endloop
  endfacet
  facet normal 0 0 1
    outer loop
      vertex -79.8419 49.9717 0
      vertex -79.449 51.9096 0
      vertex -79.651 51.9176 0
    endloop
  endfacet
  facet normal -0 0 1
    outer loop
      vertex -79.1837 49.8302 0
      vertex -78.4725 49.7831 0
      vertex -79.104 51.9428 0
    endloop
  endfacet
  facet normal -0 0 1
    outer loop
      vertex -79.2713 51.9179 0
      vertex -79.1837 49.8302 0
      vertex -79.104 51.9428 0
    endloop
  endfacet
  facet normal 0 0 1
    outer loop
      vertex -79.651 51.9176 0
      vertex -79.848 51.9415 0
      vertex -80.4468 50.2075 0
    endloop
  endfacet
  facet normal 0 0 1
    outer loop
      vertex -80.4084 52.1089 0
      vertex -80.9986 50.5377 0
      vertex -80.2267 52.0371 0
    endloop
  endfacet
  facet normal 0 0 1
    outer loop
      vertex -78.3215 52.4415 0
      vertex -76.7702 50.086 0
      vertex -76.421 50.2563 0
    endloop
  endfacet
  facet normal -0 0 1
    outer loop
      vertex -78.4237 52.3165 0
      vertex -76.7702 50.086 0
      vertex -78.3215 52.4415 0
    endloop
  endfacet
  facet normal -0 0 1
    outer loop
      vertex -78.3215 52.4415 0
      vertex -76.1024 50.4646 0
      vertex -78.2351 52.584 0
    endloop
  endfacet
  facet normal 0 0 1
    outer loop
      vertex -78.2351 52.584 0
      vertex -75.8143 50.7107 0
      vertex -75.561 50.9911 0
    endloop
  endfacet
  facet normal 0 0 1
    outer loop
      vertex -78.1643 52.744 0
      vertex -75.561 50.9911 0
      vertex -75.3466 51.3024 0
    endloop
  endfacet
  facet normal 0 -0 1
    outer loop
      vertex -75.3466 51.3024 0
      vertex -75.1713 51.6444 0
      vertex -78.1643 52.744 0
    endloop
  endfacet
  facet normal 0 0 1
    outer loop
      vertex -74.9375 52.4207 0
      vertex -78.07 53.1164 0
      vertex -78.1093 52.9214 0
    endloop
  endfacet
  facet normal 0 0 1
    outer loop
      vertex -74.9375 52.4207 0
      vertex -78.1093 52.9214 0
      vertex -75.0349 52.0172 0
    endloop
  endfacet
  facet normal 0 0 1
    outer loop
      vertex -74.879 52.855 0
      vertex -78.0464 53.3289 0
      vertex -78.07 53.1164 0
    endloop
  endfacet
  facet normal 0 0 1
    outer loop
      vertex -74.879 52.855 0
      vertex -78.07 53.1164 0
      vertex -74.9375 52.4207 0
    endloop
  endfacet
  facet normal 0 0 1
    outer loop
      vertex -74.8595 53.3202 0
      vertex -78.0386 53.5589 0
      vertex -78.0464 53.3289 0
    endloop
  endfacet
  facet normal 0 0 1
    outer loop
      vertex -74.8595 53.3202 0
      vertex -78.0464 53.3289 0
      vertex -74.879 52.855 0
    endloop
  endfacet
  facet normal 0 0 1
    outer loop
      vertex -74.8838 53.8232 0
      vertex -78.0433 53.7395 0
      vertex -78.0386 53.5589 0
    endloop
  endfacet
  facet normal 0 0 1
    outer loop
      vertex -78.0576 53.9095 0
      vertex -74.9565 54.2908 0
      vertex -75.0777 54.7231 0
    endloop
  endfacet
  facet normal 0 0 1
    outer loop
      vertex -75.2475 55.1198 0
      vertex -78.0814 54.069 0
      vertex -75.0777 54.7231 0
    endloop
  endfacet
  facet normal -0 0 1
    outer loop
      vertex -78.0814 54.069 0
      vertex -78.0576 53.9095 0
      vertex -75.0777 54.7231 0
    endloop
  endfacet
  facet normal 0 0 1
    outer loop
      vertex -75.2475 55.1198 0
      vertex -78.1147 54.2177 0
      vertex -78.0814 54.069 0
    endloop
  endfacet
  facet normal 0 0 1
    outer loop
      vertex -75.2475 55.1198 0
      vertex -75.4657 55.4812 0
      vertex -78.1147 54.2177 0
    endloop
  endfacet
  facet normal 0 -0 1
    outer loop
      vertex -78.1147 54.2177 0
      vertex -75.7323 55.8071 0
      vertex -78.1576 54.3559 0
    endloop
  endfacet
  facet normal 0 0 1
    outer loop
      vertex -78.1576 54.3559 0
      vertex -75.7323 55.8071 0
      vertex -76.0475 56.0976 0
    endloop
  endfacet
  facet normal 0 0 1
    outer loop
      vertex -78.21 54.4834 0
      vertex -76.0475 56.0976 0
      vertex -76.4088 56.3514 0
    endloop
  endfacet
  facet normal -0 0 1
    outer loop
      vertex -78.2719 54.6003 0
      vertex -78.21 54.4834 0
      vertex -76.4088 56.3514 0
    endloop
  endfacet
  facet normal 0 0 1
    outer loop
      vertex -76.8137 56.5671 0
      vertex -78.2719 54.6003 0
      vertex -76.4088 56.3514 0
    endloop
  endfacet
  facet normal 0 0 1
    outer loop
      vertex -76.8137 56.5671 0
      vertex -77.2622 56.7447 0
      vertex -78.4224 54.8072 0
    endloop
  endfacet
  facet normal 0 -0 1
    outer loop
      vertex -78.4224 54.8072 0
      vertex -77.2622 56.7447 0
      vertex -78.5107 54.8983 0
    endloop
  endfacet
  facet normal 0 -0 1
    outer loop
      vertex -78.5107 54.8983 0
      vertex -77.7544 56.8842 0
      vertex -78.6075 54.9812 0
    endloop
  endfacet
  facet normal 0 -0 1
    outer loop
      vertex -78.6075 54.9812 0
      vertex -77.7544 56.8842 0
      vertex -78.713 55.056 0
    endloop
  endfacet
  facet normal 0 0 1
    outer loop
      vertex -78.713 55.056 0
      vertex -77.7544 56.8842 0
      vertex -78.2901 56.9856 0
    endloop
  endfacet
  facet normal -0 0 1
    outer loop
      vertex -78.8272 55.1225 0
      vertex -78.713 55.056 0
      vertex -78.2901 56.9856 0
    endloop
  endfacet
  facet normal -0 0 1
    outer loop
      vertex -78.9499 55.1808 0
      vertex -78.8272 55.1225 0
      vertex -78.2901 56.9856 0
    endloop
  endfacet
  facet normal 0 0 1
    outer loop
      vertex -78.8695 57.049 0
      vertex -78.9499 55.1808 0
      vertex -78.2901 56.9856 0
    endloop
  endfacet
  facet normal 0 -0 1
    outer loop
      vertex -78.9499 55.1808 0
      vertex -78.8695 57.049 0
      vertex -79.0896 55.2321 0
    endloop
  endfacet
  facet normal 0 -0 1
    outer loop
      vertex -79.0896 55.2321 0
      vertex -78.8695 57.049 0
      vertex -79.2546 55.2774 0
    endloop
  endfacet
  facet normal 0 -0 1
    outer loop
      vertex -79.2546 55.2774 0
      vertex -78.8695 57.049 0
      vertex -79.4448 55.3167 0
    endloop
  endfacet
  facet normal 0 -0 1
    outer loop
      vertex -79.4448 55.3167 0
      vertex -78.8695 57.049 0
      vertex -79.4925 57.0742 0
    endloop
  endfacet
  facet normal -0 0 1
    outer loop
      vertex -79.6603 55.35 0
      vertex -79.4448 55.3167 0
      vertex -79.4925 57.0742 0
    endloop
  endfacet
  facet normal -0 0 1
    outer loop
      vertex -79.901 55.3773 0
      vertex -79.6603 55.35 0
      vertex -79.4925 57.0742 0
    endloop
  endfacet
  facet normal -0 0 1
    outer loop
      vertex -80.1669 55.3987 0
      vertex -79.901 55.3773 0
      vertex -79.4925 57.0742 0
    endloop
  endfacet
  facet normal -0 0 1
    outer loop
      vertex -80.4581 55.4141 0
      vertex -80.1669 55.3987 0
      vertex -79.4925 57.0742 0
    endloop
  endfacet
  facet normal 0 0 1
    outer loop
      vertex -82.0205 55.4358 0
      vertex -85.0693 53.472 0
      vertex -82.0205 54.839 0
    endloop
  endfacet
  facet normal 0 0 1
    outer loop
      vertex -82.0205 57.1176 0
      vertex -82.0205 55.4358 0
      vertex -80.4581 55.4141 0
    endloop
  endfacet
  facet normal 0 0 1
    outer loop
      vertex -81.993 54.4055 0
      vertex -82.0136 54.6206 0
      vertex -85.0693 53.472 0
    endloop
  endfacet
  facet normal 0 0 1
    outer loop
      vertex -81.993 54.4055 0
      vertex -85.0693 53.472 0
      vertex -81.9587 54.1938 0
    endloop
  endfacet
  facet normal 0 0 1
    outer loop
      vertex -81.9587 54.1938 0
      vertex -85.0693 53.472 0
      vertex -81.9107 53.9853 0
    endloop
  endfacet
  facet normal 0 0 1
    outer loop
      vertex -81.9107 53.9853 0
      vertex -85.0693 53.472 0
      vertex -81.8489 53.7802 0
    endloop
  endfacet
  facet normal 0 0 1
    outer loop
      vertex -81.8489 53.7802 0
      vertex -85.0693 53.472 0
      vertex -82.4002 52.0941 0
    endloop
  endfacet
  facet normal 0 0 1
    outer loop
      vertex -81.7734 53.5783 0
      vertex -81.8489 53.7802 0
      vertex -82.4002 52.0941 0
    endloop
  endfacet
  facet normal 0 0 1
    outer loop
      vertex -81.6842 53.3798 0
      vertex -82.4002 52.0941 0
      vertex -82.3352 52.0941 0
    endloop
  endfacet
  facet normal 0 0 1
    outer loop
      vertex -81.5829 53.1891 0
      vertex -81.6842 53.3798 0
      vertex -82.3352 52.0941 0
    endloop
  endfacet
  facet normal 0 0 1
    outer loop
      vertex -81.4712 53.0105 0
      vertex -81.5829 53.1891 0
      vertex -82.3352 52.0941 0
    endloop
  endfacet
  facet normal 0 0 1
    outer loop
      vertex -81.3491 52.8441 0
      vertex -81.4712 53.0105 0
      vertex -82.3352 52.0941 0
    endloop
  endfacet
  facet normal 0 0 1
    outer loop
      vertex -81.2165 52.6898 0
      vertex -82.3352 52.0941 0
      vertex -81.0736 52.5478 0
    endloop
  endfacet
  facet normal 0 0 1
    outer loop
      vertex -81.0736 52.5478 0
      vertex -82.3352 52.0941 0
      vertex -81.9428 51.4809 0
    endloop
  endfacet
  facet normal 0 0 1
    outer loop
      vertex -80.9202 52.4179 0
      vertex -81.0736 52.5478 0
      vertex -81.9428 51.4809 0
    endloop
  endfacet
  facet normal 0 0 1
    outer loop
      vertex -80.7565 52.3002 0
      vertex -81.9428 51.4809 0
      vertex -81.4973 50.9621 0
    endloop
  endfacet
  facet normal 0 0 1
    outer loop
      vertex -80.585 52.1965 0
      vertex -80.7565 52.3002 0
      vertex -81.4973 50.9621 0
    endloop
  endfacet
  facet normal 0 0 1
    outer loop
      vertex -80.4084 52.1089 0
      vertex -80.585 52.1965 0
      vertex -81.4973 50.9621 0
    endloop
  endfacet
  facet normal 0 -0 1
    outer loop
      vertex -80.9986 50.5377 0
      vertex -80.4084 52.1089 0
      vertex -81.4973 50.9621 0
    endloop
  endfacet
  facet normal 0 0 1
    outer loop
      vertex -80.0399 51.9813 0
      vertex -80.2267 52.0371 0
      vertex -80.9986 50.5377 0
    endloop
  endfacet
  facet normal 0 -0 1
    outer loop
      vertex -80.4468 50.2075 0
      vertex -80.0399 51.9813 0
      vertex -80.9986 50.5377 0
    endloop
  endfacet
  facet normal 0 0 1
    outer loop
      vertex -80.4468 50.2075 0
      vertex -79.848 51.9415 0
      vertex -80.0399 51.9813 0
    endloop
  endfacet
  facet normal 0 -0 1
    outer loop
      vertex -79.8419 49.9717 0
      vertex -79.651 51.9176 0
      vertex -80.4468 50.2075 0
    endloop
  endfacet
  facet normal 0 0 1
    outer loop
      vertex -138.511 52.3641 0
      vertex -141.194 53.5993 0
      vertex -141.311 53.2639 0
    endloop
  endfacet
  facet normal 0 0 1
    outer loop
      vertex -138.047 53.6121 0
      vertex -141.038 54.373 0
      vertex -141.103 53.969 0
    endloop
  endfacet
  facet normal 0 -0 1
    outer loop
      vertex -137.815 55.0948 0
      vertex -137.786 55.9241 0
      vertex -140.987 55.284 0
    endloop
  endfacet
  facet normal 0 0 1
    outer loop
      vertex -140.687 61.4465 0
      vertex -141.271 61.6697 0
      vertex -141.993 59.6543 0
    endloop
  endfacet
  facet normal 0 0 1
    outer loop
      vertex -148.081 58.5575 0
      vertex -145.53 57.5852 0
      vertex -145.474 57.9478 0
    endloop
  endfacet
  facet normal -0 0 1
    outer loop
      vertex -148.408 57.0912 0
      vertex -148.489 56.2627 0
      vertex -145.565 57.1936 0
    endloop
  endfacet
  facet normal 0 0 1
    outer loop
      vertex -148.271 57.8561 0
      vertex -148.408 57.0912 0
      vertex -145.565 57.1936 0
    endloop
  endfacet
  facet normal 0 0 1
    outer loop
      vertex -147.182 60.2803 0
      vertex -145.181 58.8615 0
      vertex -145.042 59.108 0
    endloop
  endfacet
  facet normal 0 0 1
    outer loop
      vertex -144.886 52.2799 0
      vertex -146.801 50.8246 0
      vertex -146.077 50.3689 0
    endloop
  endfacet
  facet normal 0 0 1
    outer loop
      vertex -144.594 52.0799 0
      vertex -144.886 52.2799 0
      vertex -146.077 50.3689 0
    endloop
  endfacet
  facet normal 0 -0 1
    outer loop
      vertex -145.248 50.0434 0
      vertex -144.594 52.0799 0
      vertex -146.077 50.3689 0
    endloop
  endfacet
  facet normal 0 0 1
    outer loop
      vertex -145.248 50.0434 0
      vertex -144.254 51.9371 0
      vertex -144.594 52.0799 0
    endloop
  endfacet
  facet normal -0 0 1
    outer loop
      vertex -145.248 50.0434 0
      vertex -144.315 49.8481 0
      vertex -144.254 51.9371 0
    endloop
  endfacet
  facet normal 0 0 1
    outer loop
      vertex -143.865 51.8514 0
      vertex -144.315 49.8481 0
      vertex -143.276 49.7831 0
    endloop
  endfacet
  facet normal 0 0 1
    outer loop
      vertex -144.254 51.9371 0
      vertex -144.315 49.8481 0
      vertex -143.865 51.8514 0
    endloop
  endfacet
  facet normal 0 0 1
    outer loop
      vertex -143.865 51.8514 0
      vertex -143.276 49.7831 0
      vertex -143.428 51.8229 0
    endloop
  endfacet
  facet normal -0 0 1
    outer loop
      vertex -143.428 51.8229 0
      vertex -143.276 49.7831 0
      vertex -143.104 51.8407 0
    endloop
  endfacet
  facet normal -0 0 1
    outer loop
      vertex -143.104 51.8407 0
      vertex -142.545 49.815 0
      vertex -142.802 51.8942 0
    endloop
  endfacet
  facet normal 0 0 1
    outer loop
      vertex -141.863 49.911 0
      vertex -142.264 52.108 0
      vertex -142.522 51.9833 0
    endloop
  endfacet
  facet normal 0 0 1
    outer loop
      vertex -140.651 50.295 0
      vertex -142.028 52.2684 0
      vertex -141.232 50.071 0
    endloop
  endfacet
  facet normal 0 0 1
    outer loop
      vertex -141.621 52.6962 0
      vertex -140.119 50.5829 0
      vertex -139.638 50.9349 0
    endloop
  endfacet
  facet normal 0 0 1
    outer loop
      vertex -138.83 51.8282 0
      vertex -141.453 52.9629 0
      vertex -139.207 51.3509 0
    endloop
  endfacet
  facet normal 0 0 1
    outer loop
      vertex -141.453 52.9629 0
      vertex -139.638 50.9349 0
      vertex -139.207 51.3509 0
    endloop
  endfacet
  facet normal 0 0 1
    outer loop
      vertex -138.83 51.8282 0
      vertex -141.311 53.2639 0
      vertex -141.453 52.9629 0
    endloop
  endfacet
  facet normal -0 0 1
    outer loop
      vertex -141.194 53.5993 0
      vertex -138.25 52.9588 0
      vertex -141.103 53.969 0
    endloop
  endfacet
  facet normal 0 0 1
    outer loop
      vertex -137.902 54.3241 0
      vertex -141 54.8113 0
      vertex -141.038 54.373 0
    endloop
  endfacet
  facet normal 0 0 1
    outer loop
      vertex -137.815 55.0948 0
      vertex -140.987 55.284 0
      vertex -141 54.8113 0
    endloop
  endfacet
  facet normal 0 0 1
    outer loop
      vertex -137.786 55.9241 0
      vertex -141.008 57.1936 0
      vertex -140.987 55.284 0
    endloop
  endfacet
  facet normal -0 0 1
    outer loop
      vertex -145.565 57.1936 0
      vertex -140.987 55.284 0
      vertex -141.008 57.1936 0
    endloop
  endfacet
  facet normal -0 0 1
    outer loop
      vertex -144.667 61.8198 0
      vertex -143.819 59.9783 0
      vertex -144.017 61.9224 0
    endloop
  endfacet
  facet normal 0 0 1
    outer loop
      vertex -148.517 55.284 0
      vertex -145.565 57.1936 0
      vertex -148.517 55.3707 0
    endloop
  endfacet
  facet normal 0 0 1
    outer loop
      vertex -145.267 61.6487 0
      vertex -145.819 61.4093 0
      vertex -144.507 59.6737 0
    endloop
  endfacet
  facet normal 0 0 1
    outer loop
      vertex -144.667 61.8198 0
      vertex -144.295 59.8042 0
      vertex -144.065 59.9058 0
    endloop
  endfacet
  facet normal 0 0 1
    outer loop
      vertex -141.905 61.8291 0
      vertex -142.587 61.9247 0
      vertex -142.702 59.9752 0
    endloop
  endfacet
  facet normal 0 -0 1
    outer loop
      vertex -142.21 59.7918 0
      vertex -141.905 61.8291 0
      vertex -142.446 59.8988 0
    endloop
  endfacet
  facet normal 0 0 1
    outer loop
      vertex -148.271 57.8561 0
      vertex -145.565 57.1936 0
      vertex -145.53 57.5852 0
    endloop
  endfacet
  facet normal 0 0 1
    outer loop
      vertex -138.257 58.8079 0
      vertex -138.522 59.3916 0
      vertex -141.137 58.2371 0
    endloop
  endfacet
  facet normal 0 -0 1
    outer loop
      vertex -141.072 57.9136 0
      vertex -138.257 58.8079 0
      vertex -141.137 58.2371 0
    endloop
  endfacet
  facet normal 0 0 1
    outer loop
      vertex -141.072 57.9136 0
      vertex -138.051 58.1694 0
      vertex -138.257 58.8079 0
    endloop
  endfacet
  facet normal -0 0 1
    outer loop
      vertex -141.072 57.9136 0
      vertex -141.029 57.5658 0
      vertex -138.051 58.1694 0
    endloop
  endfacet
  facet normal 0 0 1
    outer loop
      vertex -138.051 58.1694 0
      vertex -141.029 57.5658 0
      vertex -137.904 57.4759 0
    endloop
  endfacet
  facet normal 0 0 1
    outer loop
      vertex -137.904 57.4759 0
      vertex -141.029 57.5658 0
      vertex -141.008 57.1936 0
    endloop
  endfacet
  facet normal 0 0 1
    outer loop
      vertex -137.815 56.7275 0
      vertex -137.904 57.4759 0
      vertex -141.008 57.1936 0
    endloop
  endfacet
  facet normal 0 -0 1
    outer loop
      vertex -137.902 54.3241 0
      vertex -137.815 55.0948 0
      vertex -141 54.8113 0
    endloop
  endfacet
  facet normal 0 -0 1
    outer loop
      vertex -138.047 53.6121 0
      vertex -137.902 54.3241 0
      vertex -141.038 54.373 0
    endloop
  endfacet
  facet normal 0 -0 1
    outer loop
      vertex -138.25 52.9588 0
      vertex -138.047 53.6121 0
      vertex -141.103 53.969 0
    endloop
  endfacet
  facet normal 0 -0 1
    outer loop
      vertex -138.511 52.3641 0
      vertex -138.25 52.9588 0
      vertex -141.194 53.5993 0
    endloop
  endfacet
  facet normal 0 -0 1
    outer loop
      vertex -138.83 51.8282 0
      vertex -138.511 52.3641 0
      vertex -141.311 53.2639 0
    endloop
  endfacet
  facet normal 0 0 1
    outer loop
      vertex -141.453 52.9629 0
      vertex -141.621 52.6962 0
      vertex -139.638 50.9349 0
    endloop
  endfacet
  facet normal 0 0 1
    outer loop
      vertex -141.621 52.6962 0
      vertex -141.814 52.4645 0
      vertex -140.119 50.5829 0
    endloop
  endfacet
  facet normal 0 0 1
    outer loop
      vertex -140.119 50.5829 0
      vertex -141.814 52.4645 0
      vertex -140.651 50.295 0
    endloop
  endfacet
  facet normal 0 0 1
    outer loop
      vertex -140.651 50.295 0
      vertex -141.814 52.4645 0
      vertex -142.028 52.2684 0
    endloop
  endfacet
  facet normal 0 0 1
    outer loop
      vertex -141.232 50.071 0
      vertex -142.028 52.2684 0
      vertex -142.264 52.108 0
    endloop
  endfacet
  facet normal 0 -0 1
    outer loop
      vertex -141.863 49.911 0
      vertex -141.232 50.071 0
      vertex -142.264 52.108 0
    endloop
  endfacet
  facet normal -0 0 1
    outer loop
      vertex -142.802 51.8942 0
      vertex -141.863 49.911 0
      vertex -142.522 51.9833 0
    endloop
  endfacet
  facet normal 0 0 1
    outer loop
      vertex -142.802 51.8942 0
      vertex -142.545 49.815 0
      vertex -141.863 49.911 0
    endloop
  endfacet
  facet normal 0 0 1
    outer loop
      vertex -143.104 51.8407 0
      vertex -143.276 49.7831 0
      vertex -142.545 49.815 0
    endloop
  endfacet
  facet normal 0 0 1
    outer loop
      vertex -145.3 58.5859 0
      vertex -147.536 59.7696 0
      vertex -147.836 59.1953 0
    endloop
  endfacet
  facet normal 0 0 1
    outer loop
      vertex -145.565 57.1936 0
      vertex -148.517 55.284 0
      vertex -140.987 55.284 0
    endloop
  endfacet
  facet normal 0 0 1
    outer loop
      vertex -138.522 59.3916 0
      vertex -138.846 59.9204 0
      vertex -141.224 58.5362 0
    endloop
  endfacet
  facet normal 0 0 1
    outer loop
      vertex -141.334 58.811 0
      vertex -138.846 59.9204 0
      vertex -139.229 60.3942 0
    endloop
  endfacet
  facet normal 0 -0 1
    outer loop
      vertex -141.224 58.5362 0
      vertex -138.846 59.9204 0
      vertex -141.334 58.811 0
    endloop
  endfacet
  facet normal 0 -0 1
    outer loop
      vertex -141.334 58.811 0
      vertex -139.229 60.3942 0
      vertex -141.467 59.0614 0
    endloop
  endfacet
  facet normal -0 0 1
    outer loop
      vertex -141.621 59.2875 0
      vertex -141.467 59.0614 0
      vertex -139.666 60.8087 0
    endloop
  endfacet
  facet normal 0 0 1
    outer loop
      vertex -141.467 59.0614 0
      vertex -139.229 60.3942 0
      vertex -139.666 60.8087 0
    endloop
  endfacet
  facet normal 0 0 1
    outer loop
      vertex -141.621 59.2875 0
      vertex -139.666 60.8087 0
      vertex -140.152 61.1595 0
    endloop
  endfacet
  facet normal 0 0 1
    outer loop
      vertex -140.687 61.4465 0
      vertex -141.797 59.4862 0
      vertex -140.152 61.1595 0
    endloop
  endfacet
  facet normal -0 0 1
    outer loop
      vertex -141.797 59.4862 0
      vertex -141.621 59.2875 0
      vertex -140.152 61.1595 0
    endloop
  endfacet
  facet normal 0 0 1
    outer loop
      vertex -140.687 61.4465 0
      vertex -141.993 59.6543 0
      vertex -141.797 59.4862 0
    endloop
  endfacet
  facet normal 0 0 1
    outer loop
      vertex -141.271 61.6697 0
      vertex -142.21 59.7918 0
      vertex -141.993 59.6543 0
    endloop
  endfacet
  facet normal 0 0 1
    outer loop
      vertex -141.271 61.6697 0
      vertex -141.905 61.8291 0
      vertex -142.21 59.7918 0
    endloop
  endfacet
  facet normal 0 0 1
    outer loop
      vertex -141.905 61.8291 0
      vertex -142.702 59.9752 0
      vertex -142.446 59.8988 0
    endloop
  endfacet
  facet normal 0 0 1
    outer loop
      vertex -142.587 61.9247 0
      vertex -142.979 60.021 0
      vertex -142.702 59.9752 0
    endloop
  endfacet
  facet normal 0 0 1
    outer loop
      vertex -143.319 61.9566 0
      vertex -143.276 60.0363 0
      vertex -142.979 60.021 0
    endloop
  endfacet
  facet normal -0 0 1
    outer loop
      vertex -144.017 61.9224 0
      vertex -143.556 60.0218 0
      vertex -143.319 61.9566 0
    endloop
  endfacet
  facet normal 0 0 1
    outer loop
      vertex -144.017 61.9224 0
      vertex -143.819 59.9783 0
      vertex -143.556 60.0218 0
    endloop
  endfacet
  facet normal 0 0 1
    outer loop
      vertex -144.667 61.8198 0
      vertex -144.065 59.9058 0
      vertex -143.819 59.9783 0
    endloop
  endfacet
  facet normal -0 0 1
    outer loop
      vertex -145.267 61.6487 0
      vertex -144.295 59.8042 0
      vertex -144.667 61.8198 0
    endloop
  endfacet
  facet normal 0 0 1
    outer loop
      vertex -145.267 61.6487 0
      vertex -144.507 59.6737 0
      vertex -144.295 59.8042 0
    endloop
  endfacet
  facet normal 0 0 1
    outer loop
      vertex -145.819 61.4093 0
      vertex -144.703 59.5141 0
      vertex -144.507 59.6737 0
    endloop
  endfacet
  facet normal 0 0 1
    outer loop
      vertex -145.819 61.4093 0
      vertex -146.322 61.1014 0
      vertex -144.703 59.5141 0
    endloop
  endfacet
  facet normal 0 0 1
    outer loop
      vertex -146.322 61.1014 0
      vertex -146.776 60.7251 0
      vertex -144.882 59.3256 0
    endloop
  endfacet
  facet normal 0 0 1
    outer loop
      vertex -144.882 59.3256 0
      vertex -146.776 60.7251 0
      vertex -145.042 59.108 0
    endloop
  endfacet
  facet normal 0 0 1
    outer loop
      vertex -145.042 59.108 0
      vertex -146.776 60.7251 0
      vertex -147.182 60.2803 0
    endloop
  endfacet
  facet normal 0 0 1
    outer loop
      vertex -145.181 58.8615 0
      vertex -147.182 60.2803 0
      vertex -147.536 59.7696 0
    endloop
  endfacet
  facet normal 0 -0 1
    outer loop
      vertex -145.3 58.5859 0
      vertex -145.181 58.8615 0
      vertex -147.536 59.7696 0
    endloop
  endfacet
  facet normal 0 -0 1
    outer loop
      vertex -145.397 58.2813 0
      vertex -145.3 58.5859 0
      vertex -147.836 59.1953 0
    endloop
  endfacet
  facet normal 0 -0 1
    outer loop
      vertex -145.474 57.9478 0
      vertex -145.397 58.2813 0
      vertex -147.836 59.1953 0
    endloop
  endfacet
  facet normal -0 0 1
    outer loop
      vertex -148.081 58.5575 0
      vertex -145.474 57.9478 0
      vertex -147.836 59.1953 0
    endloop
  endfacet
  facet normal -0 0 1
    outer loop
      vertex -148.271 57.8561 0
      vertex -145.53 57.5852 0
      vertex -148.081 58.5575 0
    endloop
  endfacet
  facet normal 0 0 1
    outer loop
      vertex -109.722 49.9198 0
      vertex -109.89 51.7665 0
      vertex -109.787 49.928 0
    endloop
  endfacet
  facet normal 0 0 1
    outer loop
      vertex -100.537 56.3514 0
      vertex -102.338 54.4834 0
      vertex -100.176 56.0976 0
    endloop
  endfacet
  facet normal 0 0 1
    outer loop
      vertex -109.59 49.9048 0
      vertex -109.771 51.8047 0
      vertex -109.657 49.9121 0
    endloop
  endfacet
  facet normal 0 0 1
    outer loop
      vertex -105.901 53.5783 0
      vertex -106.528 52.0941 0
      vertex -105.812 53.3798 0
    endloop
  endfacet
  facet normal 0 0 1
    outer loop
      vertex -109.228 49.8769 0
      vertex -109.665 51.8582 0
      vertex -109.306 49.8809 0
    endloop
  endfacet
  facet normal 0 0 1
    outer loop
      vertex -105.048 52.4179 0
      vertex -106.071 51.4809 0
      vertex -104.884 52.3002 0
    endloop
  endfacet
  facet normal -0 0 1
    outer loop
      vertex -109.665 51.8582 0
      vertex -108.974 49.8702 0
      vertex -109.571 51.9269 0
    endloop
  endfacet
  facet normal 0 0 1
    outer loop
      vertex -101.39 56.7447 0
      vertex -102.639 54.8983 0
      vertex -102.55 54.8072 0
    endloop
  endfacet
  facet normal 0 0 1
    outer loop
      vertex -109.489 52.0109 0
      vertex -108.566 49.8813 0
      vertex -108.275 49.9158 0
    endloop
  endfacet
  facet normal 0 0 1
    outer loop
      vertex -104.684 59.9707 0
      vertex -104.434 59.9821 0
      vertex -104.564 61.9566 0
    endloop
  endfacet
  facet normal 0 0 1
    outer loop
      vertex -109.489 52.0109 0
      vertex -108.275 49.9158 0
      vertex -108.008 49.9734 0
    endloop
  endfacet
  facet normal 0 0 1
    outer loop
      vertex -109.099 58.8248 0
      vertex -106.116 58.3233 0
      vertex -106.075 58.5916 0
    endloop
  endfacet
  facet normal -0 0 1
    outer loop
      vertex -109.571 51.9269 0
      vertex -108.566 49.8813 0
      vertex -109.489 52.0109 0
    endloop
  endfacet
  facet normal -0 0 1
    outer loop
      vertex -109.215 52.9578 0
      vertex -106.528 52.0941 0
      vertex -109.202 53.2024 0
    endloop
  endfacet
  facet normal 0 0 1
    outer loop
      vertex -109.571 51.9269 0
      vertex -108.883 49.8698 0
      vertex -108.566 49.8813 0
    endloop
  endfacet
  facet normal 0 0 1
    outer loop
      vertex -109.665 51.8582 0
      vertex -109.062 49.8716 0
      vertex -108.974 49.8702 0
    endloop
  endfacet
  facet normal -0 -0 1
    outer loop
      vertex -109.228 49.8769 0
      vertex -109.147 49.8738 0
      vertex -109.665 51.8582 0
    endloop
  endfacet
  facet normal 0 0 1
    outer loop
      vertex -109.452 49.8915 0
      vertex -109.771 51.8047 0
      vertex -109.522 49.8979 0
    endloop
  endfacet
  facet normal -0 0 1
    outer loop
      vertex -109.489 52.0109 0
      vertex -108.008 49.9734 0
      vertex -109.42 52.1102 0
    endloop
  endfacet
  facet normal -0 -0 1
    outer loop
      vertex -109.722 49.9198 0
      vertex -109.657 49.9121 0
      vertex -109.89 51.7665 0
    endloop
  endfacet
  facet normal 0 0 1
    outer loop
      vertex -109.787 49.928 0
      vertex -109.89 51.7665 0
      vertex -109.851 49.9367 0
    endloop
  endfacet
  facet normal 0 0 1
    outer loop
      vertex -109.851 49.9367 0
      vertex -109.89 51.7665 0
      vertex -109.913 49.9458 0
    endloop
  endfacet
  facet normal 0 -0 1
    outer loop
      vertex -109.913 49.9458 0
      vertex -109.89 51.7665 0
      vertex -110.02 51.7436 0
    endloop
  endfacet
  facet normal -0 -0 1
    outer loop
      vertex -109.975 49.9555 0
      vertex -109.913 49.9458 0
      vertex -110.02 51.7436 0
    endloop
  endfacet
  facet normal 0 -0 1
    outer loop
      vertex -110.037 49.9661 0
      vertex -110.02 51.7436 0
      vertex -110.099 49.9776 0
    endloop
  endfacet
  facet normal 0 -0 1
    outer loop
      vertex -110.099 49.9776 0
      vertex -110.02 51.7436 0
      vertex -110.161 49.99 0
    endloop
  endfacet
  facet normal 0 -0 1
    outer loop
      vertex -110.161 49.99 0
      vertex -110.02 51.7436 0
      vertex -110.223 50.0033 0
    endloop
  endfacet
  facet normal 0 0 1
    outer loop
      vertex -110.223 50.0033 0
      vertex -110.02 51.7436 0
      vertex -110.163 51.736 0
    endloop
  endfacet
  facet normal -0 0 1
    outer loop
      vertex -110.285 50.0174 0
      vertex -110.223 50.0033 0
      vertex -110.163 51.736 0
    endloop
  endfacet
  facet normal -0 0 1
    outer loop
      vertex -110.347 50.0325 0
      vertex -110.285 50.0174 0
      vertex -110.163 51.736 0
    endloop
  endfacet
  facet normal -0 0 1
    outer loop
      vertex -110.41 50.0482 0
      vertex -110.347 50.0325 0
      vertex -110.163 51.736 0
    endloop
  endfacet
  facet normal 0 0 1
    outer loop
      vertex -110.262 51.7373 0
      vertex -110.41 50.0482 0
      vertex -110.163 51.736 0
    endloop
  endfacet
  facet normal 0 0 1
    outer loop
      vertex -110.262 51.7373 0
      vertex -110.476 50.0644 0
      vertex -110.41 50.0482 0
    endloop
  endfacet
  facet normal 0 0 1
    outer loop
      vertex -110.262 51.7373 0
      vertex -110.543 50.081 0
      vertex -110.476 50.0644 0
    endloop
  endfacet
  facet normal 0 0 1
    outer loop
      vertex -110.262 51.7373 0
      vertex -110.36 51.7413 0
      vertex -110.543 50.081 0
    endloop
  endfacet
  facet normal 0 -0 1
    outer loop
      vertex -110.543 50.081 0
      vertex -110.36 51.7413 0
      vertex -110.613 50.0981 0
    endloop
  endfacet
  facet normal 0 -0 1
    outer loop
      vertex -110.613 50.0981 0
      vertex -110.36 51.7413 0
      vertex -110.685 50.1156 0
    endloop
  endfacet
  facet normal 0 0 1
    outer loop
      vertex -110.685 50.1156 0
      vertex -110.36 51.7413 0
      vertex -110.457 51.748 0
    endloop
  endfacet
  facet normal -0 0 1
    outer loop
      vertex -110.759 50.1335 0
      vertex -110.685 50.1156 0
      vertex -110.457 51.748 0
    endloop
  endfacet
  facet normal 0 0 1
    outer loop
      vertex -110.553 51.7573 0
      vertex -110.759 50.1335 0
      vertex -110.457 51.748 0
    endloop
  endfacet
  facet normal 0 0 1
    outer loop
      vertex -110.553 51.7573 0
      vertex -110.836 50.1518 0
      vertex -110.759 50.1335 0
    endloop
  endfacet
  facet normal 0 0 1
    outer loop
      vertex -110.648 51.7692 0
      vertex -110.742 51.7838 0
      vertex -110.836 50.1518 0
    endloop
  endfacet
  facet normal 0 0 1
    outer loop
      vertex -110.836 50.1518 0
      vertex -110.742 51.7838 0
      vertex -110.836 51.8011 0
    endloop
  endfacet
  facet normal 0 -0 1
    outer loop
      vertex -107.353 50.2842 0
      vertex -107.185 50.4339 0
      vertex -109.42 52.1102 0
    endloop
  endfacet
  facet normal 0 0 1
    outer loop
      vertex -109.522 49.8979 0
      vertex -109.771 51.8047 0
      vertex -109.59 49.9048 0
    endloop
  endfacet
  facet normal -0 -0 1
    outer loop
      vertex -109.381 49.8858 0
      vertex -109.306 49.8809 0
      vertex -109.771 51.8047 0
    endloop
  endfacet
  facet normal 0 0 1
    outer loop
      vertex -109.381 49.8858 0
      vertex -109.771 51.8047 0
      vertex -109.452 49.8915 0
    endloop
  endfacet
  facet normal -0 0 1
    outer loop
      vertex -109.771 51.8047 0
      vertex -109.306 49.8809 0
      vertex -109.665 51.8582 0
    endloop
  endfacet
  facet normal 0 0 1
    outer loop
      vertex -109.665 51.8582 0
      vertex -109.147 49.8738 0
      vertex -109.062 49.8716 0
    endloop
  endfacet
  facet normal 0 0 1
    outer loop
      vertex -109.571 51.9269 0
      vertex -108.974 49.8702 0
      vertex -108.883 49.8698 0
    endloop
  endfacet
  facet normal 0 0 1
    outer loop
      vertex -107.547 50.1576 0
      vertex -109.42 52.1102 0
      vertex -107.765 50.054 0
    endloop
  endfacet
  facet normal 0 -0 1
    outer loop
      vertex -107.547 50.1576 0
      vertex -107.353 50.2842 0
      vertex -109.42 52.1102 0
    endloop
  endfacet
  facet normal 0 0 1
    outer loop
      vertex -109.42 52.1102 0
      vertex -107.185 50.4339 0
      vertex -107.037 50.606 0
    endloop
  endfacet
  facet normal 0 0 1
    outer loop
      vertex -106.907 50.7998 0
      vertex -109.42 52.1102 0
      vertex -107.037 50.606 0
    endloop
  endfacet
  facet normal 0 0 1
    outer loop
      vertex -106.907 50.7998 0
      vertex -109.361 52.2297 0
      vertex -109.42 52.1102 0
    endloop
  endfacet
  facet normal 0 -0 1
    outer loop
      vertex -106.907 50.7998 0
      vertex -106.796 51.0152 0
      vertex -109.361 52.2297 0
    endloop
  endfacet
  facet normal 0 0 1
    outer loop
      vertex -109.361 52.2297 0
      vertex -106.796 51.0152 0
      vertex -106.702 51.2524 0
    endloop
  endfacet
  facet normal 0 0 1
    outer loop
      vertex -106.626 51.5113 0
      vertex -109.361 52.2297 0
      vertex -106.702 51.2524 0
    endloop
  endfacet
  facet normal 0 0 1
    outer loop
      vertex -106.626 51.5113 0
      vertex -109.311 52.3742 0
      vertex -109.361 52.2297 0
    endloop
  endfacet
  facet normal 0 -0 1
    outer loop
      vertex -106.626 51.5113 0
      vertex -106.568 51.7918 0
      vertex -109.311 52.3742 0
    endloop
  endfacet
  facet normal 0 0 1
    outer loop
      vertex -109.311 52.3742 0
      vertex -106.568 51.7918 0
      vertex -106.528 52.0941 0
    endloop
  endfacet
  facet normal 0 0 1
    outer loop
      vertex -109.27 52.5437 0
      vertex -109.311 52.3742 0
      vertex -106.528 52.0941 0
    endloop
  endfacet
  facet normal 0 0 1
    outer loop
      vertex -109.238 52.7383 0
      vertex -109.27 52.5437 0
      vertex -106.528 52.0941 0
    endloop
  endfacet
  facet normal 0 0 1
    outer loop
      vertex -109.215 52.9578 0
      vertex -109.238 52.7383 0
      vertex -106.528 52.0941 0
    endloop
  endfacet
  facet normal -0 0 1
    outer loop
      vertex -109.202 53.2024 0
      vertex -106.528 52.0941 0
      vertex -109.197 53.472 0
    endloop
  endfacet
  facet normal 0 -0 1
    outer loop
      vertex -106.148 57.1176 0
      vertex -106.148 57.7144 0
      vertex -109.197 57.7469 0
    endloop
  endfacet
  facet normal 0 0 1
    outer loop
      vertex -105.309 59.7996 0
      vertex -105.752 61.8672 0
      vertex -106.284 61.7554 0
    endloop
  endfacet
  facet normal 0 -0 1
    outer loop
      vertex -104.913 59.9364 0
      vertex -104.684 59.9707 0
      vertex -105.179 61.9343 0
    endloop
  endfacet
  facet normal 0 0 1
    outer loop
      vertex -104.564 61.9566 0
      vertex -105.179 61.9343 0
      vertex -104.684 59.9707 0
    endloop
  endfacet
  facet normal 0 0 1
    outer loop
      vertex -107.628 61.1515 0
      vertex -105.854 59.2515 0
      vertex -105.747 59.4232 0
    endloop
  endfacet
  facet normal 0 0 1
    outer loop
      vertex -103.381 61.8844 0
      vertex -103.987 59.9506 0
      vertex -103.791 59.9113 0
    endloop
  endfacet
  facet normal 0 0 1
    outer loop
      vertex -102.907 59.174 0
      vertex -100.439 60.4993 0
      vertex -100.743 60.8027 0
    endloop
  endfacet
  facet normal -0 0 1
    outer loop
      vertex -102.907 59.174 0
      vertex -102.837 58.9919 0
      vertex -100.439 60.4993 0
    endloop
  endfacet
  facet normal 0 -0 1
    outer loop
      vertex -102.698 58.3219 0
      vertex -99.6229 58.9468 0
      vertex -102.732 58.5658 0
    endloop
  endfacet
  facet normal 0 0 1
    outer loop
      vertex -99.9506 59.7908 0
      vertex -102.732 58.5658 0
      vertex -99.7667 59.3857 0
    endloop
  endfacet
  facet normal 0 0 1
    outer loop
      vertex -99.9506 59.7908 0
      vertex -102.778 58.7892 0
      vertex -102.732 58.5658 0
    endloop
  endfacet
  facet normal 0 0 1
    outer loop
      vertex -100.175 60.162 0
      vertex -102.778 58.7892 0
      vertex -99.9506 59.7908 0
    endloop
  endfacet
  facet normal 0 0 1
    outer loop
      vertex -99.6229 58.9468 0
      vertex -99.7667 59.3857 0
      vertex -102.732 58.5658 0
    endloop
  endfacet
  facet normal 0 0 1
    outer loop
      vertex -100.175 60.162 0
      vertex -102.837 58.9919 0
      vertex -102.778 58.7892 0
    endloop
  endfacet
  facet normal 0 0 1
    outer loop
      vertex -100.439 60.4993 0
      vertex -102.837 58.9919 0
      vertex -100.175 60.162 0
    endloop
  endfacet
  facet normal 0 0 1
    outer loop
      vertex -99.6229 58.9468 0
      vertex -102.698 58.3219 0
      vertex -99.5192 58.4739 0
    endloop
  endfacet
  facet normal -0 0 1
    outer loop
      vertex -102.99 59.3355 0
      vertex -102.907 59.174 0
      vertex -100.743 60.8027 0
    endloop
  endfacet
  facet normal 0 0 1
    outer loop
      vertex -101.087 61.0723 0
      vertex -102.99 59.3355 0
      vertex -100.743 60.8027 0
    endloop
  endfacet
  facet normal 0 0 1
    outer loop
      vertex -105.944 59.0556 0
      vertex -108.312 60.5289 0
      vertex -108.583 60.1593 0
    endloop
  endfacet
  facet normal -0 0 1
    outer loop
      vertex -108.804 59.7521 0
      vertex -106.017 58.8357 0
      vertex -108.583 60.1593 0
    endloop
  endfacet
  facet normal 0 0 1
    outer loop
      vertex -104.575 50.2075 0
      vertex -103.779 51.9176 0
      vertex -103.976 51.9415 0
    endloop
  endfacet
  facet normal 0 0 1
    outer loop
      vertex -103.399 51.9179 0
      vertex -103.577 51.9096 0
      vertex -103.97 49.9717 0
    endloop
  endfacet
  facet normal 0 0 1
    outer loop
      vertex -101.087 61.0723 0
      vertex -101.47 61.3069 0
      vertex -102.99 59.3355 0
    endloop
  endfacet
  facet normal 0 -0 1
    outer loop
      vertex -102.99 59.3355 0
      vertex -101.47 61.3069 0
      vertex -103.085 59.4765 0
    endloop
  endfacet
  facet normal -0 0 1
    outer loop
      vertex -103.192 59.5968 0
      vertex -103.085 59.4765 0
      vertex -101.891 61.5054 0
    endloop
  endfacet
  facet normal 0 0 1
    outer loop
      vertex -103.085 59.4765 0
      vertex -101.47 61.3069 0
      vertex -101.891 61.5054 0
    endloop
  endfacet
  facet normal 0 0 1
    outer loop
      vertex -103.192 59.5968 0
      vertex -101.891 61.5054 0
      vertex -102.35 61.6679 0
    endloop
  endfacet
  facet normal -0 0 1
    outer loop
      vertex -103.455 59.7855 0
      vertex -103.314 59.699 0
      vertex -102.35 61.6679 0
    endloop
  endfacet
  facet normal -0 0 1
    outer loop
      vertex -103.314 59.699 0
      vertex -103.192 59.5968 0
      vertex -102.35 61.6679 0
    endloop
  endfacet
  facet normal -0 0 1
    outer loop
      vertex -103.614 59.8563 0
      vertex -103.455 59.7855 0
      vertex -102.847 61.7942 0
    endloop
  endfacet
  facet normal 0 0 1
    outer loop
      vertex -103.455 59.7855 0
      vertex -102.35 61.6679 0
      vertex -102.847 61.7942 0
    endloop
  endfacet
  facet normal -0 0 1
    outer loop
      vertex -103.791 59.9113 0
      vertex -103.614 59.8563 0
      vertex -103.381 61.8844 0
    endloop
  endfacet
  facet normal 0 0 1
    outer loop
      vertex -103.614 59.8563 0
      vertex -102.847 61.7942 0
      vertex -103.381 61.8844 0
    endloop
  endfacet
  facet normal 0 0 1
    outer loop
      vertex -103.381 61.8844 0
      vertex -103.954 61.9386 0
      vertex -103.987 59.9506 0
    endloop
  endfacet
  facet normal 0 -0 1
    outer loop
      vertex -104.202 59.9742 0
      vertex -103.954 61.9386 0
      vertex -104.434 59.9821 0
    endloop
  endfacet
  facet normal 0 -0 1
    outer loop
      vertex -103.987 59.9506 0
      vertex -103.954 61.9386 0
      vertex -104.202 59.9742 0
    endloop
  endfacet
  facet normal 0 -0 1
    outer loop
      vertex -104.434 59.9821 0
      vertex -103.954 61.9386 0
      vertex -104.564 61.9566 0
    endloop
  endfacet
  facet normal 0 -0 1
    outer loop
      vertex -105.122 59.8794 0
      vertex -104.913 59.9364 0
      vertex -105.179 61.9343 0
    endloop
  endfacet
  facet normal 0 0 1
    outer loop
      vertex -105.752 61.8672 0
      vertex -105.309 59.7996 0
      vertex -105.122 59.8794 0
    endloop
  endfacet
  facet normal -0 0 1
    outer loop
      vertex -105.752 61.8672 0
      vertex -105.122 59.8794 0
      vertex -105.179 61.9343 0
    endloop
  endfacet
  facet normal 0 -0 1
    outer loop
      vertex -105.476 59.6969 0
      vertex -105.309 59.7996 0
      vertex -106.284 61.7554 0
    endloop
  endfacet
  facet normal -0 0 1
    outer loop
      vertex -106.773 61.5988 0
      vertex -105.476 59.6969 0
      vertex -106.284 61.7554 0
    endloop
  endfacet
  facet normal 0 0 1
    outer loop
      vertex -106.773 61.5988 0
      vertex -107.221 61.3975 0
      vertex -105.622 59.5715 0
    endloop
  endfacet
  facet normal 0 0 1
    outer loop
      vertex -106.773 61.5988 0
      vertex -105.622 59.5715 0
      vertex -105.476 59.6969 0
    endloop
  endfacet
  facet normal 0 0 1
    outer loop
      vertex -107.221 61.3975 0
      vertex -107.628 61.1515 0
      vertex -105.747 59.4232 0
    endloop
  endfacet
  facet normal 0 0 1
    outer loop
      vertex -107.221 61.3975 0
      vertex -105.747 59.4232 0
      vertex -105.622 59.5715 0
    endloop
  endfacet
  facet normal 0 0 1
    outer loop
      vertex -107.993 60.8608 0
      vertex -108.312 60.5289 0
      vertex -105.854 59.2515 0
    endloop
  endfacet
  facet normal -0 0 1
    outer loop
      vertex -107.993 60.8608 0
      vertex -105.854 59.2515 0
      vertex -107.628 61.1515 0
    endloop
  endfacet
  facet normal 0 0 1
    outer loop
      vertex -105.854 59.2515 0
      vertex -108.312 60.5289 0
      vertex -105.944 59.0556 0
    endloop
  endfacet
  facet normal 0 0 1
    outer loop
      vertex -108.583 60.1593 0
      vertex -106.017 58.8357 0
      vertex -105.944 59.0556 0
    endloop
  endfacet
  facet normal 0 0 1
    outer loop
      vertex -108.804 59.7521 0
      vertex -106.075 58.5916 0
      vertex -106.017 58.8357 0
    endloop
  endfacet
  facet normal 0 0 1
    outer loop
      vertex -108.804 59.7521 0
      vertex -108.976 59.3073 0
      vertex -106.075 58.5916 0
    endloop
  endfacet
  facet normal 0 0 1
    outer loop
      vertex -106.075 58.5916 0
      vertex -108.976 59.3073 0
      vertex -109.099 58.8248 0
    endloop
  endfacet
  facet normal 0 0 1
    outer loop
      vertex -106.116 58.3233 0
      vertex -109.099 58.8248 0
      vertex -109.173 58.3046 0
    endloop
  endfacet
  facet normal 0 -0 1
    outer loop
      vertex -106.14 58.0309 0
      vertex -106.116 58.3233 0
      vertex -109.173 58.3046 0
    endloop
  endfacet
  facet normal 0 -0 1
    outer loop
      vertex -106.148 55.4358 0
      vertex -106.148 57.1176 0
      vertex -109.197 57.7469 0
    endloop
  endfacet
  facet normal 0 0 1
    outer loop
      vertex -106.14 58.0309 0
      vertex -109.173 58.3046 0
      vertex -109.197 57.7469 0
    endloop
  endfacet
  facet normal 0 -0 1
    outer loop
      vertex -106.148 57.7144 0
      vertex -106.14 58.0309 0
      vertex -109.197 57.7469 0
    endloop
  endfacet
  facet normal 0 0 1
    outer loop
      vertex -109.197 53.472 0
      vertex -106.148 54.839 0
      vertex -106.148 55.4358 0
    endloop
  endfacet
  facet normal 0 0 1
    outer loop
      vertex -103.078 55.1808 0
      vertex -102.418 56.9856 0
      vertex -102.997 57.049 0
    endloop
  endfacet
  facet normal 0 0 1
    outer loop
      vertex -103.399 51.9179 0
      vertex -103.97 49.9717 0
      vertex -103.312 49.8302 0
    endloop
  endfacet
  facet normal 0 0 1
    outer loop
      vertex -99.2057 54.7231 0
      vertex -99.3754 55.1198 0
      vertex -102.209 54.069 0
    endloop
  endfacet
  facet normal 0 0 1
    outer loop
      vertex -102.174 53.3289 0
      vertex -99.007 52.855 0
      vertex -98.9875 53.3202 0
    endloop
  endfacet
  facet normal 0 0 1
    outer loop
      vertex -102.198 53.1164 0
      vertex -99.0654 52.4207 0
      vertex -99.007 52.855 0
    endloop
  endfacet
  facet normal 0 0 1
    outer loop
      vertex -102.237 52.9214 0
      vertex -99.1629 52.0172 0
      vertex -99.0654 52.4207 0
    endloop
  endfacet
  facet normal 0 0 1
    outer loop
      vertex -99.0117 53.8232 0
      vertex -102.167 53.5589 0
      vertex -98.9875 53.3202 0
    endloop
  endfacet
  facet normal 0 0 1
    outer loop
      vertex -99.1629 52.0172 0
      vertex -102.237 52.9214 0
      vertex -99.2993 51.6444 0
    endloop
  endfacet
  facet normal 0 0 1
    outer loop
      vertex -99.0845 54.2908 0
      vertex -99.2057 54.7231 0
      vertex -102.186 53.9095 0
    endloop
  endfacet
  facet normal 0 -0 1
    outer loop
      vertex -99.6889 50.9911 0
      vertex -99.4746 51.3024 0
      vertex -102.292 52.744 0
    endloop
  endfacet
  facet normal 0 -0 1
    outer loop
      vertex -99.9422 50.7107 0
      vertex -99.6889 50.9911 0
      vertex -102.363 52.584 0
    endloop
  endfacet
  facet normal 0 0 1
    outer loop
      vertex -100.23 50.4646 0
      vertex -102.363 52.584 0
      vertex -102.449 52.4415 0
    endloop
  endfacet
  facet normal 0 0 1
    outer loop
      vertex -102.552 52.3165 0
      vertex -101.278 49.9534 0
      vertex -100.898 50.086 0
    endloop
  endfacet
  facet normal 0 -0 1
    outer loop
      vertex -102.6 49.7831 0
      vertex -102.129 49.802 0
      vertex -102.929 52.0424 0
    endloop
  endfacet
  facet normal 0 0 1
    outer loop
      vertex -101.688 49.8588 0
      vertex -102.793 52.1172 0
      vertex -102.129 49.802 0
    endloop
  endfacet
  facet normal 0 0 1
    outer loop
      vertex -101.688 49.8588 0
      vertex -102.667 52.2085 0
      vertex -102.793 52.1172 0
    endloop
  endfacet
  facet normal 0 0 1
    outer loop
      vertex -101.278 49.9534 0
      vertex -102.667 52.2085 0
      vertex -101.688 49.8588 0
    endloop
  endfacet
  facet normal -0 0 1
    outer loop
      vertex -102.929 52.0424 0
      vertex -102.129 49.802 0
      vertex -102.793 52.1172 0
    endloop
  endfacet
  facet normal 0 0 1
    outer loop
      vertex -102.552 52.3165 0
      vertex -102.667 52.2085 0
      vertex -101.278 49.9534 0
    endloop
  endfacet
  facet normal 0 0 1
    outer loop
      vertex -102.929 52.0424 0
      vertex -103.075 51.9843 0
      vertex -102.6 49.7831 0
    endloop
  endfacet
  facet normal 0 0 1
    outer loop
      vertex -102.6 49.7831 0
      vertex -103.075 51.9843 0
      vertex -103.232 51.9428 0
    endloop
  endfacet
  facet normal 0 0 1
    outer loop
      vertex -100.549 50.2563 0
      vertex -102.449 52.4415 0
      vertex -100.898 50.086 0
    endloop
  endfacet
  facet normal 0 0 1
    outer loop
      vertex -103.232 51.9428 0
      vertex -103.312 49.8302 0
      vertex -102.6 49.7831 0
    endloop
  endfacet
  facet normal 0 0 1
    outer loop
      vertex -103.232 51.9428 0
      vertex -103.399 51.9179 0
      vertex -103.312 49.8302 0
    endloop
  endfacet
  facet normal 0 0 1
    outer loop
      vertex -104.355 52.0371 0
      vertex -104.536 52.1089 0
      vertex -105.127 50.5377 0
    endloop
  endfacet
  facet normal -0 0 1
    outer loop
      vertex -102.286 54.3559 0
      vertex -102.243 54.2177 0
      vertex -99.8603 55.8071 0
    endloop
  endfacet
  facet normal 0 0 1
    outer loop
      vertex -102.449 52.4415 0
      vertex -102.552 52.3165 0
      vertex -100.898 50.086 0
    endloop
  endfacet
  facet normal 0 0 1
    outer loop
      vertex -106.087 54.1938 0
      vertex -106.121 54.4055 0
      vertex -109.197 53.472 0
    endloop
  endfacet
  facet normal 0 0 1
    outer loop
      vertex -100.23 50.4646 0
      vertex -102.449 52.4415 0
      vertex -100.549 50.2563 0
    endloop
  endfacet
  facet normal 0 0 1
    outer loop
      vertex -99.9422 50.7107 0
      vertex -102.363 52.584 0
      vertex -100.23 50.4646 0
    endloop
  endfacet
  facet normal 0 0 1
    outer loop
      vertex -99.6889 50.9911 0
      vertex -102.292 52.744 0
      vertex -102.363 52.584 0
    endloop
  endfacet
  facet normal 0 0 1
    outer loop
      vertex -99.2993 51.6444 0
      vertex -102.237 52.9214 0
      vertex -102.292 52.744 0
    endloop
  endfacet
  facet normal 0 0 1
    outer loop
      vertex -99.2993 51.6444 0
      vertex -102.292 52.744 0
      vertex -99.4746 51.3024 0
    endloop
  endfacet
  facet normal 0 0 1
    outer loop
      vertex -102.198 53.1164 0
      vertex -102.237 52.9214 0
      vertex -99.0654 52.4207 0
    endloop
  endfacet
  facet normal 0 0 1
    outer loop
      vertex -102.174 53.3289 0
      vertex -102.198 53.1164 0
      vertex -99.007 52.855 0
    endloop
  endfacet
  facet normal 0 0 1
    outer loop
      vertex -102.167 53.5589 0
      vertex -102.174 53.3289 0
      vertex -98.9875 53.3202 0
    endloop
  endfacet
  facet normal 0 0 1
    outer loop
      vertex -99.0845 54.2908 0
      vertex -102.171 53.7395 0
      vertex -99.0117 53.8232 0
    endloop
  endfacet
  facet normal -0 0 1
    outer loop
      vertex -102.171 53.7395 0
      vertex -102.167 53.5589 0
      vertex -99.0117 53.8232 0
    endloop
  endfacet
  facet normal 0 0 1
    outer loop
      vertex -99.0845 54.2908 0
      vertex -102.186 53.9095 0
      vertex -102.171 53.7395 0
    endloop
  endfacet
  facet normal 0 0 1
    outer loop
      vertex -99.2057 54.7231 0
      vertex -102.209 54.069 0
      vertex -102.186 53.9095 0
    endloop
  endfacet
  facet normal -0 0 1
    outer loop
      vertex -102.243 54.2177 0
      vertex -102.209 54.069 0
      vertex -99.3754 55.1198 0
    endloop
  endfacet
  facet normal 0 0 1
    outer loop
      vertex -99.5936 55.4812 0
      vertex -99.8603 55.8071 0
      vertex -102.243 54.2177 0
    endloop
  endfacet
  facet normal 0 0 1
    outer loop
      vertex -99.5936 55.4812 0
      vertex -102.243 54.2177 0
      vertex -99.3754 55.1198 0
    endloop
  endfacet
  facet normal 0 0 1
    outer loop
      vertex -100.176 56.0976 0
      vertex -102.286 54.3559 0
      vertex -99.8603 55.8071 0
    endloop
  endfacet
  facet normal 0 0 1
    outer loop
      vertex -100.176 56.0976 0
      vertex -102.338 54.4834 0
      vertex -102.286 54.3559 0
    endloop
  endfacet
  facet normal 0 0 1
    outer loop
      vertex -100.537 56.3514 0
      vertex -102.4 54.6003 0
      vertex -102.338 54.4834 0
    endloop
  endfacet
  facet normal 0 0 1
    outer loop
      vertex -100.537 56.3514 0
      vertex -100.942 56.5671 0
      vertex -102.4 54.6003 0
    endloop
  endfacet
  facet normal 0 -0 1
    outer loop
      vertex -102.4 54.6003 0
      vertex -100.942 56.5671 0
      vertex -102.471 54.7078 0
    endloop
  endfacet
  facet normal -0 0 1
    outer loop
      vertex -102.55 54.8072 0
      vertex -102.471 54.7078 0
      vertex -100.942 56.5671 0
    endloop
  endfacet
  facet normal 0 0 1
    outer loop
      vertex -101.39 56.7447 0
      vertex -102.55 54.8072 0
      vertex -100.942 56.5671 0
    endloop
  endfacet
  facet normal 0 0 1
    outer loop
      vertex -101.882 56.8842 0
      vertex -102.639 54.8983 0
      vertex -101.39 56.7447 0
    endloop
  endfacet
  facet normal 0 0 1
    outer loop
      vertex -101.882 56.8842 0
      vertex -102.736 54.9812 0
      vertex -102.639 54.8983 0
    endloop
  endfacet
  facet normal 0 0 1
    outer loop
      vertex -101.882 56.8842 0
      vertex -102.841 55.056 0
      vertex -102.736 54.9812 0
    endloop
  endfacet
  facet normal 0 0 1
    outer loop
      vertex -101.882 56.8842 0
      vertex -102.418 56.9856 0
      vertex -102.841 55.056 0
    endloop
  endfacet
  facet normal 0 -0 1
    outer loop
      vertex -102.841 55.056 0
      vertex -102.418 56.9856 0
      vertex -102.955 55.1225 0
    endloop
  endfacet
  facet normal 0 -0 1
    outer loop
      vertex -102.955 55.1225 0
      vertex -102.418 56.9856 0
      vertex -103.078 55.1808 0
    endloop
  endfacet
  facet normal 0 0 1
    outer loop
      vertex -102.997 57.049 0
      vertex -103.218 55.2321 0
      vertex -103.078 55.1808 0
    endloop
  endfacet
  facet normal 0 0 1
    outer loop
      vertex -102.997 57.049 0
      vertex -103.383 55.2774 0
      vertex -103.218 55.2321 0
    endloop
  endfacet
  facet normal 0 0 1
    outer loop
      vertex -102.997 57.049 0
      vertex -103.573 55.3167 0
      vertex -103.383 55.2774 0
    endloop
  endfacet
  facet normal 0 0 1
    outer loop
      vertex -102.997 57.049 0
      vertex -103.62 57.0742 0
      vertex -103.573 55.3167 0
    endloop
  endfacet
  facet normal 0 0 1
    outer loop
      vertex -103.573 55.3167 0
      vertex -103.62 57.0742 0
      vertex -103.788 55.35 0
    endloop
  endfacet
  facet normal 0 -0 1
    outer loop
      vertex -103.788 55.35 0
      vertex -103.62 57.0742 0
      vertex -104.029 55.3773 0
    endloop
  endfacet
  facet normal 0 -0 1
    outer loop
      vertex -104.029 55.3773 0
      vertex -103.62 57.0742 0
      vertex -104.295 55.3987 0
    endloop
  endfacet
  facet normal 0 0 1
    outer loop
      vertex -106.148 54.839 0
      vertex -109.197 53.472 0
      vertex -106.142 54.6206 0
    endloop
  endfacet
  facet normal 0 -0 1
    outer loop
      vertex -104.295 55.3987 0
      vertex -103.62 57.0742 0
      vertex -104.586 55.4141 0
    endloop
  endfacet
  facet normal 0 0 1
    outer loop
      vertex -106.148 57.1176 0
      vertex -104.586 55.4141 0
      vertex -103.62 57.0742 0
    endloop
  endfacet
  facet normal 0 0 1
    outer loop
      vertex -109.197 53.472 0
      vertex -106.148 55.4358 0
      vertex -109.197 57.7469 0
    endloop
  endfacet
  facet normal -0 0 1
    outer loop
      vertex -106.148 55.4358 0
      vertex -104.586 55.4141 0
      vertex -106.148 57.1176 0
    endloop
  endfacet
  facet normal 0 0 1
    outer loop
      vertex -106.142 54.6206 0
      vertex -109.197 53.472 0
      vertex -106.121 54.4055 0
    endloop
  endfacet
  facet normal 0 0 1
    outer loop
      vertex -106.039 53.9853 0
      vertex -106.087 54.1938 0
      vertex -109.197 53.472 0
    endloop
  endfacet
  facet normal 0 0 1
    outer loop
      vertex -105.977 53.7802 0
      vertex -106.039 53.9853 0
      vertex -109.197 53.472 0
    endloop
  endfacet
  facet normal 0 -0 1
    outer loop
      vertex -106.528 52.0941 0
      vertex -105.977 53.7802 0
      vertex -109.197 53.472 0
    endloop
  endfacet
  facet normal 0 0 1
    outer loop
      vertex -106.528 52.0941 0
      vertex -105.901 53.5783 0
      vertex -105.977 53.7802 0
    endloop
  endfacet
  facet normal 0 -0 1
    outer loop
      vertex -106.463 52.0941 0
      vertex -105.812 53.3798 0
      vertex -106.528 52.0941 0
    endloop
  endfacet
  facet normal 0 0 1
    outer loop
      vertex -106.463 52.0941 0
      vertex -105.711 53.1891 0
      vertex -105.812 53.3798 0
    endloop
  endfacet
  facet normal 0 0 1
    outer loop
      vertex -106.463 52.0941 0
      vertex -105.599 53.0105 0
      vertex -105.711 53.1891 0
    endloop
  endfacet
  facet normal 0 0 1
    outer loop
      vertex -106.463 52.0941 0
      vertex -105.477 52.8441 0
      vertex -105.599 53.0105 0
    endloop
  endfacet
  facet normal 0 0 1
    outer loop
      vertex -105.202 52.5478 0
      vertex -105.344 52.6898 0
      vertex -106.463 52.0941 0
    endloop
  endfacet
  facet normal 0 -0 1
    outer loop
      vertex -106.071 51.4809 0
      vertex -105.202 52.5478 0
      vertex -106.463 52.0941 0
    endloop
  endfacet
  facet normal 0 0 1
    outer loop
      vertex -106.071 51.4809 0
      vertex -105.048 52.4179 0
      vertex -105.202 52.5478 0
    endloop
  endfacet
  facet normal 0 -0 1
    outer loop
      vertex -105.625 50.9621 0
      vertex -104.884 52.3002 0
      vertex -106.071 51.4809 0
    endloop
  endfacet
  facet normal 0 0 1
    outer loop
      vertex -105.625 50.9621 0
      vertex -104.713 52.1965 0
      vertex -104.884 52.3002 0
    endloop
  endfacet
  facet normal 0 0 1
    outer loop
      vertex -105.625 50.9621 0
      vertex -104.536 52.1089 0
      vertex -104.713 52.1965 0
    endloop
  endfacet
  facet normal -0 0 1
    outer loop
      vertex -105.625 50.9621 0
      vertex -105.127 50.5377 0
      vertex -104.536 52.1089 0
    endloop
  endfacet
  facet normal 0 0 1
    outer loop
      vertex -105.127 50.5377 0
      vertex -104.168 51.9813 0
      vertex -104.355 52.0371 0
    endloop
  endfacet
  facet normal -0 0 1
    outer loop
      vertex -105.127 50.5377 0
      vertex -104.575 50.2075 0
      vertex -104.168 51.9813 0
    endloop
  endfacet
  facet normal 0 0 1
    outer loop
      vertex -104.168 51.9813 0
      vertex -104.575 50.2075 0
      vertex -103.976 51.9415 0
    endloop
  endfacet
  facet normal -0 0 1
    outer loop
      vertex -104.575 50.2075 0
      vertex -103.97 49.9717 0
      vertex -103.779 51.9176 0
    endloop
  endfacet
  facet normal 0 0 1
    outer loop
      vertex -103.779 51.9176 0
      vertex -103.97 49.9717 0
      vertex -103.577 51.9096 0
    endloop
  endfacet
  facet normal -0 0 1
    outer loop
      vertex -46.2674 61.7397 0
      vertex -46.2674 50 0
      vertex -43.2184 61.7397 0
    endloop
  endfacet
  facet normal 0 0 1
    outer loop
      vertex -46.2674 50 0
      vertex -43.2184 50 0
      vertex -43.2184 61.7397 0
    endloop
  endfacet
  facet normal -0 0 1
    outer loop
      vertex -122.233 61.7397 0
      vertex -122.233 50 0
      vertex -119.184 61.7397 0
    endloop
  endfacet
  facet normal 0 0 1
    outer loop
      vertex -122.233 50 0
      vertex -119.184 50 0
      vertex -119.184 61.7397 0
    endloop
  endfacet
  facet normal 0 -1 0
    outer loop
      vertex -39.5722 59.6782 -0.8
      vertex -39.5722 59.6782 0
      vertex -41.8833 59.6782 -0.8
    endloop
  endfacet
  facet normal -0 -1 0
    outer loop
      vertex -39.5722 59.6782 0
      vertex -41.8833 59.6782 0
      vertex -41.8833 59.6782 -0.8
    endloop
  endfacet
  facet normal -1 0 0
    outer loop
      vertex -41.8833 59.6782 -0.8
      vertex -41.8833 59.6782 0
      vertex -41.8833 61.7397 -0.8
    endloop
  endfacet
  facet normal -1 0 0
    outer loop
      vertex -41.8833 59.6782 0
      vertex -41.8833 61.7397 0
      vertex -41.8833 61.7397 -0.8
    endloop
  endfacet
  facet normal 0 1 0
    outer loop
      vertex -41.8833 61.7397 -0.8
      vertex -41.8833 61.7397 0
      vertex -39.5722 61.7397 -0.8
    endloop
  endfacet
  facet normal -0 1 0
    outer loop
      vertex -41.8833 61.7397 0
      vertex -39.5722 61.7397 0
      vertex -39.5722 61.7397 -0.8
    endloop
  endfacet
  facet normal -1 0 0
    outer loop
      vertex -39.5722 61.7397 -0.8
      vertex -39.5722 61.7397 0
      vertex -39.5722 62.6619 -0.8
    endloop
  endfacet
  facet normal -1 0 0
    outer loop
      vertex -39.5722 61.7397 0
      vertex -39.5722 62.6619 0
      vertex -39.5722 62.6619 -0.8
    endloop
  endfacet
  facet normal -0.999537 -0.0304166 0
    outer loop
      vertex -39.5722 62.6619 -0.8
      vertex -39.5722 62.6619 0
      vertex -39.5787 62.8755 -0.8
    endloop
  endfacet
  facet normal -0.999537 -0.0304166 0
    outer loop
      vertex -39.5722 62.6619 0
      vertex -39.5787 62.8755 0
      vertex -39.5787 62.8755 -0.8
    endloop
  endfacet
  facet normal -0.994951 -0.100366 0
    outer loop
      vertex -39.5787 62.8755 -0.8
      vertex -39.5787 62.8755 0
      vertex -39.5983 63.0698 -0.8
    endloop
  endfacet
  facet normal -0.994951 -0.100366 0
    outer loop
      vertex -39.5787 62.8755 0
      vertex -39.5983 63.0698 0
      vertex -39.5983 63.0698 -0.8
    endloop
  endfacet
  facet normal -0.983005 -0.183577 0
    outer loop
      vertex -39.5983 63.0698 -0.8
      vertex -39.5983 63.0698 0
      vertex -39.631 63.2449 -0.8
    endloop
  endfacet
  facet normal -0.983005 -0.183577 0
    outer loop
      vertex -39.5983 63.0698 0
      vertex -39.631 63.2449 0
      vertex -39.631 63.2449 -0.8
    endloop
  endfacet
  facet normal -0.959522 -0.281632 0
    outer loop
      vertex -39.631 63.2449 -0.8
      vertex -39.631 63.2449 0
      vertex -39.6767 63.4006 -0.8
    endloop
  endfacet
  facet normal -0.959522 -0.281632 0
    outer loop
      vertex -39.631 63.2449 0
      vertex -39.6767 63.4006 0
      vertex -39.6767 63.4006 -0.8
    endloop
  endfacet
  facet normal -0.918413 -0.395624 0
    outer loop
      vertex -39.6767 63.4006 -0.8
      vertex -39.6767 63.4006 0
      vertex -39.7355 63.5371 -0.8
    endloop
  endfacet
  facet normal -0.918413 -0.395624 0
    outer loop
      vertex -39.6767 63.4006 0
      vertex -39.7355 63.5371 0
      vertex -39.7355 63.5371 -0.8
    endloop
  endfacet
  facet normal -0.852904 -0.522068 0
    outer loop
      vertex -39.7355 63.5371 -0.8
      vertex -39.7355 63.5371 0
      vertex -39.8073 63.6544 -0.8
    endloop
  endfacet
  facet normal -0.852904 -0.522068 0
    outer loop
      vertex -39.7355 63.5371 0
      vertex -39.8073 63.6544 0
      vertex -39.8073 63.6544 -0.8
    endloop
  endfacet
  facet normal -0.755485 -0.655166 0
    outer loop
      vertex -39.8073 63.6544 -0.8
      vertex -39.8073 63.6544 0
      vertex -39.8922 63.7523 -0.8
    endloop
  endfacet
  facet normal -0.755485 -0.655166 0
    outer loop
      vertex -39.8073 63.6544 0
      vertex -39.8922 63.7523 0
      vertex -39.8922 63.7523 -0.8
    endloop
  endfacet
  facet normal -0.631142 -0.775667 0
    outer loop
      vertex -39.8922 63.7523 -0.8
      vertex -39.8922 63.7523 0
      vertex -39.9931 63.8344 -0.8
    endloop
  endfacet
  facet normal -0.631142 -0.775667 0
    outer loop
      vertex -39.8922 63.7523 0
      vertex -39.9931 63.8344 0
      vertex -39.9931 63.8344 -0.8
    endloop
  endfacet
  facet normal -0.501577 -0.865113 0
    outer loop
      vertex -39.9931 63.8344 -0.8
      vertex -39.9931 63.8344 0
      vertex -40.1128 63.9038 -0.8
    endloop
  endfacet
  facet normal -0.501577 -0.865113 0
    outer loop
      vertex -39.9931 63.8344 0
      vertex -40.1128 63.9038 0
      vertex -40.1128 63.9038 -0.8
    endloop
  endfacet
  facet normal -0.379439 -0.925217 0
    outer loop
      vertex -40.1128 63.9038 -0.8
      vertex -40.1128 63.9038 0
      vertex -40.2513 63.9606 -0.8
    endloop
  endfacet
  facet normal -0.379439 -0.925217 0
    outer loop
      vertex -40.1128 63.9038 0
      vertex -40.2513 63.9606 0
      vertex -40.2513 63.9606 -0.8
    endloop
  endfacet
  facet normal -0.270356 -0.96276 0
    outer loop
      vertex -40.2513 63.9606 -0.8
      vertex -40.2513 63.9606 0
      vertex -40.4087 64.0048 -0.8
    endloop
  endfacet
  facet normal -0.270356 -0.96276 0
    outer loop
      vertex -40.2513 63.9606 0
      vertex -40.4087 64.0048 0
      vertex -40.4087 64.0048 -0.8
    endloop
  endfacet
  facet normal -0.175984 -0.984393 0
    outer loop
      vertex -40.4087 64.0048 -0.8
      vertex -40.4087 64.0048 0
      vertex -40.5849 64.0363 -0.8
    endloop
  endfacet
  facet normal -0.175984 -0.984393 0
    outer loop
      vertex -40.4087 64.0048 0
      vertex -40.5849 64.0363 0
      vertex -40.5849 64.0363 -0.8
    endloop
  endfacet
  facet normal -0.0970259 -0.995282 0
    outer loop
      vertex -40.5849 64.0363 -0.8
      vertex -40.5849 64.0363 0
      vertex -40.7798 64.0553 -0.8
    endloop
  endfacet
  facet normal -0.0970259 -0.995282 0
    outer loop
      vertex -40.5849 64.0363 0
      vertex -40.7798 64.0553 0
      vertex -40.7798 64.0553 -0.8
    endloop
  endfacet
  facet normal -0.029454 -0.999566 0
    outer loop
      vertex -40.7798 64.0553 -0.8
      vertex -40.7798 64.0553 0
      vertex -40.9936 64.0616 -0.8
    endloop
  endfacet
  facet normal -0.029454 -0.999566 0
    outer loop
      vertex -40.7798 64.0553 0
      vertex -40.9936 64.0616 0
      vertex -40.9936 64.0616 -0.8
    endloop
  endfacet
  facet normal 0.0157337 -0.999876 0
    outer loop
      vertex -40.9936 64.0616 -0.8
      vertex -40.9936 64.0616 0
      vertex -41.1207 64.0596 -0.8
    endloop
  endfacet
  facet normal 0.0157337 -0.999876 0
    outer loop
      vertex -40.9936 64.0616 0
      vertex -41.1207 64.0596 0
      vertex -41.1207 64.0596 -0.8
    endloop
  endfacet
  facet normal 0.0471544 -0.998888 0
    outer loop
      vertex -41.1207 64.0596 -0.8
      vertex -41.1207 64.0596 0
      vertex -41.2478 64.0536 -0.8
    endloop
  endfacet
  facet normal 0.0471544 -0.998888 0
    outer loop
      vertex -41.1207 64.0596 0
      vertex -41.2478 64.0536 0
      vertex -41.2478 64.0536 -0.8
    endloop
  endfacet
  facet normal 0.0776562 -0.99698 0
    outer loop
      vertex -41.2478 64.0536 -0.8
      vertex -41.2478 64.0536 0
      vertex -41.3749 64.0437 -0.8
    endloop
  endfacet
  facet normal 0.0776562 -0.99698 0
    outer loop
      vertex -41.2478 64.0536 0
      vertex -41.3749 64.0437 0
      vertex -41.3749 64.0437 -0.8
    endloop
  endfacet
  facet normal 0.109487 -0.993988 0
    outer loop
      vertex -41.3749 64.0437 -0.8
      vertex -41.3749 64.0437 0
      vertex -41.502 64.0297 -0.8
    endloop
  endfacet
  facet normal 0.109487 -0.993988 0
    outer loop
      vertex -41.3749 64.0437 0
      vertex -41.502 64.0297 0
      vertex -41.502 64.0297 -0.8
    endloop
  endfacet
  facet normal 0.139458 -0.990228 0
    outer loop
      vertex -41.502 64.0297 -0.8
      vertex -41.502 64.0297 0
      vertex -41.6291 64.0118 -0.8
    endloop
  endfacet
  facet normal 0.139458 -0.990228 0
    outer loop
      vertex -41.502 64.0297 0
      vertex -41.6291 64.0118 0
      vertex -41.6291 64.0118 -0.8
    endloop
  endfacet
  facet normal 0.169803 -0.985478 0
    outer loop
      vertex -41.6291 64.0118 -0.8
      vertex -41.6291 64.0118 0
      vertex -41.7562 63.9899 -0.8
    endloop
  endfacet
  facet normal 0.169803 -0.985478 0
    outer loop
      vertex -41.6291 64.0118 0
      vertex -41.7562 63.9899 0
      vertex -41.7562 63.9899 -0.8
    endloop
  endfacet
  facet normal 0.199673 -0.979863 0
    outer loop
      vertex -41.7562 63.9899 -0.8
      vertex -41.7562 63.9899 0
      vertex -41.8833 63.964 -0.8
    endloop
  endfacet
  facet normal 0.199673 -0.979863 0
    outer loop
      vertex -41.7562 63.9899 0
      vertex -41.8833 63.964 0
      vertex -41.8833 63.964 -0.8
    endloop
  endfacet
  facet normal -1 0 0
    outer loop
      vertex -41.8833 63.964 -0.8
      vertex -41.8833 63.964 0
      vertex -41.8833 65.9278 -0.8
    endloop
  endfacet
  facet normal -1 0 0
    outer loop
      vertex -41.8833 63.964 0
      vertex -41.8833 65.9278 0
      vertex -41.8833 65.9278 -0.8
    endloop
  endfacet
  facet normal -0.150657 0.988586 0
    outer loop
      vertex -41.8833 65.9278 -0.8
      vertex -41.8833 65.9278 0
      vertex -41.5808 65.9739 -0.8
    endloop
  endfacet
  facet normal -0.150657 0.988586 0
    outer loop
      vertex -41.8833 65.9278 0
      vertex -41.5808 65.9739 0
      vertex -41.5808 65.9739 -0.8
    endloop
  endfacet
  facet normal -0.131677 0.991293 0
    outer loop
      vertex -41.5808 65.9739 -0.8
      vertex -41.5808 65.9739 0
      vertex -41.2872 66.0129 -0.8
    endloop
  endfacet
  facet normal -0.131677 0.991293 0
    outer loop
      vertex -41.5808 65.9739 0
      vertex -41.2872 66.0129 0
      vertex -41.2872 66.0129 -0.8
    endloop
  endfacet
  facet normal -0.111351 0.993781 0
    outer loop
      vertex -41.2872 66.0129 -0.8
      vertex -41.2872 66.0129 0
      vertex -41.0025 66.0448 -0.8
    endloop
  endfacet
  facet normal -0.111351 0.993781 0
    outer loop
      vertex -41.2872 66.0129 0
      vertex -41.0025 66.0448 0
      vertex -41.0025 66.0448 -0.8
    endloop
  endfacet
  facet normal -0.0891686 0.996017 0
    outer loop
      vertex -41.0025 66.0448 -0.8
      vertex -41.0025 66.0448 0
      vertex -40.7266 66.0695 -0.8
    endloop
  endfacet
  facet normal -0.0891686 0.996017 0
    outer loop
      vertex -41.0025 66.0448 0
      vertex -40.7266 66.0695 0
      vertex -40.7266 66.0695 -0.8
    endloop
  endfacet
  facet normal -0.0664942 0.997787 0
    outer loop
      vertex -40.7266 66.0695 -0.8
      vertex -40.7266 66.0695 0
      vertex -40.4595 66.0873 -0.8
    endloop
  endfacet
  facet normal -0.0664942 0.997787 0
    outer loop
      vertex -40.7266 66.0695 0
      vertex -40.4595 66.0873 0
      vertex -40.4595 66.0873 -0.8
    endloop
  endfacet
  facet normal -0.0410348 0.999158 0
    outer loop
      vertex -40.4595 66.0873 -0.8
      vertex -40.4595 66.0873 0
      vertex -40.2014 66.0979 -0.8
    endloop
  endfacet
  facet normal -0.0410348 0.999158 0
    outer loop
      vertex -40.4595 66.0873 0
      vertex -40.2014 66.0979 0
      vertex -40.2014 66.0979 -0.8
    endloop
  endfacet
  facet normal -0.0140379 0.999901 0
    outer loop
      vertex -40.2014 66.0979 -0.8
      vertex -40.2014 66.0979 0
      vertex -39.9521 66.1014 -0.8
    endloop
  endfacet
  facet normal -0.0140379 0.999901 0
    outer loop
      vertex -40.2014 66.0979 0
      vertex -39.9521 66.1014 0
      vertex -39.9521 66.1014 -0.8
    endloop
  endfacet
  facet normal 0.0330346 0.999454 -0
    outer loop
      vertex -39.9521 66.1014 -0.8
      vertex -39.9521 66.1014 0
      vertex -39.4771 66.0857 -0.8
    endloop
  endfacet
  facet normal 0.0330346 0.999454 0
    outer loop
      vertex -39.9521 66.1014 0
      vertex -39.4771 66.0857 0
      vertex -39.4771 66.0857 -0.8
    endloop
  endfacet
  facet normal 0.106877 0.994272 -0
    outer loop
      vertex -39.4771 66.0857 -0.8
      vertex -39.4771 66.0857 0
      vertex -39.038 66.0385 -0.8
    endloop
  endfacet
  facet normal 0.106877 0.994272 0
    outer loop
      vertex -39.4771 66.0857 0
      vertex -39.038 66.0385 0
      vertex -39.038 66.0385 -0.8
    endloop
  endfacet
  facet normal 0.191339 0.981524 -0
    outer loop
      vertex -39.038 66.0385 -0.8
      vertex -39.038 66.0385 0
      vertex -38.6348 65.9599 -0.8
    endloop
  endfacet
  facet normal 0.191339 0.981524 0
    outer loop
      vertex -39.038 66.0385 0
      vertex -38.6348 65.9599 0
      vertex -38.6348 65.9599 -0.8
    endloop
  endfacet
  facet normal 0.286822 0.957984 -0
    outer loop
      vertex -38.6348 65.9599 -0.8
      vertex -38.6348 65.9599 0
      vertex -38.2674 65.8499 -0.8
    endloop
  endfacet
  facet normal 0.286822 0.957984 0
    outer loop
      vertex -38.6348 65.9599 0
      vertex -38.2674 65.8499 0
      vertex -38.2674 65.8499 -0.8
    endloop
  endfacet
  facet normal 0.39258 0.919718 -0
    outer loop
      vertex -38.2674 65.8499 -0.8
      vertex -38.2674 65.8499 0
      vertex -37.9359 65.7084 -0.8
    endloop
  endfacet
  facet normal 0.39258 0.919718 0
    outer loop
      vertex -38.2674 65.8499 0
      vertex -37.9359 65.7084 0
      vertex -37.9359 65.7084 -0.8
    endloop
  endfacet
  facet normal 0.505105 0.863058 -0
    outer loop
      vertex -37.9359 65.7084 -0.8
      vertex -37.9359 65.7084 0
      vertex -37.6403 65.5354 -0.8
    endloop
  endfacet
  facet normal 0.505105 0.863058 0
    outer loop
      vertex -37.9359 65.7084 0
      vertex -37.6403 65.5354 0
      vertex -37.6403 65.5354 -0.8
    endloop
  endfacet
  facet normal 0.618329 0.785919 -0
    outer loop
      vertex -37.6403 65.5354 -0.8
      vertex -37.6403 65.5354 0
      vertex -37.3805 65.331 -0.8
    endloop
  endfacet
  facet normal 0.618329 0.785919 0
    outer loop
      vertex -37.6403 65.5354 0
      vertex -37.3805 65.331 0
      vertex -37.3805 65.331 -0.8
    endloop
  endfacet
  facet normal 0.725848 0.687855 -0
    outer loop
      vertex -37.3805 65.331 -0.8
      vertex -37.3805 65.331 0
      vertex -37.156 65.0941 -0.8
    endloop
  endfacet
  facet normal 0.725848 0.687855 0
    outer loop
      vertex -37.3805 65.331 0
      vertex -37.156 65.0941 0
      vertex -37.156 65.0941 -0.8
    endloop
  endfacet
  facet normal 0.818407 0.574639 -0
    outer loop
      vertex -37.156 65.0941 -0.8
      vertex -37.156 65.0941 0
      vertex -36.966 64.8235 -0.8
    endloop
  endfacet
  facet normal 0.818407 0.574639 0
    outer loop
      vertex -37.156 65.0941 0
      vertex -36.966 64.8235 0
      vertex -36.966 64.8235 -0.8
    endloop
  endfacet
  facet normal 0.89053 0.454925 -0
    outer loop
      vertex -36.966 64.8235 -0.8
      vertex -36.966 64.8235 0
      vertex -36.8106 64.5193 -0.8
    endloop
  endfacet
  facet normal 0.89053 0.454925 0
    outer loop
      vertex -36.966 64.8235 0
      vertex -36.8106 64.5193 0
      vertex -36.8106 64.5193 -0.8
    endloop
  endfacet
  facet normal 0.941546 0.336884 -0
    outer loop
      vertex -36.8106 64.5193 -0.8
      vertex -36.8106 64.5193 0
      vertex -36.6897 64.1814 -0.8
    endloop
  endfacet
  facet normal 0.941546 0.336884 0
    outer loop
      vertex -36.8106 64.5193 0
      vertex -36.6897 64.1814 0
      vertex -36.6897 64.1814 -0.8
    endloop
  endfacet
  facet normal 0.974077 0.226219 -0
    outer loop
      vertex -36.6897 64.1814 -0.8
      vertex -36.6897 64.1814 0
      vertex -36.6034 63.8098 -0.8
    endloop
  endfacet
  facet normal 0.974077 0.226219 0
    outer loop
      vertex -36.6897 64.1814 0
      vertex -36.6034 63.8098 0
      vertex -36.6034 63.8098 -0.8
    endloop
  endfacet
  facet normal 0.991928 0.126806 -0
    outer loop
      vertex -36.6034 63.8098 -0.8
      vertex -36.6034 63.8098 0
      vertex -36.5516 63.4046 -0.8
    endloop
  endfacet
  facet normal 0.991928 0.126806 0
    outer loop
      vertex -36.6034 63.8098 0
      vertex -36.5516 63.4046 0
      vertex -36.5516 63.4046 -0.8
    endloop
  endfacet
  facet normal 0.999224 0.0393951 -0
    outer loop
      vertex -36.5516 63.4046 -0.8
      vertex -36.5516 63.4046 0
      vertex -36.5343 62.9658 -0.8
    endloop
  endfacet
  facet normal 0.999224 0.0393951 0
    outer loop
      vertex -36.5516 63.4046 0
      vertex -36.5343 62.9658 0
      vertex -36.5343 62.9658 -0.8
    endloop
  endfacet
  facet normal 1 0 -0
    outer loop
      vertex -36.5343 62.9658 -0.8
      vertex -36.5343 62.9658 0
      vertex -36.5343 61.7397 -0.8
    endloop
  endfacet
  facet normal 1 0 0
    outer loop
      vertex -36.5343 62.9658 0
      vertex -36.5343 61.7397 0
      vertex -36.5343 61.7397 -0.8
    endloop
  endfacet
  facet normal 0 1 0
    outer loop
      vertex -36.5343 61.7397 -0.8
      vertex -36.5343 61.7397 0
      vertex -34.8199 61.7397 -0.8
    endloop
  endfacet
  facet normal -0 1 0
    outer loop
      vertex -36.5343 61.7397 0
      vertex -34.8199 61.7397 0
      vertex -34.8199 61.7397 -0.8
    endloop
  endfacet
  facet normal 1 0 -0
    outer loop
      vertex -34.8199 61.7397 -0.8
      vertex -34.8199 61.7397 0
      vertex -34.8199 59.6782 -0.8
    endloop
  endfacet
  facet normal 1 0 0
    outer loop
      vertex -34.8199 61.7397 0
      vertex -34.8199 59.6782 0
      vertex -34.8199 59.6782 -0.8
    endloop
  endfacet
  facet normal 0 -1 0
    outer loop
      vertex -34.8199 59.6782 -0.8
      vertex -34.8199 59.6782 0
      vertex -36.5343 59.6782 -0.8
    endloop
  endfacet
  facet normal -0 -1 0
    outer loop
      vertex -34.8199 59.6782 0
      vertex -36.5343 59.6782 0
      vertex -36.5343 59.6782 -0.8
    endloop
  endfacet
  facet normal 1 0 -0
    outer loop
      vertex -36.5343 59.6782 -0.8
      vertex -36.5343 59.6782 0
      vertex -36.5343 50 -0.8
    endloop
  endfacet
  facet normal 1 0 0
    outer loop
      vertex -36.5343 59.6782 0
      vertex -36.5343 50 0
      vertex -36.5343 50 -0.8
    endloop
  endfacet
  facet normal 0 -1 0
    outer loop
      vertex -36.5343 50 -0.8
      vertex -36.5343 50 0
      vertex -39.5722 50 -0.8
    endloop
  endfacet
  facet normal -0 -1 0
    outer loop
      vertex -36.5343 50 0
      vertex -39.5722 50 0
      vertex -39.5722 50 -0.8
    endloop
  endfacet
  facet normal -1 0 0
    outer loop
      vertex -39.5722 50 -0.8
      vertex -39.5722 50 0
      vertex -39.5722 59.6782 -0.8
    endloop
  endfacet
  facet normal -1 0 0
    outer loop
      vertex -39.5722 50 0
      vertex -39.5722 59.6782 0
      vertex -39.5722 59.6782 -0.8
    endloop
  endfacet
  facet normal 0 1 0
    outer loop
      vertex -46.2674 66.1014 -0.8
      vertex -46.2674 66.1014 0
      vertex -43.2184 66.1014 -0.8
    endloop
  endfacet
  facet normal -0 1 0
    outer loop
      vertex -46.2674 66.1014 0
      vertex -43.2184 66.1014 0
      vertex -43.2184 66.1014 -0.8
    endloop
  endfacet
  facet normal 1 0 -0
    outer loop
      vertex -43.2184 66.1014 -0.8
      vertex -43.2184 66.1014 0
      vertex -43.2184 63.8555 -0.8
    endloop
  endfacet
  facet normal 1 0 0
    outer loop
      vertex -43.2184 66.1014 0
      vertex -43.2184 63.8555 0
      vertex -43.2184 63.8555 -0.8
    endloop
  endfacet
  facet normal 0 -1 0
    outer loop
      vertex -43.2184 63.8555 -0.8
      vertex -43.2184 63.8555 0
      vertex -46.2674 63.8555 -0.8
    endloop
  endfacet
  facet normal -0 -1 0
    outer loop
      vertex -43.2184 63.8555 0
      vertex -46.2674 63.8555 0
      vertex -46.2674 63.8555 -0.8
    endloop
  endfacet
  facet normal -1 0 0
    outer loop
      vertex -46.2674 63.8555 -0.8
      vertex -46.2674 63.8555 0
      vertex -46.2674 66.1014 -0.8
    endloop
  endfacet
  facet normal -1 0 0
    outer loop
      vertex -46.2674 63.8555 0
      vertex -46.2674 66.1014 0
      vertex -46.2674 66.1014 -0.8
    endloop
  endfacet
  facet normal 0 1 0
    outer loop
      vertex -90.8782 66.1014 -0.8
      vertex -90.8782 66.1014 0
      vertex -87.8292 66.1014 -0.8
    endloop
  endfacet
  facet normal -0 1 0
    outer loop
      vertex -90.8782 66.1014 0
      vertex -87.8292 66.1014 0
      vertex -87.8292 66.1014 -0.8
    endloop
  endfacet
  facet normal 1 0 -0
    outer loop
      vertex -87.8292 66.1014 -0.8
      vertex -87.8292 66.1014 0
      vertex -87.8292 50 -0.8
    endloop
  endfacet
  facet normal 1 0 0
    outer loop
      vertex -87.8292 66.1014 0
      vertex -87.8292 50 0
      vertex -87.8292 50 -0.8
    endloop
  endfacet
  facet normal 0 -1 0
    outer loop
      vertex -87.8292 50 -0.8
      vertex -87.8292 50 0
      vertex -90.8782 50 -0.8
    endloop
  endfacet
  facet normal -0 -1 0
    outer loop
      vertex -87.8292 50 0
      vertex -90.8782 50 0
      vertex -90.8782 50 -0.8
    endloop
  endfacet
  facet normal -1 0 0
    outer loop
      vertex -90.8782 50 -0.8
      vertex -90.8782 50 0
      vertex -90.8782 66.1014 -0.8
    endloop
  endfacet
  facet normal -1 0 0
    outer loop
      vertex -90.8782 50 0
      vertex -90.8782 66.1014 0
      vertex -90.8782 66.1014 -0.8
    endloop
  endfacet
  facet normal 0 1 0
    outer loop
      vertex -96.9076 66.1014 -0.8
      vertex -96.9076 66.1014 0
      vertex -93.8586 66.1014 -0.8
    endloop
  endfacet
  facet normal -0 1 0
    outer loop
      vertex -96.9076 66.1014 0
      vertex -93.8586 66.1014 0
      vertex -93.8586 66.1014 -0.8
    endloop
  endfacet
  facet normal 1 0 -0
    outer loop
      vertex -93.8586 66.1014 -0.8
      vertex -93.8586 66.1014 0
      vertex -93.8586 50 -0.8
    endloop
  endfacet
  facet normal 1 0 0
    outer loop
      vertex -93.8586 66.1014 0
      vertex -93.8586 50 0
      vertex -93.8586 50 -0.8
    endloop
  endfacet
  facet normal 0 -1 0
    outer loop
      vertex -93.8586 50 -0.8
      vertex -93.8586 50 0
      vertex -96.9076 50 -0.8
    endloop
  endfacet
  facet normal -0 -1 0
    outer loop
      vertex -93.8586 50 0
      vertex -96.9076 50 0
      vertex -96.9076 50 -0.8
    endloop
  endfacet
  facet normal -1 0 0
    outer loop
      vertex -96.9076 50 -0.8
      vertex -96.9076 50 0
      vertex -96.9076 66.1014 -0.8
    endloop
  endfacet
  facet normal -1 0 0
    outer loop
      vertex -96.9076 50 0
      vertex -96.9076 66.1014 0
      vertex -96.9076 66.1014 -0.8
    endloop
  endfacet
  facet normal 0 1 0
    outer loop
      vertex -122.233 66.1014 -0.8
      vertex -122.233 66.1014 0
      vertex -119.184 66.1014 -0.8
    endloop
  endfacet
  facet normal -0 1 0
    outer loop
      vertex -122.233 66.1014 0
      vertex -119.184 66.1014 0
      vertex -119.184 66.1014 -0.8
    endloop
  endfacet
  facet normal 1 0 -0
    outer loop
      vertex -119.184 66.1014 -0.8
      vertex -119.184 66.1014 0
      vertex -119.184 63.8555 -0.8
    endloop
  endfacet
  facet normal 1 0 0
    outer loop
      vertex -119.184 66.1014 0
      vertex -119.184 63.8555 0
      vertex -119.184 63.8555 -0.8
    endloop
  endfacet
  facet normal 0 -1 0
    outer loop
      vertex -119.184 63.8555 -0.8
      vertex -119.184 63.8555 0
      vertex -122.233 63.8555 -0.8
    endloop
  endfacet
  facet normal -0 -1 0
    outer loop
      vertex -119.184 63.8555 0
      vertex -122.233 63.8555 0
      vertex -122.233 63.8555 -0.8
    endloop
  endfacet
  facet normal -1 0 0
    outer loop
      vertex -122.233 63.8555 -0.8
      vertex -122.233 63.8555 0
      vertex -122.233 66.1014 -0.8
    endloop
  endfacet
  facet normal -1 0 0
    outer loop
      vertex -122.233 63.8555 0
      vertex -122.233 66.1014 0
      vertex -122.233 66.1014 -0.8
    endloop
  endfacet
  facet normal 0 -1 0
    outer loop
      vertex -115.538 59.6782 -0.8
      vertex -115.538 59.6782 0
      vertex -117.849 59.6782 -0.8
    endloop
  endfacet
  facet normal -0 -1 0
    outer loop
      vertex -115.538 59.6782 0
      vertex -117.849 59.6782 0
      vertex -117.849 59.6782 -0.8
    endloop
  endfacet
  facet normal -1 0 0
    outer loop
      vertex -117.849 59.6782 -0.8
      vertex -117.849 59.6782 0
      vertex -117.849 61.7397 -0.8
    endloop
  endfacet
  facet normal -1 0 0
    outer loop
      vertex -117.849 59.6782 0
      vertex -117.849 61.7397 0
      vertex -117.849 61.7397 -0.8
    endloop
  endfacet
  facet normal 0 1 0
    outer loop
      vertex -117.849 61.7397 -0.8
      vertex -117.849 61.7397 0
      vertex -115.538 61.7397 -0.8
    endloop
  endfacet
  facet normal -0 1 0
    outer loop
      vertex -117.849 61.7397 0
      vertex -115.538 61.7397 0
      vertex -115.538 61.7397 -0.8
    endloop
  endfacet
  facet normal -1 0 0
    outer loop
      vertex -115.538 61.7397 -0.8
      vertex -115.538 61.7397 0
      vertex -115.538 62.6619 -0.8
    endloop
  endfacet
  facet normal -1 0 0
    outer loop
      vertex -115.538 61.7397 0
      vertex -115.538 62.6619 0
      vertex -115.538 62.6619 -0.8
    endloop
  endfacet
  facet normal -0.999606 -0.0280788 0
    outer loop
      vertex -115.538 62.6619 -0.8
      vertex -115.538 62.6619 0
      vertex -115.544 62.8755 -0.8
    endloop
  endfacet
  facet normal -0.999606 -0.0280788 0
    outer loop
      vertex -115.538 62.6619 0
      vertex -115.544 62.8755 0
      vertex -115.544 62.8755 -0.8
    endloop
  endfacet
  facet normal -0.994744 -0.102393 0
    outer loop
      vertex -115.544 62.8755 -0.8
      vertex -115.544 62.8755 0
      vertex -115.564 63.0698 -0.8
    endloop
  endfacet
  facet normal -0.994744 -0.102393 0
    outer loop
      vertex -115.544 62.8755 0
      vertex -115.564 63.0698 0
      vertex -115.564 63.0698 -0.8
    endloop
  endfacet
  facet normal -0.983708 -0.179775 0
    outer loop
      vertex -115.564 63.0698 -0.8
      vertex -115.564 63.0698 0
      vertex -115.596 63.2449 -0.8
    endloop
  endfacet
  facet normal -0.983708 -0.179775 0
    outer loop
      vertex -115.564 63.0698 0
      vertex -115.596 63.2449 0
      vertex -115.596 63.2449 -0.8
    endloop
  endfacet
  facet normal -0.959022 -0.283333 0
    outer loop
      vertex -115.596 63.2449 -0.8
      vertex -115.596 63.2449 0
      vertex -115.642 63.4006 -0.8
    endloop
  endfacet
  facet normal -0.959022 -0.283333 0
    outer loop
      vertex -115.596 63.2449 0
      vertex -115.642 63.4006 0
      vertex -115.642 63.4006 -0.8
    endloop
  endfacet
  facet normal -0.917923 -0.396758 0
    outer loop
      vertex -115.642 63.4006 -0.8
      vertex -115.642 63.4006 0
      vertex -115.701 63.5371 -0.8
    endloop
  endfacet
  facet normal -0.917923 -0.396758 0
    outer loop
      vertex -115.642 63.4006 0
      vertex -115.701 63.5371 0
      vertex -115.701 63.5371 -0.8
    endloop
  endfacet
  facet normal -0.852256 -0.523124 0
    outer loop
      vertex -115.701 63.5371 -0.8
      vertex -115.701 63.5371 0
      vertex -115.773 63.6544 -0.8
    endloop
  endfacet
  facet normal -0.852256 -0.523124 0
    outer loop
      vertex -115.701 63.5371 0
      vertex -115.773 63.6544 0
      vertex -115.773 63.6544 -0.8
    endloop
  endfacet
  facet normal -0.755103 -0.655606 0
    outer loop
      vertex -115.773 63.6544 -0.8
      vertex -115.773 63.6544 0
      vertex -115.858 63.7523 -0.8
    endloop
  endfacet
  facet normal -0.755103 -0.655606 0
    outer loop
      vertex -115.773 63.6544 0
      vertex -115.858 63.7523 0
      vertex -115.858 63.7523 -0.8
    endloop
  endfacet
  facet normal -0.630766 -0.775973 0
    outer loop
      vertex -115.858 63.7523 -0.8
      vertex -115.858 63.7523 0
      vertex -115.959 63.8344 -0.8
    endloop
  endfacet
  facet normal -0.630766 -0.775973 0
    outer loop
      vertex -115.858 63.7523 0
      vertex -115.959 63.8344 0
      vertex -115.959 63.8344 -0.8
    endloop
  endfacet
  facet normal -0.503781 -0.863832 0
    outer loop
      vertex -115.959 63.8344 -0.8
      vertex -115.959 63.8344 0
      vertex -116.078 63.9038 -0.8
    endloop
  endfacet
  facet normal -0.503781 -0.863832 0
    outer loop
      vertex -115.959 63.8344 0
      vertex -116.078 63.9038 0
      vertex -116.078 63.9038 -0.8
    endloop
  endfacet
  facet normal -0.37827 -0.925695 0
    outer loop
      vertex -116.078 63.9038 -0.8
      vertex -116.078 63.9038 0
      vertex -116.217 63.9606 -0.8
    endloop
  endfacet
  facet normal -0.37827 -0.925695 0
    outer loop
      vertex -116.078 63.9038 0
      vertex -116.217 63.9606 0
      vertex -116.217 63.9606 -0.8
    endloop
  endfacet
  facet normal -0.270994 -0.962581 0
    outer loop
      vertex -116.217 63.9606 -0.8
      vertex -116.217 63.9606 0
      vertex -116.374 64.0048 -0.8
    endloop
  endfacet
  facet normal -0.270994 -0.962581 0
    outer loop
      vertex -116.217 63.9606 0
      vertex -116.374 64.0048 0
      vertex -116.374 64.0048 -0.8
    endloop
  endfacet
  facet normal -0.176178 -0.984358 0
    outer loop
      vertex -116.374 64.0048 -0.8
      vertex -116.374 64.0048 0
      vertex -116.55 64.0363 -0.8
    endloop
  endfacet
  facet normal -0.176178 -0.984358 0
    outer loop
      vertex -116.374 64.0048 0
      vertex -116.55 64.0363 0
      vertex -116.55 64.0363 -0.8
    endloop
  endfacet
  facet normal -0.0969766 -0.995287 0
    outer loop
      vertex -116.55 64.0363 -0.8
      vertex -116.55 64.0363 0
      vertex -116.745 64.0553 -0.8
    endloop
  endfacet
  facet normal -0.0969766 -0.995287 0
    outer loop
      vertex -116.55 64.0363 0
      vertex -116.745 64.0553 0
      vertex -116.745 64.0553 -0.8
    endloop
  endfacet
  facet normal -0.0294265 -0.999567 0
    outer loop
      vertex -116.745 64.0553 -0.8
      vertex -116.745 64.0553 0
      vertex -116.959 64.0616 -0.8
    endloop
  endfacet
  facet normal -0.0294265 -0.999567 0
    outer loop
      vertex -116.745 64.0553 0
      vertex -116.959 64.0616 0
      vertex -116.959 64.0616 -0.8
    endloop
  endfacet
  facet normal 0.0157461 -0.999876 0
    outer loop
      vertex -116.959 64.0616 -0.8
      vertex -116.959 64.0616 0
      vertex -117.086 64.0596 -0.8
    endloop
  endfacet
  facet normal 0.0157461 -0.999876 0
    outer loop
      vertex -116.959 64.0616 0
      vertex -117.086 64.0596 0
      vertex -117.086 64.0596 -0.8
    endloop
  endfacet
  facet normal 0.0471915 -0.998886 0
    outer loop
      vertex -117.086 64.0596 -0.8
      vertex -117.086 64.0596 0
      vertex -117.213 64.0536 -0.8
    endloop
  endfacet
  facet normal 0.0471915 -0.998886 0
    outer loop
      vertex -117.086 64.0596 0
      vertex -117.213 64.0536 0
      vertex -117.213 64.0536 -0.8
    endloop
  endfacet
  facet normal 0.077717 -0.996975 0
    outer loop
      vertex -117.213 64.0536 -0.8
      vertex -117.213 64.0536 0
      vertex -117.34 64.0437 -0.8
    endloop
  endfacet
  facet normal 0.077717 -0.996975 0
    outer loop
      vertex -117.213 64.0536 0
      vertex -117.34 64.0437 0
      vertex -117.34 64.0437 -0.8
    endloop
  endfacet
  facet normal 0.109572 -0.993979 0
    outer loop
      vertex -117.34 64.0437 -0.8
      vertex -117.34 64.0437 0
      vertex -117.467 64.0297 -0.8
    endloop
  endfacet
  facet normal 0.109572 -0.993979 0
    outer loop
      vertex -117.34 64.0437 0
      vertex -117.467 64.0297 0
      vertex -117.467 64.0297 -0.8
    endloop
  endfacet
  facet normal 0.138496 -0.990363 0
    outer loop
      vertex -117.467 64.0297 -0.8
      vertex -117.467 64.0297 0
      vertex -117.595 64.0118 -0.8
    endloop
  endfacet
  facet normal 0.138496 -0.990363 0
    outer loop
      vertex -117.467 64.0297 0
      vertex -117.595 64.0118 0
      vertex -117.595 64.0118 -0.8
    endloop
  endfacet
  facet normal 0.169933 -0.985456 0
    outer loop
      vertex -117.595 64.0118 -0.8
      vertex -117.595 64.0118 0
      vertex -117.722 63.9899 -0.8
    endloop
  endfacet
  facet normal 0.169933 -0.985456 0
    outer loop
      vertex -117.595 64.0118 0
      vertex -117.722 63.9899 0
      vertex -117.722 63.9899 -0.8
    endloop
  endfacet
  facet normal 0.199824 -0.979832 0
    outer loop
      vertex -117.722 63.9899 -0.8
      vertex -117.722 63.9899 0
      vertex -117.849 63.964 -0.8
    endloop
  endfacet
  facet normal 0.199824 -0.979832 0
    outer loop
      vertex -117.722 63.9899 0
      vertex -117.849 63.964 0
      vertex -117.849 63.964 -0.8
    endloop
  endfacet
  facet normal -1 0 0
    outer loop
      vertex -117.849 63.964 -0.8
      vertex -117.849 63.964 0
      vertex -117.849 65.9278 -0.8
    endloop
  endfacet
  facet normal -1 0 0
    outer loop
      vertex -117.849 63.964 0
      vertex -117.849 65.9278 0
      vertex -117.849 65.9278 -0.8
    endloop
  endfacet
  facet normal -0.150414 0.988623 0
    outer loop
      vertex -117.849 65.9278 -0.8
      vertex -117.849 65.9278 0
      vertex -117.546 65.9739 -0.8
    endloop
  endfacet
  facet normal -0.150414 0.988623 0
    outer loop
      vertex -117.849 65.9278 0
      vertex -117.546 65.9739 0
      vertex -117.546 65.9739 -0.8
    endloop
  endfacet
  facet normal -0.131942 0.991257 0
    outer loop
      vertex -117.546 65.9739 -0.8
      vertex -117.546 65.9739 0
      vertex -117.253 66.0129 -0.8
    endloop
  endfacet
  facet normal -0.131942 0.991257 0
    outer loop
      vertex -117.546 65.9739 0
      vertex -117.253 66.0129 0
      vertex -117.253 66.0129 -0.8
    endloop
  endfacet
  facet normal -0.111235 0.993794 0
    outer loop
      vertex -117.253 66.0129 -0.8
      vertex -117.253 66.0129 0
      vertex -116.968 66.0448 -0.8
    endloop
  endfacet
  facet normal -0.111235 0.993794 0
    outer loop
      vertex -117.253 66.0129 0
      vertex -116.968 66.0448 0
      vertex -116.968 66.0448 -0.8
    endloop
  endfacet
  facet normal -0.0891365 0.996019 0
    outer loop
      vertex -116.968 66.0448 -0.8
      vertex -116.968 66.0448 0
      vertex -116.692 66.0695 -0.8
    endloop
  endfacet
  facet normal -0.0891365 0.996019 0
    outer loop
      vertex -116.968 66.0448 0
      vertex -116.692 66.0695 0
      vertex -116.692 66.0695 -0.8
    endloop
  endfacet
  facet normal -0.066519 0.997785 0
    outer loop
      vertex -116.692 66.0695 -0.8
      vertex -116.692 66.0695 0
      vertex -116.425 66.0873 -0.8
    endloop
  endfacet
  facet normal -0.066519 0.997785 0
    outer loop
      vertex -116.692 66.0695 0
      vertex -116.425 66.0873 0
      vertex -116.425 66.0873 -0.8
    endloop
  endfacet
  facet normal -0.0410506 0.999157 0
    outer loop
      vertex -116.425 66.0873 -0.8
      vertex -116.425 66.0873 0
      vertex -116.167 66.0979 -0.8
    endloop
  endfacet
  facet normal -0.0410506 0.999157 0
    outer loop
      vertex -116.425 66.0873 0
      vertex -116.167 66.0979 0
      vertex -116.167 66.0979 -0.8
    endloop
  endfacet
  facet normal -0.0140548 0.999901 0
    outer loop
      vertex -116.167 66.0979 -0.8
      vertex -116.167 66.0979 0
      vertex -115.918 66.1014 -0.8
    endloop
  endfacet
  facet normal -0.0140548 0.999901 0
    outer loop
      vertex -116.167 66.0979 0
      vertex -115.918 66.1014 0
      vertex -115.918 66.1014 -0.8
    endloop
  endfacet
  facet normal 0.0330346 0.999454 -0
    outer loop
      vertex -115.918 66.1014 -0.8
      vertex -115.918 66.1014 0
      vertex -115.443 66.0857 -0.8
    endloop
  endfacet
  facet normal 0.0330346 0.999454 0
    outer loop
      vertex -115.918 66.1014 0
      vertex -115.443 66.0857 0
      vertex -115.443 66.0857 -0.8
    endloop
  endfacet
  facet normal 0.106661 0.994295 -0
    outer loop
      vertex -115.443 66.0857 -0.8
      vertex -115.443 66.0857 0
      vertex -115.003 66.0385 -0.8
    endloop
  endfacet
  facet normal 0.106661 0.994295 0
    outer loop
      vertex -115.443 66.0857 0
      vertex -115.003 66.0385 0
      vertex -115.003 66.0385 -0.8
    endloop
  endfacet
  facet normal 0.19143 0.981506 -0
    outer loop
      vertex -115.003 66.0385 -0.8
      vertex -115.003 66.0385 0
      vertex -114.6 65.9599 -0.8
    endloop
  endfacet
  facet normal 0.19143 0.981506 0
    outer loop
      vertex -115.003 66.0385 0
      vertex -114.6 65.9599 0
      vertex -114.6 65.9599 -0.8
    endloop
  endfacet
  facet normal 0.287108 0.957898 -0
    outer loop
      vertex -114.6 65.9599 -0.8
      vertex -114.6 65.9599 0
      vertex -114.233 65.8499 -0.8
    endloop
  endfacet
  facet normal 0.287108 0.957898 0
    outer loop
      vertex -114.6 65.9599 0
      vertex -114.233 65.8499 0
      vertex -114.233 65.8499 -0.8
    endloop
  endfacet
  facet normal 0.392079 0.919931 -0
    outer loop
      vertex -114.233 65.8499 -0.8
      vertex -114.233 65.8499 0
      vertex -113.901 65.7084 -0.8
    endloop
  endfacet
  facet normal 0.392079 0.919931 0
    outer loop
      vertex -114.233 65.8499 0
      vertex -113.901 65.7084 0
      vertex -113.901 65.7084 -0.8
    endloop
  endfacet
  facet normal 0.50587 0.86261 -0
    outer loop
      vertex -113.901 65.7084 -0.8
      vertex -113.901 65.7084 0
      vertex -113.606 65.5354 -0.8
    endloop
  endfacet
  facet normal 0.50587 0.86261 0
    outer loop
      vertex -113.901 65.7084 0
      vertex -113.606 65.5354 0
      vertex -113.606 65.5354 -0.8
    endloop
  endfacet
  facet normal 0.618035 0.78615 -0
    outer loop
      vertex -113.606 65.5354 -0.8
      vertex -113.606 65.5354 0
      vertex -113.346 65.331 -0.8
    endloop
  endfacet
  facet normal 0.618035 0.78615 0
    outer loop
      vertex -113.606 65.5354 0
      vertex -113.346 65.331 0
      vertex -113.346 65.331 -0.8
    endloop
  endfacet
  facet normal 0.725083 0.688661 -0
    outer loop
      vertex -113.346 65.331 -0.8
      vertex -113.346 65.331 0
      vertex -113.121 65.0941 -0.8
    endloop
  endfacet
  facet normal 0.725083 0.688661 0
    outer loop
      vertex -113.346 65.331 0
      vertex -113.121 65.0941 0
      vertex -113.121 65.0941 -0.8
    endloop
  endfacet
  facet normal 0.819829 0.572608 -0
    outer loop
      vertex -113.121 65.0941 -0.8
      vertex -113.121 65.0941 0
      vertex -112.932 64.8235 -0.8
    endloop
  endfacet
  facet normal 0.819829 0.572608 0
    outer loop
      vertex -113.121 65.0941 0
      vertex -112.932 64.8235 0
      vertex -112.932 64.8235 -0.8
    endloop
  endfacet
  facet normal 0.889817 0.456317 -0
    outer loop
      vertex -112.932 64.8235 -0.8
      vertex -112.932 64.8235 0
      vertex -112.776 64.5193 -0.8
    endloop
  endfacet
  facet normal 0.889817 0.456317 0
    outer loop
      vertex -112.932 64.8235 0
      vertex -112.776 64.5193 0
      vertex -112.776 64.5193 -0.8
    endloop
  endfacet
  facet normal 0.941458 0.337131 -0
    outer loop
      vertex -112.776 64.5193 -0.8
      vertex -112.776 64.5193 0
      vertex -112.655 64.1814 -0.8
    endloop
  endfacet
  facet normal 0.941458 0.337131 0
    outer loop
      vertex -112.776 64.5193 0
      vertex -112.655 64.1814 0
      vertex -112.655 64.1814 -0.8
    endloop
  endfacet
  facet normal 0.97425 0.225472 -0
    outer loop
      vertex -112.655 64.1814 -0.8
      vertex -112.655 64.1814 0
      vertex -112.569 63.8098 -0.8
    endloop
  endfacet
  facet normal 0.97425 0.225472 0
    outer loop
      vertex -112.655 64.1814 0
      vertex -112.569 63.8098 0
      vertex -112.569 63.8098 -0.8
    endloop
  endfacet
  facet normal 0.991866 0.127288 -0
    outer loop
      vertex -112.569 63.8098 -0.8
      vertex -112.569 63.8098 0
      vertex -112.517 63.4046 -0.8
    endloop
  endfacet
  facet normal 0.991866 0.127288 0
    outer loop
      vertex -112.569 63.8098 0
      vertex -112.517 63.4046 0
      vertex -112.517 63.4046 -0.8
    endloop
  endfacet
  facet normal 0.99925 0.038713 -0
    outer loop
      vertex -112.517 63.4046 -0.8
      vertex -112.517 63.4046 0
      vertex -112.5 62.9658 -0.8
    endloop
  endfacet
  facet normal 0.99925 0.038713 0
    outer loop
      vertex -112.517 63.4046 0
      vertex -112.5 62.9658 0
      vertex -112.5 62.9658 -0.8
    endloop
  endfacet
  facet normal 1 0 -0
    outer loop
      vertex -112.5 62.9658 -0.8
      vertex -112.5 62.9658 0
      vertex -112.5 61.7397 -0.8
    endloop
  endfacet
  facet normal 1 0 0
    outer loop
      vertex -112.5 62.9658 0
      vertex -112.5 61.7397 0
      vertex -112.5 61.7397 -0.8
    endloop
  endfacet
  facet normal 0 1 0
    outer loop
      vertex -112.5 61.7397 -0.8
      vertex -112.5 61.7397 0
      vertex -110.785 61.7397 -0.8
    endloop
  endfacet
  facet normal -0 1 0
    outer loop
      vertex -112.5 61.7397 0
      vertex -110.785 61.7397 0
      vertex -110.785 61.7397 -0.8
    endloop
  endfacet
  facet normal 1 0 -0
    outer loop
      vertex -110.785 61.7397 -0.8
      vertex -110.785 61.7397 0
      vertex -110.785 59.6782 -0.8
    endloop
  endfacet
  facet normal 1 0 0
    outer loop
      vertex -110.785 61.7397 0
      vertex -110.785 59.6782 0
      vertex -110.785 59.6782 -0.8
    endloop
  endfacet
  facet normal 0 -1 0
    outer loop
      vertex -110.785 59.6782 -0.8
      vertex -110.785 59.6782 0
      vertex -112.5 59.6782 -0.8
    endloop
  endfacet
  facet normal -0 -1 0
    outer loop
      vertex -110.785 59.6782 0
      vertex -112.5 59.6782 0
      vertex -112.5 59.6782 -0.8
    endloop
  endfacet
  facet normal 1 0 -0
    outer loop
      vertex -112.5 59.6782 -0.8
      vertex -112.5 59.6782 0
      vertex -112.5 50 -0.8
    endloop
  endfacet
  facet normal 1 0 0
    outer loop
      vertex -112.5 59.6782 0
      vertex -112.5 50 0
      vertex -112.5 50 -0.8
    endloop
  endfacet
  facet normal 0 -1 0
    outer loop
      vertex -112.5 50 -0.8
      vertex -112.5 50 0
      vertex -115.538 50 -0.8
    endloop
  endfacet
  facet normal -0 -1 0
    outer loop
      vertex -112.5 50 0
      vertex -115.538 50 0
      vertex -115.538 50 -0.8
    endloop
  endfacet
  facet normal -1 0 0
    outer loop
      vertex -115.538 50 -0.8
      vertex -115.538 50 0
      vertex -115.538 59.6782 -0.8
    endloop
  endfacet
  facet normal -1 0 0
    outer loop
      vertex -115.538 50 0
      vertex -115.538 59.6782 0
      vertex -115.538 59.6782 -0.8
    endloop
  endfacet
  facet normal 0 -1 0
    outer loop
      vertex -26.1035 54.1339 -0.8
      vertex -26.1035 54.1339 0
      vertex -29.4344 54.1339 -0.8
    endloop
  endfacet
  facet normal -0 -1 0
    outer loop
      vertex -26.1035 54.1339 0
      vertex -29.4344 54.1339 0
      vertex -29.4344 54.1339 -0.8
    endloop
  endfacet
  facet normal 0.978659 0.20549 -0
    outer loop
      vertex -29.4344 54.1339 -0.8
      vertex -29.4344 54.1339 0
      vertex -28.5664 50 -0.8
    endloop
  endfacet
  facet normal 0.978659 0.20549 0
    outer loop
      vertex -29.4344 54.1339 0
      vertex -28.5664 50 0
      vertex -28.5664 50 -0.8
    endloop
  endfacet
  facet normal 0 -1 0
    outer loop
      vertex -28.5664 50 -0.8
      vertex -28.5664 50 0
      vertex -30.259 50 -0.8
    endloop
  endfacet
  facet normal -0 -1 0
    outer loop
      vertex -28.5664 50 0
      vertex -30.259 50 0
      vertex -30.259 50 -0.8
    endloop
  endfacet
  facet normal -0.97762 -0.21038 0
    outer loop
      vertex -30.259 50 -0.8
      vertex -30.259 50 0
      vertex -31.1486 54.1339 -0.8
    endloop
  endfacet
  facet normal -0.97762 -0.21038 0
    outer loop
      vertex -30.259 50 0
      vertex -31.1486 54.1339 0
      vertex -31.1486 54.1339 -0.8
    endloop
  endfacet
  facet normal 0 -1 0
    outer loop
      vertex -31.1486 54.1339 -0.8
      vertex -31.1486 54.1339 0
      vertex -33.8177 54.1339 -0.8
    endloop
  endfacet
  facet normal -0 -1 0
    outer loop
      vertex -31.1486 54.1339 0
      vertex -33.8177 54.1339 0
      vertex -33.8177 54.1339 -0.8
    endloop
  endfacet
  facet normal -1 0 0
    outer loop
      vertex -33.8177 54.1339 -0.8
      vertex -33.8177 54.1339 0
      vertex -33.8177 55.7505 -0.8
    endloop
  endfacet
  facet normal -1 0 0
    outer loop
      vertex -33.8177 54.1339 0
      vertex -33.8177 55.7505 0
      vertex -33.8177 55.7505 -0.8
    endloop
  endfacet
  facet normal 0 1 0
    outer loop
      vertex -33.8177 55.7505 -0.8
      vertex -33.8177 55.7505 0
      vertex -31.4851 55.7505 -0.8
    endloop
  endfacet
  facet normal -0 1 0
    outer loop
      vertex -33.8177 55.7505 0
      vertex -31.4851 55.7505 0
      vertex -31.4851 55.7505 -0.8
    endloop
  endfacet
  facet normal -0.97908 -0.203476 0
    outer loop
      vertex -31.4851 55.7505 -0.8
      vertex -31.4851 55.7505 0
      vertex -32.2337 59.3526 -0.8
    endloop
  endfacet
  facet normal -0.97908 -0.203476 0
    outer loop
      vertex -31.4851 55.7505 0
      vertex -32.2337 59.3526 0
      vertex -32.2337 59.3526 -0.8
    endloop
  endfacet
  facet normal 0 -1 0
    outer loop
      vertex -32.2337 59.3526 -0.8
      vertex -32.2337 59.3526 0
      vertex -34.3712 59.3526 -0.8
    endloop
  endfacet
  facet normal -0 -1 0
    outer loop
      vertex -32.2337 59.3526 0
      vertex -34.3712 59.3526 0
      vertex -34.3712 59.3526 -0.8
    endloop
  endfacet
  facet normal -1 0 0
    outer loop
      vertex -34.3712 59.3526 -0.8
      vertex -34.3712 59.3526 0
      vertex -34.3712 60.9586 -0.8
    endloop
  endfacet
  facet normal -1 0 0
    outer loop
      vertex -34.3712 59.3526 0
      vertex -34.3712 60.9586 0
      vertex -34.3712 60.9586 -0.8
    endloop
  endfacet
  facet normal 0 1 0
    outer loop
      vertex -34.3712 60.9586 -0.8
      vertex -34.3712 60.9586 0
      vertex -32.5916 60.9586 -0.8
    endloop
  endfacet
  facet normal -0 1 0
    outer loop
      vertex -34.3712 60.9586 0
      vertex -32.5916 60.9586 0
      vertex -32.5916 60.9586 -0.8
    endloop
  endfacet
  facet normal -0.977004 -0.213219 0
    outer loop
      vertex -32.5916 60.9586 -0.8
      vertex -32.5916 60.9586 0
      vertex -33.5032 65.1357 -0.8
    endloop
  endfacet
  facet normal -0.977004 -0.213219 0
    outer loop
      vertex -32.5916 60.9586 0
      vertex -33.5032 65.1357 0
      vertex -33.5032 65.1357 -0.8
    endloop
  endfacet
  facet normal 0 1 0
    outer loop
      vertex -33.5032 65.1357 -0.8
      vertex -33.5032 65.1357 0
      vertex -31.8105 65.1357 -0.8
    endloop
  endfacet
  facet normal -0 1 0
    outer loop
      vertex -33.5032 65.1357 0
      vertex -31.8105 65.1357 0
      vertex -31.8105 65.1357 -0.8
    endloop
  endfacet
  facet normal 0.977019 0.213152 -0
    outer loop
      vertex -31.8105 65.1357 -0.8
      vertex -31.8105 65.1357 0
      vertex -30.8992 60.9586 -0.8
    endloop
  endfacet
  facet normal 0.977019 0.213152 0
    outer loop
      vertex -31.8105 65.1357 0
      vertex -30.8992 60.9586 0
      vertex -30.8992 60.9586 -0.8
    endloop
  endfacet
  facet normal 0 1 0
    outer loop
      vertex -30.8992 60.9586 -0.8
      vertex -30.8992 60.9586 0
      vertex -27.5681 60.9586 -0.8
    endloop
  endfacet
  facet normal -0 1 0
    outer loop
      vertex -30.8992 60.9586 0
      vertex -27.5681 60.9586 0
      vertex -27.5681 60.9586 -0.8
    endloop
  endfacet
  facet normal -0.978056 -0.208344 0
    outer loop
      vertex -27.5681 60.9586 -0.8
      vertex -27.5681 60.9586 0
      vertex -28.4579 65.1357 -0.8
    endloop
  endfacet
  facet normal -0.978056 -0.208344 0
    outer loop
      vertex -27.5681 60.9586 0
      vertex -28.4579 65.1357 0
      vertex -28.4579 65.1357 -0.8
    endloop
  endfacet
  facet normal 0 1 0
    outer loop
      vertex -28.4579 65.1357 -0.8
      vertex -28.4579 65.1357 0
      vertex -26.7979 65.1357 -0.8
    endloop
  endfacet
  facet normal -0 1 0
    outer loop
      vertex -28.4579 65.1357 0
      vertex -26.7979 65.1357 0
      vertex -26.7979 65.1357 -0.8
    endloop
  endfacet
  facet normal 0.977009 0.213197 -0
    outer loop
      vertex -26.7979 65.1357 -0.8
      vertex -26.7979 65.1357 0
      vertex -25.8864 60.9586 -0.8
    endloop
  endfacet
  facet normal 0.977009 0.213197 0
    outer loop
      vertex -26.7979 65.1357 0
      vertex -25.8864 60.9586 0
      vertex -25.8864 60.9586 -0.8
    endloop
  endfacet
  facet normal 0 1 0
    outer loop
      vertex -25.8864 60.9586 -0.8
      vertex -25.8864 60.9586 0
      vertex -23.3041 60.9586 -0.8
    endloop
  endfacet
  facet normal -0 1 0
    outer loop
      vertex -25.8864 60.9586 0
      vertex -23.3041 60.9586 0
      vertex -23.3041 60.9586 -0.8
    endloop
  endfacet
  facet normal 1 0 -0
    outer loop
      vertex -23.3041 60.9586 -0.8
      vertex -23.3041 60.9586 0
      vertex -23.3041 59.3526 -0.8
    endloop
  endfacet
  facet normal 1 0 0
    outer loop
      vertex -23.3041 60.9586 0
      vertex -23.3041 59.3526 0
      vertex -23.3041 59.3526 -0.8
    endloop
  endfacet
  facet normal 0 -1 0
    outer loop
      vertex -23.3041 59.3526 -0.8
      vertex -23.3041 59.3526 0
      vertex -25.55 59.3526 -0.8
    endloop
  endfacet
  facet normal -0 -1 0
    outer loop
      vertex -23.3041 59.3526 0
      vertex -25.55 59.3526 0
      vertex -25.55 59.3526 -0.8
    endloop
  endfacet
  facet normal 0.978486 0.206313 -0
    outer loop
      vertex -25.55 59.3526 -0.8
      vertex -25.55 59.3526 0
      vertex -24.7905 55.7505 -0.8
    endloop
  endfacet
  facet normal 0.978486 0.206313 0
    outer loop
      vertex -25.55 59.3526 0
      vertex -24.7905 55.7505 0
      vertex -24.7905 55.7505 -0.8
    endloop
  endfacet
  facet normal 0 1 0
    outer loop
      vertex -24.7905 55.7505 -0.8
      vertex -24.7905 55.7505 0
      vertex -22.7507 55.7505 -0.8
    endloop
  endfacet
  facet normal -0 1 0
    outer loop
      vertex -24.7905 55.7505 0
      vertex -22.7507 55.7505 0
      vertex -22.7507 55.7505 -0.8
    endloop
  endfacet
  facet normal 1 0 -0
    outer loop
      vertex -22.7507 55.7505 -0.8
      vertex -22.7507 55.7505 0
      vertex -22.7507 54.1339 -0.8
    endloop
  endfacet
  facet normal 1 0 0
    outer loop
      vertex -22.7507 55.7505 0
      vertex -22.7507 54.1339 0
      vertex -22.7507 54.1339 -0.8
    endloop
  endfacet
  facet normal 0 -1 0
    outer loop
      vertex -22.7507 54.1339 -0.8
      vertex -22.7507 54.1339 0
      vertex -24.4324 54.1339 -0.8
    endloop
  endfacet
  facet normal -0 -1 0
    outer loop
      vertex -22.7507 54.1339 0
      vertex -24.4324 54.1339 0
      vertex -24.4324 54.1339 -0.8
    endloop
  endfacet
  facet normal 0.979175 0.203017 -0
    outer loop
      vertex -24.4324 54.1339 -0.8
      vertex -24.4324 54.1339 0
      vertex -23.5753 50 -0.8
    endloop
  endfacet
  facet normal 0.979175 0.203017 0
    outer loop
      vertex -24.4324 54.1339 0
      vertex -23.5753 50 0
      vertex -23.5753 50 -0.8
    endloop
  endfacet
  facet normal 0 -1 0
    outer loop
      vertex -23.5753 50 -0.8
      vertex -23.5753 50 0
      vertex -25.2355 50 -0.8
    endloop
  endfacet
  facet normal -0 -1 0
    outer loop
      vertex -23.5753 50 0
      vertex -25.2355 50 0
      vertex -25.2355 50 -0.8
    endloop
  endfacet
  facet normal -0.978659 -0.20549 0
    outer loop
      vertex -25.2355 50 -0.8
      vertex -25.2355 50 0
      vertex -26.1035 54.1339 -0.8
    endloop
  endfacet
  facet normal -0.978659 -0.20549 0
    outer loop
      vertex -25.2355 50 0
      vertex -26.1035 54.1339 0
      vertex -26.1035 54.1339 -0.8
    endloop
  endfacet
  facet normal -0.977276 -0.211972 0
    outer loop
      vertex -26.4614 55.7505 -0.8
      vertex -27.2427 59.3526 0
      vertex -27.2427 59.3526 -0.8
    endloop
  endfacet
  facet normal -0.977276 -0.211972 0
    outer loop
      vertex -27.2427 59.3526 0
      vertex -26.4614 55.7505 -0.8
      vertex -26.4614 55.7505 0
    endloop
  endfacet
  facet normal 0 -1 0
    outer loop
      vertex -27.2427 59.3526 -0.8
      vertex -30.5735 59.3526 0
      vertex -30.5735 59.3526 -0.8
    endloop
  endfacet
  facet normal 0 -1 0
    outer loop
      vertex -30.5735 59.3526 0
      vertex -27.2427 59.3526 -0.8
      vertex -27.2427 59.3526 0
    endloop
  endfacet
  facet normal 0.978486 0.206313 0
    outer loop
      vertex -30.5735 59.3526 -0.8
      vertex -29.814 55.7505 0
      vertex -29.814 55.7505 -0.8
    endloop
  endfacet
  facet normal 0.978486 0.206313 0
    outer loop
      vertex -29.814 55.7505 0
      vertex -30.5735 59.3526 -0.8
      vertex -30.5735 59.3526 0
    endloop
  endfacet
  facet normal 0 1 0
    outer loop
      vertex -29.814 55.7505 -0.8
      vertex -26.4614 55.7505 0
      vertex -26.4614 55.7505 -0.8
    endloop
  endfacet
  facet normal 0 1 0
    outer loop
      vertex -26.4614 55.7505 0
      vertex -29.814 55.7505 -0.8
      vertex -29.814 55.7505 0
    endloop
  endfacet
  facet normal -0.999444 -0.033339 0
    outer loop
      vertex -52.2968 56.293 -0.8
      vertex -52.2968 56.293 0
      vertex -52.3106 56.7067 -0.8
    endloop
  endfacet
  facet normal -0.999444 -0.033339 0
    outer loop
      vertex -52.2968 56.293 0
      vertex -52.3106 56.7067 0
      vertex -52.3106 56.7067 -0.8
    endloop
  endfacet
  facet normal -0.99444 -0.105306 0
    outer loop
      vertex -52.3106 56.7067 -0.8
      vertex -52.3106 56.7067 0
      vertex -52.3521 57.0986 -0.8
    endloop
  endfacet
  facet normal -0.99444 -0.105306 0
    outer loop
      vertex -52.3106 56.7067 0
      vertex -52.3521 57.0986 0
      vertex -52.3521 57.0986 -0.8
    endloop
  endfacet
  facet normal -0.982947 -0.183887 0
    outer loop
      vertex -52.3521 57.0986 -0.8
      vertex -52.3521 57.0986 0
      vertex -52.4213 57.4685 -0.8
    endloop
  endfacet
  facet normal -0.982947 -0.183887 0
    outer loop
      vertex -52.3521 57.0986 0
      vertex -52.4213 57.4685 0
      vertex -52.4213 57.4685 -0.8
    endloop
  endfacet
  facet normal -0.963331 -0.268315 0
    outer loop
      vertex -52.4213 57.4685 -0.8
      vertex -52.4213 57.4685 0
      vertex -52.5182 57.8164 -0.8
    endloop
  endfacet
  facet normal -0.963331 -0.268315 0
    outer loop
      vertex -52.4213 57.4685 0
      vertex -52.5182 57.8164 0
      vertex -52.5182 57.8164 -0.8
    endloop
  endfacet
  facet normal -0.934229 -0.356674 0
    outer loop
      vertex -52.5182 57.8164 -0.8
      vertex -52.5182 57.8164 0
      vertex -52.6427 58.1425 -0.8
    endloop
  endfacet
  facet normal -0.934229 -0.356674 0
    outer loop
      vertex -52.5182 57.8164 0
      vertex -52.6427 58.1425 0
      vertex -52.6427 58.1425 -0.8
    endloop
  endfacet
  facet normal -0.894133 -0.447802 0
    outer loop
      vertex -52.6427 58.1425 -0.8
      vertex -52.6427 58.1425 0
      vertex -52.795 58.4466 -0.8
    endloop
  endfacet
  facet normal -0.894133 -0.447802 0
    outer loop
      vertex -52.6427 58.1425 0
      vertex -52.795 58.4466 0
      vertex -52.795 58.4466 -0.8
    endloop
  endfacet
  facet normal -0.843231 -0.537552 0
    outer loop
      vertex -52.795 58.4466 -0.8
      vertex -52.795 58.4466 0
      vertex -52.9749 58.7288 -0.8
    endloop
  endfacet
  facet normal -0.843231 -0.537552 0
    outer loop
      vertex -52.795 58.4466 0
      vertex -52.9749 58.7288 0
      vertex -52.9749 58.7288 -0.8
    endloop
  endfacet
  facet normal -0.779539 -0.626354 0
    outer loop
      vertex -52.9749 58.7288 -0.8
      vertex -52.9749 58.7288 0
      vertex -53.1773 58.9807 -0.8
    endloop
  endfacet
  facet normal -0.779539 -0.626354 0
    outer loop
      vertex -52.9749 58.7288 0
      vertex -53.1773 58.9807 0
      vertex -53.1773 58.9807 -0.8
    endloop
  endfacet
  facet normal -0.695753 -0.718281 0
    outer loop
      vertex -53.1773 58.9807 -0.8
      vertex -53.1773 58.9807 0
      vertex -53.3973 59.1938 -0.8
    endloop
  endfacet
  facet normal -0.695753 -0.718281 0
    outer loop
      vertex -53.1773 58.9807 0
      vertex -53.3973 59.1938 0
      vertex -53.3973 59.1938 -0.8
    endloop
  endfacet
  facet normal -0.591878 -0.806027 0
    outer loop
      vertex -53.3973 59.1938 -0.8
      vertex -53.3973 59.1938 0
      vertex -53.6348 59.3682 -0.8
    endloop
  endfacet
  facet normal -0.591878 -0.806027 0
    outer loop
      vertex -53.3973 59.1938 0
      vertex -53.6348 59.3682 0
      vertex -53.6348 59.3682 -0.8
    endloop
  endfacet
  facet normal -0.46951 -0.882927 0
    outer loop
      vertex -53.6348 59.3682 -0.8
      vertex -53.6348 59.3682 0
      vertex -53.8898 59.5038 -0.8
    endloop
  endfacet
  facet normal -0.46951 -0.882927 0
    outer loop
      vertex -53.6348 59.3682 0
      vertex -53.8898 59.5038 0
      vertex -53.8898 59.5038 -0.8
    endloop
  endfacet
  facet normal -0.335153 -0.942164 0
    outer loop
      vertex -53.8898 59.5038 -0.8
      vertex -53.8898 59.5038 0
      vertex -54.1622 59.6007 -0.8
    endloop
  endfacet
  facet normal -0.335153 -0.942164 0
    outer loop
      vertex -53.8898 59.5038 0
      vertex -54.1622 59.6007 0
      vertex -54.1622 59.6007 -0.8
    endloop
  endfacet
  facet normal -0.196766 -0.98045 0
    outer loop
      vertex -54.1622 59.6007 -0.8
      vertex -54.1622 59.6007 0
      vertex -54.4522 59.6589 -0.8
    endloop
  endfacet
  facet normal -0.196766 -0.98045 0
    outer loop
      vertex -54.1622 59.6007 0
      vertex -54.4522 59.6589 0
      vertex -54.4522 59.6589 -0.8
    endloop
  endfacet
  facet normal -0.062641 -0.998036 0
    outer loop
      vertex -54.4522 59.6589 -0.8
      vertex -54.4522 59.6589 0
      vertex -54.7597 59.6782 -0.8
    endloop
  endfacet
  facet normal -0.062641 -0.998036 0
    outer loop
      vertex -54.4522 59.6589 0
      vertex -54.7597 59.6782 0
      vertex -54.7597 59.6782 -0.8
    endloop
  endfacet
  facet normal 0.112866 -0.99361 0
    outer loop
      vertex -54.7597 59.6782 -0.8
      vertex -54.7597 59.6782 0
      vertex -55.3152 59.6151 -0.8
    endloop
  endfacet
  facet normal 0.112866 -0.99361 0
    outer loop
      vertex -54.7597 59.6782 0
      vertex -55.3152 59.6151 0
      vertex -55.3152 59.6151 -0.8
    endloop
  endfacet
  facet normal 0.373533 -0.927617 0
    outer loop
      vertex -55.3152 59.6151 -0.8
      vertex -55.3152 59.6151 0
      vertex -55.7853 59.4258 -0.8
    endloop
  endfacet
  facet normal 0.373533 -0.927617 0
    outer loop
      vertex -55.3152 59.6151 0
      vertex -55.7853 59.4258 0
      vertex -55.7853 59.4258 -0.8
    endloop
  endfacet
  facet normal 0.634135 -0.773222 0
    outer loop
      vertex -55.7853 59.4258 -0.8
      vertex -55.7853 59.4258 0
      vertex -56.17 59.1103 -0.8
    endloop
  endfacet
  facet normal 0.634135 -0.773222 0
    outer loop
      vertex -55.7853 59.4258 0
      vertex -56.17 59.1103 0
      vertex -56.17 59.1103 -0.8
    endloop
  endfacet
  facet normal 0.828079 -0.560612 0
    outer loop
      vertex -56.17 59.1103 -0.8
      vertex -56.17 59.1103 0
      vertex -56.4691 58.6685 -0.8
    endloop
  endfacet
  facet normal 0.828079 -0.560612 0
    outer loop
      vertex -56.17 59.1103 0
      vertex -56.4691 58.6685 0
      vertex -56.4691 58.6685 -0.8
    endloop
  endfacet
  facet normal 0.935949 -0.352134 0
    outer loop
      vertex -56.4691 58.6685 -0.8
      vertex -56.4691 58.6685 0
      vertex -56.6828 58.1005 -0.8
    endloop
  endfacet
  facet normal 0.935949 -0.352134 0
    outer loop
      vertex -56.4691 58.6685 0
      vertex -56.6828 58.1005 0
      vertex -56.6828 58.1005 -0.8
    endloop
  endfacet
  facet normal 0.983372 -0.181602 0
    outer loop
      vertex -56.6828 58.1005 -0.8
      vertex -56.6828 58.1005 0
      vertex -56.811 57.4063 -0.8
    endloop
  endfacet
  facet normal 0.983372 -0.181602 0
    outer loop
      vertex -56.6828 58.1005 0
      vertex -56.811 57.4063 0
      vertex -56.811 57.4063 -0.8
    endloop
  endfacet
  facet normal 0.998648 -0.0519774 0
    outer loop
      vertex -56.811 57.4063 -0.8
      vertex -56.811 57.4063 0
      vertex -56.8537 56.5859 -0.8
    endloop
  endfacet
  facet normal 0.998648 -0.0519774 0
    outer loop
      vertex -56.811 57.4063 0
      vertex -56.8537 56.5859 0
      vertex -56.8537 56.5859 -0.8
    endloop
  endfacet
  facet normal 1 0 -0
    outer loop
      vertex -56.8537 56.5859 -0.8
      vertex -56.8537 56.5859 0
      vertex -56.8537 50 -0.8
    endloop
  endfacet
  facet normal 1 0 0
    outer loop
      vertex -56.8537 56.5859 0
      vertex -56.8537 50 0
      vertex -56.8537 50 -0.8
    endloop
  endfacet
  facet normal 0 -1 0
    outer loop
      vertex -56.8537 50 -0.8
      vertex -56.8537 50 0
      vertex -59.8917 50 -0.8
    endloop
  endfacet
  facet normal -0 -1 0
    outer loop
      vertex -56.8537 50 0
      vertex -59.8917 50 0
      vertex -59.8917 50 -0.8
    endloop
  endfacet
  facet normal -1 0 0
    outer loop
      vertex -59.8917 50 -0.8
      vertex -59.8917 50 0
      vertex -59.8917 57.4539 -0.8
    endloop
  endfacet
  facet normal -1 0 0
    outer loop
      vertex -59.8917 50 0
      vertex -59.8917 57.4539 0
      vertex -59.8917 57.4539 -0.8
    endloop
  endfacet
  facet normal -0.999443 0.0333857 0
    outer loop
      vertex -59.8917 57.4539 -0.8
      vertex -59.8917 57.4539 0
      vertex -59.8713 58.0646 -0.8
    endloop
  endfacet
  facet normal -0.999443 0.0333857 0
    outer loop
      vertex -59.8917 57.4539 0
      vertex -59.8713 58.0646 0
      vertex -59.8713 58.0646 -0.8
    endloop
  endfacet
  facet normal -0.99425 0.107084 0
    outer loop
      vertex -59.8713 58.0646 -0.8
      vertex -59.8713 58.0646 0
      vertex -59.8102 58.6319 -0.8
    endloop
  endfacet
  facet normal -0.99425 0.107084 0
    outer loop
      vertex -59.8713 58.0646 0
      vertex -59.8102 58.6319 0
      vertex -59.8102 58.6319 -0.8
    endloop
  endfacet
  facet normal -0.981605 0.190925 0
    outer loop
      vertex -59.8102 58.6319 -0.8
      vertex -59.8102 58.6319 0
      vertex -59.7083 59.1558 -0.8
    endloop
  endfacet
  facet normal -0.981605 0.190925 0
    outer loop
      vertex -59.8102 58.6319 0
      vertex -59.7083 59.1558 0
      vertex -59.7083 59.1558 -0.8
    endloop
  endfacet
  facet normal -0.958673 0.284509 0
    outer loop
      vertex -59.7083 59.1558 -0.8
      vertex -59.7083 59.1558 0
      vertex -59.5657 59.6363 -0.8
    endloop
  endfacet
  facet normal -0.958673 0.284509 0
    outer loop
      vertex -59.7083 59.1558 0
      vertex -59.5657 59.6363 0
      vertex -59.5657 59.6363 -0.8
    endloop
  endfacet
  facet normal -0.922194 0.386727 0
    outer loop
      vertex -59.5657 59.6363 -0.8
      vertex -59.5657 59.6363 0
      vertex -59.3824 60.0734 -0.8
    endloop
  endfacet
  facet normal -0.922194 0.386727 0
    outer loop
      vertex -59.5657 59.6363 0
      vertex -59.3824 60.0734 0
      vertex -59.3824 60.0734 -0.8
    endloop
  endfacet
  facet normal -0.869071 0.494688 0
    outer loop
      vertex -59.3824 60.0734 -0.8
      vertex -59.3824 60.0734 0
      vertex -59.1583 60.4671 -0.8
    endloop
  endfacet
  facet normal -0.869071 0.494688 0
    outer loop
      vertex -59.3824 60.0734 0
      vertex -59.1583 60.4671 0
      vertex -59.1583 60.4671 -0.8
    endloop
  endfacet
  facet normal -0.797617 0.603165 0
    outer loop
      vertex -59.1583 60.4671 -0.8
      vertex -59.1583 60.4671 0
      vertex -58.8934 60.8174 -0.8
    endloop
  endfacet
  facet normal -0.797617 0.603165 0
    outer loop
      vertex -59.1583 60.4671 0
      vertex -58.8934 60.8174 0
      vertex -58.8934 60.8174 -0.8
    endloop
  endfacet
  facet normal -0.709776 0.704427 0
    outer loop
      vertex -58.8934 60.8174 -0.8
      vertex -58.8934 60.8174 0
      vertex -58.5905 61.1226 -0.8
    endloop
  endfacet
  facet normal -0.709776 0.704427 0
    outer loop
      vertex -58.8934 60.8174 0
      vertex -58.5905 61.1226 0
      vertex -58.5905 61.1226 -0.8
    endloop
  endfacet
  facet normal -0.60656 0.795038 0
    outer loop
      vertex -58.5905 61.1226 -0.8
      vertex -58.5905 61.1226 0
      vertex -58.2522 61.3807 -0.8
    endloop
  endfacet
  facet normal -0.60656 0.795038 0
    outer loop
      vertex -58.5905 61.1226 0
      vertex -58.2522 61.3807 0
      vertex -58.2522 61.3807 -0.8
    endloop
  endfacet
  facet normal -0.492195 0.870485 0
    outer loop
      vertex -58.2522 61.3807 -0.8
      vertex -58.2522 61.3807 0
      vertex -57.8785 61.592 -0.8
    endloop
  endfacet
  facet normal -0.492195 0.870485 0
    outer loop
      vertex -58.2522 61.3807 0
      vertex -57.8785 61.592 0
      vertex -57.8785 61.592 -0.8
    endloop
  endfacet
  facet normal -0.372602 0.927991 0
    outer loop
      vertex -57.8785 61.592 -0.8
      vertex -57.8785 61.592 0
      vertex -57.4693 61.7563 -0.8
    endloop
  endfacet
  facet normal -0.372602 0.927991 0
    outer loop
      vertex -57.8785 61.592 0
      vertex -57.4693 61.7563 0
      vertex -57.4693 61.7563 -0.8
    endloop
  endfacet
  facet normal -0.255103 0.966914 0
    outer loop
      vertex -57.4693 61.7563 -0.8
      vertex -57.4693 61.7563 0
      vertex -57.0247 61.8736 -0.8
    endloop
  endfacet
  facet normal -0.255103 0.966914 0
    outer loop
      vertex -57.4693 61.7563 0
      vertex -57.0247 61.8736 0
      vertex -57.0247 61.8736 -0.8
    endloop
  endfacet
  facet normal -0.145085 0.989419 0
    outer loop
      vertex -57.0247 61.8736 -0.8
      vertex -57.0247 61.8736 0
      vertex -56.5446 61.944 -0.8
    endloop
  endfacet
  facet normal -0.145085 0.989419 0
    outer loop
      vertex -57.0247 61.8736 0
      vertex -56.5446 61.944 0
      vertex -56.5446 61.944 -0.8
    endloop
  endfacet
  facet normal -0.0455395 0.998963 0
    outer loop
      vertex -56.5446 61.944 -0.8
      vertex -56.5446 61.944 0
      vertex -56.0291 61.9675 -0.8
    endloop
  endfacet
  facet normal -0.0455395 0.998963 0
    outer loop
      vertex -56.5446 61.944 0
      vertex -56.0291 61.9675 0
      vertex -56.0291 61.9675 -0.8
    endloop
  endfacet
  facet normal 0.0342719 0.999413 -0
    outer loop
      vertex -56.0291 61.9675 -0.8
      vertex -56.0291 61.9675 0
      vertex -55.6675 61.9551 -0.8
    endloop
  endfacet
  facet normal 0.0342719 0.999413 0
    outer loop
      vertex -56.0291 61.9675 0
      vertex -55.6675 61.9551 0
      vertex -55.6675 61.9551 -0.8
    endloop
  endfacet
  facet normal 0.106594 0.994303 -0
    outer loop
      vertex -55.6675 61.9551 -0.8
      vertex -55.6675 61.9551 0
      vertex -55.3205 61.9179 -0.8
    endloop
  endfacet
  facet normal 0.106594 0.994303 0
    outer loop
      vertex -55.6675 61.9551 0
      vertex -55.3205 61.9179 0
      vertex -55.3205 61.9179 -0.8
    endloop
  endfacet
  facet normal 0.18336 0.983046 -0
    outer loop
      vertex -55.3205 61.9179 -0.8
      vertex -55.3205 61.9179 0
      vertex -54.9881 61.8559 -0.8
    endloop
  endfacet
  facet normal 0.18336 0.983046 0
    outer loop
      vertex -55.3205 61.9179 0
      vertex -54.9881 61.8559 0
      vertex -54.9881 61.8559 -0.8
    endloop
  endfacet
  facet normal 0.263554 0.964645 -0
    outer loop
      vertex -54.9881 61.8559 -0.8
      vertex -54.9881 61.8559 0
      vertex -54.6704 61.7691 -0.8
    endloop
  endfacet
  facet normal 0.263554 0.964645 0
    outer loop
      vertex -54.9881 61.8559 0
      vertex -54.6704 61.7691 0
      vertex -54.6704 61.7691 -0.8
    endloop
  endfacet
  facet normal 0.345418 0.938449 -0
    outer loop
      vertex -54.6704 61.7691 -0.8
      vertex -54.6704 61.7691 0
      vertex -54.3672 61.6575 -0.8
    endloop
  endfacet
  facet normal 0.345418 0.938449 0
    outer loop
      vertex -54.6704 61.7691 0
      vertex -54.3672 61.6575 0
      vertex -54.3672 61.6575 -0.8
    endloop
  endfacet
  facet normal 0.427426 0.90405 -0
    outer loop
      vertex -54.3672 61.6575 -0.8
      vertex -54.3672 61.6575 0
      vertex -54.0787 61.5211 -0.8
    endloop
  endfacet
  facet normal 0.427426 0.90405 0
    outer loop
      vertex -54.3672 61.6575 0
      vertex -54.0787 61.5211 0
      vertex -54.0787 61.5211 -0.8
    endloop
  endfacet
  facet normal 0.507446 0.861683 -0
    outer loop
      vertex -54.0787 61.5211 -0.8
      vertex -54.0787 61.5211 0
      vertex -53.8048 61.3598 -0.8
    endloop
  endfacet
  facet normal 0.507446 0.861683 0
    outer loop
      vertex -54.0787 61.5211 0
      vertex -53.8048 61.3598 0
      vertex -53.8048 61.3598 -0.8
    endloop
  endfacet
  facet normal 0.586876 0.809677 -0
    outer loop
      vertex -53.8048 61.3598 -0.8
      vertex -53.8048 61.3598 0
      vertex -53.5446 61.1712 -0.8
    endloop
  endfacet
  facet normal 0.586876 0.809677 0
    outer loop
      vertex -53.8048 61.3598 0
      vertex -53.5446 61.1712 0
      vertex -53.5446 61.1712 -0.8
    endloop
  endfacet
  facet normal 0.662633 0.748945 -0
    outer loop
      vertex -53.5446 61.1712 -0.8
      vertex -53.5446 61.1712 0
      vertex -53.2973 60.9524 -0.8
    endloop
  endfacet
  facet normal 0.662633 0.748945 0
    outer loop
      vertex -53.5446 61.1712 0
      vertex -53.2973 60.9524 0
      vertex -53.2973 60.9524 -0.8
    endloop
  endfacet
  facet normal 0.72771 0.685885 -0
    outer loop
      vertex -53.2973 60.9524 -0.8
      vertex -53.2973 60.9524 0
      vertex -53.0628 60.7036 -0.8
    endloop
  endfacet
  facet normal 0.72771 0.685885 0
    outer loop
      vertex -53.2973 60.9524 0
      vertex -53.0628 60.7036 0
      vertex -53.0628 60.7036 -0.8
    endloop
  endfacet
  facet normal 0.783055 0.621953 -0
    outer loop
      vertex -53.0628 60.7036 -0.8
      vertex -53.0628 60.7036 0
      vertex -52.8412 60.4246 -0.8
    endloop
  endfacet
  facet normal 0.783055 0.621953 0
    outer loop
      vertex -53.0628 60.7036 0
      vertex -52.8412 60.4246 0
      vertex -52.8412 60.4246 -0.8
    endloop
  endfacet
  facet normal 0.828653 0.559763 -0
    outer loop
      vertex -52.8412 60.4246 -0.8
      vertex -52.8412 60.4246 0
      vertex -52.6324 60.1155 -0.8
    endloop
  endfacet
  facet normal 0.828653 0.559763 0
    outer loop
      vertex -52.8412 60.4246 0
      vertex -52.6324 60.1155 0
      vertex -52.6324 60.1155 -0.8
    endloop
  endfacet
  facet normal 0.865909 0.500201 -0
    outer loop
      vertex -52.6324 60.1155 -0.8
      vertex -52.6324 60.1155 0
      vertex -52.4364 59.7762 -0.8
    endloop
  endfacet
  facet normal 0.865909 0.500201 0
    outer loop
      vertex -52.6324 60.1155 0
      vertex -52.4364 59.7762 0
      vertex -52.4364 59.7762 -0.8
    endloop
  endfacet
  facet normal 0.895926 0.444203 -0
    outer loop
      vertex -52.4364 59.7762 -0.8
      vertex -52.4364 59.7762 0
      vertex -52.2533 59.4069 -0.8
    endloop
  endfacet
  facet normal 0.895926 0.444203 0
    outer loop
      vertex -52.4364 59.7762 0
      vertex -52.2533 59.4069 0
      vertex -52.2533 59.4069 -0.8
    endloop
  endfacet
  facet normal 0 1 0
    outer loop
      vertex -52.2533 59.4069 -0.8
      vertex -52.2533 59.4069 0
      vertex -52.2099 59.4069 -0.8
    endloop
  endfacet
  facet normal -0 1 0
    outer loop
      vertex -52.2533 59.4069 0
      vertex -52.2099 59.4069 0
      vertex -52.2099 59.4069 -0.8
    endloop
  endfacet
  facet normal -0.999948 0.010232 0
    outer loop
      vertex -52.2099 59.4069 -0.8
      vertex -52.2099 59.4069 0
      vertex -52.2088 59.5144 -0.8
    endloop
  endfacet
  facet normal -0.999948 0.010232 0
    outer loop
      vertex -52.2099 59.4069 0
      vertex -52.2088 59.5144 0
      vertex -52.2088 59.5144 -0.8
    endloop
  endfacet
  facet normal -0.999679 0.0253181 0
    outer loop
      vertex -52.2088 59.5144 -0.8
      vertex -52.2088 59.5144 0
      vertex -52.2055 59.6447 -0.8
    endloop
  endfacet
  facet normal -0.999679 0.0253181 0
    outer loop
      vertex -52.2088 59.5144 0
      vertex -52.2055 59.6447 0
      vertex -52.2055 59.6447 -0.8
    endloop
  endfacet
  facet normal -0.999333 0.0365291 0
    outer loop
      vertex -52.2055 59.6447 -0.8
      vertex -52.2055 59.6447 0
      vertex -52.1999 59.7979 -0.8
    endloop
  endfacet
  facet normal -0.999333 0.0365291 0
    outer loop
      vertex -52.2055 59.6447 0
      vertex -52.1999 59.7979 0
      vertex -52.1999 59.7979 -0.8
    endloop
  endfacet
  facet normal -0.999043 0.043733 0
    outer loop
      vertex -52.1999 59.7979 -0.8
      vertex -52.1999 59.7979 0
      vertex -52.1922 59.9738 -0.8
    endloop
  endfacet
  facet normal -0.999043 0.043733 0
    outer loop
      vertex -52.1999 59.7979 0
      vertex -52.1922 59.9738 0
      vertex -52.1922 59.9738 -0.8
    endloop
  endfacet
  facet normal -0.998736 0.0502635 0
    outer loop
      vertex -52.1922 59.9738 -0.8
      vertex -52.1922 59.9738 0
      vertex -52.1822 60.1725 -0.8
    endloop
  endfacet
  facet normal -0.998736 0.0502635 0
    outer loop
      vertex -52.1922 59.9738 0
      vertex -52.1822 60.1725 0
      vertex -52.1822 60.1725 -0.8
    endloop
  endfacet
  facet normal -0.998513 0.0545217 0
    outer loop
      vertex -52.1822 60.1725 -0.8
      vertex -52.1822 60.1725 0
      vertex -52.1701 60.3941 -0.8
    endloop
  endfacet
  facet normal -0.998513 0.0545217 0
    outer loop
      vertex -52.1822 60.1725 0
      vertex -52.1701 60.3941 0
      vertex -52.1701 60.3941 -0.8
    endloop
  endfacet
  facet normal -0.998267 0.0588418 0
    outer loop
      vertex -52.1701 60.3941 -0.8
      vertex -52.1701 60.3941 0
      vertex -52.1557 60.6384 -0.8
    endloop
  endfacet
  facet normal -0.998267 0.0588418 0
    outer loop
      vertex -52.1701 60.3941 0
      vertex -52.1557 60.6384 0
      vertex -52.1557 60.6384 -0.8
    endloop
  endfacet
  facet normal -0.998054 0.0623526 0
    outer loop
      vertex -52.1557 60.6384 -0.8
      vertex -52.1557 60.6384 0
      vertex -52.1406 60.8801 -0.8
    endloop
  endfacet
  facet normal -0.998054 0.0623526 0
    outer loop
      vertex -52.1557 60.6384 0
      vertex -52.1406 60.8801 0
      vertex -52.1406 60.8801 -0.8
    endloop
  endfacet
  facet normal -0.997798 0.066333 0
    outer loop
      vertex -52.1406 60.8801 -0.8
      vertex -52.1406 60.8801 0
      vertex -52.1264 61.0937 -0.8
    endloop
  endfacet
  facet normal -0.997798 0.066333 0
    outer loop
      vertex -52.1406 60.8801 0
      vertex -52.1264 61.0937 0
      vertex -52.1264 61.0937 -0.8
    endloop
  endfacet
  facet normal -0.997437 0.0715529 0
    outer loop
      vertex -52.1264 61.0937 -0.8
      vertex -52.1264 61.0937 0
      vertex -52.1131 61.2791 -0.8
    endloop
  endfacet
  facet normal -0.997437 0.0715529 0
    outer loop
      vertex -52.1264 61.0937 0
      vertex -52.1131 61.2791 0
      vertex -52.1131 61.2791 -0.8
    endloop
  endfacet
  facet normal -0.996911 0.0785368 0
    outer loop
      vertex -52.1131 61.2791 -0.8
      vertex -52.1131 61.2791 0
      vertex -52.1007 61.4365 -0.8
    endloop
  endfacet
  facet normal -0.996911 0.0785368 0
    outer loop
      vertex -52.1131 61.2791 0
      vertex -52.1007 61.4365 0
      vertex -52.1007 61.4365 -0.8
    endloop
  endfacet
  facet normal -0.996062 0.0886588 0
    outer loop
      vertex -52.1007 61.4365 -0.8
      vertex -52.1007 61.4365 0
      vertex -52.0892 61.5657 -0.8
    endloop
  endfacet
  facet normal -0.996062 0.0886588 0
    outer loop
      vertex -52.1007 61.4365 0
      vertex -52.0892 61.5657 0
      vertex -52.0892 61.5657 -0.8
    endloop
  endfacet
  facet normal -0.994435 0.105351 0
    outer loop
      vertex -52.0892 61.5657 -0.8
      vertex -52.0892 61.5657 0
      vertex -52.0785 61.6667 -0.8
    endloop
  endfacet
  facet normal -0.994435 0.105351 0
    outer loop
      vertex -52.0892 61.5657 0
      vertex -52.0785 61.6667 0
      vertex -52.0785 61.6667 -0.8
    endloop
  endfacet
  facet normal -0.991287 0.131719 0
    outer loop
      vertex -52.0785 61.6667 -0.8
      vertex -52.0785 61.6667 0
      vertex -52.0688 61.7397 -0.8
    endloop
  endfacet
  facet normal -0.991287 0.131719 0
    outer loop
      vertex -52.0785 61.6667 0
      vertex -52.0688 61.7397 0
      vertex -52.0688 61.7397 -0.8
    endloop
  endfacet
  facet normal 0 1 0
    outer loop
      vertex -52.0688 61.7397 -0.8
      vertex -52.0688 61.7397 0
      vertex -49.1611 61.7397 -0.8
    endloop
  endfacet
  facet normal -0 1 0
    outer loop
      vertex -52.0688 61.7397 0
      vertex -49.1611 61.7397 0
      vertex -49.1611 61.7397 -0.8
    endloop
  endfacet
  facet normal 0.997817 -0.0660426 0
    outer loop
      vertex -49.1611 61.7397 -0.8
      vertex -49.1611 61.7397 0
      vertex -49.1703 61.6007 -0.8
    endloop
  endfacet
  facet normal 0.997817 -0.0660426 0
    outer loop
      vertex -49.1611 61.7397 0
      vertex -49.1703 61.6007 0
      vertex -49.1703 61.6007 -0.8
    endloop
  endfacet
  facet normal 0.998095 -0.0616878 0
    outer loop
      vertex -49.1703 61.6007 -0.8
      vertex -49.1703 61.6007 0
      vertex -49.1792 61.4567 -0.8
    endloop
  endfacet
  facet normal 0.998095 -0.0616878 0
    outer loop
      vertex -49.1703 61.6007 0
      vertex -49.1792 61.4567 0
      vertex -49.1792 61.4567 -0.8
    endloop
  endfacet
  facet normal 0.998304 -0.0582121 0
    outer loop
      vertex -49.1792 61.4567 -0.8
      vertex -49.1792 61.4567 0
      vertex -49.1879 61.3075 -0.8
    endloop
  endfacet
  facet normal 0.998304 -0.0582121 0
    outer loop
      vertex -49.1792 61.4567 0
      vertex -49.1879 61.3075 0
      vertex -49.1879 61.3075 -0.8
    endloop
  endfacet
  facet normal 0.998448 -0.0556852 0
    outer loop
      vertex -49.1879 61.3075 -0.8
      vertex -49.1879 61.3075 0
      vertex -49.1965 61.1533 -0.8
    endloop
  endfacet
  facet normal 0.998448 -0.0556852 0
    outer loop
      vertex -49.1879 61.3075 0
      vertex -49.1965 61.1533 0
      vertex -49.1965 61.1533 -0.8
    endloop
  endfacet
  facet normal 0.998679 -0.051375 0
    outer loop
      vertex -49.1965 61.1533 -0.8
      vertex -49.1965 61.1533 0
      vertex -49.2047 60.9939 -0.8
    endloop
  endfacet
  facet normal 0.998679 -0.051375 0
    outer loop
      vertex -49.1965 61.1533 0
      vertex -49.2047 60.9939 0
      vertex -49.2047 60.9939 -0.8
    endloop
  endfacet
  facet normal 0.998788 -0.0492104 0
    outer loop
      vertex -49.2047 60.9939 -0.8
      vertex -49.2047 60.9939 0
      vertex -49.2128 60.8295 -0.8
    endloop
  endfacet
  facet normal 0.998788 -0.0492104 0
    outer loop
      vertex -49.2047 60.9939 0
      vertex -49.2128 60.8295 0
      vertex -49.2128 60.8295 -0.8
    endloop
  endfacet
  facet normal 0.998943 -0.0459691 0
    outer loop
      vertex -49.2128 60.8295 -0.8
      vertex -49.2128 60.8295 0
      vertex -49.2206 60.66 -0.8
    endloop
  endfacet
  facet normal 0.998943 -0.0459691 0
    outer loop
      vertex -49.2128 60.8295 0
      vertex -49.2206 60.66 0
      vertex -49.2206 60.66 -0.8
    endloop
  endfacet
  facet normal 0.999192 -0.040191 0
    outer loop
      vertex -49.2206 60.66 -0.8
      vertex -49.2206 60.66 0
      vertex -49.2278 60.481 -0.8
    endloop
  endfacet
  facet normal 0.999192 -0.040191 0
    outer loop
      vertex -49.2206 60.66 0
      vertex -49.2278 60.481 0
      vertex -49.2278 60.481 -0.8
    endloop
  endfacet
  facet normal 0.9995 -0.0316068 0
    outer loop
      vertex -49.2278 60.481 -0.8
      vertex -49.2278 60.481 0
      vertex -49.2339 60.2881 -0.8
    endloop
  endfacet
  facet normal 0.9995 -0.0316068 0
    outer loop
      vertex -49.2278 60.481 0
      vertex -49.2339 60.2881 0
      vertex -49.2339 60.2881 -0.8
    endloop
  endfacet
  facet normal 0.999708 -0.0241475 0
    outer loop
      vertex -49.2339 60.2881 -0.8
      vertex -49.2339 60.2881 0
      vertex -49.2389 60.0811 -0.8
    endloop
  endfacet
  facet normal 0.999708 -0.0241475 0
    outer loop
      vertex -49.2339 60.2881 0
      vertex -49.2389 60.0811 0
      vertex -49.2389 60.0811 -0.8
    endloop
  endfacet
  facet normal 0.999844 -0.0176603 0
    outer loop
      vertex -49.2389 60.0811 -0.8
      vertex -49.2389 60.0811 0
      vertex -49.2428 59.8603 -0.8
    endloop
  endfacet
  facet normal 0.999844 -0.0176603 0
    outer loop
      vertex -49.2389 60.0811 0
      vertex -49.2428 59.8603 0
      vertex -49.2428 59.8603 -0.8
    endloop
  endfacet
  facet normal 0.999929 -0.0119242 0
    outer loop
      vertex -49.2428 59.8603 -0.8
      vertex -49.2428 59.8603 0
      vertex -49.2456 59.6255 -0.8
    endloop
  endfacet
  facet normal 0.999929 -0.0119242 0
    outer loop
      vertex -49.2428 59.8603 0
      vertex -49.2456 59.6255 0
      vertex -49.2456 59.6255 -0.8
    endloop
  endfacet
  facet normal 0.999977 -0.00683539 0
    outer loop
      vertex -49.2456 59.6255 -0.8
      vertex -49.2456 59.6255 0
      vertex -49.2473 59.3768 -0.8
    endloop
  endfacet
  facet normal 0.999977 -0.00683539 0
    outer loop
      vertex -49.2456 59.6255 0
      vertex -49.2473 59.3768 0
      vertex -49.2473 59.3768 -0.8
    endloop
  endfacet
  facet normal 0.999998 -0.00190331 0
    outer loop
      vertex -49.2473 59.3768 -0.8
      vertex -49.2473 59.3768 0
      vertex -49.2478 59.1141 -0.8
    endloop
  endfacet
  facet normal 0.999998 -0.00190331 0
    outer loop
      vertex -49.2473 59.3768 0
      vertex -49.2478 59.1141 0
      vertex -49.2478 59.1141 -0.8
    endloop
  endfacet
  facet normal 1 0 -0
    outer loop
      vertex -49.2478 59.1141 -0.8
      vertex -49.2478 59.1141 0
      vertex -49.2478 50 -0.8
    endloop
  endfacet
  facet normal 1 0 0
    outer loop
      vertex -49.2478 59.1141 0
      vertex -49.2478 50 0
      vertex -49.2478 50 -0.8
    endloop
  endfacet
  facet normal 0 -1 0
    outer loop
      vertex -49.2478 50 -0.8
      vertex -49.2478 50 0
      vertex -52.2968 50 -0.8
    endloop
  endfacet
  facet normal -0 -1 0
    outer loop
      vertex -49.2478 50 0
      vertex -52.2968 50 0
      vertex -52.2968 50 -0.8
    endloop
  endfacet
  facet normal -1 0 0
    outer loop
      vertex -52.2968 50 -0.8
      vertex -52.2968 50 0
      vertex -52.2968 56.293 -0.8
    endloop
  endfacet
  facet normal -1 0 0
    outer loop
      vertex -52.2968 50 0
      vertex -52.2968 56.293 0
      vertex -52.2968 56.293 -0.8
    endloop
  endfacet
  facet normal -0.999428 -0.0338216 0
    outer loop
      vertex -128.262 56.293 -0.8
      vertex -128.262 56.293 0
      vertex -128.276 56.7067 -0.8
    endloop
  endfacet
  facet normal -0.999428 -0.0338216 0
    outer loop
      vertex -128.262 56.293 0
      vertex -128.276 56.7067 0
      vertex -128.276 56.7067 -0.8
    endloop
  endfacet
  facet normal -0.994306 -0.10656 0
    outer loop
      vertex -128.276 56.7067 -0.8
      vertex -128.276 56.7067 0
      vertex -128.318 57.0986 -0.8
    endloop
  endfacet
  facet normal -0.994306 -0.10656 0
    outer loop
      vertex -128.276 56.7067 0
      vertex -128.318 57.0986 0
      vertex -128.318 57.0986 -0.8
    endloop
  endfacet
  facet normal -0.983043 -0.183374 0
    outer loop
      vertex -128.318 57.0986 -0.8
      vertex -128.318 57.0986 0
      vertex -128.387 57.4685 -0.8
    endloop
  endfacet
  facet normal -0.983043 -0.183374 0
    outer loop
      vertex -128.318 57.0986 0
      vertex -128.387 57.4685 0
      vertex -128.387 57.4685 -0.8
    endloop
  endfacet
  facet normal -0.96326 -0.268572 0
    outer loop
      vertex -128.387 57.4685 -0.8
      vertex -128.387 57.4685 0
      vertex -128.484 57.8164 -0.8
    endloop
  endfacet
  facet normal -0.96326 -0.268572 0
    outer loop
      vertex -128.387 57.4685 0
      vertex -128.484 57.8164 0
      vertex -128.484 57.8164 -0.8
    endloop
  endfacet
  facet normal -0.934706 -0.355423 0
    outer loop
      vertex -128.484 57.8164 -0.8
      vertex -128.484 57.8164 0
      vertex -128.608 58.1425 -0.8
    endloop
  endfacet
  facet normal -0.934706 -0.355423 0
    outer loop
      vertex -128.484 57.8164 0
      vertex -128.608 58.1425 0
      vertex -128.608 58.1425 -0.8
    endloop
  endfacet
  facet normal -0.894486 -0.447096 0
    outer loop
      vertex -128.608 58.1425 -0.8
      vertex -128.608 58.1425 0
      vertex -128.76 58.4466 -0.8
    endloop
  endfacet
  facet normal -0.894486 -0.447096 0
    outer loop
      vertex -128.608 58.1425 0
      vertex -128.76 58.4466 0
      vertex -128.76 58.4466 -0.8
    endloop
  endfacet
  facet normal -0.843095 -0.537764 0
    outer loop
      vertex -128.76 58.4466 -0.8
      vertex -128.76 58.4466 0
      vertex -128.94 58.7288 -0.8
    endloop
  endfacet
  facet normal -0.843095 -0.537764 0
    outer loop
      vertex -128.76 58.4466 0
      vertex -128.94 58.7288 0
      vertex -128.94 58.7288 -0.8
    endloop
  endfacet
  facet normal -0.778632 -0.627481 0
    outer loop
      vertex -128.94 58.7288 -0.8
      vertex -128.94 58.7288 0
      vertex -129.143 58.9807 -0.8
    endloop
  endfacet
  facet normal -0.778632 -0.627481 0
    outer loop
      vertex -128.94 58.7288 0
      vertex -129.143 58.9807 0
      vertex -129.143 58.9807 -0.8
    endloop
  endfacet
  facet normal -0.695753 -0.718281 0
    outer loop
      vertex -129.143 58.9807 -0.8
      vertex -129.143 58.9807 0
      vertex -129.363 59.1938 -0.8
    endloop
  endfacet
  facet normal -0.695753 -0.718281 0
    outer loop
      vertex -129.143 58.9807 0
      vertex -129.363 59.1938 0
      vertex -129.363 59.1938 -0.8
    endloop
  endfacet
  facet normal -0.592689 -0.805432 0
    outer loop
      vertex -129.363 59.1938 -0.8
      vertex -129.363 59.1938 0
      vertex -129.6 59.3682 -0.8
    endloop
  endfacet
  facet normal -0.592689 -0.805432 0
    outer loop
      vertex -129.363 59.1938 0
      vertex -129.6 59.3682 0
      vertex -129.6 59.3682 -0.8
    endloop
  endfacet
  facet normal -0.46951 -0.882927 0
    outer loop
      vertex -129.6 59.3682 -0.8
      vertex -129.6 59.3682 0
      vertex -129.855 59.5038 -0.8
    endloop
  endfacet
  facet normal -0.46951 -0.882927 0
    outer loop
      vertex -129.6 59.3682 0
      vertex -129.855 59.5038 0
      vertex -129.855 59.5038 -0.8
    endloop
  endfacet
  facet normal -0.334499 -0.942396 0
    outer loop
      vertex -129.855 59.5038 -0.8
      vertex -129.855 59.5038 0
      vertex -130.128 59.6007 -0.8
    endloop
  endfacet
  facet normal -0.334499 -0.942396 0
    outer loop
      vertex -129.855 59.5038 0
      vertex -130.128 59.6007 0
      vertex -130.128 59.6007 -0.8
    endloop
  endfacet
  facet normal -0.196766 -0.98045 0
    outer loop
      vertex -130.128 59.6007 -0.8
      vertex -130.128 59.6007 0
      vertex -130.418 59.6589 -0.8
    endloop
  endfacet
  facet normal -0.196766 -0.98045 0
    outer loop
      vertex -130.128 59.6007 0
      vertex -130.418 59.6589 0
      vertex -130.418 59.6589 -0.8
    endloop
  endfacet
  facet normal -0.0627426 -0.99803 0
    outer loop
      vertex -130.418 59.6589 -0.8
      vertex -130.418 59.6589 0
      vertex -130.725 59.6782 -0.8
    endloop
  endfacet
  facet normal -0.0627426 -0.99803 0
    outer loop
      vertex -130.418 59.6589 0
      vertex -130.725 59.6782 0
      vertex -130.725 59.6782 -0.8
    endloop
  endfacet
  facet normal 0.112765 -0.993622 0
    outer loop
      vertex -130.725 59.6782 -0.8
      vertex -130.725 59.6782 0
      vertex -131.281 59.6151 -0.8
    endloop
  endfacet
  facet normal 0.112765 -0.993622 0
    outer loop
      vertex -130.725 59.6782 0
      vertex -131.281 59.6151 0
      vertex -131.281 59.6151 -0.8
    endloop
  endfacet
  facet normal 0.373601 -0.927589 0
    outer loop
      vertex -131.281 59.6151 -0.8
      vertex -131.281 59.6151 0
      vertex -131.751 59.4258 -0.8
    endloop
  endfacet
  facet normal 0.373601 -0.927589 0
    outer loop
      vertex -131.281 59.6151 0
      vertex -131.751 59.4258 0
      vertex -131.751 59.4258 -0.8
    endloop
  endfacet
  facet normal 0.634825 -0.772656 0
    outer loop
      vertex -131.751 59.4258 -0.8
      vertex -131.751 59.4258 0
      vertex -132.135 59.1103 -0.8
    endloop
  endfacet
  facet normal 0.634825 -0.772656 0
    outer loop
      vertex -131.751 59.4258 0
      vertex -132.135 59.1103 0
      vertex -132.135 59.1103 -0.8
    endloop
  endfacet
  facet normal 0.827296 -0.561767 0
    outer loop
      vertex -132.135 59.1103 -0.8
      vertex -132.135 59.1103 0
      vertex -132.435 58.6685 -0.8
    endloop
  endfacet
  facet normal 0.827296 -0.561767 0
    outer loop
      vertex -132.135 59.1103 0
      vertex -132.435 58.6685 0
      vertex -132.435 58.6685 -0.8
    endloop
  endfacet
  facet normal 0.936329 -0.351123 0
    outer loop
      vertex -132.435 58.6685 -0.8
      vertex -132.435 58.6685 0
      vertex -132.648 58.1005 -0.8
    endloop
  endfacet
  facet normal 0.936329 -0.351123 0
    outer loop
      vertex -132.435 58.6685 0
      vertex -132.648 58.1005 0
      vertex -132.648 58.1005 -0.8
    endloop
  endfacet
  facet normal 0.983423 -0.181328 0
    outer loop
      vertex -132.648 58.1005 -0.8
      vertex -132.648 58.1005 0
      vertex -132.776 57.4063 -0.8
    endloop
  endfacet
  facet normal 0.983423 -0.181328 0
    outer loop
      vertex -132.648 58.1005 0
      vertex -132.776 57.4063 0
      vertex -132.776 57.4063 -0.8
    endloop
  endfacet
  facet normal 0.998629 -0.0523416 0
    outer loop
      vertex -132.776 57.4063 -0.8
      vertex -132.776 57.4063 0
      vertex -132.819 56.5859 -0.8
    endloop
  endfacet
  facet normal 0.998629 -0.0523416 0
    outer loop
      vertex -132.776 57.4063 0
      vertex -132.819 56.5859 0
      vertex -132.819 56.5859 -0.8
    endloop
  endfacet
  facet normal 1 0 -0
    outer loop
      vertex -132.819 56.5859 -0.8
      vertex -132.819 56.5859 0
      vertex -132.819 50 -0.8
    endloop
  endfacet
  facet normal 1 0 0
    outer loop
      vertex -132.819 56.5859 0
      vertex -132.819 50 0
      vertex -132.819 50 -0.8
    endloop
  endfacet
  facet normal 0 -1 0
    outer loop
      vertex -132.819 50 -0.8
      vertex -132.819 50 0
      vertex -135.857 50 -0.8
    endloop
  endfacet
  facet normal -0 -1 0
    outer loop
      vertex -132.819 50 0
      vertex -135.857 50 0
      vertex -135.857 50 -0.8
    endloop
  endfacet
  facet normal -1 0 0
    outer loop
      vertex -135.857 50 -0.8
      vertex -135.857 50 0
      vertex -135.857 57.4539 -0.8
    endloop
  endfacet
  facet normal -1 0 0
    outer loop
      vertex -135.857 50 0
      vertex -135.857 57.4539 0
      vertex -135.857 57.4539 -0.8
    endloop
  endfacet
  facet normal -0.999464 0.0327318 0
    outer loop
      vertex -135.857 57.4539 -0.8
      vertex -135.857 57.4539 0
      vertex -135.837 58.0646 -0.8
    endloop
  endfacet
  facet normal -0.999464 0.0327318 0
    outer loop
      vertex -135.857 57.4539 0
      vertex -135.837 58.0646 0
      vertex -135.837 58.0646 -0.8
    endloop
  endfacet
  facet normal -0.994269 0.106911 0
    outer loop
      vertex -135.837 58.0646 -0.8
      vertex -135.837 58.0646 0
      vertex -135.776 58.6319 -0.8
    endloop
  endfacet
  facet normal -0.994269 0.106911 0
    outer loop
      vertex -135.837 58.0646 0
      vertex -135.776 58.6319 0
      vertex -135.776 58.6319 -0.8
    endloop
  endfacet
  facet normal -0.98157 0.191105 0
    outer loop
      vertex -135.776 58.6319 -0.8
      vertex -135.776 58.6319 0
      vertex -135.674 59.1558 -0.8
    endloop
  endfacet
  facet normal -0.98157 0.191105 0
    outer loop
      vertex -135.776 58.6319 0
      vertex -135.674 59.1558 0
      vertex -135.674 59.1558 -0.8
    endloop
  endfacet
  facet normal -0.958455 0.285243 0
    outer loop
      vertex -135.674 59.1558 -0.8
      vertex -135.674 59.1558 0
      vertex -135.531 59.6363 -0.8
    endloop
  endfacet
  facet normal -0.958455 0.285243 0
    outer loop
      vertex -135.674 59.1558 0
      vertex -135.531 59.6363 0
      vertex -135.531 59.6363 -0.8
    endloop
  endfacet
  facet normal -0.92242 0.386188 0
    outer loop
      vertex -135.531 59.6363 -0.8
      vertex -135.531 59.6363 0
      vertex -135.348 60.0734 -0.8
    endloop
  endfacet
  facet normal -0.92242 0.386188 0
    outer loop
      vertex -135.531 59.6363 0
      vertex -135.348 60.0734 0
      vertex -135.348 60.0734 -0.8
    endloop
  endfacet
  facet normal -0.869165 0.494521 0
    outer loop
      vertex -135.348 60.0734 -0.8
      vertex -135.348 60.0734 0
      vertex -135.124 60.4671 -0.8
    endloop
  endfacet
  facet normal -0.869165 0.494521 0
    outer loop
      vertex -135.348 60.0734 0
      vertex -135.124 60.4671 0
      vertex -135.124 60.4671 -0.8
    endloop
  endfacet
  facet normal -0.797507 0.60331 0
    outer loop
      vertex -135.124 60.4671 -0.8
      vertex -135.124 60.4671 0
      vertex -134.859 60.8174 -0.8
    endloop
  endfacet
  facet normal -0.797507 0.60331 0
    outer loop
      vertex -135.124 60.4671 0
      vertex -134.859 60.8174 0
      vertex -134.859 60.8174 -0.8
    endloop
  endfacet
  facet normal -0.70966 0.704544 0
    outer loop
      vertex -134.859 60.8174 -0.8
      vertex -134.859 60.8174 0
      vertex -134.556 61.1226 -0.8
    endloop
  endfacet
  facet normal -0.70966 0.704544 0
    outer loop
      vertex -134.859 60.8174 0
      vertex -134.556 61.1226 0
      vertex -134.556 61.1226 -0.8
    endloop
  endfacet
  facet normal -0.6069 0.794778 0
    outer loop
      vertex -134.556 61.1226 -0.8
      vertex -134.556 61.1226 0
      vertex -134.218 61.3807 -0.8
    endloop
  endfacet
  facet normal -0.6069 0.794778 0
    outer loop
      vertex -134.556 61.1226 0
      vertex -134.218 61.3807 0
      vertex -134.218 61.3807 -0.8
    endloop
  endfacet
  facet normal -0.491896 0.870654 0
    outer loop
      vertex -134.218 61.3807 -0.8
      vertex -134.218 61.3807 0
      vertex -133.844 61.592 -0.8
    endloop
  endfacet
  facet normal -0.491896 0.870654 0
    outer loop
      vertex -134.218 61.3807 0
      vertex -133.844 61.592 0
      vertex -133.844 61.592 -0.8
    endloop
  endfacet
  facet normal -0.372759 0.927928 0
    outer loop
      vertex -133.844 61.592 -0.8
      vertex -133.844 61.592 0
      vertex -133.435 61.7563 -0.8
    endloop
  endfacet
  facet normal -0.372759 0.927928 0
    outer loop
      vertex -133.844 61.592 0
      vertex -133.435 61.7563 0
      vertex -133.435 61.7563 -0.8
    endloop
  endfacet
  facet normal -0.254889 0.96697 0
    outer loop
      vertex -133.435 61.7563 -0.8
      vertex -133.435 61.7563 0
      vertex -132.99 61.8736 -0.8
    endloop
  endfacet
  facet normal -0.254889 0.96697 0
    outer loop
      vertex -133.435 61.7563 0
      vertex -132.99 61.8736 0
      vertex -132.99 61.8736 -0.8
    endloop
  endfacet
  facet normal -0.145114 0.989415 0
    outer loop
      vertex -132.99 61.8736 -0.8
      vertex -132.99 61.8736 0
      vertex -132.51 61.944 -0.8
    endloop
  endfacet
  facet normal -0.145114 0.989415 0
    outer loop
      vertex -132.99 61.8736 0
      vertex -132.51 61.944 0
      vertex -132.51 61.944 -0.8
    endloop
  endfacet
  facet normal -0.0455836 0.998961 0
    outer loop
      vertex -132.51 61.944 -0.8
      vertex -132.51 61.944 0
      vertex -131.995 61.9675 -0.8
    endloop
  endfacet
  facet normal -0.0455836 0.998961 0
    outer loop
      vertex -132.51 61.944 0
      vertex -131.995 61.9675 0
      vertex -131.995 61.9675 -0.8
    endloop
  endfacet
  facet normal 0.0342341 0.999414 -0
    outer loop
      vertex -131.995 61.9675 -0.8
      vertex -131.995 61.9675 0
      vertex -131.633 61.9551 -0.8
    endloop
  endfacet
  facet normal 0.0342341 0.999414 0
    outer loop
      vertex -131.995 61.9675 0
      vertex -131.633 61.9551 0
      vertex -131.633 61.9551 -0.8
    endloop
  endfacet
  facet normal 0.106594 0.994303 -0
    outer loop
      vertex -131.633 61.9551 -0.8
      vertex -131.633 61.9551 0
      vertex -131.286 61.9179 -0.8
    endloop
  endfacet
  facet normal 0.106594 0.994303 0
    outer loop
      vertex -131.633 61.9551 0
      vertex -131.286 61.9179 0
      vertex -131.286 61.9179 -0.8
    endloop
  endfacet
  facet normal 0.183573 0.983006 -0
    outer loop
      vertex -131.286 61.9179 -0.8
      vertex -131.286 61.9179 0
      vertex -130.954 61.8559 -0.8
    endloop
  endfacet
  facet normal 0.183573 0.983006 0
    outer loop
      vertex -131.286 61.9179 0
      vertex -130.954 61.8559 0
      vertex -130.954 61.8559 -0.8
    endloop
  endfacet
  facet normal 0.263323 0.964708 -0
    outer loop
      vertex -130.954 61.8559 -0.8
      vertex -130.954 61.8559 0
      vertex -130.636 61.7691 -0.8
    endloop
  endfacet
  facet normal 0.263323 0.964708 0
    outer loop
      vertex -130.954 61.8559 0
      vertex -130.636 61.7691 0
      vertex -130.636 61.7691 -0.8
    endloop
  endfacet
  facet normal 0.345619 0.938375 -0
    outer loop
      vertex -130.636 61.7691 -0.8
      vertex -130.636 61.7691 0
      vertex -130.333 61.6575 -0.8
    endloop
  endfacet
  facet normal 0.345619 0.938375 0
    outer loop
      vertex -130.636 61.7691 0
      vertex -130.333 61.6575 0
      vertex -130.333 61.6575 -0.8
    endloop
  endfacet
  facet normal 0.426822 0.904336 -0
    outer loop
      vertex -130.333 61.6575 -0.8
      vertex -130.333 61.6575 0
      vertex -130.044 61.5211 -0.8
    endloop
  endfacet
  facet normal 0.426822 0.904336 0
    outer loop
      vertex -130.333 61.6575 0
      vertex -130.044 61.5211 0
      vertex -130.044 61.5211 -0.8
    endloop
  endfacet
  facet normal 0.507309 0.861764 -0
    outer loop
      vertex -130.044 61.5211 -0.8
      vertex -130.044 61.5211 0
      vertex -129.77 61.3598 -0.8
    endloop
  endfacet
  facet normal 0.507309 0.861764 0
    outer loop
      vertex -130.044 61.5211 0
      vertex -129.77 61.3598 0
      vertex -129.77 61.3598 -0.8
    endloop
  endfacet
  facet normal 0.587172 0.809462 -0
    outer loop
      vertex -129.77 61.3598 -0.8
      vertex -129.77 61.3598 0
      vertex -129.51 61.1712 -0.8
    endloop
  endfacet
  facet normal 0.587172 0.809462 0
    outer loop
      vertex -129.77 61.3598 0
      vertex -129.51 61.1712 0
      vertex -129.51 61.1712 -0.8
    endloop
  endfacet
  facet normal 0.663084 0.748545 -0
    outer loop
      vertex -129.51 61.1712 -0.8
      vertex -129.51 61.1712 0
      vertex -129.263 60.9524 -0.8
    endloop
  endfacet
  facet normal 0.663084 0.748545 0
    outer loop
      vertex -129.51 61.1712 0
      vertex -129.263 60.9524 0
      vertex -129.263 60.9524 -0.8
    endloop
  endfacet
  facet normal 0.726981 0.686658 -0
    outer loop
      vertex -129.263 60.9524 -0.8
      vertex -129.263 60.9524 0
      vertex -129.028 60.7036 -0.8
    endloop
  endfacet
  facet normal 0.726981 0.686658 0
    outer loop
      vertex -129.263 60.9524 0
      vertex -129.028 60.7036 0
      vertex -129.028 60.7036 -0.8
    endloop
  endfacet
  facet normal 0.783875 0.620919 -0
    outer loop
      vertex -129.028 60.7036 -0.8
      vertex -129.028 60.7036 0
      vertex -128.807 60.4246 -0.8
    endloop
  endfacet
  facet normal 0.783875 0.620919 0
    outer loop
      vertex -129.028 60.7036 0
      vertex -128.807 60.4246 0
      vertex -128.807 60.4246 -0.8
    endloop
  endfacet
  facet normal 0.828404 0.560131 -0
    outer loop
      vertex -128.807 60.4246 -0.8
      vertex -128.807 60.4246 0
      vertex -128.598 60.1155 -0.8
    endloop
  endfacet
  facet normal 0.828404 0.560131 0
    outer loop
      vertex -128.807 60.4246 0
      vertex -128.598 60.1155 0
      vertex -128.598 60.1155 -0.8
    endloop
  endfacet
  facet normal 0.865909 0.500201 -0
    outer loop
      vertex -128.598 60.1155 -0.8
      vertex -128.598 60.1155 0
      vertex -128.402 59.7762 -0.8
    endloop
  endfacet
  facet normal 0.865909 0.500201 0
    outer loop
      vertex -128.598 60.1155 0
      vertex -128.402 59.7762 0
      vertex -128.402 59.7762 -0.8
    endloop
  endfacet
  facet normal 0.896023 0.444008 -0
    outer loop
      vertex -128.402 59.7762 -0.8
      vertex -128.402 59.7762 0
      vertex -128.219 59.4069 -0.8
    endloop
  endfacet
  facet normal 0.896023 0.444008 0
    outer loop
      vertex -128.402 59.7762 0
      vertex -128.219 59.4069 0
      vertex -128.219 59.4069 -0.8
    endloop
  endfacet
  facet normal 0 1 0
    outer loop
      vertex -128.219 59.4069 -0.8
      vertex -128.219 59.4069 0
      vertex -128.175 59.4069 -0.8
    endloop
  endfacet
  facet normal -0 1 0
    outer loop
      vertex -128.219 59.4069 0
      vertex -128.175 59.4069 0
      vertex -128.175 59.4069 -0.8
    endloop
  endfacet
  facet normal -0.999957 0.00930192 0
    outer loop
      vertex -128.175 59.4069 -0.8
      vertex -128.175 59.4069 0
      vertex -128.174 59.5144 -0.8
    endloop
  endfacet
  facet normal -0.999957 0.00930192 0
    outer loop
      vertex -128.175 59.4069 0
      vertex -128.174 59.5144 0
      vertex -128.174 59.5144 -0.8
    endloop
  endfacet
  facet normal -0.999735 0.0230177 0
    outer loop
      vertex -128.174 59.5144 -0.8
      vertex -128.174 59.5144 0
      vertex -128.171 59.6447 -0.8
    endloop
  endfacet
  facet normal -0.999735 0.0230177 0
    outer loop
      vertex -128.174 59.5144 0
      vertex -128.171 59.6447 0
      vertex -128.171 59.6447 -0.8
    endloop
  endfacet
  facet normal -0.999234 0.0391345 0
    outer loop
      vertex -128.171 59.6447 -0.8
      vertex -128.171 59.6447 0
      vertex -128.165 59.7979 -0.8
    endloop
  endfacet
  facet normal -0.999234 0.0391345 0
    outer loop
      vertex -128.171 59.6447 0
      vertex -128.165 59.7979 0
      vertex -128.165 59.7979 -0.8
    endloop
  endfacet
  facet normal -0.999209 0.0397639 0
    outer loop
      vertex -128.165 59.7979 -0.8
      vertex -128.165 59.7979 0
      vertex -128.158 59.9738 -0.8
    endloop
  endfacet
  facet normal -0.999209 0.0397639 0
    outer loop
      vertex -128.165 59.7979 0
      vertex -128.158 59.9738 0
      vertex -128.158 59.9738 -0.8
    endloop
  endfacet
  facet normal -0.998736 0.0502635 0
    outer loop
      vertex -128.158 59.9738 -0.8
      vertex -128.158 59.9738 0
      vertex -128.148 60.1725 -0.8
    endloop
  endfacet
  facet normal -0.998736 0.0502635 0
    outer loop
      vertex -128.158 59.9738 0
      vertex -128.148 60.1725 0
      vertex -128.148 60.1725 -0.8
    endloop
  endfacet
  facet normal -0.998537 0.0540724 0
    outer loop
      vertex -128.148 60.1725 -0.8
      vertex -128.148 60.1725 0
      vertex -128.136 60.3941 -0.8
    endloop
  endfacet
  facet normal -0.998537 0.0540724 0
    outer loop
      vertex -128.148 60.1725 0
      vertex -128.136 60.3941 0
      vertex -128.136 60.3941 -0.8
    endloop
  endfacet
  facet normal -0.99812 0.0612845 0
    outer loop
      vertex -128.136 60.3941 -0.8
      vertex -128.136 60.3941 0
      vertex -128.121 60.6384 -0.8
    endloop
  endfacet
  facet normal -0.99812 0.0612845 0
    outer loop
      vertex -128.136 60.3941 0
      vertex -128.121 60.6384 0
      vertex -128.121 60.6384 -0.8
    endloop
  endfacet
  facet normal -0.99808 0.0619412 0
    outer loop
      vertex -128.121 60.6384 -0.8
      vertex -128.121 60.6384 0
      vertex -128.106 60.8801 -0.8
    endloop
  endfacet
  facet normal -0.99808 0.0619412 0
    outer loop
      vertex -128.121 60.6384 0
      vertex -128.106 60.8801 0
      vertex -128.106 60.8801 -0.8
    endloop
  endfacet
  facet normal -0.997859 0.0654027 0
    outer loop
      vertex -128.106 60.8801 -0.8
      vertex -128.106 60.8801 0
      vertex -128.092 61.0937 -0.8
    endloop
  endfacet
  facet normal -0.997859 0.0654027 0
    outer loop
      vertex -128.106 60.8801 0
      vertex -128.092 61.0937 0
      vertex -128.092 61.0937 -0.8
    endloop
  endfacet
  facet normal -0.997551 0.0699469 0
    outer loop
      vertex -128.092 61.0937 -0.8
      vertex -128.092 61.0937 0
      vertex -128.079 61.2791 -0.8
    endloop
  endfacet
  facet normal -0.997551 0.0699469 0
    outer loop
      vertex -128.092 61.0937 0
      vertex -128.079 61.2791 0
      vertex -128.079 61.2791 -0.8
    endloop
  endfacet
  facet normal -0.996607 0.0823119 0
    outer loop
      vertex -128.079 61.2791 -0.8
      vertex -128.079 61.2791 0
      vertex -128.066 61.4365 -0.8
    endloop
  endfacet
  facet normal -0.996607 0.0823119 0
    outer loop
      vertex -128.079 61.2791 0
      vertex -128.066 61.4365 0
      vertex -128.066 61.4365 -0.8
    endloop
  endfacet
  facet normal -0.996395 0.0848324 0
    outer loop
      vertex -128.066 61.4365 -0.8
      vertex -128.066 61.4365 0
      vertex -128.055 61.5657 -0.8
    endloop
  endfacet
  facet normal -0.996395 0.0848324 0
    outer loop
      vertex -128.066 61.4365 0
      vertex -128.055 61.5657 0
      vertex -128.055 61.5657 -0.8
    endloop
  endfacet
  facet normal -0.994121 0.108271 0
    outer loop
      vertex -128.055 61.5657 -0.8
      vertex -128.055 61.5657 0
      vertex -128.044 61.6667 -0.8
    endloop
  endfacet
  facet normal -0.994121 0.108271 0
    outer loop
      vertex -128.055 61.5657 0
      vertex -128.044 61.6667 0
      vertex -128.044 61.6667 -0.8
    endloop
  endfacet
  facet normal -0.990747 0.135719 0
    outer loop
      vertex -128.044 61.6667 -0.8
      vertex -128.044 61.6667 0
      vertex -128.034 61.7397 -0.8
    endloop
  endfacet
  facet normal -0.990747 0.135719 0
    outer loop
      vertex -128.044 61.6667 0
      vertex -128.034 61.7397 0
      vertex -128.034 61.7397 -0.8
    endloop
  endfacet
  facet normal 0 1 0
    outer loop
      vertex -128.034 61.7397 -0.8
      vertex -128.034 61.7397 0
      vertex -125.127 61.7397 -0.8
    endloop
  endfacet
  facet normal -0 1 0
    outer loop
      vertex -128.034 61.7397 0
      vertex -125.127 61.7397 0
      vertex -125.127 61.7397 -0.8
    endloop
  endfacet
  facet normal 0.99791 -0.0646129 0
    outer loop
      vertex -125.127 61.7397 -0.8
      vertex -125.127 61.7397 0
      vertex -125.136 61.6007 -0.8
    endloop
  endfacet
  facet normal 0.99791 -0.0646129 0
    outer loop
      vertex -125.127 61.7397 0
      vertex -125.136 61.6007 0
      vertex -125.136 61.6007 -0.8
    endloop
  endfacet
  facet normal 0.998053 -0.0623783 0
    outer loop
      vertex -125.136 61.6007 -0.8
      vertex -125.136 61.6007 0
      vertex -125.145 61.4567 -0.8
    endloop
  endfacet
  facet normal 0.998053 -0.0623783 0
    outer loop
      vertex -125.136 61.6007 0
      vertex -125.145 61.4567 0
      vertex -125.145 61.4567 -0.8
    endloop
  endfacet
  facet normal 0.998566 -0.0535424 0
    outer loop
      vertex -125.145 61.4567 -0.8
      vertex -125.145 61.4567 0
      vertex -125.153 61.3075 -0.8
    endloop
  endfacet
  facet normal 0.998566 -0.0535424 0
    outer loop
      vertex -125.145 61.4567 0
      vertex -125.153 61.3075 0
      vertex -125.153 61.3075 -0.8
    endloop
  endfacet
  facet normal 0.998301 -0.0582666 0
    outer loop
      vertex -125.153 61.3075 -0.8
      vertex -125.153 61.3075 0
      vertex -125.162 61.1533 -0.8
    endloop
  endfacet
  facet normal 0.998301 -0.0582666 0
    outer loop
      vertex -125.153 61.3075 0
      vertex -125.162 61.1533 0
      vertex -125.162 61.1533 -0.8
    endloop
  endfacet
  facet normal 0.998743 -0.0501251 0
    outer loop
      vertex -125.162 61.1533 -0.8
      vertex -125.162 61.1533 0
      vertex -125.17 60.9939 -0.8
    endloop
  endfacet
  facet normal 0.998743 -0.0501251 0
    outer loop
      vertex -125.162 61.1533 0
      vertex -125.17 60.9939 0
      vertex -125.17 60.9939 -0.8
    endloop
  endfacet
  facet normal 0.998818 -0.0486043 0
    outer loop
      vertex -125.17 60.9939 -0.8
      vertex -125.17 60.9939 0
      vertex -125.178 60.8295 -0.8
    endloop
  endfacet
  facet normal 0.998818 -0.0486043 0
    outer loop
      vertex -125.17 60.9939 0
      vertex -125.178 60.8295 0
      vertex -125.178 60.8295 -0.8
    endloop
  endfacet
  facet normal 0.998888 -0.0471452 0
    outer loop
      vertex -125.178 60.8295 -0.8
      vertex -125.178 60.8295 0
      vertex -125.186 60.66 -0.8
    endloop
  endfacet
  facet normal 0.998888 -0.0471452 0
    outer loop
      vertex -125.178 60.8295 0
      vertex -125.186 60.66 0
      vertex -125.186 60.66 -0.8
    endloop
  endfacet
  facet normal 0.999236 -0.0390763 0
    outer loop
      vertex -125.186 60.66 -0.8
      vertex -125.186 60.66 0
      vertex -125.193 60.481 -0.8
    endloop
  endfacet
  facet normal 0.999236 -0.0390763 0
    outer loop
      vertex -125.186 60.66 0
      vertex -125.193 60.481 0
      vertex -125.193 60.481 -0.8
    endloop
  endfacet
  facet normal 0.999517 -0.0310892 0
    outer loop
      vertex -125.193 60.481 -0.8
      vertex -125.193 60.481 0
      vertex -125.199 60.2881 -0.8
    endloop
  endfacet
  facet normal 0.999517 -0.0310892 0
    outer loop
      vertex -125.193 60.481 0
      vertex -125.199 60.2881 0
      vertex -125.199 60.2881 -0.8
    endloop
  endfacet
  facet normal 0.999708 -0.0241475 0
    outer loop
      vertex -125.199 60.2881 -0.8
      vertex -125.199 60.2881 0
      vertex -125.204 60.0811 -0.8
    endloop
  endfacet
  facet normal 0.999708 -0.0241475 0
    outer loop
      vertex -125.199 60.2881 0
      vertex -125.204 60.0811 0
      vertex -125.204 60.0811 -0.8
    endloop
  endfacet
  facet normal 0.999836 -0.018113 0
    outer loop
      vertex -125.204 60.0811 -0.8
      vertex -125.204 60.0811 0
      vertex -125.208 59.8603 -0.8
    endloop
  endfacet
  facet normal 0.999836 -0.018113 0
    outer loop
      vertex -125.204 60.0811 0
      vertex -125.208 59.8603 0
      vertex -125.208 59.8603 -0.8
    endloop
  endfacet
  facet normal 0.999918 -0.0127758 0
    outer loop
      vertex -125.208 59.8603 -0.8
      vertex -125.208 59.8603 0
      vertex -125.211 59.6255 -0.8
    endloop
  endfacet
  facet normal 0.999918 -0.0127758 0
    outer loop
      vertex -125.208 59.8603 0
      vertex -125.211 59.6255 0
      vertex -125.211 59.6255 -0.8
    endloop
  endfacet
  facet normal 0.999968 -0.00804156 0
    outer loop
      vertex -125.211 59.6255 -0.8
      vertex -125.211 59.6255 0
      vertex -125.213 59.3768 -0.8
    endloop
  endfacet
  facet normal 0.999968 -0.00804156 0
    outer loop
      vertex -125.211 59.6255 0
      vertex -125.213 59.3768 0
      vertex -125.213 59.3768 -0.8
    endloop
  endfacet
  facet normal 1 0 -0
    outer loop
      vertex -125.213 59.3768 -0.8
      vertex -125.213 59.3768 0
      vertex -125.213 59.1141 -0.8
    endloop
  endfacet
  facet normal 1 0 0
    outer loop
      vertex -125.213 59.3768 0
      vertex -125.213 59.1141 0
      vertex -125.213 59.1141 -0.8
    endloop
  endfacet
  facet normal 1 0 -0
    outer loop
      vertex -125.213 59.1141 -0.8
      vertex -125.213 59.1141 0
      vertex -125.213 50 -0.8
    endloop
  endfacet
  facet normal 1 0 0
    outer loop
      vertex -125.213 59.1141 0
      vertex -125.213 50 0
      vertex -125.213 50 -0.8
    endloop
  endfacet
  facet normal 0 -1 0
    outer loop
      vertex -125.213 50 -0.8
      vertex -125.213 50 0
      vertex -128.262 50 -0.8
    endloop
  endfacet
  facet normal -0 -1 0
    outer loop
      vertex -125.213 50 0
      vertex -128.262 50 0
      vertex -128.262 50 -0.8
    endloop
  endfacet
  facet normal -1 0 0
    outer loop
      vertex -128.262 50 -0.8
      vertex -128.262 50 0
      vertex -128.262 56.293 -0.8
    endloop
  endfacet
  facet normal -1 0 0
    outer loop
      vertex -128.262 50 0
      vertex -128.262 56.293 0
      vertex -128.262 56.293 -0.8
    endloop
  endfacet
  facet normal -0.135759 -0.990742 0
    outer loop
      vertex -68.4653 49.8161 -0.8
      vertex -68.4653 49.8161 0
      vertex -69.1907 49.9155 -0.8
    endloop
  endfacet
  facet normal -0.135759 -0.990742 0
    outer loop
      vertex -68.4653 49.8161 0
      vertex -69.1907 49.9155 0
      vertex -69.1907 49.9155 -0.8
    endloop
  endfacet
  facet normal -0.237899 -0.97129 0
    outer loop
      vertex -69.1907 49.9155 -0.8
      vertex -69.1907 49.9155 0
      vertex -69.8664 50.081 -0.8
    endloop
  endfacet
  facet normal -0.237899 -0.97129 0
    outer loop
      vertex -69.1907 49.9155 0
      vertex -69.8664 50.081 0
      vertex -69.8664 50.081 -0.8
    endloop
  endfacet
  facet normal -0.347017 -0.937859 0
    outer loop
      vertex -69.8664 50.081 -0.8
      vertex -69.8664 50.081 0
      vertex -70.4926 50.3127 -0.8
    endloop
  endfacet
  facet normal -0.347017 -0.937859 0
    outer loop
      vertex -69.8664 50.081 0
      vertex -70.4926 50.3127 0
      vertex -70.4926 50.3127 -0.8
    endloop
  endfacet
  facet normal -0.459008 -0.888432 0
    outer loop
      vertex -70.4926 50.3127 -0.8
      vertex -70.4926 50.3127 0
      vertex -71.0692 50.6106 -0.8
    endloop
  endfacet
  facet normal -0.459008 -0.888432 0
    outer loop
      vertex -70.4926 50.3127 0
      vertex -71.0692 50.6106 0
      vertex -71.0692 50.6106 -0.8
    endloop
  endfacet
  facet normal -0.568601 -0.822613 0
    outer loop
      vertex -71.0692 50.6106 -0.8
      vertex -71.0692 50.6106 0
      vertex -71.5961 50.9748 -0.8
    endloop
  endfacet
  facet normal -0.568601 -0.822613 0
    outer loop
      vertex -71.0692 50.6106 0
      vertex -71.5961 50.9748 0
      vertex -71.5961 50.9748 -0.8
    endloop
  endfacet
  facet normal -0.669515 -0.742799 0
    outer loop
      vertex -71.5961 50.9748 -0.8
      vertex -71.5961 50.9748 0
      vertex -72.0735 51.4051 -0.8
    endloop
  endfacet
  facet normal -0.669515 -0.742799 0
    outer loop
      vertex -71.5961 50.9748 0
      vertex -72.0735 51.4051 0
      vertex -72.0735 51.4051 -0.8
    endloop
  endfacet
  facet normal -0.758105 -0.652132 0
    outer loop
      vertex -72.0735 51.4051 -0.8
      vertex -72.0735 51.4051 0
      vertex -72.4938 51.8937 -0.8
    endloop
  endfacet
  facet normal -0.758105 -0.652132 0
    outer loop
      vertex -72.0735 51.4051 0
      vertex -72.4938 51.8937 0
      vertex -72.4938 51.8937 -0.8
    endloop
  endfacet
  facet normal -0.834615 -0.550834 0
    outer loop
      vertex -72.4938 51.8937 -0.8
      vertex -72.4938 51.8937 0
      vertex -72.8494 52.4325 -0.8
    endloop
  endfacet
  facet normal -0.834615 -0.550834 0
    outer loop
      vertex -72.4938 51.8937 0
      vertex -72.8494 52.4325 0
      vertex -72.8494 52.4325 -0.8
    endloop
  endfacet
  facet normal -0.896578 -0.442886 0
    outer loop
      vertex -72.8494 52.4325 -0.8
      vertex -72.8494 52.4325 0
      vertex -73.1404 53.0216 -0.8
    endloop
  endfacet
  facet normal -0.896578 -0.442886 0
    outer loop
      vertex -72.8494 52.4325 0
      vertex -73.1404 53.0216 0
      vertex -73.1404 53.0216 -0.8
    endloop
  endfacet
  facet normal -0.942699 -0.333645 0
    outer loop
      vertex -73.1404 53.0216 -0.8
      vertex -73.1404 53.0216 0
      vertex -73.3667 53.661 -0.8
    endloop
  endfacet
  facet normal -0.942699 -0.333645 0
    outer loop
      vertex -73.1404 53.0216 0
      vertex -73.3667 53.661 0
      vertex -73.3667 53.661 -0.8
    endloop
  endfacet
  facet normal -0.973593 -0.228292 0
    outer loop
      vertex -73.3667 53.661 -0.8
      vertex -73.3667 53.661 0
      vertex -73.5284 54.3506 -0.8
    endloop
  endfacet
  facet normal -0.973593 -0.228292 0
    outer loop
      vertex -73.3667 53.661 0
      vertex -73.5284 54.3506 0
      vertex -73.5284 54.3506 -0.8
    endloop
  endfacet
  facet normal -0.991516 -0.129987 0
    outer loop
      vertex -73.5284 54.3506 -0.8
      vertex -73.5284 54.3506 0
      vertex -73.6254 55.0905 -0.8
    endloop
  endfacet
  facet normal -0.991516 -0.129987 0
    outer loop
      vertex -73.5284 54.3506 0
      vertex -73.6254 55.0905 0
      vertex -73.6254 55.0905 -0.8
    endloop
  endfacet
  facet normal -0.999165 -0.0408468 0
    outer loop
      vertex -73.6254 55.0905 -0.8
      vertex -73.6254 55.0905 0
      vertex -73.6577 55.8806 -0.8
    endloop
  endfacet
  facet normal -0.999165 -0.0408468 0
    outer loop
      vertex -73.6254 55.0905 0
      vertex -73.6577 55.8806 0
      vertex -73.6577 55.8806 -0.8
    endloop
  endfacet
  facet normal -0.999277 0.038022 0
    outer loop
      vertex -73.6577 55.8806 -0.8
      vertex -73.6577 55.8806 0
      vertex -73.6268 56.6927 -0.8
    endloop
  endfacet
  facet normal -0.999277 0.038022 0
    outer loop
      vertex -73.6577 55.8806 0
      vertex -73.6268 56.6927 0
      vertex -73.6268 56.6927 -0.8
    endloop
  endfacet
  facet normal -0.992568 0.121692 0
    outer loop
      vertex -73.6268 56.6927 -0.8
      vertex -73.6268 56.6927 0
      vertex -73.5341 57.4488 -0.8
    endloop
  endfacet
  facet normal -0.992568 0.121692 0
    outer loop
      vertex -73.6268 56.6927 0
      vertex -73.5341 57.4488 0
      vertex -73.5341 57.4488 -0.8
    endloop
  endfacet
  facet normal -0.976534 0.215365 0
    outer loop
      vertex -73.5341 57.4488 -0.8
      vertex -73.5341 57.4488 0
      vertex -73.3797 58.1489 -0.8
    endloop
  endfacet
  facet normal -0.976534 0.215365 0
    outer loop
      vertex -73.5341 57.4488 0
      vertex -73.3797 58.1489 0
      vertex -73.3797 58.1489 -0.8
    endloop
  endfacet
  facet normal -0.94796 0.318391 0
    outer loop
      vertex -73.3797 58.1489 -0.8
      vertex -73.3797 58.1489 0
      vertex -73.1634 58.7929 -0.8
    endloop
  endfacet
  facet normal -0.94796 0.318391 0
    outer loop
      vertex -73.3797 58.1489 0
      vertex -73.1634 58.7929 0
      vertex -73.1634 58.7929 -0.8
    endloop
  endfacet
  facet normal -0.904051 0.427425 0
    outer loop
      vertex -73.1634 58.7929 -0.8
      vertex -73.1634 58.7929 0
      vertex -72.8854 59.3809 -0.8
    endloop
  endfacet
  facet normal -0.904051 0.427425 0
    outer loop
      vertex -73.1634 58.7929 0
      vertex -72.8854 59.3809 0
      vertex -72.8854 59.3809 -0.8
    endloop
  endfacet
  facet normal -0.842832 0.538177 0
    outer loop
      vertex -72.8854 59.3809 -0.8
      vertex -72.8854 59.3809 0
      vertex -72.5457 59.9129 -0.8
    endloop
  endfacet
  facet normal -0.842832 0.538177 0
    outer loop
      vertex -72.8854 59.3809 0
      vertex -72.5457 59.9129 0
      vertex -72.5457 59.9129 -0.8
    endloop
  endfacet
  facet normal -0.764244 0.644927 0
    outer loop
      vertex -72.5457 59.9129 -0.8
      vertex -72.5457 59.9129 0
      vertex -72.1441 60.3888 -0.8
    endloop
  endfacet
  facet normal -0.764244 0.644927 0
    outer loop
      vertex -72.5457 59.9129 0
      vertex -72.1441 60.3888 0
      vertex -72.1441 60.3888 -0.8
    endloop
  endfacet
  facet normal -0.670495 0.741914 0
    outer loop
      vertex -72.1441 60.3888 -0.8
      vertex -72.1441 60.3888 0
      vertex -71.6839 60.8047 -0.8
    endloop
  endfacet
  facet normal -0.670495 0.741914 0
    outer loop
      vertex -72.1441 60.3888 0
      vertex -71.6839 60.8047 0
      vertex -71.6839 60.8047 -0.8
    endloop
  endfacet
  facet normal -0.563685 0.82599 0
    outer loop
      vertex -71.6839 60.8047 -0.8
      vertex -71.6839 60.8047 0
      vertex -71.1681 61.1567 -0.8
    endloop
  endfacet
  facet normal -0.563685 0.82599 0
    outer loop
      vertex -71.6839 60.8047 0
      vertex -71.1681 61.1567 0
      vertex -71.1681 61.1567 -0.8
    endloop
  endfacet
  facet normal -0.450087 0.892985 0
    outer loop
      vertex -71.1681 61.1567 -0.8
      vertex -71.1681 61.1567 0
      vertex -70.5967 61.4447 -0.8
    endloop
  endfacet
  facet normal -0.450087 0.892985 0
    outer loop
      vertex -71.1681 61.1567 0
      vertex -70.5967 61.4447 0
      vertex -70.5967 61.4447 -0.8
    endloop
  endfacet
  facet normal -0.336432 0.941708 0
    outer loop
      vertex -70.5967 61.4447 -0.8
      vertex -70.5967 61.4447 0
      vertex -69.9697 61.6687 -0.8
    endloop
  endfacet
  facet normal -0.336432 0.941708 0
    outer loop
      vertex -70.5967 61.4447 0
      vertex -69.9697 61.6687 0
      vertex -69.9697 61.6687 -0.8
    endloop
  endfacet
  facet normal -0.228109 0.973636 0
    outer loop
      vertex -69.9697 61.6687 -0.8
      vertex -69.9697 61.6687 0
      vertex -69.2872 61.8286 -0.8
    endloop
  endfacet
  facet normal -0.228109 0.973636 0
    outer loop
      vertex -69.9697 61.6687 0
      vertex -69.2872 61.8286 0
      vertex -69.2872 61.8286 -0.8
    endloop
  endfacet
  facet normal -0.12896 0.99165 0
    outer loop
      vertex -69.2872 61.8286 -0.8
      vertex -69.2872 61.8286 0
      vertex -68.549 61.9246 -0.8
    endloop
  endfacet
  facet normal -0.12896 0.99165 0
    outer loop
      vertex -69.2872 61.8286 0
      vertex -68.549 61.9246 0
      vertex -68.549 61.9246 -0.8
    endloop
  endfacet
  facet normal -0.0402848 0.999188 0
    outer loop
      vertex -68.549 61.9246 -0.8
      vertex -68.549 61.9246 0
      vertex -67.7553 61.9566 -0.8
    endloop
  endfacet
  facet normal -0.0402848 0.999188 0
    outer loop
      vertex -68.549 61.9246 0
      vertex -67.7553 61.9566 0
      vertex -67.7553 61.9566 -0.8
    endloop
  endfacet
  facet normal 0.0425393 0.999095 -0
    outer loop
      vertex -67.7553 61.9566 -0.8
      vertex -67.7553 61.9566 0
      vertex -66.9779 61.9235 -0.8
    endloop
  endfacet
  facet normal 0.0425393 0.999095 0
    outer loop
      vertex -67.7553 61.9566 0
      vertex -66.9779 61.9235 0
      vertex -66.9779 61.9235 -0.8
    endloop
  endfacet
  facet normal 0.135424 0.990788 -0
    outer loop
      vertex -66.9779 61.9235 -0.8
      vertex -66.9779 61.9235 0
      vertex -66.2514 61.8242 -0.8
    endloop
  endfacet
  facet normal 0.135424 0.990788 0
    outer loop
      vertex -66.9779 61.9235 0
      vertex -66.2514 61.8242 0
      vertex -66.2514 61.8242 -0.8
    endloop
  endfacet
  facet normal 0.237932 0.971282 -0
    outer loop
      vertex -66.2514 61.8242 -0.8
      vertex -66.2514 61.8242 0
      vertex -65.5758 61.6587 -0.8
    endloop
  endfacet
  facet normal 0.237932 0.971282 0
    outer loop
      vertex -66.2514 61.8242 0
      vertex -65.5758 61.6587 0
      vertex -65.5758 61.6587 -0.8
    endloop
  endfacet
  facet normal 0.347798 0.937569 -0
    outer loop
      vertex -65.5758 61.6587 -0.8
      vertex -65.5758 61.6587 0
      vertex -64.9512 61.427 -0.8
    endloop
  endfacet
  facet normal 0.347798 0.937569 0
    outer loop
      vertex -65.5758 61.6587 0
      vertex -64.9512 61.427 0
      vertex -64.9512 61.427 -0.8
    endloop
  endfacet
  facet normal 0.460958 0.887422 -0
    outer loop
      vertex -64.9512 61.427 -0.8
      vertex -64.9512 61.427 0
      vertex -64.3775 61.129 -0.8
    endloop
  endfacet
  facet normal 0.460958 0.887422 0
    outer loop
      vertex -64.9512 61.427 0
      vertex -64.3775 61.129 0
      vertex -64.3775 61.129 -0.8
    endloop
  endfacet
  facet normal 0.571501 0.820601 -0
    outer loop
      vertex -64.3775 61.129 -0.8
      vertex -64.3775 61.129 0
      vertex -63.8547 60.7649 -0.8
    endloop
  endfacet
  facet normal 0.571501 0.820601 0
    outer loop
      vertex -64.3775 61.129 0
      vertex -63.8547 60.7649 0
      vertex -63.8547 60.7649 -0.8
    endloop
  endfacet
  facet normal 0.673872 0.738848 -0
    outer loop
      vertex -63.8547 60.7649 -0.8
      vertex -63.8547 60.7649 0
      vertex -63.3828 60.3345 -0.8
    endloop
  endfacet
  facet normal 0.673872 0.738848 0
    outer loop
      vertex -63.8547 60.7649 0
      vertex -63.3828 60.3345 0
      vertex -63.3828 60.3345 -0.8
    endloop
  endfacet
  facet normal 0.762236 0.647299 -0
    outer loop
      vertex -63.3828 60.3345 -0.8
      vertex -63.3828 60.3345 0
      vertex -62.9683 59.8464 -0.8
    endloop
  endfacet
  facet normal 0.762236 0.647299 0
    outer loop
      vertex -63.3828 60.3345 0
      vertex -62.9683 59.8464 0
      vertex -62.9683 59.8464 -0.8
    endloop
  endfacet
  facet normal 0.837428 0.546548 -0
    outer loop
      vertex -62.9683 59.8464 -0.8
      vertex -62.9683 59.8464 0
      vertex -62.6175 59.3089 -0.8
    endloop
  endfacet
  facet normal 0.837428 0.546548 0
    outer loop
      vertex -62.9683 59.8464 0
      vertex -62.6175 59.3089 0
      vertex -62.6175 59.3089 -0.8
    endloop
  endfacet
  facet normal 0.898402 0.439174 -0
    outer loop
      vertex -62.6175 59.3089 -0.8
      vertex -62.6175 59.3089 0
      vertex -62.3306 58.722 -0.8
    endloop
  endfacet
  facet normal 0.898402 0.439174 0
    outer loop
      vertex -62.6175 59.3089 0
      vertex -62.3306 58.722 0
      vertex -62.3306 58.722 -0.8
    endloop
  endfacet
  facet normal 0.943629 0.331004 -0
    outer loop
      vertex -62.3306 58.722 -0.8
      vertex -62.3306 58.722 0
      vertex -62.1074 58.0857 -0.8
    endloop
  endfacet
  facet normal 0.943629 0.331004 0
    outer loop
      vertex -62.3306 58.722 0
      vertex -62.1074 58.0857 0
      vertex -62.1074 58.0857 -0.8
    endloop
  endfacet
  facet normal 0.97399 0.226592 -0
    outer loop
      vertex -62.1074 58.0857 -0.8
      vertex -62.1074 58.0857 0
      vertex -61.9479 57.4001 -0.8
    endloop
  endfacet
  facet normal 0.97399 0.226592 0
    outer loop
      vertex -62.1074 58.0857 0
      vertex -61.9479 57.4001 0
      vertex -61.9479 57.4001 -0.8
    endloop
  endfacet
  facet normal 0.991649 0.128964 -0
    outer loop
      vertex -61.9479 57.4001 -0.8
      vertex -61.9479 57.4001 0
      vertex -61.8523 56.665 -0.8
    endloop
  endfacet
  facet normal 0.991649 0.128964 0
    outer loop
      vertex -61.9479 57.4001 0
      vertex -61.8523 56.665 0
      vertex -61.8523 56.665 -0.8
    endloop
  endfacet
  facet normal 0.999174 0.0406344 -0
    outer loop
      vertex -61.8523 56.665 -0.8
      vertex -61.8523 56.665 0
      vertex -61.8204 55.8806 -0.8
    endloop
  endfacet
  facet normal 0.999174 0.0406344 0
    outer loop
      vertex -61.8523 56.665 0
      vertex -61.8204 55.8806 0
      vertex -61.8204 55.8806 -0.8
    endloop
  endfacet
  facet normal 0.99918 -0.040485 0
    outer loop
      vertex -61.8204 55.8806 -0.8
      vertex -61.8204 55.8806 0
      vertex -61.8523 55.0933 -0.8
    endloop
  endfacet
  facet normal 0.99918 -0.040485 0
    outer loop
      vertex -61.8204 55.8806 0
      vertex -61.8523 55.0933 0
      vertex -61.8523 55.0933 -0.8
    endloop
  endfacet
  facet normal 0.991709 -0.1285 0
    outer loop
      vertex -61.8523 55.0933 -0.8
      vertex -61.8523 55.0933 0
      vertex -61.9479 54.3555 -0.8
    endloop
  endfacet
  facet normal 0.991709 -0.1285 0
    outer loop
      vertex -61.8523 55.0933 0
      vertex -61.9479 54.3555 0
      vertex -61.9479 54.3555 -0.8
    endloop
  endfacet
  facet normal 0.974178 -0.22578 0
    outer loop
      vertex -61.9479 54.3555 -0.8
      vertex -61.9479 54.3555 0
      vertex -62.1074 53.6673 -0.8
    endloop
  endfacet
  facet normal 0.974178 -0.22578 0
    outer loop
      vertex -61.9479 54.3555 0
      vertex -62.1074 53.6673 0
      vertex -62.1074 53.6673 -0.8
    endloop
  endfacet
  facet normal 0.944001 -0.329942 0
    outer loop
      vertex -62.1074 53.6673 -0.8
      vertex -62.1074 53.6673 0
      vertex -62.3306 53.0287 -0.8
    endloop
  endfacet
  facet normal 0.944001 -0.329942 0
    outer loop
      vertex -62.1074 53.6673 0
      vertex -62.3306 53.0287 0
      vertex -62.3306 53.0287 -0.8
    endloop
  endfacet
  facet normal 0.89899 -0.437969 0
    outer loop
      vertex -62.3306 53.0287 -0.8
      vertex -62.3306 53.0287 0
      vertex -62.6175 52.4398 -0.8
    endloop
  endfacet
  facet normal 0.89899 -0.437969 0
    outer loop
      vertex -62.3306 53.0287 0
      vertex -62.6175 52.4398 0
      vertex -62.6175 52.4398 -0.8
    endloop
  endfacet
  facet normal 0.838309 -0.545196 0
    outer loop
      vertex -62.6175 52.4398 -0.8
      vertex -62.6175 52.4398 0
      vertex -62.9683 51.9004 -0.8
    endloop
  endfacet
  facet normal 0.838309 -0.545196 0
    outer loop
      vertex -62.6175 52.4398 0
      vertex -62.9683 51.9004 0
      vertex -62.9683 51.9004 -0.8
    endloop
  endfacet
  facet normal 0.763345 -0.645991 0
    outer loop
      vertex -62.9683 51.9004 -0.8
      vertex -62.9683 51.9004 0
      vertex -63.3828 51.4106 -0.8
    endloop
  endfacet
  facet normal 0.763345 -0.645991 0
    outer loop
      vertex -62.9683 51.9004 0
      vertex -63.3828 51.4106 0
      vertex -63.3828 51.4106 -0.8
    endloop
  endfacet
  facet normal 0.676157 -0.736758 0
    outer loop
      vertex -63.3828 51.4106 -0.8
      vertex -63.3828 51.4106 0
      vertex -63.8533 50.9788 -0.8
    endloop
  endfacet
  facet normal 0.676157 -0.736758 0
    outer loop
      vertex -63.3828 51.4106 0
      vertex -63.8533 50.9788 0
      vertex -63.8533 50.9788 -0.8
    endloop
  endfacet
  facet normal 0.575829 -0.81757 0
    outer loop
      vertex -63.8533 50.9788 -0.8
      vertex -63.8533 50.9788 0
      vertex -64.3721 50.6134 -0.8
    endloop
  endfacet
  facet normal 0.575829 -0.81757 0
    outer loop
      vertex -63.8533 50.9788 0
      vertex -64.3721 50.6134 0
      vertex -64.3721 50.6134 -0.8
    endloop
  endfacet
  facet normal 0.466267 -0.884644 0
    outer loop
      vertex -64.3721 50.6134 -0.8
      vertex -64.3721 50.6134 0
      vertex -64.9392 50.3145 -0.8
    endloop
  endfacet
  facet normal 0.466267 -0.884644 0
    outer loop
      vertex -64.3721 50.6134 0
      vertex -64.9392 50.3145 0
      vertex -64.9392 50.3145 -0.8
    endloop
  endfacet
  facet normal 0.353421 -0.935464 0
    outer loop
      vertex -64.9392 50.3145 -0.8
      vertex -64.9392 50.3145 0
      vertex -65.5546 50.082 -0.8
    endloop
  endfacet
  facet normal 0.353421 -0.935464 0
    outer loop
      vertex -64.9392 50.3145 0
      vertex -65.5546 50.082 0
      vertex -65.5546 50.082 -0.8
    endloop
  endfacet
  facet normal 0.242811 -0.970074 0
    outer loop
      vertex -65.5546 50.082 -0.8
      vertex -65.5546 50.082 0
      vertex -66.2182 49.9159 -0.8
    endloop
  endfacet
  facet normal 0.242811 -0.970074 0
    outer loop
      vertex -65.5546 50.082 0
      vertex -66.2182 49.9159 0
      vertex -66.2182 49.9159 -0.8
    endloop
  endfacet
  facet normal 0.138558 -0.990354 0
    outer loop
      vertex -66.2182 49.9159 -0.8
      vertex -66.2182 49.9159 0
      vertex -66.9301 49.8163 -0.8
    endloop
  endfacet
  facet normal 0.138558 -0.990354 0
    outer loop
      vertex -66.2182 49.9159 0
      vertex -66.9301 49.8163 0
      vertex -66.9301 49.8163 -0.8
    endloop
  endfacet
  facet normal 0.0436311 -0.999048 0
    outer loop
      vertex -66.9301 49.8163 -0.8
      vertex -66.9301 49.8163 0
      vertex -67.6903 49.7831 -0.8
    endloop
  endfacet
  facet normal 0.0436311 -0.999048 0
    outer loop
      vertex -66.9301 49.8163 0
      vertex -67.6903 49.7831 0
      vertex -67.6903 49.7831 -0.8
    endloop
  endfacet
  facet normal -0.0425421 -0.999095 0
    outer loop
      vertex -67.6903 49.7831 -0.8
      vertex -67.6903 49.7831 0
      vertex -68.4653 49.8161 -0.8
    endloop
  endfacet
  facet normal -0.0425421 -0.999095 0
    outer loop
      vertex -67.6903 49.7831 0
      vertex -68.4653 49.8161 0
      vertex -68.4653 49.8161 -0.8
    endloop
  endfacet
  facet normal -0.187208 0.98232 0
    outer loop
      vertex -67.3042 51.8872 -0.8
      vertex -66.9752 51.9499 0
      vertex -66.9752 51.9499 -0.8
    endloop
  endfacet
  facet normal -0.187208 0.98232 0
    outer loop
      vertex -66.9752 51.9499 0
      vertex -67.3042 51.8872 -0.8
      vertex -67.3042 51.8872 0
    endloop
  endfacet
  facet normal -0.325349 0.945594 0
    outer loop
      vertex -66.9752 51.9499 -0.8
      vertex -66.6709 52.0546 0
      vertex -66.6709 52.0546 -0.8
    endloop
  endfacet
  facet normal -0.325349 0.945594 0
    outer loop
      vertex -66.6709 52.0546 0
      vertex -66.9752 51.9499 -0.8
      vertex -66.9752 51.9499 0
    endloop
  endfacet
  facet normal -0.463605 0.886042 0
    outer loop
      vertex -66.6709 52.0546 -0.8
      vertex -66.3911 52.201 0
      vertex -66.3911 52.201 -0.8
    endloop
  endfacet
  facet normal -0.463605 0.886042 0
    outer loop
      vertex -66.3911 52.201 0
      vertex -66.6709 52.0546 -0.8
      vertex -66.6709 52.0546 0
    endloop
  endfacet
  facet normal -0.593726 0.804667 0
    outer loop
      vertex -66.3911 52.201 -0.8
      vertex -66.1359 52.3893 0
      vertex -66.1359 52.3893 -0.8
    endloop
  endfacet
  facet normal -0.593726 0.804667 0
    outer loop
      vertex -66.1359 52.3893 0
      vertex -66.3911 52.201 -0.8
      vertex -66.3911 52.201 0
    endloop
  endfacet
  facet normal -0.706493 0.70772 0
    outer loop
      vertex -66.1359 52.3893 -0.8
      vertex -65.9053 52.6195 0
      vertex -65.9053 52.6195 -0.8
    endloop
  endfacet
  facet normal -0.706493 0.70772 0
    outer loop
      vertex -65.9053 52.6195 0
      vertex -66.1359 52.3893 -0.8
      vertex -66.1359 52.3893 0
    endloop
  endfacet
  facet normal -0.797178 0.603745 0
    outer loop
      vertex -65.9053 52.6195 -0.8
      vertex -65.6993 52.8915 0
      vertex -65.6993 52.8915 -0.8
    endloop
  endfacet
  facet normal -0.797178 0.603745 0
    outer loop
      vertex -65.6993 52.8915 0
      vertex -65.9053 52.6195 -0.8
      vertex -65.9053 52.6195 0
    endloop
  endfacet
  facet normal -0.866375 0.499394 0
    outer loop
      vertex -65.6993 52.8915 -0.8
      vertex -65.5194 53.2036 0
      vertex -65.5194 53.2036 -0.8
    endloop
  endfacet
  facet normal -0.866375 0.499394 0
    outer loop
      vertex -65.5194 53.2036 0
      vertex -65.6993 52.8915 -0.8
      vertex -65.6993 52.8915 0
    endloop
  endfacet
  facet normal -0.917211 0.398401 0
    outer loop
      vertex -65.5194 53.2036 -0.8
      vertex -65.3672 53.554 0
      vertex -65.3672 53.554 -0.8
    endloop
  endfacet
  facet normal -0.917211 0.398401 0
    outer loop
      vertex -65.3672 53.554 0
      vertex -65.5194 53.2036 -0.8
      vertex -65.5194 53.2036 0
    endloop
  endfacet
  facet normal -0.95227 0.305256 0
    outer loop
      vertex -65.3672 53.554 -0.8
      vertex -65.2426 53.9427 0
      vertex -65.2426 53.9427 -0.8
    endloop
  endfacet
  facet normal -0.95227 0.305256 0
    outer loop
      vertex -65.2426 53.9427 0
      vertex -65.3672 53.554 -0.8
      vertex -65.3672 53.554 0
    endloop
  endfacet
  facet normal -0.975254 0.221088 0
    outer loop
      vertex -65.2426 53.9427 -0.8
      vertex -65.1458 54.3697 0
      vertex -65.1458 54.3697 -0.8
    endloop
  endfacet
  facet normal -0.975254 0.221088 0
    outer loop
      vertex -65.1458 54.3697 0
      vertex -65.2426 53.9427 -0.8
      vertex -65.2426 53.9427 0
    endloop
  endfacet
  facet normal -0.989126 0.147072 0
    outer loop
      vertex -65.1458 54.3697 -0.8
      vertex -65.0766 54.8351 0
      vertex -65.0766 54.8351 -0.8
    endloop
  endfacet
  facet normal -0.989126 0.147072 0
    outer loop
      vertex -65.0766 54.8351 0
      vertex -65.1458 54.3697 -0.8
      vertex -65.1458 54.3697 0
    endloop
  endfacet
  facet normal -0.996606 0.0823248 0
    outer loop
      vertex -65.0766 54.8351 -0.8
      vertex -65.035 55.3387 0
      vertex -65.035 55.3387 -0.8
    endloop
  endfacet
  facet normal -0.996606 0.0823248 0
    outer loop
      vertex -65.035 55.3387 0
      vertex -65.0766 54.8351 -0.8
      vertex -65.0766 54.8351 0
    endloop
  endfacet
  facet normal -0.999676 0.0254577 0
    outer loop
      vertex -65.035 55.3387 -0.8
      vertex -65.0212 55.8806 0
      vertex -65.0212 55.8806 -0.8
    endloop
  endfacet
  facet normal -0.999676 0.0254577 0
    outer loop
      vertex -65.0212 55.8806 0
      vertex -65.035 55.3387 -0.8
      vertex -65.035 55.3387 0
    endloop
  endfacet
  facet normal -0.998563 -0.0535906 0
    outer loop
      vertex -65.0212 55.8806 -0.8
      vertex -65.0779 56.9371 0
      vertex -65.0779 56.9371 -0.8
    endloop
  endfacet
  facet normal -0.998563 -0.0535906 0
    outer loop
      vertex -65.0779 56.9371 0
      vertex -65.0212 55.8806 -0.8
      vertex -65.0212 55.8806 0
    endloop
  endfacet
  facet normal -0.982392 -0.186829 0
    outer loop
      vertex -65.0779 56.9371 -0.8
      vertex -65.2479 57.831 0
      vertex -65.2479 57.831 -0.8
    endloop
  endfacet
  facet normal -0.982392 -0.186829 0
    outer loop
      vertex -65.2479 57.831 0
      vertex -65.0779 56.9371 -0.8
      vertex -65.0779 56.9371 0
    endloop
  endfacet
  facet normal -0.932406 -0.361413 0
    outer loop
      vertex -65.2479 57.831 -0.8
      vertex -65.5314 58.5624 0
      vertex -65.5314 58.5624 -0.8
    endloop
  endfacet
  facet normal -0.932406 -0.361413 0
    outer loop
      vertex -65.5314 58.5624 0
      vertex -65.2479 57.831 -0.8
      vertex -65.2479 57.831 0
    endloop
  endfacet
  facet normal -0.820199 -0.572078 0
    outer loop
      vertex -65.5314 58.5624 -0.8
      vertex -65.9282 59.1313 0
      vertex -65.9282 59.1313 -0.8
    endloop
  endfacet
  facet normal -0.820199 -0.572078 0
    outer loop
      vertex -65.9282 59.1313 0
      vertex -65.5314 58.5624 -0.8
      vertex -65.5314 58.5624 0
    endloop
  endfacet
  facet normal -0.623029 -0.782198 0
    outer loop
      vertex -65.9282 59.1313 -0.8
      vertex -66.4383 59.5376 0
      vertex -66.4383 59.5376 -0.8
    endloop
  endfacet
  facet normal -0.623029 -0.782198 0
    outer loop
      vertex -66.4383 59.5376 0
      vertex -65.9282 59.1313 -0.8
      vertex -65.9282 59.1313 0
    endloop
  endfacet
  facet normal -0.364118 -0.931353 0
    outer loop
      vertex -66.4383 59.5376 -0.8
      vertex -67.0619 59.7814 0
      vertex -67.0619 59.7814 -0.8
    endloop
  endfacet
  facet normal -0.364118 -0.931353 0
    outer loop
      vertex -67.0619 59.7814 0
      vertex -66.4383 59.5376 -0.8
      vertex -66.4383 59.5376 0
    endloop
  endfacet
  facet normal -0.109662 -0.993969 0
    outer loop
      vertex -67.0619 59.7814 -0.8
      vertex -67.7988 59.8627 0
      vertex -67.7988 59.8627 -0.8
    endloop
  endfacet
  facet normal -0.109662 -0.993969 0
    outer loop
      vertex -67.7988 59.8627 0
      vertex -67.0619 59.7814 -0.8
      vertex -67.0619 59.7814 0
    endloop
  endfacet
  facet normal 0.0536233 -0.998561 0
    outer loop
      vertex -67.7988 59.8627 -0.8
      vertex -68.1582 59.8434 0
      vertex -68.1582 59.8434 -0.8
    endloop
  endfacet
  facet normal 0.0536233 -0.998561 0
    outer loop
      vertex -68.1582 59.8434 0
      vertex -67.7988 59.8627 -0.8
      vertex -67.7988 59.8627 0
    endloop
  endfacet
  facet normal 0.17047 -0.985363 0
    outer loop
      vertex -68.1582 59.8434 -0.8
      vertex -68.4923 59.7856 0
      vertex -68.4923 59.7856 -0.8
    endloop
  endfacet
  facet normal 0.17047 -0.985363 0
    outer loop
      vertex -68.4923 59.7856 0
      vertex -68.1582 59.8434 -0.8
      vertex -68.1582 59.8434 0
    endloop
  endfacet
  facet normal 0.297712 -0.954656 0
    outer loop
      vertex -68.4923 59.7856 -0.8
      vertex -68.8011 59.6893 0
      vertex -68.8011 59.6893 -0.8
    endloop
  endfacet
  facet normal 0.297712 -0.954656 0
    outer loop
      vertex -68.8011 59.6893 0
      vertex -68.4923 59.7856 -0.8
      vertex -68.4923 59.7856 0
    endloop
  endfacet
  facet normal 0.429167 -0.903225 0
    outer loop
      vertex -68.8011 59.6893 -0.8
      vertex -69.0848 59.5545 0
      vertex -69.0848 59.5545 -0.8
    endloop
  endfacet
  facet normal 0.429167 -0.903225 0
    outer loop
      vertex -69.0848 59.5545 0
      vertex -68.8011 59.6893 -0.8
      vertex -68.8011 59.6893 0
    endloop
  endfacet
  facet normal 0.557219 -0.830366 0
    outer loop
      vertex -69.0848 59.5545 -0.8
      vertex -69.3432 59.3811 0
      vertex -69.3432 59.3811 -0.8
    endloop
  endfacet
  facet normal 0.557219 -0.830366 0
    outer loop
      vertex -69.3432 59.3811 0
      vertex -69.0848 59.5545 -0.8
      vertex -69.0848 59.5545 0
    endloop
  endfacet
  facet normal 0.672657 -0.739954 0
    outer loop
      vertex -69.3432 59.3811 -0.8
      vertex -69.5763 59.1692 0
      vertex -69.5763 59.1692 -0.8
    endloop
  endfacet
  facet normal 0.672657 -0.739954 0
    outer loop
      vertex -69.5763 59.1692 0
      vertex -69.3432 59.3811 -0.8
      vertex -69.3432 59.3811 0
    endloop
  endfacet
  facet normal 0.769504 -0.638642 0
    outer loop
      vertex -69.5763 59.1692 -0.8
      vertex -69.7842 58.9187 0
      vertex -69.7842 58.9187 -0.8
    endloop
  endfacet
  facet normal 0.769504 -0.638642 0
    outer loop
      vertex -69.7842 58.9187 0
      vertex -69.5763 59.1692 -0.8
      vertex -69.5763 59.1692 0
    endloop
  endfacet
  facet normal 0.850401 -0.526135 0
    outer loop
      vertex -69.7842 58.9187 -0.8
      vertex -69.9656 58.6255 0
      vertex -69.9656 58.6255 -0.8
    endloop
  endfacet
  facet normal 0.850401 -0.526135 0
    outer loop
      vertex -69.9656 58.6255 0
      vertex -69.7842 58.9187 -0.8
      vertex -69.7842 58.9187 0
    endloop
  endfacet
  facet normal 0.911465 -0.411378 0
    outer loop
      vertex -69.9656 58.6255 -0.8
      vertex -70.1191 58.2854 0
      vertex -70.1191 58.2854 -0.8
    endloop
  endfacet
  facet normal 0.911465 -0.411378 0
    outer loop
      vertex -70.1191 58.2854 0
      vertex -69.9656 58.6255 -0.8
      vertex -69.9656 58.6255 0
    endloop
  endfacet
  facet normal 0.951184 -0.308625 0
    outer loop
      vertex -70.1191 58.2854 -0.8
      vertex -70.2447 57.8983 0
      vertex -70.2447 57.8983 -0.8
    endloop
  endfacet
  facet normal 0.951184 -0.308625 0
    outer loop
      vertex -70.2447 57.8983 0
      vertex -70.1191 58.2854 -0.8
      vertex -70.1191 58.2854 0
    endloop
  endfacet
  facet normal 0.975634 -0.219405 0
    outer loop
      vertex -70.2447 57.8983 -0.8
      vertex -70.3423 57.4643 0
      vertex -70.3423 57.4643 -0.8
    endloop
  endfacet
  facet normal 0.975634 -0.219405 0
    outer loop
      vertex -70.3423 57.4643 0
      vertex -70.2447 57.8983 -0.8
      vertex -70.2447 57.8983 0
    endloop
  endfacet
  facet normal 0.98963 -0.143639 0
    outer loop
      vertex -70.3423 57.4643 -0.8
      vertex -70.4121 56.9834 0
      vertex -70.4121 56.9834 -0.8
    endloop
  endfacet
  facet normal 0.98963 -0.143639 0
    outer loop
      vertex -70.4121 56.9834 0
      vertex -70.3423 57.4643 -0.8
      vertex -70.3423 57.4643 0
    endloop
  endfacet
  facet normal 0.996865 -0.0791223 0
    outer loop
      vertex -70.4121 56.9834 -0.8
      vertex -70.454 56.4555 0
      vertex -70.454 56.4555 -0.8
    endloop
  endfacet
  facet normal 0.996865 -0.0791223 0
    outer loop
      vertex -70.454 56.4555 0
      vertex -70.4121 56.9834 -0.8
      vertex -70.4121 56.9834 0
    endloop
  endfacet
  facet normal 0.999708 -0.0241711 0
    outer loop
      vertex -70.454 56.4555 -0.8
      vertex -70.4679 55.8806 0
      vertex -70.4679 55.8806 -0.8
    endloop
  endfacet
  facet normal 0.999708 -0.0241711 0
    outer loop
      vertex -70.4679 55.8806 0
      vertex -70.454 56.4555 -0.8
      vertex -70.454 56.4555 0
    endloop
  endfacet
  facet normal 0.998556 0.0537251 0
    outer loop
      vertex -70.4679 55.8806 -0.8
      vertex -70.4106 54.8156 0
      vertex -70.4106 54.8156 -0.8
    endloop
  endfacet
  facet normal 0.998556 0.0537251 0
    outer loop
      vertex -70.4106 54.8156 0
      vertex -70.4679 55.8806 -0.8
      vertex -70.4679 55.8806 0
    endloop
  endfacet
  facet normal 0.98225 0.187578 0
    outer loop
      vertex -70.4106 54.8156 -0.8
      vertex -70.2385 53.9144 0
      vertex -70.2385 53.9144 -0.8
    endloop
  endfacet
  facet normal 0.98225 0.187578 0
    outer loop
      vertex -70.2385 53.9144 0
      vertex -70.4106 54.8156 -0.8
      vertex -70.4106 54.8156 0
    endloop
  endfacet
  facet normal 0.932017 0.362416 0
    outer loop
      vertex -70.2385 53.9144 -0.8
      vertex -69.9518 53.1771 0
      vertex -69.9518 53.1771 -0.8
    endloop
  endfacet
  facet normal 0.932017 0.362416 0
    outer loop
      vertex -69.9518 53.1771 0
      vertex -70.2385 53.9144 -0.8
      vertex -70.2385 53.9144 0
    endloop
  endfacet
  facet normal 0.819198 0.57351 0
    outer loop
      vertex -69.9518 53.1771 -0.8
      vertex -69.5503 52.6036 0
      vertex -69.5503 52.6036 -0.8
    endloop
  endfacet
  facet normal 0.819198 0.57351 0
    outer loop
      vertex -69.5503 52.6036 0
      vertex -69.9518 53.1771 -0.8
      vertex -69.9518 53.1771 0
    endloop
  endfacet
  facet normal 0.621674 0.783276 0
    outer loop
      vertex -69.5503 52.6036 -0.8
      vertex -69.0341 52.1939 0
      vertex -69.0341 52.1939 -0.8
    endloop
  endfacet
  facet normal 0.621674 0.783276 0
    outer loop
      vertex -69.0341 52.1939 0
      vertex -69.5503 52.6036 -0.8
      vertex -69.5503 52.6036 0
    endloop
  endfacet
  facet normal 0.362945 0.93181 0
    outer loop
      vertex -69.0341 52.1939 -0.8
      vertex -68.4033 51.9482 0
      vertex -68.4033 51.9482 -0.8
    endloop
  endfacet
  facet normal 0.362945 0.93181 0
    outer loop
      vertex -68.4033 51.9482 0
      vertex -69.0341 52.1939 -0.8
      vertex -69.0341 52.1939 0
    endloop
  endfacet
  facet normal 0.109319 0.994007 0
    outer loop
      vertex -68.4033 51.9482 -0.8
      vertex -67.6577 51.8662 0
      vertex -67.6577 51.8662 -0.8
    endloop
  endfacet
  facet normal 0.109319 0.994007 0
    outer loop
      vertex -67.6577 51.8662 0
      vertex -68.4033 51.9482 -0.8
      vertex -68.4033 51.9482 0
    endloop
  endfacet
  facet normal -0.0593014 0.99824 0
    outer loop
      vertex -67.6577 51.8662 -0.8
      vertex -67.3042 51.8872 0
      vertex -67.3042 51.8872 -0.8
    endloop
  endfacet
  facet normal -0.0593014 0.99824 0
    outer loop
      vertex -67.3042 51.8872 0
      vertex -67.6577 51.8662 -0.8
      vertex -67.6577 51.8662 0
    endloop
  endfacet
  facet normal -0.210178 -0.977663 0
    outer loop
      vertex -79.1837 49.8302 -0.8
      vertex -79.1837 49.8302 0
      vertex -79.8419 49.9717 -0.8
    endloop
  endfacet
  facet normal -0.210178 -0.977663 0
    outer loop
      vertex -79.1837 49.8302 0
      vertex -79.8419 49.9717 0
      vertex -79.8419 49.9717 -0.8
    endloop
  endfacet
  facet normal -0.363197 -0.931712 0
    outer loop
      vertex -79.8419 49.9717 -0.8
      vertex -79.8419 49.9717 0
      vertex -80.4468 50.2075 -0.8
    endloop
  endfacet
  facet normal -0.363197 -0.931712 0
    outer loop
      vertex -79.8419 49.9717 0
      vertex -80.4468 50.2075 0
      vertex -80.4468 50.2075 -0.8
    endloop
  endfacet
  facet normal -0.513489 -0.858096 0
    outer loop
      vertex -80.4468 50.2075 -0.8
      vertex -80.4468 50.2075 0
      vertex -80.9986 50.5377 -0.8
    endloop
  endfacet
  facet normal -0.513489 -0.858096 0
    outer loop
      vertex -80.4468 50.2075 0
      vertex -80.9986 50.5377 0
      vertex -80.9986 50.5377 -0.8
    endloop
  endfacet
  facet normal -0.648096 -0.761559 0
    outer loop
      vertex -80.9986 50.5377 -0.8
      vertex -80.9986 50.5377 0
      vertex -81.4973 50.9621 -0.8
    endloop
  endfacet
  facet normal -0.648096 -0.761559 0
    outer loop
      vertex -80.9986 50.5377 0
      vertex -81.4973 50.9621 0
      vertex -81.4973 50.9621 -0.8
    endloop
  endfacet
  facet normal -0.758668 -0.651478 0
    outer loop
      vertex -81.4973 50.9621 -0.8
      vertex -81.4973 50.9621 0
      vertex -81.9428 51.4809 -0.8
    endloop
  endfacet
  facet normal -0.758668 -0.651478 0
    outer loop
      vertex -81.4973 50.9621 0
      vertex -81.9428 51.4809 0
      vertex -81.9428 51.4809 -0.8
    endloop
  endfacet
  facet normal -0.842301 -0.539007 0
    outer loop
      vertex -81.9428 51.4809 -0.8
      vertex -81.9428 51.4809 0
      vertex -82.3352 52.0941 -0.8
    endloop
  endfacet
  facet normal -0.842301 -0.539007 0
    outer loop
      vertex -81.9428 51.4809 0
      vertex -82.3352 52.0941 0
      vertex -82.3352 52.0941 -0.8
    endloop
  endfacet
  facet normal 0 -1 0
    outer loop
      vertex -82.3352 52.0941 -0.8
      vertex -82.3352 52.0941 0
      vertex -82.4002 52.0941 -0.8
    endloop
  endfacet
  facet normal -0 -1 0
    outer loop
      vertex -82.3352 52.0941 0
      vertex -82.4002 52.0941 0
      vertex -82.4002 52.0941 -0.8
    endloop
  endfacet
  facet normal 0.991359 -0.131176 0
    outer loop
      vertex -82.4002 52.0941 -0.8
      vertex -82.4002 52.0941 0
      vertex -82.4402 51.7918 -0.8
    endloop
  endfacet
  facet normal 0.991359 -0.131176 0
    outer loop
      vertex -82.4002 52.0941 0
      vertex -82.4402 51.7918 0
      vertex -82.4402 51.7918 -0.8
    endloop
  endfacet
  facet normal 0.979353 -0.202155 0
    outer loop
      vertex -82.4402 51.7918 -0.8
      vertex -82.4402 51.7918 0
      vertex -82.4981 51.5113 -0.8
    endloop
  endfacet
  facet normal 0.979353 -0.202155 0
    outer loop
      vertex -82.4402 51.7918 0
      vertex -82.4981 51.5113 0
      vertex -82.4981 51.5113 -0.8
    endloop
  endfacet
  facet normal 0.959613 -0.281323 0
    outer loop
      vertex -82.4981 51.5113 -0.8
      vertex -82.4981 51.5113 0
      vertex -82.574 51.2524 -0.8
    endloop
  endfacet
  facet normal 0.959613 -0.281323 0
    outer loop
      vertex -82.4981 51.5113 0
      vertex -82.574 51.2524 0
      vertex -82.574 51.2524 -0.8
    endloop
  endfacet
  facet normal 0.930064 -0.367399 0
    outer loop
      vertex -82.574 51.2524 -0.8
      vertex -82.574 51.2524 0
      vertex -82.6677 51.0152 -0.8
    endloop
  endfacet
  facet normal 0.930064 -0.367399 0
    outer loop
      vertex -82.574 51.2524 0
      vertex -82.6677 51.0152 0
      vertex -82.6677 51.0152 -0.8
    endloop
  endfacet
  facet normal 0.887736 -0.460353 0
    outer loop
      vertex -82.6677 51.0152 -0.8
      vertex -82.6677 51.0152 0
      vertex -82.7794 50.7998 -0.8
    endloop
  endfacet
  facet normal 0.887736 -0.460353 0
    outer loop
      vertex -82.6677 51.0152 0
      vertex -82.7794 50.7998 0
      vertex -82.7794 50.7998 -0.8
    endloop
  endfacet
  facet normal 0.831059 -0.556184 0
    outer loop
      vertex -82.7794 50.7998 -0.8
      vertex -82.7794 50.7998 0
      vertex -82.9091 50.606 -0.8
    endloop
  endfacet
  facet normal 0.831059 -0.556184 0
    outer loop
      vertex -82.7794 50.7998 0
      vertex -82.9091 50.606 0
      vertex -82.9091 50.606 -0.8
    endloop
  endfacet
  facet normal 0.75907 -0.651009 0
    outer loop
      vertex -82.9091 50.606 -0.8
      vertex -82.9091 50.606 0
      vertex -83.0567 50.4339 -0.8
    endloop
  endfacet
  facet normal 0.75907 -0.651009 0
    outer loop
      vertex -82.9091 50.606 0
      vertex -83.0567 50.4339 0
      vertex -83.0567 50.4339 -0.8
    endloop
  endfacet
  facet normal 0.663511 -0.748167 0
    outer loop
      vertex -83.0567 50.4339 -0.8
      vertex -83.0567 50.4339 0
      vertex -83.2255 50.2842 -0.8
    endloop
  endfacet
  facet normal 0.663511 -0.748167 0
    outer loop
      vertex -83.0567 50.4339 0
      vertex -83.2255 50.2842 0
      vertex -83.2255 50.2842 -0.8
    endloop
  endfacet
  facet normal 0.547692 -0.83668 0
    outer loop
      vertex -83.2255 50.2842 -0.8
      vertex -83.2255 50.2842 0
      vertex -83.4189 50.1576 -0.8
    endloop
  endfacet
  facet normal 0.547692 -0.83668 0
    outer loop
      vertex -83.2255 50.2842 0
      vertex -83.4189 50.1576 0
      vertex -83.4189 50.1576 -0.8
    endloop
  endfacet
  facet normal 0.429226 -0.903197 0
    outer loop
      vertex -83.4189 50.1576 -0.8
      vertex -83.4189 50.1576 0
      vertex -83.6369 50.054 -0.8
    endloop
  endfacet
  facet normal 0.429226 -0.903197 0
    outer loop
      vertex -83.4189 50.1576 0
      vertex -83.6369 50.054 0
      vertex -83.6369 50.054 -0.8
    endloop
  endfacet
  facet normal 0.315289 -0.948996 0
    outer loop
      vertex -83.6369 50.054 -0.8
      vertex -83.6369 50.054 0
      vertex -83.8795 49.9734 -0.8
    endloop
  endfacet
  facet normal 0.315289 -0.948996 0
    outer loop
      vertex -83.6369 50.054 0
      vertex -83.8795 49.9734 0
      vertex -83.8795 49.9734 -0.8
    endloop
  endfacet
  facet normal 0.210728 -0.977545 0
    outer loop
      vertex -83.8795 49.9734 -0.8
      vertex -83.8795 49.9734 0
      vertex -84.1467 49.9158 -0.8
    endloop
  endfacet
  facet normal 0.210728 -0.977545 0
    outer loop
      vertex -83.8795 49.9734 0
      vertex -84.1467 49.9158 0
      vertex -84.1467 49.9158 -0.8
    endloop
  endfacet
  facet normal 0.117454 -0.993078 0
    outer loop
      vertex -84.1467 49.9158 -0.8
      vertex -84.1467 49.9158 0
      vertex -84.4384 49.8813 -0.8
    endloop
  endfacet
  facet normal 0.117454 -0.993078 0
    outer loop
      vertex -84.1467 49.9158 0
      vertex -84.4384 49.8813 0
      vertex -84.4384 49.8813 -0.8
    endloop
  endfacet
  facet normal 0.0363339 -0.99934 0
    outer loop
      vertex -84.4384 49.8813 -0.8
      vertex -84.4384 49.8813 0
      vertex -84.7547 49.8698 -0.8
    endloop
  endfacet
  facet normal 0.0363339 -0.99934 0
    outer loop
      vertex -84.4384 49.8813 0
      vertex -84.7547 49.8698 0
      vertex -84.7547 49.8698 -0.8
    endloop
  endfacet
  facet normal -0.00437633 -0.99999 0
    outer loop
      vertex -84.7547 49.8698 -0.8
      vertex -84.7547 49.8698 0
      vertex -84.8461 49.8702 -0.8
    endloop
  endfacet
  facet normal -0.00437633 -0.99999 0
    outer loop
      vertex -84.7547 49.8698 0
      vertex -84.8461 49.8702 0
      vertex -84.8461 49.8702 -0.8
    endloop
  endfacet
  facet normal -0.0159071 -0.999873 0
    outer loop
      vertex -84.8461 49.8702 -0.8
      vertex -84.8461 49.8702 0
      vertex -84.9341 49.8716 -0.8
    endloop
  endfacet
  facet normal -0.0159071 -0.999873 0
    outer loop
      vertex -84.8461 49.8702 0
      vertex -84.9341 49.8716 0
      vertex -84.9341 49.8716 -0.8
    endloop
  endfacet
  facet normal -0.0259653 -0.999663 0
    outer loop
      vertex -84.9341 49.8716 -0.8
      vertex -84.9341 49.8716 0
      vertex -85.0188 49.8738 -0.8
    endloop
  endfacet
  facet normal -0.0259653 -0.999663 0
    outer loop
      vertex -84.9341 49.8716 0
      vertex -85.0188 49.8738 0
      vertex -85.0188 49.8738 -0.8
    endloop
  endfacet
  facet normal -0.0381027 -0.999274 0
    outer loop
      vertex -85.0188 49.8738 -0.8
      vertex -85.0188 49.8738 0
      vertex -85.1001 49.8769 -0.8
    endloop
  endfacet
  facet normal -0.0381027 -0.999274 0
    outer loop
      vertex -85.0188 49.8738 0
      vertex -85.1001 49.8769 0
      vertex -85.1001 49.8769 -0.8
    endloop
  endfacet
  facet normal -0.0511493 -0.998691 0
    outer loop
      vertex -85.1001 49.8769 -0.8
      vertex -85.1001 49.8769 0
      vertex -85.1782 49.8809 -0.8
    endloop
  endfacet
  facet normal -0.0511493 -0.998691 0
    outer loop
      vertex -85.1001 49.8769 0
      vertex -85.1782 49.8809 0
      vertex -85.1782 49.8809 -0.8
    endloop
  endfacet
  facet normal -0.065455 -0.997856 0
    outer loop
      vertex -85.1782 49.8809 -0.8
      vertex -85.1782 49.8809 0
      vertex -85.2529 49.8858 -0.8
    endloop
  endfacet
  facet normal -0.065455 -0.997856 0
    outer loop
      vertex -85.1782 49.8809 0
      vertex -85.2529 49.8858 0
      vertex -85.2529 49.8858 -0.8
    endloop
  endfacet
  facet normal -0.0795788 -0.996829 0
    outer loop
      vertex -85.2529 49.8858 -0.8
      vertex -85.2529 49.8858 0
      vertex -85.3243 49.8915 -0.8
    endloop
  endfacet
  facet normal -0.0795788 -0.996829 0
    outer loop
      vertex -85.2529 49.8858 0
      vertex -85.3243 49.8915 0
      vertex -85.3243 49.8915 -0.8
    endloop
  endfacet
  facet normal -0.0920925 -0.99575 0
    outer loop
      vertex -85.3243 49.8915 -0.8
      vertex -85.3243 49.8915 0
      vertex -85.3935 49.8979 -0.8
    endloop
  endfacet
  facet normal -0.0920925 -0.99575 0
    outer loop
      vertex -85.3243 49.8915 0
      vertex -85.3935 49.8979 0
      vertex -85.3935 49.8979 -0.8
    endloop
  endfacet
  facet normal -0.100805 -0.994906 0
    outer loop
      vertex -85.3935 49.8979 -0.8
      vertex -85.3935 49.8979 0
      vertex -85.4616 49.9048 -0.8
    endloop
  endfacet
  facet normal -0.100805 -0.994906 0
    outer loop
      vertex -85.3935 49.8979 0
      vertex -85.4616 49.9048 0
      vertex -85.4616 49.9048 -0.8
    endloop
  endfacet
  facet normal -0.108314 -0.994117 0
    outer loop
      vertex -85.4616 49.9048 -0.8
      vertex -85.4616 49.9048 0
      vertex -85.5286 49.9121 -0.8
    endloop
  endfacet
  facet normal -0.108314 -0.994117 0
    outer loop
      vertex -85.4616 49.9048 0
      vertex -85.5286 49.9121 0
      vertex -85.5286 49.9121 -0.8
    endloop
  endfacet
  facet normal -0.116054 -0.993243 0
    outer loop
      vertex -85.5286 49.9121 -0.8
      vertex -85.5286 49.9121 0
      vertex -85.5945 49.9198 -0.8
    endloop
  endfacet
  facet normal -0.116054 -0.993243 0
    outer loop
      vertex -85.5286 49.9121 0
      vertex -85.5945 49.9198 0
      vertex -85.5945 49.9198 -0.8
    endloop
  endfacet
  facet normal -0.125542 -0.992088 0
    outer loop
      vertex -85.5945 49.9198 -0.8
      vertex -85.5945 49.9198 0
      vertex -85.6593 49.928 -0.8
    endloop
  endfacet
  facet normal -0.125542 -0.992088 0
    outer loop
      vertex -85.5945 49.9198 0
      vertex -85.6593 49.928 0
      vertex -85.6593 49.928 -0.8
    endloop
  endfacet
  facet normal -0.13553 -0.990773 0
    outer loop
      vertex -85.6593 49.928 -0.8
      vertex -85.6593 49.928 0
      vertex -85.7229 49.9367 -0.8
    endloop
  endfacet
  facet normal -0.13553 -0.990773 0
    outer loop
      vertex -85.6593 49.928 0
      vertex -85.7229 49.9367 0
      vertex -85.7229 49.9367 -0.8
    endloop
  endfacet
  facet normal -0.143855 -0.989599 0
    outer loop
      vertex -85.7229 49.9367 -0.8
      vertex -85.7229 49.9367 0
      vertex -85.7855 49.9458 -0.8
    endloop
  endfacet
  facet normal -0.143855 -0.989599 0
    outer loop
      vertex -85.7229 49.9367 0
      vertex -85.7855 49.9458 0
      vertex -85.7855 49.9458 -0.8
    endloop
  endfacet
  facet normal -0.154815 -0.987943 0
    outer loop
      vertex -85.7855 49.9458 -0.8
      vertex -85.7855 49.9458 0
      vertex -85.8474 49.9555 -0.8
    endloop
  endfacet
  facet normal -0.154815 -0.987943 0
    outer loop
      vertex -85.7855 49.9458 0
      vertex -85.8474 49.9555 0
      vertex -85.8474 49.9555 -0.8
    endloop
  endfacet
  facet normal -0.168523 -0.985698 0
    outer loop
      vertex -85.8474 49.9555 -0.8
      vertex -85.8474 49.9555 0
      vertex -85.9094 49.9661 -0.8
    endloop
  endfacet
  facet normal -0.168523 -0.985698 0
    outer loop
      vertex -85.8474 49.9555 0
      vertex -85.9094 49.9661 0
      vertex -85.9094 49.9661 -0.8
    endloop
  endfacet
  facet normal -0.182373 -0.983229 0
    outer loop
      vertex -85.9094 49.9661 -0.8
      vertex -85.9094 49.9661 0
      vertex -85.9714 49.9776 -0.8
    endloop
  endfacet
  facet normal -0.182373 -0.983229 0
    outer loop
      vertex -85.9094 49.9661 0
      vertex -85.9714 49.9776 0
      vertex -85.9714 49.9776 -0.8
    endloop
  endfacet
  facet normal -0.196116 -0.980581 0
    outer loop
      vertex -85.9714 49.9776 -0.8
      vertex -85.9714 49.9776 0
      vertex -86.0334 49.99 -0.8
    endloop
  endfacet
  facet normal -0.196116 -0.980581 0
    outer loop
      vertex -85.9714 49.9776 0
      vertex -86.0334 49.99 0
      vertex -86.0334 49.99 -0.8
    endloop
  endfacet
  facet normal -0.209744 -0.977756 0
    outer loop
      vertex -86.0334 49.99 -0.8
      vertex -86.0334 49.99 0
      vertex -86.0954 50.0033 -0.8
    endloop
  endfacet
  facet normal -0.209744 -0.977756 0
    outer loop
      vertex -86.0334 49.99 0
      vertex -86.0954 50.0033 0
      vertex -86.0954 50.0033 -0.8
    endloop
  endfacet
  facet normal -0.221757 -0.975102 0
    outer loop
      vertex -86.0954 50.0033 -0.8
      vertex -86.0954 50.0033 0
      vertex -86.1574 50.0174 -0.8
    endloop
  endfacet
  facet normal -0.221757 -0.975102 0
    outer loop
      vertex -86.0954 50.0033 0
      vertex -86.1574 50.0174 0
      vertex -86.1574 50.0174 -0.8
    endloop
  endfacet
  facet normal -0.236631 -0.971599 0
    outer loop
      vertex -86.1574 50.0174 -0.8
      vertex -86.1574 50.0174 0
      vertex -86.2194 50.0325 -0.8
    endloop
  endfacet
  facet normal -0.236631 -0.971599 0
    outer loop
      vertex -86.1574 50.0174 0
      vertex -86.2194 50.0325 0
      vertex -86.2194 50.0325 -0.8
    endloop
  endfacet
  facet normal -0.24145 -0.970413 0
    outer loop
      vertex -86.2194 50.0325 -0.8
      vertex -86.2194 50.0325 0
      vertex -86.2825 50.0482 -0.8
    endloop
  endfacet
  facet normal -0.24145 -0.970413 0
    outer loop
      vertex -86.2194 50.0325 0
      vertex -86.2825 50.0482 0
      vertex -86.2825 50.0482 -0.8
    endloop
  endfacet
  facet normal -0.24044 -0.970664 0
    outer loop
      vertex -86.2825 50.0482 -0.8
      vertex -86.2825 50.0482 0
      vertex -86.3479 50.0644 -0.8
    endloop
  endfacet
  facet normal -0.24044 -0.970664 0
    outer loop
      vertex -86.2825 50.0482 0
      vertex -86.3479 50.0644 0
      vertex -86.3479 50.0644 -0.8
    endloop
  endfacet
  facet normal -0.23881 -0.971066 0
    outer loop
      vertex -86.3479 50.0644 -0.8
      vertex -86.3479 50.0644 0
      vertex -86.4154 50.081 -0.8
    endloop
  endfacet
  facet normal -0.23881 -0.971066 0
    outer loop
      vertex -86.3479 50.0644 0
      vertex -86.4154 50.081 0
      vertex -86.4154 50.081 -0.8
    endloop
  endfacet
  facet normal -0.237949 -0.971278 0
    outer loop
      vertex -86.4154 50.081 -0.8
      vertex -86.4154 50.081 0
      vertex -86.4852 50.0981 -0.8
    endloop
  endfacet
  facet normal -0.237949 -0.971278 0
    outer loop
      vertex -86.4154 50.081 0
      vertex -86.4852 50.0981 0
      vertex -86.4852 50.0981 -0.8
    endloop
  endfacet
  facet normal -0.23649 -0.971634 0
    outer loop
      vertex -86.4852 50.0981 -0.8
      vertex -86.4852 50.0981 0
      vertex -86.5571 50.1156 -0.8
    endloop
  endfacet
  facet normal -0.23649 -0.971634 0
    outer loop
      vertex -86.4852 50.0981 0
      vertex -86.5571 50.1156 0
      vertex -86.5571 50.1156 -0.8
    endloop
  endfacet
  facet normal -0.234512 -0.972113 0
    outer loop
      vertex -86.5571 50.1156 -0.8
      vertex -86.5571 50.1156 0
      vertex -86.6313 50.1335 -0.8
    endloop
  endfacet
  facet normal -0.234512 -0.972113 0
    outer loop
      vertex -86.5571 50.1156 0
      vertex -86.6313 50.1335 0
      vertex -86.6313 50.1335 -0.8
    endloop
  endfacet
  facet normal -0.23294 -0.972491 0
    outer loop
      vertex -86.6313 50.1335 -0.8
      vertex -86.6313 50.1335 0
      vertex -86.7077 50.1518 -0.8
    endloop
  endfacet
  facet normal -0.23294 -0.972491 0
    outer loop
      vertex -86.6313 50.1335 0
      vertex -86.7077 50.1518 0
      vertex -86.7077 50.1518 -0.8
    endloop
  endfacet
  facet normal -1 0 0
    outer loop
      vertex -86.7077 50.1518 -0.8
      vertex -86.7077 50.1518 0
      vertex -86.7077 51.8011 -0.8
    endloop
  endfacet
  facet normal -1 0 0
    outer loop
      vertex -86.7077 50.1518 0
      vertex -86.7077 51.8011 0
      vertex -86.7077 51.8011 -0.8
    endloop
  endfacet
  facet normal 0.182127 0.983275 -0
    outer loop
      vertex -86.7077 51.8011 -0.8
      vertex -86.7077 51.8011 0
      vertex -86.6143 51.7838 -0.8
    endloop
  endfacet
  facet normal 0.182127 0.983275 0
    outer loop
      vertex -86.7077 51.8011 0
      vertex -86.6143 51.7838 0
      vertex -86.6143 51.7838 -0.8
    endloop
  endfacet
  facet normal 0.153002 0.988226 -0
    outer loop
      vertex -86.6143 51.7838 -0.8
      vertex -86.6143 51.7838 0
      vertex -86.52 51.7692 -0.8
    endloop
  endfacet
  facet normal 0.153002 0.988226 0
    outer loop
      vertex -86.6143 51.7838 0
      vertex -86.52 51.7692 0
      vertex -86.52 51.7692 -0.8
    endloop
  endfacet
  facet normal 0.123907 0.992294 -0
    outer loop
      vertex -86.52 51.7692 -0.8
      vertex -86.52 51.7692 0
      vertex -86.4247 51.7573 -0.8
    endloop
  endfacet
  facet normal 0.123907 0.992294 0
    outer loop
      vertex -86.52 51.7692 0
      vertex -86.4247 51.7573 0
      vertex -86.4247 51.7573 -0.8
    endloop
  endfacet
  facet normal 0.0964236 0.99534 -0
    outer loop
      vertex -86.4247 51.7573 -0.8
      vertex -86.4247 51.7573 0
      vertex -86.3287 51.748 -0.8
    endloop
  endfacet
  facet normal 0.0964236 0.99534 0
    outer loop
      vertex -86.4247 51.7573 0
      vertex -86.3287 51.748 0
      vertex -86.3287 51.748 -0.8
    endloop
  endfacet
  facet normal 0.068908 0.997623 -0
    outer loop
      vertex -86.3287 51.748 -0.8
      vertex -86.3287 51.748 0
      vertex -86.2317 51.7413 -0.8
    endloop
  endfacet
  facet normal 0.068908 0.997623 0
    outer loop
      vertex -86.3287 51.748 0
      vertex -86.2317 51.7413 0
      vertex -86.2317 51.7413 -0.8
    endloop
  endfacet
  facet normal 0.040824 0.999166 -0
    outer loop
      vertex -86.2317 51.7413 -0.8
      vertex -86.2317 51.7413 0
      vertex -86.1338 51.7373 -0.8
    endloop
  endfacet
  facet normal 0.040824 0.999166 0
    outer loop
      vertex -86.2317 51.7413 0
      vertex -86.1338 51.7373 0
      vertex -86.1338 51.7373 -0.8
    endloop
  endfacet
  facet normal 0.0131568 0.999913 -0
    outer loop
      vertex -86.1338 51.7373 -0.8
      vertex -86.1338 51.7373 0
      vertex -86.035 51.736 -0.8
    endloop
  endfacet
  facet normal 0.0131568 0.999913 0
    outer loop
      vertex -86.1338 51.7373 0
      vertex -86.035 51.736 0
      vertex -86.035 51.736 -0.8
    endloop
  endfacet
  facet normal -0.0531832 0.998585 0
    outer loop
      vertex -86.035 51.736 -0.8
      vertex -86.035 51.736 0
      vertex -85.8923 51.7436 -0.8
    endloop
  endfacet
  facet normal -0.0531832 0.998585 0
    outer loop
      vertex -86.035 51.736 0
      vertex -85.8923 51.7436 0
      vertex -85.8923 51.7436 -0.8
    endloop
  endfacet
  facet normal -0.172838 0.98495 0
    outer loop
      vertex -85.8923 51.7436 -0.8
      vertex -85.8923 51.7436 0
      vertex -85.7618 51.7665 -0.8
    endloop
  endfacet
  facet normal -0.172838 0.98495 0
    outer loop
      vertex -85.8923 51.7436 0
      vertex -85.7618 51.7665 0
      vertex -85.7618 51.7665 -0.8
    endloop
  endfacet
  facet normal -0.30705 0.951693 0
    outer loop
      vertex -85.7618 51.7665 -0.8
      vertex -85.7618 51.7665 0
      vertex -85.6434 51.8047 -0.8
    endloop
  endfacet
  facet normal -0.30705 0.951693 0
    outer loop
      vertex -85.7618 51.7665 0
      vertex -85.6434 51.8047 0
      vertex -85.6434 51.8047 -0.8
    endloop
  endfacet
  facet normal -0.449903 0.893078 0
    outer loop
      vertex -85.6434 51.8047 -0.8
      vertex -85.6434 51.8047 0
      vertex -85.5372 51.8582 -0.8
    endloop
  endfacet
  facet normal -0.449903 0.893078 0
    outer loop
      vertex -85.6434 51.8047 0
      vertex -85.5372 51.8582 0
      vertex -85.5372 51.8582 -0.8
    endloop
  endfacet
  facet normal -0.59006 0.80736 0
    outer loop
      vertex -85.5372 51.8582 -0.8
      vertex -85.5372 51.8582 0
      vertex -85.4432 51.9269 -0.8
    endloop
  endfacet
  facet normal -0.59006 0.80736 0
    outer loop
      vertex -85.5372 51.8582 0
      vertex -85.4432 51.9269 0
      vertex -85.4432 51.9269 -0.8
    endloop
  endfacet
  facet normal -0.716426 0.697663 0
    outer loop
      vertex -85.4432 51.9269 -0.8
      vertex -85.4432 51.9269 0
      vertex -85.3614 52.0109 -0.8
    endloop
  endfacet
  facet normal -0.716426 0.697663 0
    outer loop
      vertex -85.4432 51.9269 0
      vertex -85.3614 52.0109 0
      vertex -85.3614 52.0109 -0.8
    endloop
  endfacet
  facet normal -0.818495 0.574513 0
    outer loop
      vertex -85.3614 52.0109 -0.8
      vertex -85.3614 52.0109 0
      vertex -85.2917 52.1102 -0.8
    endloop
  endfacet
  facet normal -0.818495 0.574513 0
    outer loop
      vertex -85.3614 52.0109 0
      vertex -85.2917 52.1102 0
      vertex -85.2917 52.1102 -0.8
    endloop
  endfacet
  facet normal -0.896667 0.442706 0
    outer loop
      vertex -85.2917 52.1102 -0.8
      vertex -85.2917 52.1102 0
      vertex -85.2327 52.2297 -0.8
    endloop
  endfacet
  facet normal -0.896667 0.442706 0
    outer loop
      vertex -85.2917 52.1102 0
      vertex -85.2327 52.2297 0
      vertex -85.2327 52.2297 -0.8
    endloop
  endfacet
  facet normal -0.945227 0.326414 0
    outer loop
      vertex -85.2327 52.2297 -0.8
      vertex -85.2327 52.2297 0
      vertex -85.1828 52.3742 -0.8
    endloop
  endfacet
  facet normal -0.945227 0.326414 0
    outer loop
      vertex -85.2327 52.2297 0
      vertex -85.1828 52.3742 0
      vertex -85.1828 52.3742 -0.8
    endloop
  endfacet
  facet normal -0.9721 0.234566 0
    outer loop
      vertex -85.1828 52.3742 -0.8
      vertex -85.1828 52.3742 0
      vertex -85.1419 52.5437 -0.8
    endloop
  endfacet
  facet normal -0.9721 0.234566 0
    outer loop
      vertex -85.1828 52.3742 0
      vertex -85.1419 52.5437 0
      vertex -85.1419 52.5437 -0.8
    endloop
  endfacet
  facet normal -0.98691 0.161273 0
    outer loop
      vertex -85.1419 52.5437 -0.8
      vertex -85.1419 52.5437 0
      vertex -85.1101 52.7383 -0.8
    endloop
  endfacet
  facet normal -0.98691 0.161273 0
    outer loop
      vertex -85.1419 52.5437 0
      vertex -85.1101 52.7383 0
      vertex -85.1101 52.7383 -0.8
    endloop
  endfacet
  facet normal -0.994695 0.102868 0
    outer loop
      vertex -85.1101 52.7383 -0.8
      vertex -85.1101 52.7383 0
      vertex -85.0874 52.9578 -0.8
    endloop
  endfacet
  facet normal -0.994695 0.102868 0
    outer loop
      vertex -85.1101 52.7383 0
      vertex -85.0874 52.9578 0
      vertex -85.0874 52.9578 -0.8
    endloop
  endfacet
  facet normal -0.998458 0.0555152 0
    outer loop
      vertex -85.0874 52.9578 -0.8
      vertex -85.0874 52.9578 0
      vertex -85.0738 53.2024 -0.8
    endloop
  endfacet
  facet normal -0.998458 0.0555152 0
    outer loop
      vertex -85.0874 52.9578 0
      vertex -85.0738 53.2024 0
      vertex -85.0738 53.2024 -0.8
    endloop
  endfacet
  facet normal -0.999861 0.0166891 0
    outer loop
      vertex -85.0738 53.2024 -0.8
      vertex -85.0738 53.2024 0
      vertex -85.0693 53.472 -0.8
    endloop
  endfacet
  facet normal -0.999861 0.0166891 0
    outer loop
      vertex -85.0738 53.2024 0
      vertex -85.0693 53.472 0
      vertex -85.0693 53.472 -0.8
    endloop
  endfacet
  facet normal -1 0 0
    outer loop
      vertex -85.0693 53.472 -0.8
      vertex -85.0693 53.472 0
      vertex -85.0693 57.7469 -0.8
    endloop
  endfacet
  facet normal -1 0 0
    outer loop
      vertex -85.0693 53.472 0
      vertex -85.0693 57.7469 0
      vertex -85.0693 57.7469 -0.8
    endloop
  endfacet
  facet normal -0.999029 0.0440669 0
    outer loop
      vertex -85.0693 57.7469 -0.8
      vertex -85.0693 57.7469 0
      vertex -85.0447 58.3046 -0.8
    endloop
  endfacet
  facet normal -0.999029 0.0440669 0
    outer loop
      vertex -85.0693 57.7469 0
      vertex -85.0447 58.3046 0
      vertex -85.0447 58.3046 -0.8
    endloop
  endfacet
  facet normal -0.990113 0.140275 0
    outer loop
      vertex -85.0447 58.3046 -0.8
      vertex -85.0447 58.3046 0
      vertex -84.971 58.8248 -0.8
    endloop
  endfacet
  facet normal -0.990113 0.140275 0
    outer loop
      vertex -85.0447 58.3046 0
      vertex -84.971 58.8248 0
      vertex -84.971 58.8248 -0.8
    endloop
  endfacet
  facet normal -0.969058 0.246834 0
    outer loop
      vertex -84.971 58.8248 -0.8
      vertex -84.971 58.8248 0
      vertex -84.8481 59.3073 -0.8
    endloop
  endfacet
  facet normal -0.969058 0.246834 0
    outer loop
      vertex -84.971 58.8248 0
      vertex -84.8481 59.3073 0
      vertex -84.8481 59.3073 -0.8
    endloop
  endfacet
  facet normal -0.932625 0.360847 0
    outer loop
      vertex -84.8481 59.3073 -0.8
      vertex -84.8481 59.3073 0
      vertex -84.676 59.7521 -0.8
    endloop
  endfacet
  facet normal -0.932625 0.360847 0
    outer loop
      vertex -84.8481 59.3073 0
      vertex -84.676 59.7521 0
      vertex -84.676 59.7521 -0.8
    endloop
  endfacet
  facet normal -0.878719 0.477339 0
    outer loop
      vertex -84.676 59.7521 -0.8
      vertex -84.676 59.7521 0
      vertex -84.4548 60.1593 -0.8
    endloop
  endfacet
  facet normal -0.878719 0.477339 0
    outer loop
      vertex -84.676 59.7521 0
      vertex -84.4548 60.1593 0
      vertex -84.4548 60.1593 -0.8
    endloop
  endfacet
  facet normal -0.807175 0.590312 0
    outer loop
      vertex -84.4548 60.1593 -0.8
      vertex -84.4548 60.1593 0
      vertex -84.1845 60.5289 -0.8
    endloop
  endfacet
  facet normal -0.807175 0.590312 0
    outer loop
      vertex -84.4548 60.1593 0
      vertex -84.1845 60.5289 0
      vertex -84.1845 60.5289 -0.8
    endloop
  endfacet
  facet normal -0.720437 0.693521 0
    outer loop
      vertex -84.1845 60.5289 -0.8
      vertex -84.1845 60.5289 0
      vertex -83.865 60.8608 -0.8
    endloop
  endfacet
  facet normal -0.720437 0.693521 0
    outer loop
      vertex -84.1845 60.5289 0
      vertex -83.865 60.8608 0
      vertex -83.865 60.8608 -0.8
    endloop
  endfacet
  facet normal -0.623099 0.782143 0
    outer loop
      vertex -83.865 60.8608 -0.8
      vertex -83.865 60.8608 0
      vertex -83.5001 61.1515 -0.8
    endloop
  endfacet
  facet normal -0.623099 0.782143 0
    outer loop
      vertex -83.865 60.8608 0
      vertex -83.5001 61.1515 0
      vertex -83.5001 61.1515 -0.8
    endloop
  endfacet
  facet normal -0.517649 0.855593 0
    outer loop
      vertex -83.5001 61.1515 -0.8
      vertex -83.5001 61.1515 0
      vertex -83.0935 61.3975 -0.8
    endloop
  endfacet
  facet normal -0.517649 0.855593 0
    outer loop
      vertex -83.5001 61.1515 0
      vertex -83.0935 61.3975 0
      vertex -83.0935 61.3975 -0.8
    endloop
  endfacet
  facet normal -0.409781 0.912184 0
    outer loop
      vertex -83.0935 61.3975 -0.8
      vertex -83.0935 61.3975 0
      vertex -82.6454 61.5988 -0.8
    endloop
  endfacet
  facet normal -0.409781 0.912184 0
    outer loop
      vertex -83.0935 61.3975 0
      vertex -82.6454 61.5988 0
      vertex -82.6454 61.5988 -0.8
    endloop
  endfacet
  facet normal -0.304479 0.952519 0
    outer loop
      vertex -82.6454 61.5988 -0.8
      vertex -82.6454 61.5988 0
      vertex -82.1555 61.7554 -0.8
    endloop
  endfacet
  facet normal -0.304479 0.952519 0
    outer loop
      vertex -82.6454 61.5988 0
      vertex -82.1555 61.7554 0
      vertex -82.1555 61.7554 -0.8
    endloop
  endfacet
  facet normal -0.205881 0.978577 0
    outer loop
      vertex -82.1555 61.7554 -0.8
      vertex -82.1555 61.7554 0
      vertex -81.6241 61.8672 -0.8
    endloop
  endfacet
  facet normal -0.205881 0.978577 0
    outer loop
      vertex -82.1555 61.7554 0
      vertex -81.6241 61.8672 0
      vertex -81.6241 61.8672 -0.8
    endloop
  endfacet
  facet normal -0.116288 0.993216 0
    outer loop
      vertex -81.6241 61.8672 -0.8
      vertex -81.6241 61.8672 0
      vertex -81.051 61.9343 -0.8
    endloop
  endfacet
  facet normal -0.116288 0.993216 0
    outer loop
      vertex -81.6241 61.8672 0
      vertex -81.051 61.9343 0
      vertex -81.051 61.9343 -0.8
    endloop
  endfacet
  facet normal -0.036254 0.999343 0
    outer loop
      vertex -81.051 61.9343 -0.8
      vertex -81.051 61.9343 0
      vertex -80.4363 61.9566 -0.8
    endloop
  endfacet
  facet normal -0.036254 0.999343 0
    outer loop
      vertex -81.051 61.9343 0
      vertex -80.4363 61.9566 0
      vertex -80.4363 61.9566 -0.8
    endloop
  endfacet
  facet normal 0.0294809 0.999565 -0
    outer loop
      vertex -80.4363 61.9566 -0.8
      vertex -80.4363 61.9566 0
      vertex -79.826 61.9386 -0.8
    endloop
  endfacet
  facet normal 0.0294809 0.999565 0
    outer loop
      vertex -80.4363 61.9566 0
      vertex -79.826 61.9386 0
      vertex -79.826 61.9386 -0.8
    endloop
  endfacet
  facet normal 0.0942511 0.995548 -0
    outer loop
      vertex -79.826 61.9386 -0.8
      vertex -79.826 61.9386 0
      vertex -79.2535 61.8844 -0.8
    endloop
  endfacet
  facet normal 0.0942511 0.995548 0
    outer loop
      vertex -79.826 61.9386 0
      vertex -79.2535 61.8844 0
      vertex -79.2535 61.8844 -0.8
    endloop
  endfacet
  facet normal 0.166343 0.986068 -0
    outer loop
      vertex -79.2535 61.8844 -0.8
      vertex -79.2535 61.8844 0
      vertex -78.7188 61.7942 -0.8
    endloop
  endfacet
  facet normal 0.166343 0.986068 0
    outer loop
      vertex -79.2535 61.8844 0
      vertex -78.7188 61.7942 0
      vertex -78.7188 61.7942 -0.8
    endloop
  endfacet
  facet normal 0.246389 0.969171 -0
    outer loop
      vertex -78.7188 61.7942 -0.8
      vertex -78.7188 61.7942 0
      vertex -78.222 61.6679 -0.8
    endloop
  endfacet
  facet normal 0.246389 0.969171 0
    outer loop
      vertex -78.7188 61.7942 0
      vertex -78.222 61.6679 0
      vertex -78.222 61.6679 -0.8
    endloop
  endfacet
  facet normal 0.333798 0.942645 -0
    outer loop
      vertex -78.222 61.6679 -0.8
      vertex -78.222 61.6679 0
      vertex -77.7631 61.5054 -0.8
    endloop
  endfacet
  facet normal 0.333798 0.942645 0
    outer loop
      vertex -78.222 61.6679 0
      vertex -77.7631 61.5054 0
      vertex -77.7631 61.5054 -0.8
    endloop
  endfacet
  facet normal 0.426469 0.904502 -0
    outer loop
      vertex -77.7631 61.5054 -0.8
      vertex -77.7631 61.5054 0
      vertex -77.3421 61.3069 -0.8
    endloop
  endfacet
  facet normal 0.426469 0.904502 0
    outer loop
      vertex -77.7631 61.5054 0
      vertex -77.3421 61.3069 0
      vertex -77.3421 61.3069 -0.8
    endloop
  endfacet
  facet normal 0.522134 0.852863 -0
    outer loop
      vertex -77.3421 61.3069 -0.8
      vertex -77.3421 61.3069 0
      vertex -76.9589 61.0723 -0.8
    endloop
  endfacet
  facet normal 0.522134 0.852863 0
    outer loop
      vertex -77.3421 61.3069 0
      vertex -76.9589 61.0723 0
      vertex -76.9589 61.0723 -0.8
    endloop
  endfacet
  facet normal 0.616629 0.787254 -0
    outer loop
      vertex -76.9589 61.0723 -0.8
      vertex -76.9589 61.0723 0
      vertex -76.6147 60.8027 -0.8
    endloop
  endfacet
  facet normal 0.616629 0.787254 0
    outer loop
      vertex -76.9589 61.0723 0
      vertex -76.6147 60.8027 0
      vertex -76.6147 60.8027 -0.8
    endloop
  endfacet
  facet normal 0.706292 0.707921 -0
    outer loop
      vertex -76.6147 60.8027 -0.8
      vertex -76.6147 60.8027 0
      vertex -76.3106 60.4993 -0.8
    endloop
  endfacet
  facet normal 0.706292 0.707921 0
    outer loop
      vertex -76.6147 60.8027 0
      vertex -76.3106 60.4993 0
      vertex -76.3106 60.4993 -0.8
    endloop
  endfacet
  facet normal 0.787475 0.616346 -0
    outer loop
      vertex -76.3106 60.4993 -0.8
      vertex -76.3106 60.4993 0
      vertex -76.0466 60.162 -0.8
    endloop
  endfacet
  facet normal 0.787475 0.616346 0
    outer loop
      vertex -76.3106 60.4993 0
      vertex -76.0466 60.162 0
      vertex -76.0466 60.162 -0.8
    endloop
  endfacet
  facet normal 0.856188 0.516665 -0
    outer loop
      vertex -76.0466 60.162 -0.8
      vertex -76.0466 60.162 0
      vertex -75.8226 59.7908 -0.8
    endloop
  endfacet
  facet normal 0.856188 0.516665 0
    outer loop
      vertex -76.0466 60.162 0
      vertex -75.8226 59.7908 0
      vertex -75.8226 59.7908 -0.8
    endloop
  endfacet
  facet normal 0.910651 0.413176 -0
    outer loop
      vertex -75.8226 59.7908 -0.8
      vertex -75.8226 59.7908 0
      vertex -75.6388 59.3857 -0.8
    endloop
  endfacet
  facet normal 0.910651 0.413176 0
    outer loop
      vertex -75.8226 59.7908 0
      vertex -75.6388 59.3857 0
      vertex -75.6388 59.3857 -0.8
    endloop
  endfacet
  facet normal 0.950231 0.311547 -0
    outer loop
      vertex -75.6388 59.3857 -0.8
      vertex -75.6388 59.3857 0
      vertex -75.4949 58.9468 -0.8
    endloop
  endfacet
  facet normal 0.950231 0.311547 0
    outer loop
      vertex -75.6388 59.3857 0
      vertex -75.4949 58.9468 0
      vertex -75.4949 58.9468 -0.8
    endloop
  endfacet
  facet normal 0.976791 0.214196 -0
    outer loop
      vertex -75.4949 58.9468 -0.8
      vertex -75.4949 58.9468 0
      vertex -75.3912 58.4739 -0.8
    endloop
  endfacet
  facet normal 0.976791 0.214196 0
    outer loop
      vertex -75.4949 58.9468 0
      vertex -75.3912 58.4739 0
      vertex -75.3912 58.4739 -0.8
    endloop
  endfacet
  facet normal 0.0477577 -0.998859 0
    outer loop
      vertex -75.3912 58.4739 -0.8
      vertex -75.3912 58.4739 0
      vertex -78.5703 58.3219 -0.8
    endloop
  endfacet
  facet normal 0.0477577 -0.998859 0
    outer loop
      vertex -75.3912 58.4739 0
      vertex -78.5703 58.3219 0
      vertex -78.5703 58.3219 -0.8
    endloop
  endfacet
  facet normal -0.990478 -0.137668 0
    outer loop
      vertex -78.5703 58.3219 -0.8
      vertex -78.5703 58.3219 0
      vertex -78.6042 58.5658 -0.8
    endloop
  endfacet
  facet normal -0.990478 -0.137668 0
    outer loop
      vertex -78.5703 58.3219 0
      vertex -78.6042 58.5658 0
      vertex -78.6042 58.5658 -0.8
    endloop
  endfacet
  facet normal -0.979278 -0.202519 0
    outer loop
      vertex -78.6042 58.5658 -0.8
      vertex -78.6042 58.5658 0
      vertex -78.6504 58.7892 -0.8
    endloop
  endfacet
  facet normal -0.979278 -0.202519 0
    outer loop
      vertex -78.6042 58.5658 0
      vertex -78.6504 58.7892 0
      vertex -78.6504 58.7892 -0.8
    endloop
  endfacet
  facet normal -0.961039 -0.276411 0
    outer loop
      vertex -78.6504 58.7892 -0.8
      vertex -78.6504 58.7892 0
      vertex -78.7087 58.9919 -0.8
    endloop
  endfacet
  facet normal -0.961039 -0.276411 0
    outer loop
      vertex -78.6504 58.7892 0
      vertex -78.7087 58.9919 0
      vertex -78.7087 58.9919 -0.8
    endloop
  endfacet
  facet normal -0.932551 -0.361037 0
    outer loop
      vertex -78.7087 58.9919 -0.8
      vertex -78.7087 58.9919 0
      vertex -78.7792 59.174 -0.8
    endloop
  endfacet
  facet normal -0.932551 -0.361037 0
    outer loop
      vertex -78.7087 58.9919 0
      vertex -78.7792 59.174 0
      vertex -78.7792 59.174 -0.8
    endloop
  endfacet
  facet normal -0.890087 -0.455791 0
    outer loop
      vertex -78.7792 59.174 -0.8
      vertex -78.7792 59.174 0
      vertex -78.8619 59.3355 -0.8
    endloop
  endfacet
  facet normal -0.890087 -0.455791 0
    outer loop
      vertex -78.7792 59.174 0
      vertex -78.8619 59.3355 0
      vertex -78.8619 59.3355 -0.8
    endloop
  endfacet
  facet normal -0.829598 -0.558361 0
    outer loop
      vertex -78.8619 59.3355 -0.8
      vertex -78.8619 59.3355 0
      vertex -78.9568 59.4765 -0.8
    endloop
  endfacet
  facet normal -0.829598 -0.558361 0
    outer loop
      vertex -78.8619 59.3355 0
      vertex -78.9568 59.4765 0
      vertex -78.9568 59.4765 -0.8
    endloop
  endfacet
  facet normal -0.746895 -0.664942 0
    outer loop
      vertex -78.9568 59.4765 -0.8
      vertex -78.9568 59.4765 0
      vertex -79.0639 59.5968 -0.8
    endloop
  endfacet
  facet normal -0.746895 -0.664942 0
    outer loop
      vertex -78.9568 59.4765 0
      vertex -79.0639 59.5968 0
      vertex -79.0639 59.5968 -0.8
    endloop
  endfacet
  facet normal -0.641233 -0.767346 0
    outer loop
      vertex -79.0639 59.5968 -0.8
      vertex -79.0639 59.5968 0
      vertex -79.1862 59.699 -0.8
    endloop
  endfacet
  facet normal -0.641233 -0.767346 0
    outer loop
      vertex -79.0639 59.5968 0
      vertex -79.1862 59.699 0
      vertex -79.1862 59.699 -0.8
    endloop
  endfacet
  facet normal -0.523726 -0.851887 0
    outer loop
      vertex -79.1862 59.699 -0.8
      vertex -79.1862 59.699 0
      vertex -79.3269 59.7855 -0.8
    endloop
  endfacet
  facet normal -0.523726 -0.851887 0
    outer loop
      vertex -79.1862 59.699 0
      vertex -79.3269 59.7855 0
      vertex -79.3269 59.7855 -0.8
    endloop
  endfacet
  facet normal -0.406565 -0.913622 0
    outer loop
      vertex -79.3269 59.7855 -0.8
      vertex -79.3269 59.7855 0
      vertex -79.486 59.8563 -0.8
    endloop
  endfacet
  facet normal -0.406565 -0.913622 0
    outer loop
      vertex -79.3269 59.7855 0
      vertex -79.486 59.8563 0
      vertex -79.486 59.8563 -0.8
    endloop
  endfacet
  facet normal -0.295976 -0.955195 0
    outer loop
      vertex -79.486 59.8563 -0.8
      vertex -79.486 59.8563 0
      vertex -79.6635 59.9113 -0.8
    endloop
  endfacet
  facet normal -0.295976 -0.955195 0
    outer loop
      vertex -79.486 59.8563 0
      vertex -79.6635 59.9113 0
      vertex -79.6635 59.9113 -0.8
    endloop
  endfacet
  facet normal -0.196694 -0.980465 0
    outer loop
      vertex -79.6635 59.9113 -0.8
      vertex -79.6635 59.9113 0
      vertex -79.8594 59.9506 -0.8
    endloop
  endfacet
  facet normal -0.196694 -0.980465 0
    outer loop
      vertex -79.6635 59.9113 0
      vertex -79.8594 59.9506 0
      vertex -79.8594 59.9506 -0.8
    endloop
  endfacet
  facet normal -0.109515 -0.993985 0
    outer loop
      vertex -79.8594 59.9506 -0.8
      vertex -79.8594 59.9506 0
      vertex -80.0736 59.9742 -0.8
    endloop
  endfacet
  facet normal -0.109515 -0.993985 0
    outer loop
      vertex -79.8594 59.9506 0
      vertex -80.0736 59.9742 0
      vertex -80.0736 59.9742 -0.8
    endloop
  endfacet
  facet normal -0.0339297 -0.999424 0
    outer loop
      vertex -80.0736 59.9742 -0.8
      vertex -80.0736 59.9742 0
      vertex -80.3063 59.9821 -0.8
    endloop
  endfacet
  facet normal -0.0339297 -0.999424 0
    outer loop
      vertex -80.0736 59.9742 0
      vertex -80.3063 59.9821 0
      vertex -80.3063 59.9821 -0.8
    endloop
  endfacet
  facet normal 0.0455709 -0.998961 0
    outer loop
      vertex -80.3063 59.9821 -0.8
      vertex -80.3063 59.9821 0
      vertex -80.5562 59.9707 -0.8
    endloop
  endfacet
  facet normal 0.0455709 -0.998961 0
    outer loop
      vertex -80.3063 59.9821 0
      vertex -80.5562 59.9707 0
      vertex -80.5562 59.9707 -0.8
    endloop
  endfacet
  facet normal 0.148003 -0.988987 0
    outer loop
      vertex -80.5562 59.9707 -0.8
      vertex -80.5562 59.9707 0
      vertex -80.7854 59.9364 -0.8
    endloop
  endfacet
  facet normal 0.148003 -0.988987 0
    outer loop
      vertex -80.5562 59.9707 0
      vertex -80.7854 59.9364 0
      vertex -80.7854 59.9364 -0.8
    endloop
  endfacet
  facet normal 0.263822 -0.964571 0
    outer loop
      vertex -80.7854 59.9364 -0.8
      vertex -80.7854 59.9364 0
      vertex -80.9938 59.8794 -0.8
    endloop
  endfacet
  facet normal 0.263822 -0.964571 0
    outer loop
      vertex -80.7854 59.9364 0
      vertex -80.9938 59.8794 0
      vertex -80.9938 59.8794 -0.8
    endloop
  endfacet
  facet normal 0.391608 -0.920132 0
    outer loop
      vertex -80.9938 59.8794 -0.8
      vertex -80.9938 59.8794 0
      vertex -81.1813 59.7996 -0.8
    endloop
  endfacet
  facet normal 0.391608 -0.920132 0
    outer loop
      vertex -80.9938 59.8794 0
      vertex -81.1813 59.7996 0
      vertex -81.1813 59.7996 -0.8
    endloop
  endfacet
  facet normal 0.524525 -0.851395 0
    outer loop
      vertex -81.1813 59.7996 -0.8
      vertex -81.1813 59.7996 0
      vertex -81.348 59.6969 -0.8
    endloop
  endfacet
  facet normal 0.524525 -0.851395 0
    outer loop
      vertex -81.1813 59.7996 0
      vertex -81.348 59.6969 0
      vertex -81.348 59.6969 -0.8
    endloop
  endfacet
  facet normal 0.651561 -0.758596 0
    outer loop
      vertex -81.348 59.6969 -0.8
      vertex -81.348 59.6969 0
      vertex -81.494 59.5715 -0.8
    endloop
  endfacet
  facet normal 0.651561 -0.758596 0
    outer loop
      vertex -81.348 59.6969 0
      vertex -81.494 59.5715 0
      vertex -81.494 59.5715 -0.8
    endloop
  endfacet
  facet normal 0.764617 -0.644485 0
    outer loop
      vertex -81.494 59.5715 -0.8
      vertex -81.494 59.5715 0
      vertex -81.619 59.4232 -0.8
    endloop
  endfacet
  facet normal 0.764617 -0.644485 0
    outer loop
      vertex -81.494 59.5715 0
      vertex -81.619 59.4232 0
      vertex -81.619 59.4232 -0.8
    endloop
  endfacet
  facet normal 0.849579 -0.527461 0
    outer loop
      vertex -81.619 59.4232 -0.8
      vertex -81.619 59.4232 0
      vertex -81.7256 59.2515 -0.8
    endloop
  endfacet
  facet normal 0.849579 -0.527461 0
    outer loop
      vertex -81.619 59.4232 0
      vertex -81.7256 59.2515 0
      vertex -81.7256 59.2515 -0.8
    endloop
  endfacet
  facet normal 0.908515 -0.417852 0
    outer loop
      vertex -81.7256 59.2515 -0.8
      vertex -81.7256 59.2515 0
      vertex -81.8157 59.0556 -0.8
    endloop
  endfacet
  facet normal 0.908515 -0.417852 0
    outer loop
      vertex -81.7256 59.2515 0
      vertex -81.8157 59.0556 0
      vertex -81.8157 59.0556 -0.8
    endloop
  endfacet
  facet normal 0.948165 -0.31778 0
    outer loop
      vertex -81.8157 59.0556 -0.8
      vertex -81.8157 59.0556 0
      vertex -81.8894 58.8357 -0.8
    endloop
  endfacet
  facet normal 0.948165 -0.31778 0
    outer loop
      vertex -81.8157 59.0556 0
      vertex -81.8894 58.8357 0
      vertex -81.8894 58.8357 -0.8
    endloop
  endfacet
  facet normal 0.973449 -0.228906 0
    outer loop
      vertex -81.8894 58.8357 -0.8
      vertex -81.8894 58.8357 0
      vertex -81.9468 58.5916 -0.8
    endloop
  endfacet
  facet normal 0.973449 -0.228906 0
    outer loop
      vertex -81.8894 58.8357 0
      vertex -81.9468 58.5916 0
      vertex -81.9468 58.5916 -0.8
    endloop
  endfacet
  facet normal 0.988579 -0.1507 0
    outer loop
      vertex -81.9468 58.5916 -0.8
      vertex -81.9468 58.5916 0
      vertex -81.9877 58.3233 -0.8
    endloop
  endfacet
  facet normal 0.988579 -0.1507 0
    outer loop
      vertex -81.9468 58.5916 0
      vertex -81.9877 58.3233 0
      vertex -81.9877 58.3233 -0.8
    endloop
  endfacet
  facet normal 0.99648 -0.0838352 0
    outer loop
      vertex -81.9877 58.3233 -0.8
      vertex -81.9877 58.3233 0
      vertex -82.0123 58.0309 -0.8
    endloop
  endfacet
  facet normal 0.99648 -0.0838352 0
    outer loop
      vertex -81.9877 58.3233 0
      vertex -82.0123 58.0309 0
      vertex -82.0123 58.0309 -0.8
    endloop
  endfacet
  facet normal 0.999665 -0.0258997 0
    outer loop
      vertex -82.0123 58.0309 -0.8
      vertex -82.0123 58.0309 0
      vertex -82.0205 57.7144 -0.8
    endloop
  endfacet
  facet normal 0.999665 -0.0258997 0
    outer loop
      vertex -82.0123 58.0309 0
      vertex -82.0205 57.7144 0
      vertex -82.0205 57.7144 -0.8
    endloop
  endfacet
  facet normal 1 0 -0
    outer loop
      vertex -82.0205 57.7144 -0.8
      vertex -82.0205 57.7144 0
      vertex -82.0205 57.1176 -0.8
    endloop
  endfacet
  facet normal 1 0 0
    outer loop
      vertex -82.0205 57.7144 0
      vertex -82.0205 57.1176 0
      vertex -82.0205 57.1176 -0.8
    endloop
  endfacet
  facet normal 0.0171652 0.999853 -0
    outer loop
      vertex -82.0205 57.1176 -0.8
      vertex -82.0205 57.1176 0
      vertex -79.4925 57.0742 -0.8
    endloop
  endfacet
  facet normal 0.0171652 0.999853 0
    outer loop
      vertex -82.0205 57.1176 0
      vertex -79.4925 57.0742 0
      vertex -79.4925 57.0742 -0.8
    endloop
  endfacet
  facet normal 0.0404164 0.999183 -0
    outer loop
      vertex -79.4925 57.0742 -0.8
      vertex -79.4925 57.0742 0
      vertex -78.8695 57.049 -0.8
    endloop
  endfacet
  facet normal 0.0404164 0.999183 0
    outer loop
      vertex -79.4925 57.0742 0
      vertex -78.8695 57.049 0
      vertex -78.8695 57.049 -0.8
    endloop
  endfacet
  facet normal 0.108774 0.994066 -0
    outer loop
      vertex -78.8695 57.049 -0.8
      vertex -78.8695 57.049 0
      vertex -78.2901 56.9856 -0.8
    endloop
  endfacet
  facet normal 0.108774 0.994066 0
    outer loop
      vertex -78.8695 57.049 0
      vertex -78.2901 56.9856 0
      vertex -78.2901 56.9856 -0.8
    endloop
  endfacet
  facet normal 0.185983 0.982553 -0
    outer loop
      vertex -78.2901 56.9856 -0.8
      vertex -78.2901 56.9856 0
      vertex -77.7544 56.8842 -0.8
    endloop
  endfacet
  facet normal 0.185983 0.982553 0
    outer loop
      vertex -78.2901 56.9856 0
      vertex -77.7544 56.8842 0
      vertex -77.7544 56.8842 -0.8
    endloop
  endfacet
  facet normal 0.272681 0.962105 -0
    outer loop
      vertex -77.7544 56.8842 -0.8
      vertex -77.7544 56.8842 0
      vertex -77.2622 56.7447 -0.8
    endloop
  endfacet
  facet normal 0.272681 0.962105 0
    outer loop
      vertex -77.7544 56.8842 0
      vertex -77.2622 56.7447 0
      vertex -77.2622 56.7447 -0.8
    endloop
  endfacet
  facet normal 0.368172 0.929758 -0
    outer loop
      vertex -77.2622 56.7447 -0.8
      vertex -77.2622 56.7447 0
      vertex -76.8137 56.5671 -0.8
    endloop
  endfacet
  facet normal 0.368172 0.929758 0
    outer loop
      vertex -77.2622 56.7447 0
      vertex -76.8137 56.5671 0
      vertex -76.8137 56.5671 -0.8
    endloop
  endfacet
  facet normal 0.47017 0.882576 -0
    outer loop
      vertex -76.8137 56.5671 -0.8
      vertex -76.8137 56.5671 0
      vertex -76.4088 56.3514 -0.8
    endloop
  endfacet
  facet normal 0.47017 0.882576 0
    outer loop
      vertex -76.8137 56.5671 0
      vertex -76.4088 56.3514 0
      vertex -76.4088 56.3514 -0.8
    endloop
  endfacet
  facet normal 0.574814 0.818284 -0
    outer loop
      vertex -76.4088 56.3514 -0.8
      vertex -76.4088 56.3514 0
      vertex -76.0475 56.0976 -0.8
    endloop
  endfacet
  facet normal 0.574814 0.818284 0
    outer loop
      vertex -76.4088 56.3514 0
      vertex -76.0475 56.0976 0
      vertex -76.0475 56.0976 -0.8
    endloop
  endfacet
  facet normal 0.677708 0.735331 -0
    outer loop
      vertex -76.0475 56.0976 -0.8
      vertex -76.0475 56.0976 0
      vertex -75.7323 55.8071 -0.8
    endloop
  endfacet
  facet normal 0.677708 0.735331 0
    outer loop
      vertex -76.0475 56.0976 0
      vertex -75.7323 55.8071 0
      vertex -75.7323 55.8071 -0.8
    endloop
  endfacet
  facet normal 0.77401 0.633173 -0
    outer loop
      vertex -75.7323 55.8071 -0.8
      vertex -75.7323 55.8071 0
      vertex -75.4657 55.4812 -0.8
    endloop
  endfacet
  facet normal 0.77401 0.633173 0
    outer loop
      vertex -75.7323 55.8071 0
      vertex -75.4657 55.4812 0
      vertex -75.4657 55.4812 -0.8
    endloop
  endfacet
  facet normal 0.856068 0.516863 -0
    outer loop
      vertex -75.4657 55.4812 -0.8
      vertex -75.4657 55.4812 0
      vertex -75.2475 55.1198 -0.8
    endloop
  endfacet
  facet normal 0.856068 0.516863 0
    outer loop
      vertex -75.4657 55.4812 0
      vertex -75.2475 55.1198 0
      vertex -75.2475 55.1198 -0.8
    endloop
  endfacet
  facet normal 0.919325 0.3935 -0
    outer loop
      vertex -75.2475 55.1198 -0.8
      vertex -75.2475 55.1198 0
      vertex -75.0777 54.7231 -0.8
    endloop
  endfacet
  facet normal 0.919325 0.3935 0
    outer loop
      vertex -75.2475 55.1198 0
      vertex -75.0777 54.7231 0
      vertex -75.0777 54.7231 -0.8
    endloop
  endfacet
  facet normal 0.962874 0.269952 -0
    outer loop
      vertex -75.0777 54.7231 -0.8
      vertex -75.0777 54.7231 0
      vertex -74.9565 54.2908 -0.8
    endloop
  endfacet
  facet normal 0.962874 0.269952 0
    outer loop
      vertex -75.0777 54.7231 0
      vertex -74.9565 54.2908 0
      vertex -74.9565 54.2908 -0.8
    endloop
  endfacet
  facet normal 0.988129 0.153629 -0
    outer loop
      vertex -74.9565 54.2908 -0.8
      vertex -74.9565 54.2908 0
      vertex -74.8838 53.8232 -0.8
    endloop
  endfacet
  facet normal 0.988129 0.153629 0
    outer loop
      vertex -74.9565 54.2908 0
      vertex -74.8838 53.8232 0
      vertex -74.8838 53.8232 -0.8
    endloop
  endfacet
  facet normal 0.998835 0.0482539 -0
    outer loop
      vertex -74.8838 53.8232 -0.8
      vertex -74.8838 53.8232 0
      vertex -74.8595 53.3202 -0.8
    endloop
  endfacet
  facet normal 0.998835 0.0482539 0
    outer loop
      vertex -74.8838 53.8232 0
      vertex -74.8595 53.3202 0
      vertex -74.8595 53.3202 -0.8
    endloop
  endfacet
  facet normal 0.999123 -0.0418807 0
    outer loop
      vertex -74.8595 53.3202 -0.8
      vertex -74.8595 53.3202 0
      vertex -74.879 52.855 -0.8
    endloop
  endfacet
  facet normal 0.999123 -0.0418807 0
    outer loop
      vertex -74.8595 53.3202 0
      vertex -74.879 52.855 0
      vertex -74.879 52.855 -0.8
    endloop
  endfacet
  facet normal 0.99105 -0.133494 0
    outer loop
      vertex -74.879 52.855 -0.8
      vertex -74.879 52.855 0
      vertex -74.9375 52.4207 -0.8
    endloop
  endfacet
  facet normal 0.99105 -0.133494 0
    outer loop
      vertex -74.879 52.855 0
      vertex -74.9375 52.4207 0
      vertex -74.9375 52.4207 -0.8
    endloop
  endfacet
  facet normal 0.97208 -0.234648 0
    outer loop
      vertex -74.9375 52.4207 -0.8
      vertex -74.9375 52.4207 0
      vertex -75.0349 52.0172 -0.8
    endloop
  endfacet
  facet normal 0.97208 -0.234648 0
    outer loop
      vertex -74.9375 52.4207 0
      vertex -75.0349 52.0172 0
      vertex -75.0349 52.0172 -0.8
    endloop
  endfacet
  facet normal 0.939115 -0.343603 0
    outer loop
      vertex -75.0349 52.0172 -0.8
      vertex -75.0349 52.0172 0
      vertex -75.1713 51.6444 -0.8
    endloop
  endfacet
  facet normal 0.939115 -0.343603 0
    outer loop
      vertex -75.0349 52.0172 0
      vertex -75.1713 51.6444 0
      vertex -75.1713 51.6444 -0.8
    endloop
  endfacet
  facet normal 0.889907 -0.456142 0
    outer loop
      vertex -75.1713 51.6444 -0.8
      vertex -75.1713 51.6444 0
      vertex -75.3466 51.3024 -0.8
    endloop
  endfacet
  facet normal 0.889907 -0.456142 0
    outer loop
      vertex -75.1713 51.6444 0
      vertex -75.3466 51.3024 0
      vertex -75.3466 51.3024 -0.8
    endloop
  endfacet
  facet normal 0.823571 -0.567214 0
    outer loop
      vertex -75.3466 51.3024 -0.8
      vertex -75.3466 51.3024 0
      vertex -75.561 50.9911 -0.8
    endloop
  endfacet
  facet normal 0.823571 -0.567214 0
    outer loop
      vertex -75.3466 51.3024 0
      vertex -75.561 50.9911 0
      vertex -75.561 50.9911 -0.8
    endloop
  endfacet
  facet normal 0.742056 -0.670338 0
    outer loop
      vertex -75.561 50.9911 -0.8
      vertex -75.561 50.9911 0
      vertex -75.8143 50.7107 -0.8
    endloop
  endfacet
  facet normal 0.742056 -0.670338 0
    outer loop
      vertex -75.561 50.9911 0
      vertex -75.8143 50.7107 0
      vertex -75.8143 50.7107 -0.8
    endloop
  endfacet
  facet normal 0.649508 -0.760355 0
    outer loop
      vertex -75.8143 50.7107 -0.8
      vertex -75.8143 50.7107 0
      vertex -76.1024 50.4646 -0.8
    endloop
  endfacet
  facet normal 0.649508 -0.760355 0
    outer loop
      vertex -75.8143 50.7107 0
      vertex -76.1024 50.4646 0
      vertex -76.1024 50.4646 -0.8
    endloop
  endfacet
  facet normal 0.547221 -0.836988 0
    outer loop
      vertex -76.1024 50.4646 -0.8
      vertex -76.1024 50.4646 0
      vertex -76.421 50.2563 -0.8
    endloop
  endfacet
  facet normal 0.547221 -0.836988 0
    outer loop
      vertex -76.1024 50.4646 0
      vertex -76.421 50.2563 0
      vertex -76.421 50.2563 -0.8
    endloop
  endfacet
  facet normal 0.438337 -0.89881 0
    outer loop
      vertex -76.421 50.2563 -0.8
      vertex -76.421 50.2563 0
      vertex -76.7702 50.086 -0.8
    endloop
  endfacet
  facet normal 0.438337 -0.89881 0
    outer loop
      vertex -76.421 50.2563 0
      vertex -76.7702 50.086 0
      vertex -76.7702 50.086 -0.8
    endloop
  endfacet
  facet normal 0.329697 -0.944087 0
    outer loop
      vertex -76.7702 50.086 -0.8
      vertex -76.7702 50.086 0
      vertex -77.1499 49.9534 -0.8
    endloop
  endfacet
  facet normal 0.329697 -0.944087 0
    outer loop
      vertex -76.7702 50.086 0
      vertex -77.1499 49.9534 0
      vertex -77.1499 49.9534 -0.8
    endloop
  endfacet
  facet normal 0.224669 -0.974435 0
    outer loop
      vertex -77.1499 49.9534 -0.8
      vertex -77.1499 49.9534 0
      vertex -77.5602 49.8588 -0.8
    endloop
  endfacet
  facet normal 0.224669 -0.974435 0
    outer loop
      vertex -77.1499 49.9534 0
      vertex -77.5602 49.8588 0
      vertex -77.5602 49.8588 -0.8
    endloop
  endfacet
  facet normal 0.127771 -0.991804 0
    outer loop
      vertex -77.5602 49.8588 -0.8
      vertex -77.5602 49.8588 0
      vertex -78.0011 49.802 -0.8
    endloop
  endfacet
  facet normal 0.127771 -0.991804 0
    outer loop
      vertex -77.5602 49.8588 0
      vertex -78.0011 49.802 0
      vertex -78.0011 49.802 -0.8
    endloop
  endfacet
  facet normal 0.0400612 -0.999197 0
    outer loop
      vertex -78.0011 49.802 -0.8
      vertex -78.0011 49.802 0
      vertex -78.4725 49.7831 -0.8
    endloop
  endfacet
  facet normal 0.0400612 -0.999197 0
    outer loop
      vertex -78.0011 49.802 0
      vertex -78.4725 49.7831 0
      vertex -78.4725 49.7831 -0.8
    endloop
  endfacet
  facet normal -0.0660813 -0.997814 0
    outer loop
      vertex -78.4725 49.7831 -0.8
      vertex -78.4725 49.7831 0
      vertex -79.1837 49.8302 -0.8
    endloop
  endfacet
  facet normal -0.0660813 -0.997814 0
    outer loop
      vertex -78.4725 49.7831 0
      vertex -79.1837 49.8302 0
      vertex -79.1837 49.8302 -0.8
    endloop
  endfacet
  facet normal -0.147213 0.989105 0
    outer loop
      vertex -79.2713 51.9179 -0.8
      vertex -79.104 51.9428 0
      vertex -79.104 51.9428 -0.8
    endloop
  endfacet
  facet normal -0.147213 0.989105 0
    outer loop
      vertex -79.104 51.9428 0
      vertex -79.2713 51.9179 -0.8
      vertex -79.2713 51.9179 0
    endloop
  endfacet
  facet normal -0.255859 0.966714 0
    outer loop
      vertex -79.104 51.9428 -0.8
      vertex -78.9472 51.9843 0
      vertex -78.9472 51.9843 -0.8
    endloop
  endfacet
  facet normal -0.255859 0.966714 0
    outer loop
      vertex -78.9472 51.9843 0
      vertex -79.104 51.9428 -0.8
      vertex -79.104 51.9428 0
    endloop
  endfacet
  facet normal -0.368654 0.929567 0
    outer loop
      vertex -78.9472 51.9843 -0.8
      vertex -78.8007 52.0424 0
      vertex -78.8007 52.0424 -0.8
    endloop
  endfacet
  facet normal -0.368654 0.929567 0
    outer loop
      vertex -78.8007 52.0424 0
      vertex -78.9472 51.9843 -0.8
      vertex -78.9472 51.9843 0
    endloop
  endfacet
  facet normal -0.481647 0.876365 0
    outer loop
      vertex -78.8007 52.0424 -0.8
      vertex -78.6646 52.1172 0
      vertex -78.6646 52.1172 -0.8
    endloop
  endfacet
  facet normal -0.481647 0.876365 0
    outer loop
      vertex -78.6646 52.1172 0
      vertex -78.8007 52.0424 -0.8
      vertex -78.8007 52.0424 0
    endloop
  endfacet
  facet normal -0.58798 0.808875 0
    outer loop
      vertex -78.6646 52.1172 -0.8
      vertex -78.539 52.2085 0
      vertex -78.539 52.2085 -0.8
    endloop
  endfacet
  facet normal -0.58798 0.808875 0
    outer loop
      vertex -78.539 52.2085 0
      vertex -78.6646 52.1172 -0.8
      vertex -78.6646 52.1172 0
    endloop
  endfacet
  facet normal -0.683625 0.729833 0
    outer loop
      vertex -78.539 52.2085 -0.8
      vertex -78.4237 52.3165 0
      vertex -78.4237 52.3165 -0.8
    endloop
  endfacet
  facet normal -0.683625 0.729833 0
    outer loop
      vertex -78.4237 52.3165 0
      vertex -78.539 52.2085 -0.8
      vertex -78.539 52.2085 0
    endloop
  endfacet
  facet normal -0.774178 0.632968 0
    outer loop
      vertex -78.4237 52.3165 -0.8
      vertex -78.3215 52.4415 0
      vertex -78.3215 52.4415 -0.8
    endloop
  endfacet
  facet normal -0.774178 0.632968 0
    outer loop
      vertex -78.3215 52.4415 0
      vertex -78.4237 52.3165 -0.8
      vertex -78.4237 52.3165 0
    endloop
  endfacet
  facet normal -0.855101 0.518461 0
    outer loop
      vertex -78.3215 52.4415 -0.8
      vertex -78.2351 52.584 0
      vertex -78.2351 52.584 -0.8
    endloop
  endfacet
  facet normal -0.855101 0.518461 0
    outer loop
      vertex -78.2351 52.584 0
      vertex -78.3215 52.4415 -0.8
      vertex -78.3215 52.4415 0
    endloop
  endfacet
  facet normal -0.91447 0.404653 0
    outer loop
      vertex -78.2351 52.584 -0.8
      vertex -78.1643 52.744 0
      vertex -78.1643 52.744 -0.8
    endloop
  endfacet
  facet normal -0.91447 0.404653 0
    outer loop
      vertex -78.1643 52.744 0
      vertex -78.2351 52.584 -0.8
      vertex -78.2351 52.584 0
    endloop
  endfacet
  facet normal -0.955148 0.296128 0
    outer loop
      vertex -78.1643 52.744 -0.8
      vertex -78.1093 52.9214 0
      vertex -78.1093 52.9214 -0.8
    endloop
  endfacet
  facet normal -0.955148 0.296128 0
    outer loop
      vertex -78.1093 52.9214 0
      vertex -78.1643 52.744 -0.8
      vertex -78.1643 52.744 0
    endloop
  endfacet
  facet normal -0.98029 0.197566 0
    outer loop
      vertex -78.1093 52.9214 -0.8
      vertex -78.07 53.1164 0
      vertex -78.07 53.1164 -0.8
    endloop
  endfacet
  facet normal -0.98029 0.197566 0
    outer loop
      vertex -78.07 53.1164 0
      vertex -78.1093 52.9214 -0.8
      vertex -78.1093 52.9214 0
    endloop
  endfacet
  facet normal -0.993889 0.11038 0
    outer loop
      vertex -78.07 53.1164 -0.8
      vertex -78.0464 53.3289 0
      vertex -78.0464 53.3289 -0.8
    endloop
  endfacet
  facet normal -0.993889 0.11038 0
    outer loop
      vertex -78.0464 53.3289 0
      vertex -78.07 53.1164 -0.8
      vertex -78.07 53.1164 0
    endloop
  endfacet
  facet normal -0.999425 0.0338936 0
    outer loop
      vertex -78.0464 53.3289 -0.8
      vertex -78.0386 53.5589 0
      vertex -78.0386 53.5589 -0.8
    endloop
  endfacet
  facet normal -0.999425 0.0338936 0
    outer loop
      vertex -78.0386 53.5589 0
      vertex -78.0464 53.3289 -0.8
      vertex -78.0464 53.3289 0
    endloop
  endfacet
  facet normal -0.999662 -0.0260156 0
    outer loop
      vertex -78.0386 53.5589 -0.8
      vertex -78.0433 53.7395 0
      vertex -78.0433 53.7395 -0.8
    endloop
  endfacet
  facet normal -0.999662 -0.0260156 0
    outer loop
      vertex -78.0433 53.7395 0
      vertex -78.0386 53.5589 -0.8
      vertex -78.0386 53.5589 0
    endloop
  endfacet
  facet normal -0.996481 -0.0838216 0
    outer loop
      vertex -78.0433 53.7395 -0.8
      vertex -78.0576 53.9095 0
      vertex -78.0576 53.9095 -0.8
    endloop
  endfacet
  facet normal -0.996481 -0.0838216 0
    outer loop
      vertex -78.0576 53.9095 0
      vertex -78.0433 53.7395 -0.8
      vertex -78.0433 53.7395 0
    endloop
  endfacet
  facet normal -0.98905 -0.147582 0
    outer loop
      vertex -78.0576 53.9095 -0.8
      vertex -78.0814 54.069 0
      vertex -78.0814 54.069 -0.8
    endloop
  endfacet
  facet normal -0.98905 -0.147582 0
    outer loop
      vertex -78.0814 54.069 0
      vertex -78.0576 53.9095 -0.8
      vertex -78.0576 53.9095 0
    endloop
  endfacet
  facet normal -0.975831 -0.218528 0
    outer loop
      vertex -78.0814 54.069 -0.8
      vertex -78.1147 54.2177 0
      vertex -78.1147 54.2177 -0.8
    endloop
  endfacet
  facet normal -0.975831 -0.218528 0
    outer loop
      vertex -78.1147 54.2177 0
      vertex -78.0814 54.069 -0.8
      vertex -78.0814 54.069 0
    endloop
  endfacet
  facet normal -0.955044 -0.296464 0
    outer loop
      vertex -78.1147 54.2177 -0.8
      vertex -78.1576 54.3559 0
      vertex -78.1576 54.3559 -0.8
    endloop
  endfacet
  facet normal -0.955044 -0.296464 0
    outer loop
      vertex -78.1576 54.3559 0
      vertex -78.1147 54.2177 -0.8
      vertex -78.1147 54.2177 0
    endloop
  endfacet
  facet normal -0.924933 -0.380129 0
    outer loop
      vertex -78.1576 54.3559 -0.8
      vertex -78.21 54.4834 0
      vertex -78.21 54.4834 -0.8
    endloop
  endfacet
  facet normal -0.924933 -0.380129 0
    outer loop
      vertex -78.21 54.4834 0
      vertex -78.1576 54.3559 -0.8
      vertex -78.1576 54.3559 0
    endloop
  endfacet
  facet normal -0.883751 -0.467957 0
    outer loop
      vertex -78.21 54.4834 -0.8
      vertex -78.2719 54.6003 0
      vertex -78.2719 54.6003 -0.8
    endloop
  endfacet
  facet normal -0.883751 -0.467957 0
    outer loop
      vertex -78.2719 54.6003 0
      vertex -78.21 54.4834 -0.8
      vertex -78.21 54.4834 0
    endloop
  endfacet
  facet normal -0.834788 -0.550572 0
    outer loop
      vertex -78.2719 54.6003 -0.8
      vertex -78.3428 54.7078 0
      vertex -78.3428 54.7078 -0.8
    endloop
  endfacet
  facet normal -0.834788 -0.550572 0
    outer loop
      vertex -78.3428 54.7078 0
      vertex -78.2719 54.6003 -0.8
      vertex -78.2719 54.6003 0
    endloop
  endfacet
  facet normal -0.780562 -0.625078 0
    outer loop
      vertex -78.3428 54.7078 -0.8
      vertex -78.4224 54.8072 0
      vertex -78.4224 54.8072 -0.8
    endloop
  endfacet
  facet normal -0.780562 -0.625078 0
    outer loop
      vertex -78.4224 54.8072 0
      vertex -78.3428 54.7078 -0.8
      vertex -78.3428 54.7078 0
    endloop
  endfacet
  facet normal -0.718056 -0.695986 0
    outer loop
      vertex -78.4224 54.8072 -0.8
      vertex -78.5107 54.8983 0
      vertex -78.5107 54.8983 -0.8
    endloop
  endfacet
  facet normal -0.718056 -0.695986 0
    outer loop
      vertex -78.5107 54.8983 0
      vertex -78.4224 54.8072 -0.8
      vertex -78.4224 54.8072 0
    endloop
  endfacet
  facet normal -0.650468 -0.759533 0
    outer loop
      vertex -78.5107 54.8983 -0.8
      vertex -78.6075 54.9812 0
      vertex -78.6075 54.9812 -0.8
    endloop
  endfacet
  facet normal -0.650468 -0.759533 0
    outer loop
      vertex -78.6075 54.9812 0
      vertex -78.5107 54.8983 -0.8
      vertex -78.5107 54.8983 0
    endloop
  endfacet
  facet normal -0.578382 -0.815766 0
    outer loop
      vertex -78.6075 54.9812 -0.8
      vertex -78.713 55.056 0
      vertex -78.713 55.056 -0.8
    endloop
  endfacet
  facet normal -0.578382 -0.815766 0
    outer loop
      vertex -78.713 55.056 0
      vertex -78.6075 54.9812 -0.8
      vertex -78.6075 54.9812 0
    endloop
  endfacet
  facet normal -0.503212 -0.864163 0
    outer loop
      vertex -78.713 55.056 -0.8
      vertex -78.8272 55.1225 0
      vertex -78.8272 55.1225 -0.8
    endloop
  endfacet
  facet normal -0.503212 -0.864163 0
    outer loop
      vertex -78.8272 55.1225 0
      vertex -78.713 55.056 -0.8
      vertex -78.713 55.056 0
    endloop
  endfacet
  facet normal -0.429162 -0.903228 0
    outer loop
      vertex -78.8272 55.1225 -0.8
      vertex -78.9499 55.1808 0
      vertex -78.9499 55.1808 -0.8
    endloop
  endfacet
  facet normal -0.429162 -0.903228 0
    outer loop
      vertex -78.9499 55.1808 0
      vertex -78.8272 55.1225 -0.8
      vertex -78.8272 55.1225 0
    endloop
  endfacet
  facet normal -0.344709 -0.93871 0
    outer loop
      vertex -78.9499 55.1808 -0.8
      vertex -79.0896 55.2321 0
      vertex -79.0896 55.2321 -0.8
    endloop
  endfacet
  facet normal -0.344709 -0.93871 0
    outer loop
      vertex -79.0896 55.2321 0
      vertex -78.9499 55.1808 -0.8
      vertex -78.9499 55.1808 0
    endloop
  endfacet
  facet normal -0.264749 -0.964317 0
    outer loop
      vertex -79.0896 55.2321 -0.8
      vertex -79.2546 55.2774 0
      vertex -79.2546 55.2774 -0.8
    endloop
  endfacet
  facet normal -0.264749 -0.964317 0
    outer loop
      vertex -79.2546 55.2774 0
      vertex -79.0896 55.2321 -0.8
      vertex -79.0896 55.2321 0
    endloop
  endfacet
  facet normal -0.20235 -0.979313 0
    outer loop
      vertex -79.2546 55.2774 -0.8
      vertex -79.4448 55.3167 0
      vertex -79.4448 55.3167 -0.8
    endloop
  endfacet
  facet normal -0.20235 -0.979313 0
    outer loop
      vertex -79.4448 55.3167 0
      vertex -79.2546 55.2774 -0.8
      vertex -79.2546 55.2774 0
    endloop
  endfacet
  facet normal -0.152712 -0.988271 0
    outer loop
      vertex -79.4448 55.3167 -0.8
      vertex -79.6603 55.35 0
      vertex -79.6603 55.35 -0.8
    endloop
  endfacet
  facet normal -0.152712 -0.988271 0
    outer loop
      vertex -79.6603 55.35 0
      vertex -79.4448 55.3167 -0.8
      vertex -79.4448 55.3167 0
    endloop
  endfacet
  facet normal -0.112697 -0.993629 0
    outer loop
      vertex -79.6603 55.35 -0.8
      vertex -79.901 55.3773 0
      vertex -79.901 55.3773 -0.8
    endloop
  endfacet
  facet normal -0.112697 -0.993629 0
    outer loop
      vertex -79.901 55.3773 0
      vertex -79.6603 55.35 -0.8
      vertex -79.6603 55.35 0
    endloop
  endfacet
  facet normal -0.080222 -0.996777 0
    outer loop
      vertex -79.901 55.3773 -0.8
      vertex -80.1669 55.3987 0
      vertex -80.1669 55.3987 -0.8
    endloop
  endfacet
  facet normal -0.080222 -0.996777 0
    outer loop
      vertex -80.1669 55.3987 0
      vertex -79.901 55.3773 -0.8
      vertex -79.901 55.3773 0
    endloop
  endfacet
  facet normal -0.0528108 -0.998605 0
    outer loop
      vertex -80.1669 55.3987 -0.8
      vertex -80.4581 55.4141 0
      vertex -80.4581 55.4141 -0.8
    endloop
  endfacet
  facet normal -0.0528108 -0.998605 0
    outer loop
      vertex -80.4581 55.4141 0
      vertex -80.1669 55.3987 -0.8
      vertex -80.1669 55.3987 0
    endloop
  endfacet
  facet normal -0.0138875 -0.999904 0
    outer loop
      vertex -80.4581 55.4141 -0.8
      vertex -82.0205 55.4358 0
      vertex -82.0205 55.4358 -0.8
    endloop
  endfacet
  facet normal -0.0138875 -0.999904 0
    outer loop
      vertex -82.0205 55.4358 0
      vertex -80.4581 55.4141 -0.8
      vertex -80.4581 55.4141 0
    endloop
  endfacet
  facet normal 1 0 0
    outer loop
      vertex -82.0205 55.4358 -0.8
      vertex -82.0205 54.839 0
      vertex -82.0205 54.839 -0.8
    endloop
  endfacet
  facet normal 1 -0 0
    outer loop
      vertex -82.0205 54.839 0
      vertex -82.0205 55.4358 -0.8
      vertex -82.0205 55.4358 0
    endloop
  endfacet
  facet normal 0.999501 0.0315777 0
    outer loop
      vertex -82.0205 54.839 -0.8
      vertex -82.0136 54.6206 0
      vertex -82.0136 54.6206 -0.8
    endloop
  endfacet
  facet normal 0.999501 0.0315777 0
    outer loop
      vertex -82.0136 54.6206 0
      vertex -82.0205 54.839 -0.8
      vertex -82.0205 54.839 0
    endloop
  endfacet
  facet normal 0.995445 0.0953332 0
    outer loop
      vertex -82.0136 54.6206 -0.8
      vertex -81.993 54.4055 0
      vertex -81.993 54.4055 -0.8
    endloop
  endfacet
  facet normal 0.995445 0.0953332 0
    outer loop
      vertex -81.993 54.4055 0
      vertex -82.0136 54.6206 -0.8
      vertex -82.0136 54.6206 0
    endloop
  endfacet
  facet normal 0.987127 0.159936 0
    outer loop
      vertex -81.993 54.4055 -0.8
      vertex -81.9587 54.1938 0
      vertex -81.9587 54.1938 -0.8
    endloop
  endfacet
  facet normal 0.987127 0.159936 0
    outer loop
      vertex -81.9587 54.1938 0
      vertex -81.993 54.4055 -0.8
      vertex -81.993 54.4055 0
    endloop
  endfacet
  facet normal 0.974509 0.224347 0
    outer loop
      vertex -81.9587 54.1938 -0.8
      vertex -81.9107 53.9853 0
      vertex -81.9107 53.9853 -0.8
    endloop
  endfacet
  facet normal 0.974509 0.224347 0
    outer loop
      vertex -81.9107 53.9853 0
      vertex -81.9587 54.1938 -0.8
      vertex -81.9587 54.1938 0
    endloop
  endfacet
  facet normal 0.957479 0.288504 0
    outer loop
      vertex -81.9107 53.9853 -0.8
      vertex -81.8489 53.7802 0
      vertex -81.8489 53.7802 -0.8
    endloop
  endfacet
  facet normal 0.957479 0.288504 0
    outer loop
      vertex -81.8489 53.7802 0
      vertex -81.9107 53.9853 -0.8
      vertex -81.9107 53.9853 0
    endloop
  endfacet
  facet normal 0.936653 0.350259 0
    outer loop
      vertex -81.8489 53.7802 -0.8
      vertex -81.7734 53.5783 0
      vertex -81.7734 53.5783 -0.8
    endloop
  endfacet
  facet normal 0.936653 0.350259 0
    outer loop
      vertex -81.7734 53.5783 0
      vertex -81.8489 53.7802 -0.8
      vertex -81.8489 53.7802 0
    endloop
  endfacet
  facet normal 0.912136 0.409887 0
    outer loop
      vertex -81.7734 53.5783 -0.8
      vertex -81.6842 53.3798 0
      vertex -81.6842 53.3798 -0.8
    endloop
  endfacet
  facet normal 0.912136 0.409887 0
    outer loop
      vertex -81.6842 53.3798 0
      vertex -81.7734 53.5783 -0.8
      vertex -81.7734 53.5783 0
    endloop
  endfacet
  facet normal 0.883134 0.469121 0
    outer loop
      vertex -81.6842 53.3798 -0.8
      vertex -81.5829 53.1891 0
      vertex -81.5829 53.1891 -0.8
    endloop
  endfacet
  facet normal 0.883134 0.469121 0
    outer loop
      vertex -81.5829 53.1891 0
      vertex -81.6842 53.3798 -0.8
      vertex -81.6842 53.3798 0
    endloop
  endfacet
  facet normal 0.847838 0.530255 0
    outer loop
      vertex -81.5829 53.1891 -0.8
      vertex -81.4712 53.0105 0
      vertex -81.4712 53.0105 -0.8
    endloop
  endfacet
  facet normal 0.847838 0.530255 0
    outer loop
      vertex -81.4712 53.0105 0
      vertex -81.5829 53.1891 -0.8
      vertex -81.5829 53.1891 0
    endloop
  endfacet
  facet normal 0.806236 0.591595 0
    outer loop
      vertex -81.4712 53.0105 -0.8
      vertex -81.3491 52.8441 0
      vertex -81.3491 52.8441 -0.8
    endloop
  endfacet
  facet normal 0.806236 0.591595 0
    outer loop
      vertex -81.3491 52.8441 0
      vertex -81.4712 53.0105 -0.8
      vertex -81.4712 53.0105 0
    endloop
  endfacet
  facet normal 0.758423 0.651762 0
    outer loop
      vertex -81.3491 52.8441 -0.8
      vertex -81.2165 52.6898 0
      vertex -81.2165 52.6898 -0.8
    endloop
  endfacet
  facet normal 0.758423 0.651762 0
    outer loop
      vertex -81.2165 52.6898 0
      vertex -81.3491 52.8441 -0.8
      vertex -81.3491 52.8441 0
    endloop
  endfacet
  facet normal 0.70487 0.709337 0
    outer loop
      vertex -81.2165 52.6898 -0.8
      vertex -81.0736 52.5478 0
      vertex -81.0736 52.5478 -0.8
    endloop
  endfacet
  facet normal 0.70487 0.709337 0
    outer loop
      vertex -81.0736 52.5478 0
      vertex -81.2165 52.6898 -0.8
      vertex -81.2165 52.6898 0
    endloop
  endfacet
  facet normal 0.646232 0.763141 0
    outer loop
      vertex -81.0736 52.5478 -0.8
      vertex -80.9202 52.4179 0
      vertex -80.9202 52.4179 -0.8
    endloop
  endfacet
  facet normal 0.646232 0.763141 0
    outer loop
      vertex -80.9202 52.4179 0
      vertex -81.0736 52.5478 -0.8
      vertex -81.0736 52.5478 0
    endloop
  endfacet
  facet normal 0.583769 0.81192 0
    outer loop
      vertex -80.9202 52.4179 -0.8
      vertex -80.7565 52.3002 0
      vertex -80.7565 52.3002 -0.8
    endloop
  endfacet
  facet normal 0.583769 0.81192 0
    outer loop
      vertex -80.7565 52.3002 0
      vertex -80.9202 52.4179 -0.8
      vertex -80.9202 52.4179 0
    endloop
  endfacet
  facet normal 0.517428 0.855727 0
    outer loop
      vertex -80.7565 52.3002 -0.8
      vertex -80.585 52.1965 0
      vertex -80.585 52.1965 -0.8
    endloop
  endfacet
  facet normal 0.517428 0.855727 0
    outer loop
      vertex -80.585 52.1965 0
      vertex -80.7565 52.3002 -0.8
      vertex -80.7565 52.3002 0
    endloop
  endfacet
  facet normal 0.444371 0.895843 0
    outer loop
      vertex -80.585 52.1965 -0.8
      vertex -80.4084 52.1089 0
      vertex -80.4084 52.1089 -0.8
    endloop
  endfacet
  facet normal 0.444371 0.895843 0
    outer loop
      vertex -80.4084 52.1089 0
      vertex -80.585 52.1965 -0.8
      vertex -80.585 52.1965 0
    endloop
  endfacet
  facet normal 0.367504 0.930022 0
    outer loop
      vertex -80.4084 52.1089 -0.8
      vertex -80.2267 52.0371 0
      vertex -80.2267 52.0371 -0.8
    endloop
  endfacet
  facet normal 0.367504 0.930022 0
    outer loop
      vertex -80.2267 52.0371 0
      vertex -80.4084 52.1089 -0.8
      vertex -80.4084 52.1089 0
    endloop
  endfacet
  facet normal 0.286218 0.958164 0
    outer loop
      vertex -80.2267 52.0371 -0.8
      vertex -80.0399 51.9813 0
      vertex -80.0399 51.9813 -0.8
    endloop
  endfacet
  facet normal 0.286218 0.958164 0
    outer loop
      vertex -80.0399 51.9813 0
      vertex -80.2267 52.0371 -0.8
      vertex -80.2267 52.0371 0
    endloop
  endfacet
  facet normal 0.203078 0.979163 0
    outer loop
      vertex -80.0399 51.9813 -0.8
      vertex -79.848 51.9415 0
      vertex -79.848 51.9415 -0.8
    endloop
  endfacet
  facet normal 0.203078 0.979163 0
    outer loop
      vertex -79.848 51.9415 0
      vertex -80.0399 51.9813 -0.8
      vertex -80.0399 51.9813 0
    endloop
  endfacet
  facet normal 0.120437 0.992721 0
    outer loop
      vertex -79.848 51.9415 -0.8
      vertex -79.651 51.9176 0
      vertex -79.651 51.9176 -0.8
    endloop
  endfacet
  facet normal 0.120437 0.992721 0
    outer loop
      vertex -79.651 51.9176 0
      vertex -79.848 51.9415 -0.8
      vertex -79.848 51.9415 0
    endloop
  endfacet
  facet normal 0.0395729 0.999217 0
    outer loop
      vertex -79.651 51.9176 -0.8
      vertex -79.449 51.9096 0
      vertex -79.449 51.9096 -0.8
    endloop
  endfacet
  facet normal 0.0395729 0.999217 0
    outer loop
      vertex -79.449 51.9096 0
      vertex -79.651 51.9176 -0.8
      vertex -79.651 51.9176 0
    endloop
  endfacet
  facet normal -0.0466571 0.998911 0
    outer loop
      vertex -79.449 51.9096 -0.8
      vertex -79.2713 51.9179 0
      vertex -79.2713 51.9179 -0.8
    endloop
  endfacet
  facet normal -0.0466571 0.998911 0
    outer loop
      vertex -79.2713 51.9179 0
      vertex -79.449 51.9096 -0.8
      vertex -79.449 51.9096 0
    endloop
  endfacet
  facet normal -0.204884 -0.978786 0
    outer loop
      vertex -144.315 49.8481 -0.8
      vertex -144.315 49.8481 0
      vertex -145.248 50.0434 -0.8
    endloop
  endfacet
  facet normal -0.204884 -0.978786 0
    outer loop
      vertex -144.315 49.8481 0
      vertex -145.248 50.0434 0
      vertex -145.248 50.0434 -0.8
    endloop
  endfacet
  facet normal -0.365479 -0.93082 0
    outer loop
      vertex -145.248 50.0434 -0.8
      vertex -145.248 50.0434 0
      vertex -146.077 50.3689 -0.8
    endloop
  endfacet
  facet normal -0.365479 -0.93082 0
    outer loop
      vertex -145.248 50.0434 0
      vertex -146.077 50.3689 0
      vertex -146.077 50.3689 -0.8
    endloop
  endfacet
  facet normal -0.532686 -0.846313 0
    outer loop
      vertex -146.077 50.3689 -0.8
      vertex -146.077 50.3689 0
      vertex -146.801 50.8246 -0.8
    endloop
  endfacet
  facet normal -0.532686 -0.846313 0
    outer loop
      vertex -146.077 50.3689 0
      vertex -146.801 50.8246 0
      vertex -146.801 50.8246 -0.8
    endloop
  endfacet
  facet normal -0.687422 -0.726258 0
    outer loop
      vertex -146.801 50.8246 -0.8
      vertex -146.801 50.8246 0
      vertex -147.42 51.4105 -0.8
    endloop
  endfacet
  facet normal -0.687422 -0.726258 0
    outer loop
      vertex -146.801 50.8246 0
      vertex -147.42 51.4105 0
      vertex -147.42 51.4105 -0.8
    endloop
  endfacet
  facet normal -0.81239 -0.583115 0
    outer loop
      vertex -147.42 51.4105 -0.8
      vertex -147.42 51.4105 0
      vertex -147.934 52.1266 -0.8
    endloop
  endfacet
  facet normal -0.81239 -0.583115 0
    outer loop
      vertex -147.42 51.4105 0
      vertex -147.934 52.1266 0
      vertex -147.934 52.1266 -0.8
    endloop
  endfacet
  facet normal -0.900368 -0.43513 0
    outer loop
      vertex -147.934 52.1266 -0.8
      vertex -147.934 52.1266 0
      vertex -148.343 52.9729 -0.8
    endloop
  endfacet
  facet normal -0.900368 -0.43513 0
    outer loop
      vertex -147.934 52.1266 0
      vertex -148.343 52.9729 0
      vertex -148.343 52.9729 -0.8
    endloop
  endfacet
  facet normal -0.0864577 0.996256 0
    outer loop
      vertex -148.343 52.9729 -0.8
      vertex -148.343 52.9729 0
      vertex -145.468 53.2224 -0.8
    endloop
  endfacet
  facet normal -0.0864577 0.996256 0
    outer loop
      vertex -148.343 52.9729 0
      vertex -145.468 53.2224 0
      vertex -145.468 53.2224 -0.8
    endloop
  endfacet
  facet normal 0.930639 0.365939 -0
    outer loop
      vertex -145.468 53.2224 -0.8
      vertex -145.468 53.2224 0
      vertex -145.322 52.8511 -0.8
    endloop
  endfacet
  facet normal 0.930639 0.365939 0
    outer loop
      vertex -145.468 53.2224 0
      vertex -145.322 52.8511 0
      vertex -145.322 52.8511 -0.8
    endloop
  endfacet
  facet normal 0.850876 0.525366 -0
    outer loop
      vertex -145.322 52.8511 -0.8
      vertex -145.322 52.8511 0
      vertex -145.128 52.5369 -0.8
    endloop
  endfacet
  facet normal 0.850876 0.525366 0
    outer loop
      vertex -145.322 52.8511 0
      vertex -145.128 52.5369 0
      vertex -145.128 52.5369 -0.8
    endloop
  endfacet
  facet normal 0.728034 0.685541 -0
    outer loop
      vertex -145.128 52.5369 -0.8
      vertex -145.128 52.5369 0
      vertex -144.886 52.2799 -0.8
    endloop
  endfacet
  facet normal 0.728034 0.685541 0
    outer loop
      vertex -145.128 52.5369 0
      vertex -144.886 52.2799 0
      vertex -144.886 52.2799 -0.8
    endloop
  endfacet
  facet normal 0.565089 0.82503 -0
    outer loop
      vertex -144.886 52.2799 -0.8
      vertex -144.886 52.2799 0
      vertex -144.594 52.0799 -0.8
    endloop
  endfacet
  facet normal 0.565089 0.82503 0
    outer loop
      vertex -144.886 52.2799 0
      vertex -144.594 52.0799 0
      vertex -144.594 52.0799 -0.8
    endloop
  endfacet
  facet normal 0.387232 0.921982 -0
    outer loop
      vertex -144.594 52.0799 -0.8
      vertex -144.594 52.0799 0
      vertex -144.254 51.9371 -0.8
    endloop
  endfacet
  facet normal 0.387232 0.921982 0
    outer loop
      vertex -144.594 52.0799 0
      vertex -144.254 51.9371 0
      vertex -144.254 51.9371 -0.8
    endloop
  endfacet
  facet normal 0.215149 0.976581 -0
    outer loop
      vertex -144.254 51.9371 -0.8
      vertex -144.254 51.9371 0
      vertex -143.865 51.8514 -0.8
    endloop
  endfacet
  facet normal 0.215149 0.976581 0
    outer loop
      vertex -144.254 51.9371 0
      vertex -143.865 51.8514 0
      vertex -143.865 51.8514 -0.8
    endloop
  endfacet
  facet normal 0.0650791 0.99788 -0
    outer loop
      vertex -143.865 51.8514 -0.8
      vertex -143.865 51.8514 0
      vertex -143.428 51.8229 -0.8
    endloop
  endfacet
  facet normal 0.0650791 0.99788 0
    outer loop
      vertex -143.865 51.8514 0
      vertex -143.428 51.8229 0
      vertex -143.428 51.8229 -0.8
    endloop
  endfacet
  facet normal -0.0548556 0.998494 0
    outer loop
      vertex -143.428 51.8229 -0.8
      vertex -143.428 51.8229 0
      vertex -143.104 51.8407 -0.8
    endloop
  endfacet
  facet normal -0.0548556 0.998494 0
    outer loop
      vertex -143.428 51.8229 0
      vertex -143.104 51.8407 0
      vertex -143.104 51.8407 -0.8
    endloop
  endfacet
  facet normal -0.174436 0.984668 0
    outer loop
      vertex -143.104 51.8407 -0.8
      vertex -143.104 51.8407 0
      vertex -142.802 51.8942 -0.8
    endloop
  endfacet
  facet normal -0.174436 0.984668 0
    outer loop
      vertex -143.104 51.8407 0
      vertex -142.802 51.8942 0
      vertex -142.802 51.8942 -0.8
    endloop
  endfacet
  facet normal -0.303232 0.952917 0
    outer loop
      vertex -142.802 51.8942 -0.8
      vertex -142.802 51.8942 0
      vertex -142.522 51.9833 -0.8
    endloop
  endfacet
  facet normal -0.303232 0.952917 0
    outer loop
      vertex -142.802 51.8942 0
      vertex -142.522 51.9833 0
      vertex -142.522 51.9833 -0.8
    endloop
  endfacet
  facet normal -0.435169 0.900349 0
    outer loop
      vertex -142.522 51.9833 -0.8
      vertex -142.522 51.9833 0
      vertex -142.264 52.108 -0.8
    endloop
  endfacet
  facet normal -0.435169 0.900349 0
    outer loop
      vertex -142.522 51.9833 0
      vertex -142.264 52.108 0
      vertex -142.264 52.108 -0.8
    endloop
  endfacet
  facet normal -0.562118 0.827057 0
    outer loop
      vertex -142.264 52.108 -0.8
      vertex -142.264 52.108 0
      vertex -142.028 52.2684 -0.8
    endloop
  endfacet
  facet normal -0.562118 0.827057 0
    outer loop
      vertex -142.264 52.108 0
      vertex -142.028 52.2684 0
      vertex -142.028 52.2684 -0.8
    endloop
  endfacet
  facet normal -0.6756 0.737269 0
    outer loop
      vertex -142.028 52.2684 -0.8
      vertex -142.028 52.2684 0
      vertex -141.814 52.4645 -0.8
    endloop
  endfacet
  facet normal -0.6756 0.737269 0
    outer loop
      vertex -142.028 52.2684 0
      vertex -141.814 52.4645 0
      vertex -141.814 52.4645 -0.8
    endloop
  endfacet
  facet normal -0.768357 0.640021 0
    outer loop
      vertex -141.814 52.4645 -0.8
      vertex -141.814 52.4645 0
      vertex -141.621 52.6962 -0.8
    endloop
  endfacet
  facet normal -0.768357 0.640021 0
    outer loop
      vertex -141.814 52.4645 0
      vertex -141.621 52.6962 0
      vertex -141.621 52.6962 -0.8
    endloop
  endfacet
  facet normal -0.846122 0.53299 0
    outer loop
      vertex -141.621 52.6962 -0.8
      vertex -141.621 52.6962 0
      vertex -141.453 52.9629 -0.8
    endloop
  endfacet
  facet normal -0.846122 0.53299 0
    outer loop
      vertex -141.621 52.6962 0
      vertex -141.453 52.9629 0
      vertex -141.453 52.9629 -0.8
    endloop
  endfacet
  facet normal -0.90441 0.426665 0
    outer loop
      vertex -141.453 52.9629 -0.8
      vertex -141.453 52.9629 0
      vertex -141.311 53.2639 -0.8
    endloop
  endfacet
  facet normal -0.90441 0.426665 0
    outer loop
      vertex -141.453 52.9629 0
      vertex -141.311 53.2639 0
      vertex -141.311 53.2639 -0.8
    endloop
  endfacet
  facet normal -0.9442 0.329372 0
    outer loop
      vertex -141.311 53.2639 -0.8
      vertex -141.311 53.2639 0
      vertex -141.194 53.5993 -0.8
    endloop
  endfacet
  facet normal -0.9442 0.329372 0
    outer loop
      vertex -141.311 53.2639 0
      vertex -141.194 53.5993 0
      vertex -141.194 53.5993 -0.8
    endloop
  endfacet
  facet normal -0.971017 0.239011 0
    outer loop
      vertex -141.194 53.5993 -0.8
      vertex -141.194 53.5993 0
      vertex -141.103 53.969 -0.8
    endloop
  endfacet
  facet normal -0.971017 0.239011 0
    outer loop
      vertex -141.194 53.5993 0
      vertex -141.103 53.969 0
      vertex -141.103 53.969 -0.8
    endloop
  endfacet
  facet normal -0.987303 0.158848 0
    outer loop
      vertex -141.103 53.969 -0.8
      vertex -141.103 53.969 0
      vertex -141.038 54.373 -0.8
    endloop
  endfacet
  facet normal -0.987303 0.158848 0
    outer loop
      vertex -141.103 53.969 0
      vertex -141.038 54.373 0
      vertex -141.038 54.373 -0.8
    endloop
  endfacet
  facet normal -0.996263 0.0863746 0
    outer loop
      vertex -141.038 54.373 -0.8
      vertex -141.038 54.373 0
      vertex -141 54.8113 -0.8
    endloop
  endfacet
  facet normal -0.996263 0.0863746 0
    outer loop
      vertex -141.038 54.373 0
      vertex -141 54.8113 0
      vertex -141 54.8113 -0.8
    endloop
  endfacet
  facet normal -0.999622 0.0274912 0
    outer loop
      vertex -141 54.8113 -0.8
      vertex -141 54.8113 0
      vertex -140.987 55.284 -0.8
    endloop
  endfacet
  facet normal -0.999622 0.0274912 0
    outer loop
      vertex -141 54.8113 0
      vertex -140.987 55.284 0
      vertex -140.987 55.284 -0.8
    endloop
  endfacet
  facet normal 0 -1 0
    outer loop
      vertex -140.987 55.284 -0.8
      vertex -140.987 55.284 0
      vertex -148.517 55.284 -0.8
    endloop
  endfacet
  facet normal -0 -1 0
    outer loop
      vertex -140.987 55.284 0
      vertex -148.517 55.284 0
      vertex -148.517 55.284 -0.8
    endloop
  endfacet
  facet normal -1 0 0
    outer loop
      vertex -148.517 55.284 -0.8
      vertex -148.517 55.284 0
      vertex -148.517 55.3707 -0.8
    endloop
  endfacet
  facet normal -1 0 0
    outer loop
      vertex -148.517 55.284 0
      vertex -148.517 55.3707 0
      vertex -148.517 55.3707 -0.8
    endloop
  endfacet
  facet normal -0.999508 0.0313747 0
    outer loop
      vertex -148.517 55.3707 -0.8
      vertex -148.517 55.3707 0
      vertex -148.489 56.2627 -0.8
    endloop
  endfacet
  facet normal -0.999508 0.0313747 0
    outer loop
      vertex -148.517 55.3707 0
      vertex -148.489 56.2627 0
      vertex -148.489 56.2627 -0.8
    endloop
  endfacet
  facet normal -0.995255 0.0973031 0
    outer loop
      vertex -148.489 56.2627 -0.8
      vertex -148.489 56.2627 0
      vertex -148.408 57.0912 -0.8
    endloop
  endfacet
  facet normal -0.995255 0.0973031 0
    outer loop
      vertex -148.489 56.2627 0
      vertex -148.408 57.0912 0
      vertex -148.408 57.0912 -0.8
    endloop
  endfacet
  facet normal -0.984336 0.176303 0
    outer loop
      vertex -148.408 57.0912 -0.8
      vertex -148.408 57.0912 0
      vertex -148.271 57.8561 -0.8
    endloop
  endfacet
  facet normal -0.984336 0.176303 0
    outer loop
      vertex -148.408 57.0912 0
      vertex -148.271 57.8561 0
      vertex -148.271 57.8561 -0.8
    endloop
  endfacet
  facet normal -0.965213 0.261464 0
    outer loop
      vertex -148.271 57.8561 -0.8
      vertex -148.271 57.8561 0
      vertex -148.081 58.5575 -0.8
    endloop
  endfacet
  facet normal -0.965213 0.261464 0
    outer loop
      vertex -148.271 57.8561 0
      vertex -148.081 58.5575 0
      vertex -148.081 58.5575 -0.8
    endloop
  endfacet
  facet normal -0.933496 0.358587 0
    outer loop
      vertex -148.081 58.5575 -0.8
      vertex -148.081 58.5575 0
      vertex -147.836 59.1953 -0.8
    endloop
  endfacet
  facet normal -0.933496 0.358587 0
    outer loop
      vertex -148.081 58.5575 0
      vertex -147.836 59.1953 0
      vertex -147.836 59.1953 -0.8
    endloop
  endfacet
  facet normal -0.886354 0.463009 0
    outer loop
      vertex -147.836 59.1953 -0.8
      vertex -147.836 59.1953 0
      vertex -147.536 59.7696 -0.8
    endloop
  endfacet
  facet normal -0.886354 0.463009 0
    outer loop
      vertex -147.836 59.1953 0
      vertex -147.536 59.7696 0
      vertex -147.536 59.7696 -0.8
    endloop
  endfacet
  facet normal -0.821862 0.569687 0
    outer loop
      vertex -147.536 59.7696 -0.8
      vertex -147.536 59.7696 0
      vertex -147.182 60.2803 -0.8
    endloop
  endfacet
  facet normal -0.821862 0.569687 0
    outer loop
      vertex -147.536 59.7696 0
      vertex -147.182 60.2803 0
      vertex -147.182 60.2803 -0.8
    endloop
  endfacet
  facet normal -0.738586 0.674159 0
    outer loop
      vertex -147.182 60.2803 -0.8
      vertex -147.182 60.2803 0
      vertex -146.776 60.7251 -0.8
    endloop
  endfacet
  facet normal -0.738586 0.674159 0
    outer loop
      vertex -147.182 60.2803 0
      vertex -146.776 60.7251 0
      vertex -146.776 60.7251 -0.8
    endloop
  endfacet
  facet normal -0.638147 0.769914 0
    outer loop
      vertex -146.776 60.7251 -0.8
      vertex -146.776 60.7251 0
      vertex -146.322 61.1014 -0.8
    endloop
  endfacet
  facet normal -0.638147 0.769914 0
    outer loop
      vertex -146.776 60.7251 0
      vertex -146.322 61.1014 0
      vertex -146.322 61.1014 -0.8
    endloop
  endfacet
  facet normal -0.522081 0.852896 0
    outer loop
      vertex -146.322 61.1014 -0.8
      vertex -146.322 61.1014 0
      vertex -145.819 61.4093 -0.8
    endloop
  endfacet
  facet normal -0.522081 0.852896 0
    outer loop
      vertex -146.322 61.1014 0
      vertex -145.819 61.4093 0
      vertex -145.819 61.4093 -0.8
    endloop
  endfacet
  facet normal -0.397887 0.917434 0
    outer loop
      vertex -145.819 61.4093 -0.8
      vertex -145.819 61.4093 0
      vertex -145.267 61.6487 -0.8
    endloop
  endfacet
  facet normal -0.397887 0.917434 0
    outer loop
      vertex -145.819 61.4093 0
      vertex -145.267 61.6487 0
      vertex -145.267 61.6487 -0.8
    endloop
  endfacet
  facet normal -0.274234 0.961663 0
    outer loop
      vertex -145.267 61.6487 -0.8
      vertex -145.267 61.6487 0
      vertex -144.667 61.8198 -0.8
    endloop
  endfacet
  facet normal -0.274234 0.961663 0
    outer loop
      vertex -145.267 61.6487 0
      vertex -144.667 61.8198 0
      vertex -144.667 61.8198 -0.8
    endloop
  endfacet
  facet normal -0.155916 0.98777 0
    outer loop
      vertex -144.667 61.8198 -0.8
      vertex -144.667 61.8198 0
      vertex -144.017 61.9224 -0.8
    endloop
  endfacet
  facet normal -0.155916 0.98777 0
    outer loop
      vertex -144.667 61.8198 0
      vertex -144.017 61.9224 0
      vertex -144.017 61.9224 -0.8
    endloop
  endfacet
  facet normal -0.0489384 0.998802 0
    outer loop
      vertex -144.017 61.9224 -0.8
      vertex -144.017 61.9224 0
      vertex -143.319 61.9566 -0.8
    endloop
  endfacet
  facet normal -0.0489384 0.998802 0
    outer loop
      vertex -144.017 61.9224 0
      vertex -143.319 61.9566 0
      vertex -143.319 61.9566 -0.8
    endloop
  endfacet
  facet normal 0.0435379 0.999052 -0
    outer loop
      vertex -143.319 61.9566 -0.8
      vertex -143.319 61.9566 0
      vertex -142.587 61.9247 -0.8
    endloop
  endfacet
  facet normal 0.0435379 0.999052 0
    outer loop
      vertex -143.319 61.9566 0
      vertex -142.587 61.9247 0
      vertex -142.587 61.9247 -0.8
    endloop
  endfacet
  facet normal 0.138819 0.990318 -0
    outer loop
      vertex -142.587 61.9247 -0.8
      vertex -142.587 61.9247 0
      vertex -141.905 61.8291 -0.8
    endloop
  endfacet
  facet normal 0.138819 0.990318 0
    outer loop
      vertex -142.587 61.9247 0
      vertex -141.905 61.8291 0
      vertex -141.905 61.8291 -0.8
    endloop
  endfacet
  facet normal 0.243831 0.969818 -0
    outer loop
      vertex -141.905 61.8291 -0.8
      vertex -141.905 61.8291 0
      vertex -141.271 61.6697 -0.8
    endloop
  endfacet
  facet normal 0.243831 0.969818 0
    outer loop
      vertex -141.905 61.8291 0
      vertex -141.271 61.6697 0
      vertex -141.271 61.6697 -0.8
    endloop
  endfacet
  facet normal 0.357006 0.934102 -0
    outer loop
      vertex -141.271 61.6697 -0.8
      vertex -141.271 61.6697 0
      vertex -140.687 61.4465 -0.8
    endloop
  endfacet
  facet normal 0.357006 0.934102 0
    outer loop
      vertex -141.271 61.6697 0
      vertex -140.687 61.4465 0
      vertex -140.687 61.4465 -0.8
    endloop
  endfacet
  facet normal 0.472724 0.88121 -0
    outer loop
      vertex -140.687 61.4465 -0.8
      vertex -140.687 61.4465 0
      vertex -140.152 61.1595 -0.8
    endloop
  endfacet
  facet normal 0.472724 0.88121 0
    outer loop
      vertex -140.687 61.4465 0
      vertex -140.152 61.1595 0
      vertex -140.152 61.1595 -0.8
    endloop
  endfacet
  facet normal 0.585271 0.810838 -0
    outer loop
      vertex -140.152 61.1595 -0.8
      vertex -140.152 61.1595 0
      vertex -139.666 60.8087 -0.8
    endloop
  endfacet
  facet normal 0.585271 0.810838 0
    outer loop
      vertex -140.152 61.1595 0
      vertex -139.666 60.8087 0
      vertex -139.666 60.8087 -0.8
    endloop
  endfacet
  facet normal 0.688182 0.725538 -0
    outer loop
      vertex -139.666 60.8087 -0.8
      vertex -139.666 60.8087 0
      vertex -139.229 60.3942 -0.8
    endloop
  endfacet
  facet normal 0.688182 0.725538 0
    outer loop
      vertex -139.666 60.8087 0
      vertex -139.229 60.3942 0
      vertex -139.229 60.3942 -0.8
    endloop
  endfacet
  facet normal 0.777688 0.62865 -0
    outer loop
      vertex -139.229 60.3942 -0.8
      vertex -139.229 60.3942 0
      vertex -138.846 59.9204 -0.8
    endloop
  endfacet
  facet normal 0.777688 0.62865 0
    outer loop
      vertex -139.229 60.3942 0
      vertex -138.846 59.9204 0
      vertex -138.846 59.9204 -0.8
    endloop
  endfacet
  facet normal 0.852675 0.522441 -0
    outer loop
      vertex -138.846 59.9204 -0.8
      vertex -138.846 59.9204 0
      vertex -138.522 59.3916 -0.8
    endloop
  endfacet
  facet normal 0.852675 0.522441 0
    outer loop
      vertex -138.846 59.9204 0
      vertex -138.522 59.3916 0
      vertex -138.522 59.3916 -0.8
    endloop
  endfacet
  facet normal 0.910553 0.413392 -0
    outer loop
      vertex -138.522 59.3916 -0.8
      vertex -138.522 59.3916 0
      vertex -138.257 58.8079 -0.8
    endloop
  endfacet
  facet normal 0.910553 0.413392 0
    outer loop
      vertex -138.522 59.3916 0
      vertex -138.257 58.8079 0
      vertex -138.257 58.8079 -0.8
    endloop
  endfacet
  facet normal 0.951695 0.307046 -0
    outer loop
      vertex -138.257 58.8079 -0.8
      vertex -138.257 58.8079 0
      vertex -138.051 58.1694 -0.8
    endloop
  endfacet
  facet normal 0.951695 0.307046 0
    outer loop
      vertex -138.257 58.8079 0
      vertex -138.051 58.1694 0
      vertex -138.051 58.1694 -0.8
    endloop
  endfacet
  facet normal 0.978264 0.207361 -0
    outer loop
      vertex -138.051 58.1694 -0.8
      vertex -138.051 58.1694 0
      vertex -137.904 57.4759 -0.8
    endloop
  endfacet
  facet normal 0.978264 0.207361 0
    outer loop
      vertex -138.051 58.1694 0
      vertex -137.904 57.4759 0
      vertex -137.904 57.4759 -0.8
    endloop
  endfacet
  facet normal 0.993003 0.118088 -0
    outer loop
      vertex -137.904 57.4759 -0.8
      vertex -137.904 57.4759 0
      vertex -137.815 56.7275 -0.8
    endloop
  endfacet
  facet normal 0.993003 0.118088 0
    outer loop
      vertex -137.904 57.4759 0
      vertex -137.815 56.7275 0
      vertex -137.815 56.7275 -0.8
    endloop
  endfacet
  facet normal 0.999349 0.0360731 -0
    outer loop
      vertex -137.815 56.7275 -0.8
      vertex -137.815 56.7275 0
      vertex -137.786 55.9241 -0.8
    endloop
  endfacet
  facet normal 0.999349 0.0360731 0
    outer loop
      vertex -137.815 56.7275 0
      vertex -137.786 55.9241 0
      vertex -137.786 55.9241 -0.8
    endloop
  endfacet
  facet normal 0.999389 -0.0349479 0
    outer loop
      vertex -137.786 55.9241 -0.8
      vertex -137.786 55.9241 0
      vertex -137.815 55.0948 -0.8
    endloop
  endfacet
  facet normal 0.999389 -0.0349479 0
    outer loop
      vertex -137.786 55.9241 0
      vertex -137.815 55.0948 0
      vertex -137.815 55.0948 -0.8
    endloop
  endfacet
  facet normal 0.993689 -0.112172 0
    outer loop
      vertex -137.815 55.0948 -0.8
      vertex -137.815 55.0948 0
      vertex -137.902 54.3241 -0.8
    endloop
  endfacet
  facet normal 0.993689 -0.112172 0
    outer loop
      vertex -137.815 55.0948 0
      vertex -137.902 54.3241 0
      vertex -137.902 54.3241 -0.8
    endloop
  endfacet
  facet normal 0.979887 -0.199556 0
    outer loop
      vertex -137.902 54.3241 -0.8
      vertex -137.902 54.3241 0
      vertex -138.047 53.6121 -0.8
    endloop
  endfacet
  facet normal 0.979887 -0.199556 0
    outer loop
      vertex -137.902 54.3241 0
      vertex -138.047 53.6121 0
      vertex -138.047 53.6121 -0.8
    endloop
  endfacet
  facet normal 0.95496 -0.296735 0
    outer loop
      vertex -138.047 53.6121 -0.8
      vertex -138.047 53.6121 0
      vertex -138.25 52.9588 -0.8
    endloop
  endfacet
  facet normal 0.95496 -0.296735 0
    outer loop
      vertex -138.047 53.6121 0
      vertex -138.25 52.9588 0
      vertex -138.25 52.9588 -0.8
    endloop
  endfacet
  facet normal 0.915694 -0.401877 0
    outer loop
      vertex -138.25 52.9588 -0.8
      vertex -138.25 52.9588 0
      vertex -138.511 52.3641 -0.8
    endloop
  endfacet
  facet normal 0.915694 -0.401877 0
    outer loop
      vertex -138.25 52.9588 0
      vertex -138.511 52.3641 0
      vertex -138.511 52.3641 -0.8
    endloop
  endfacet
  facet normal 0.859284 -0.511498 0
    outer loop
      vertex -138.511 52.3641 -0.8
      vertex -138.511 52.3641 0
      vertex -138.83 51.8282 -0.8
    endloop
  endfacet
  facet normal 0.859284 -0.511498 0
    outer loop
      vertex -138.511 52.3641 0
      vertex -138.83 51.8282 0
      vertex -138.83 51.8282 -0.8
    endloop
  endfacet
  facet normal 0.784735 -0.619831 0
    outer loop
      vertex -138.83 51.8282 -0.8
      vertex -138.83 51.8282 0
      vertex -139.207 51.3509 -0.8
    endloop
  endfacet
  facet normal 0.784735 -0.619831 0
    outer loop
      vertex -138.83 51.8282 0
      vertex -139.207 51.3509 0
      vertex -139.207 51.3509 -0.8
    endloop
  endfacet
  facet normal 0.694475 -0.719517 0
    outer loop
      vertex -139.207 51.3509 -0.8
      vertex -139.207 51.3509 0
      vertex -139.638 50.9349 -0.8
    endloop
  endfacet
  facet normal 0.694475 -0.719517 0
    outer loop
      vertex -139.207 51.3509 0
      vertex -139.638 50.9349 0
      vertex -139.638 50.9349 -0.8
    endloop
  endfacet
  facet normal 0.590563 -0.806991 0
    outer loop
      vertex -139.638 50.9349 -0.8
      vertex -139.638 50.9349 0
      vertex -140.119 50.5829 -0.8
    endloop
  endfacet
  facet normal 0.590563 -0.806991 0
    outer loop
      vertex -139.638 50.9349 0
      vertex -140.119 50.5829 0
      vertex -140.119 50.5829 -0.8
    endloop
  endfacet
  facet normal 0.475942 -0.879477 0
    outer loop
      vertex -140.119 50.5829 -0.8
      vertex -140.119 50.5829 0
      vertex -140.651 50.295 -0.8
    endloop
  endfacet
  facet normal 0.475942 -0.879477 0
    outer loop
      vertex -140.119 50.5829 0
      vertex -140.651 50.295 0
      vertex -140.651 50.295 -0.8
    endloop
  endfacet
  facet normal 0.359732 -0.933056 0
    outer loop
      vertex -140.651 50.295 -0.8
      vertex -140.651 50.295 0
      vertex -141.232 50.071 -0.8
    endloop
  endfacet
  facet normal 0.359732 -0.933056 0
    outer loop
      vertex -140.651 50.295 0
      vertex -141.232 50.071 0
      vertex -141.232 50.071 -0.8
    endloop
  endfacet
  facet normal 0.245787 -0.969324 0
    outer loop
      vertex -141.232 50.071 -0.8
      vertex -141.232 50.071 0
      vertex -141.863 49.911 -0.8
    endloop
  endfacet
  facet normal 0.245787 -0.969324 0
    outer loop
      vertex -141.232 50.071 0
      vertex -141.863 49.911 0
      vertex -141.863 49.911 -0.8
    endloop
  endfacet
  facet normal 0.139388 -0.990238 0
    outer loop
      vertex -141.863 49.911 -0.8
      vertex -141.863 49.911 0
      vertex -142.545 49.815 -0.8
    endloop
  endfacet
  facet normal 0.139388 -0.990238 0
    outer loop
      vertex -141.863 49.911 0
      vertex -142.545 49.815 0
      vertex -142.545 49.815 -0.8
    endloop
  endfacet
  facet normal 0.0435974 -0.999049 0
    outer loop
      vertex -142.545 49.815 -0.8
      vertex -142.545 49.815 0
      vertex -143.276 49.7831 -0.8
    endloop
  endfacet
  facet normal 0.0435974 -0.999049 0
    outer loop
      vertex -142.545 49.815 0
      vertex -143.276 49.7831 0
      vertex -143.276 49.7831 -0.8
    endloop
  endfacet
  facet normal -0.0624381 -0.998049 0
    outer loop
      vertex -143.276 49.7831 -0.8
      vertex -143.276 49.7831 0
      vertex -144.315 49.8481 -0.8
    endloop
  endfacet
  facet normal -0.0624381 -0.998049 0
    outer loop
      vertex -143.276 49.7831 0
      vertex -144.315 49.8481 0
      vertex -144.315 49.8481 -0.8
    endloop
  endfacet
  facet normal -0.998412 -0.0563317 0
    outer loop
      vertex -141.008 57.1936 -0.8
      vertex -141.029 57.5658 0
      vertex -141.029 57.5658 -0.8
    endloop
  endfacet
  facet normal -0.998412 -0.0563317 0
    outer loop
      vertex -141.029 57.5658 0
      vertex -141.008 57.1936 -0.8
      vertex -141.008 57.1936 0
    endloop
  endfacet
  facet normal -0.992444 -0.1227 0
    outer loop
      vertex -141.029 57.5658 -0.8
      vertex -141.072 57.9136 0
      vertex -141.072 57.9136 -0.8
    endloop
  endfacet
  facet normal -0.992444 -0.1227 0
    outer loop
      vertex -141.072 57.9136 0
      vertex -141.029 57.5658 -0.8
      vertex -141.029 57.5658 0
    endloop
  endfacet
  facet normal -0.980405 -0.19699 0
    outer loop
      vertex -141.072 57.9136 -0.8
      vertex -141.137 58.2371 0
      vertex -141.137 58.2371 -0.8
    endloop
  endfacet
  facet normal -0.980405 -0.19699 0
    outer loop
      vertex -141.137 58.2371 0
      vertex -141.072 57.9136 -0.8
      vertex -141.072 57.9136 0
    endloop
  endfacet
  facet normal -0.960205 -0.279297 0
    outer loop
      vertex -141.137 58.2371 -0.8
      vertex -141.224 58.5362 0
      vertex -141.224 58.5362 -0.8
    endloop
  endfacet
  facet normal -0.960205 -0.279297 0
    outer loop
      vertex -141.224 58.5362 0
      vertex -141.137 58.2371 -0.8
      vertex -141.137 58.2371 0
    endloop
  endfacet
  facet normal -0.928383 -0.371624 0
    outer loop
      vertex -141.224 58.5362 -0.8
      vertex -141.334 58.811 0
      vertex -141.334 58.811 -0.8
    endloop
  endfacet
  facet normal -0.928383 -0.371624 0
    outer loop
      vertex -141.334 58.811 0
      vertex -141.224 58.5362 -0.8
      vertex -141.224 58.5362 0
    endloop
  endfacet
  facet normal -0.883152 -0.469086 0
    outer loop
      vertex -141.334 58.811 -0.8
      vertex -141.467 59.0614 0
      vertex -141.467 59.0614 -0.8
    endloop
  endfacet
  facet normal -0.883152 -0.469086 0
    outer loop
      vertex -141.467 59.0614 0
      vertex -141.334 58.811 -0.8
      vertex -141.334 58.811 0
    endloop
  endfacet
  facet normal -0.826498 -0.56294 0
    outer loop
      vertex -141.467 59.0614 -0.8
      vertex -141.621 59.2875 0
      vertex -141.621 59.2875 -0.8
    endloop
  endfacet
  facet normal -0.826498 -0.56294 0
    outer loop
      vertex -141.621 59.2875 0
      vertex -141.467 59.0614 -0.8
      vertex -141.467 59.0614 0
    endloop
  endfacet
  facet normal -0.748572 -0.663053 0
    outer loop
      vertex -141.621 59.2875 -0.8
      vertex -141.797 59.4862 0
      vertex -141.797 59.4862 -0.8
    endloop
  endfacet
  facet normal -0.748572 -0.663053 0
    outer loop
      vertex -141.797 59.4862 0
      vertex -141.621 59.2875 -0.8
      vertex -141.621 59.2875 0
    endloop
  endfacet
  facet normal -0.651015 -0.759065 0
    outer loop
      vertex -141.797 59.4862 -0.8
      vertex -141.993 59.6543 0
      vertex -141.993 59.6543 -0.8
    endloop
  endfacet
  facet normal -0.651015 -0.759065 0
    outer loop
      vertex -141.993 59.6543 0
      vertex -141.797 59.4862 -0.8
      vertex -141.797 59.4862 0
    endloop
  endfacet
  facet normal -0.535237 -0.844702 0
    outer loop
      vertex -141.993 59.6543 -0.8
      vertex -142.21 59.7918 0
      vertex -142.21 59.7918 -0.8
    endloop
  endfacet
  facet normal -0.535237 -0.844702 0
    outer loop
      vertex -142.21 59.7918 0
      vertex -141.993 59.6543 -0.8
      vertex -141.993 59.6543 0
    endloop
  endfacet
  facet normal -0.41293 -0.910763 0
    outer loop
      vertex -142.21 59.7918 -0.8
      vertex -142.446 59.8988 0
      vertex -142.446 59.8988 -0.8
    endloop
  endfacet
  facet normal -0.41293 -0.910763 0
    outer loop
      vertex -142.446 59.8988 0
      vertex -142.21 59.7918 -0.8
      vertex -142.21 59.7918 0
    endloop
  endfacet
  facet normal -0.285974 -0.958237 0
    outer loop
      vertex -142.446 59.8988 -0.8
      vertex -142.702 59.9752 0
      vertex -142.702 59.9752 -0.8
    endloop
  endfacet
  facet normal -0.285974 -0.958237 0
    outer loop
      vertex -142.702 59.9752 0
      vertex -142.446 59.8988 -0.8
      vertex -142.446 59.8988 0
    endloop
  endfacet
  facet normal -0.163128 -0.986605 0
    outer loop
      vertex -142.702 59.9752 -0.8
      vertex -142.979 60.021 0
      vertex -142.979 60.021 -0.8
    endloop
  endfacet
  facet normal -0.163128 -0.986605 0
    outer loop
      vertex -142.979 60.021 0
      vertex -142.702 59.9752 -0.8
      vertex -142.702 59.9752 0
    endloop
  endfacet
  facet normal -0.0514469 -0.998676 0
    outer loop
      vertex -142.979 60.021 -0.8
      vertex -143.276 60.0363 0
      vertex -143.276 60.0363 -0.8
    endloop
  endfacet
  facet normal -0.0514469 -0.998676 0
    outer loop
      vertex -143.276 60.0363 0
      vertex -142.979 60.021 -0.8
      vertex -142.979 60.021 0
    endloop
  endfacet
  facet normal 0.0517164 -0.998662 0
    outer loop
      vertex -143.276 60.0363 -0.8
      vertex -143.556 60.0218 0
      vertex -143.556 60.0218 -0.8
    endloop
  endfacet
  facet normal 0.0517164 -0.998662 0
    outer loop
      vertex -143.556 60.0218 0
      vertex -143.276 60.0363 -0.8
      vertex -143.276 60.0363 0
    endloop
  endfacet
  facet normal 0.163182 -0.986596 0
    outer loop
      vertex -143.556 60.0218 -0.8
      vertex -143.819 59.9783 0
      vertex -143.819 59.9783 -0.8
    endloop
  endfacet
  facet normal 0.163182 -0.986596 0
    outer loop
      vertex -143.819 59.9783 0
      vertex -143.556 60.0218 -0.8
      vertex -143.556 60.0218 0
    endloop
  endfacet
  facet normal 0.282694 -0.95921 0
    outer loop
      vertex -143.819 59.9783 -0.8
      vertex -144.065 59.9058 0
      vertex -144.065 59.9058 -0.8
    endloop
  endfacet
  facet normal 0.282694 -0.95921 0
    outer loop
      vertex -144.065 59.9058 0
      vertex -143.819 59.9783 -0.8
      vertex -143.819 59.9783 0
    endloop
  endfacet
  facet normal 0.404071 -0.914728 0
    outer loop
      vertex -144.065 59.9058 -0.8
      vertex -144.295 59.8042 0
      vertex -144.295 59.8042 -0.8
    endloop
  endfacet
  facet normal 0.404071 -0.914728 0
    outer loop
      vertex -144.295 59.8042 0
      vertex -144.065 59.9058 -0.8
      vertex -144.065 59.9058 0
    endloop
  endfacet
  facet normal 0.524209 -0.851589 0
    outer loop
      vertex -144.295 59.8042 -0.8
      vertex -144.507 59.6737 0
      vertex -144.507 59.6737 -0.8
    endloop
  endfacet
  facet normal 0.524209 -0.851589 0
    outer loop
      vertex -144.507 59.6737 0
      vertex -144.295 59.8042 -0.8
      vertex -144.295 59.8042 0
    endloop
  endfacet
  facet normal 0.631426 -0.775436 0
    outer loop
      vertex -144.507 59.6737 -0.8
      vertex -144.703 59.5141 0
      vertex -144.703 59.5141 -0.8
    endloop
  endfacet
  facet normal 0.631426 -0.775436 0
    outer loop
      vertex -144.703 59.5141 0
      vertex -144.507 59.6737 -0.8
      vertex -144.507 59.6737 0
    endloop
  endfacet
  facet normal 0.725143 -0.688598 0
    outer loop
      vertex -144.703 59.5141 -0.8
      vertex -144.882 59.3256 0
      vertex -144.882 59.3256 -0.8
    endloop
  endfacet
  facet normal 0.725143 -0.688598 0
    outer loop
      vertex -144.882 59.3256 0
      vertex -144.703 59.5141 -0.8
      vertex -144.703 59.5141 0
    endloop
  endfacet
  facet normal 0.805651 -0.59239 0
    outer loop
      vertex -144.882 59.3256 -0.8
      vertex -145.042 59.108 0
      vertex -145.042 59.108 -0.8
    endloop
  endfacet
  facet normal 0.805651 -0.59239 0
    outer loop
      vertex -145.042 59.108 0
      vertex -144.882 59.3256 -0.8
      vertex -144.882 59.3256 0
    endloop
  endfacet
  facet normal 0.871056 -0.491184 0
    outer loop
      vertex -145.042 59.108 -0.8
      vertex -145.181 58.8615 0
      vertex -145.181 58.8615 -0.8
    endloop
  endfacet
  facet normal 0.871056 -0.491184 0
    outer loop
      vertex -145.181 58.8615 0
      vertex -145.042 59.108 -0.8
      vertex -145.042 59.108 0
    endloop
  endfacet
  facet normal 0.918073 -0.39641 0
    outer loop
      vertex -145.181 58.8615 -0.8
      vertex -145.3 58.5859 0
      vertex -145.3 58.5859 -0.8
    endloop
  endfacet
  facet normal 0.918073 -0.39641 0
    outer loop
      vertex -145.3 58.5859 0
      vertex -145.181 58.8615 -0.8
      vertex -145.181 58.8615 0
    endloop
  endfacet
  facet normal 0.952852 -0.303436 0
    outer loop
      vertex -145.3 58.5859 -0.8
      vertex -145.397 58.2813 0
      vertex -145.397 58.2813 -0.8
    endloop
  endfacet
  facet normal 0.952852 -0.303436 0
    outer loop
      vertex -145.397 58.2813 0
      vertex -145.3 58.5859 -0.8
      vertex -145.3 58.5859 0
    endloop
  endfacet
  facet normal 0.974367 -0.224966 0
    outer loop
      vertex -145.397 58.2813 -0.8
      vertex -145.474 57.9478 0
      vertex -145.474 57.9478 -0.8
    endloop
  endfacet
  facet normal 0.974367 -0.224966 0
    outer loop
      vertex -145.474 57.9478 0
      vertex -145.397 58.2813 -0.8
      vertex -145.397 58.2813 0
    endloop
  endfacet
  facet normal 0.988283 -0.152631 0
    outer loop
      vertex -145.474 57.9478 -0.8
      vertex -145.53 57.5852 0
      vertex -145.53 57.5852 -0.8
    endloop
  endfacet
  facet normal 0.988283 -0.152631 0
    outer loop
      vertex -145.53 57.5852 0
      vertex -145.474 57.9478 -0.8
      vertex -145.474 57.9478 0
    endloop
  endfacet
  facet normal 0.99603 -0.0890221 0
    outer loop
      vertex -145.53 57.5852 -0.8
      vertex -145.565 57.1936 0
      vertex -145.565 57.1936 -0.8
    endloop
  endfacet
  facet normal 0.99603 -0.0890221 0
    outer loop
      vertex -145.565 57.1936 0
      vertex -145.53 57.5852 -0.8
      vertex -145.53 57.5852 0
    endloop
  endfacet
  facet normal 0 1 0
    outer loop
      vertex -145.565 57.1936 -0.8
      vertex -141.008 57.1936 0
      vertex -141.008 57.1936 -0.8
    endloop
  endfacet
  facet normal 0 1 0
    outer loop
      vertex -141.008 57.1936 0
      vertex -145.565 57.1936 -0.8
      vertex -145.565 57.1936 0
    endloop
  endfacet
  facet normal -0.210239 -0.97765 0
    outer loop
      vertex -103.312 49.8302 -0.8
      vertex -103.312 49.8302 0
      vertex -103.97 49.9717 -0.8
    endloop
  endfacet
  facet normal -0.210239 -0.97765 0
    outer loop
      vertex -103.312 49.8302 0
      vertex -103.97 49.9717 0
      vertex -103.97 49.9717 -0.8
    endloop
  endfacet
  facet normal -0.363145 -0.931733 0
    outer loop
      vertex -103.97 49.9717 -0.8
      vertex -103.97 49.9717 0
      vertex -104.575 50.2075 -0.8
    endloop
  endfacet
  facet normal -0.363145 -0.931733 0
    outer loop
      vertex -103.97 49.9717 0
      vertex -104.575 50.2075 0
      vertex -104.575 50.2075 -0.8
    endloop
  endfacet
  facet normal -0.513352 -0.858178 0
    outer loop
      vertex -104.575 50.2075 -0.8
      vertex -104.575 50.2075 0
      vertex -105.127 50.5377 -0.8
    endloop
  endfacet
  facet normal -0.513352 -0.858178 0
    outer loop
      vertex -104.575 50.2075 0
      vertex -105.127 50.5377 0
      vertex -105.127 50.5377 -0.8
    endloop
  endfacet
  facet normal -0.648624 -0.761109 0
    outer loop
      vertex -105.127 50.5377 -0.8
      vertex -105.127 50.5377 0
      vertex -105.625 50.9621 -0.8
    endloop
  endfacet
  facet normal -0.648624 -0.761109 0
    outer loop
      vertex -105.127 50.5377 0
      vertex -105.625 50.9621 0
      vertex -105.625 50.9621 -0.8
    endloop
  endfacet
  facet normal -0.758307 -0.651898 0
    outer loop
      vertex -105.625 50.9621 -0.8
      vertex -105.625 50.9621 0
      vertex -106.071 51.4809 -0.8
    endloop
  endfacet
  facet normal -0.758307 -0.651898 0
    outer loop
      vertex -105.625 50.9621 0
      vertex -106.071 51.4809 0
      vertex -106.071 51.4809 -0.8
    endloop
  endfacet
  facet normal -0.842551 -0.538617 0
    outer loop
      vertex -106.071 51.4809 -0.8
      vertex -106.071 51.4809 0
      vertex -106.463 52.0941 -0.8
    endloop
  endfacet
  facet normal -0.842551 -0.538617 0
    outer loop
      vertex -106.071 51.4809 0
      vertex -106.463 52.0941 0
      vertex -106.463 52.0941 -0.8
    endloop
  endfacet
  facet normal 0 -1 0
    outer loop
      vertex -106.463 52.0941 -0.8
      vertex -106.463 52.0941 0
      vertex -106.528 52.0941 -0.8
    endloop
  endfacet
  facet normal -0 -1 0
    outer loop
      vertex -106.463 52.0941 0
      vertex -106.528 52.0941 0
      vertex -106.528 52.0941 -0.8
    endloop
  endfacet
  facet normal 0.991359 -0.131176 0
    outer loop
      vertex -106.528 52.0941 -0.8
      vertex -106.528 52.0941 0
      vertex -106.568 51.7918 -0.8
    endloop
  endfacet
  facet normal 0.991359 -0.131176 0
    outer loop
      vertex -106.528 52.0941 0
      vertex -106.568 51.7918 0
      vertex -106.568 51.7918 -0.8
    endloop
  endfacet
  facet normal 0.979284 -0.20249 0
    outer loop
      vertex -106.568 51.7918 -0.8
      vertex -106.568 51.7918 0
      vertex -106.626 51.5113 -0.8
    endloop
  endfacet
  facet normal 0.979284 -0.20249 0
    outer loop
      vertex -106.568 51.7918 0
      vertex -106.626 51.5113 0
      vertex -106.626 51.5113 -0.8
    endloop
  endfacet
  facet normal 0.959513 -0.281665 0
    outer loop
      vertex -106.626 51.5113 -0.8
      vertex -106.626 51.5113 0
      vertex -106.702 51.2524 -0.8
    endloop
  endfacet
  facet normal 0.959513 -0.281665 0
    outer loop
      vertex -106.626 51.5113 0
      vertex -106.702 51.2524 0
      vertex -106.702 51.2524 -0.8
    endloop
  endfacet
  facet normal 0.929661 -0.368415 0
    outer loop
      vertex -106.702 51.2524 -0.8
      vertex -106.702 51.2524 0
      vertex -106.796 51.0152 -0.8
    endloop
  endfacet
  facet normal 0.929661 -0.368415 0
    outer loop
      vertex -106.702 51.2524 0
      vertex -106.796 51.0152 0
      vertex -106.796 51.0152 -0.8
    endloop
  endfacet
  facet normal 0.888913 -0.458075 0
    outer loop
      vertex -106.796 51.0152 -0.8
      vertex -106.796 51.0152 0
      vertex -106.907 50.7998 -0.8
    endloop
  endfacet
  facet normal 0.888913 -0.458075 0
    outer loop
      vertex -106.796 51.0152 0
      vertex -106.907 50.7998 0
      vertex -106.907 50.7998 -0.8
    endloop
  endfacet
  facet normal 0.830465 -0.557071 0
    outer loop
      vertex -106.907 50.7998 -0.8
      vertex -106.907 50.7998 0
      vertex -107.037 50.606 -0.8
    endloop
  endfacet
  facet normal 0.830465 -0.557071 0
    outer loop
      vertex -106.907 50.7998 0
      vertex -107.037 50.606 0
      vertex -107.037 50.606 -0.8
    endloop
  endfacet
  facet normal 0.758198 -0.652024 0
    outer loop
      vertex -107.037 50.606 -0.8
      vertex -107.037 50.606 0
      vertex -107.185 50.4339 -0.8
    endloop
  endfacet
  facet normal 0.758198 -0.652024 0
    outer loop
      vertex -107.037 50.606 0
      vertex -107.185 50.4339 0
      vertex -107.185 50.4339 -0.8
    endloop
  endfacet
  facet normal 0.665274 -0.7466 0
    outer loop
      vertex -107.185 50.4339 -0.8
      vertex -107.185 50.4339 0
      vertex -107.353 50.2842 -0.8
    endloop
  endfacet
  facet normal 0.665274 -0.7466 0
    outer loop
      vertex -107.185 50.4339 0
      vertex -107.353 50.2842 0
      vertex -107.353 50.2842 -0.8
    endloop
  endfacet
  facet normal 0.546505 -0.837456 0
    outer loop
      vertex -107.353 50.2842 -0.8
      vertex -107.353 50.2842 0
      vertex -107.547 50.1576 -0.8
    endloop
  endfacet
  facet normal 0.546505 -0.837456 0
    outer loop
      vertex -107.353 50.2842 0
      vertex -107.547 50.1576 0
      vertex -107.547 50.1576 -0.8
    endloop
  endfacet
  facet normal 0.429226 -0.903197 0
    outer loop
      vertex -107.547 50.1576 -0.8
      vertex -107.547 50.1576 0
      vertex -107.765 50.054 -0.8
    endloop
  endfacet
  facet normal 0.429226 -0.903197 0
    outer loop
      vertex -107.547 50.1576 0
      vertex -107.765 50.054 0
      vertex -107.765 50.054 -0.8
    endloop
  endfacet
  facet normal 0.314821 -0.949151 0
    outer loop
      vertex -107.765 50.054 -0.8
      vertex -107.765 50.054 0
      vertex -108.008 49.9734 -0.8
    endloop
  endfacet
  facet normal 0.314821 -0.949151 0
    outer loop
      vertex -107.765 50.054 0
      vertex -108.008 49.9734 0
      vertex -108.008 49.9734 -0.8
    endloop
  endfacet
  facet normal 0.210879 -0.977512 0
    outer loop
      vertex -108.008 49.9734 -0.8
      vertex -108.008 49.9734 0
      vertex -108.275 49.9158 -0.8
    endloop
  endfacet
  facet normal 0.210879 -0.977512 0
    outer loop
      vertex -108.008 49.9734 0
      vertex -108.275 49.9158 0
      vertex -108.275 49.9158 -0.8
    endloop
  endfacet
  facet normal 0.117732 -0.993045 0
    outer loop
      vertex -108.275 49.9158 -0.8
      vertex -108.275 49.9158 0
      vertex -108.566 49.8813 -0.8
    endloop
  endfacet
  facet normal 0.117732 -0.993045 0
    outer loop
      vertex -108.275 49.9158 0
      vertex -108.566 49.8813 0
      vertex -108.566 49.8813 -0.8
    endloop
  endfacet
  facet normal 0.0362538 -0.999343 0
    outer loop
      vertex -108.566 49.8813 -0.8
      vertex -108.566 49.8813 0
      vertex -108.883 49.8698 -0.8
    endloop
  endfacet
  facet normal 0.0362538 -0.999343 0
    outer loop
      vertex -108.566 49.8813 0
      vertex -108.883 49.8698 0
      vertex -108.883 49.8698 -0.8
    endloop
  endfacet
  facet normal -0.00439556 -0.99999 0
    outer loop
      vertex -108.883 49.8698 -0.8
      vertex -108.883 49.8698 0
      vertex -108.974 49.8702 -0.8
    endloop
  endfacet
  facet normal -0.00439556 -0.99999 0
    outer loop
      vertex -108.883 49.8698 0
      vertex -108.974 49.8702 0
      vertex -108.974 49.8702 -0.8
    endloop
  endfacet
  facet normal -0.0159071 -0.999873 0
    outer loop
      vertex -108.974 49.8702 -0.8
      vertex -108.974 49.8702 0
      vertex -109.062 49.8716 -0.8
    endloop
  endfacet
  facet normal -0.0159071 -0.999873 0
    outer loop
      vertex -108.974 49.8702 0
      vertex -109.062 49.8716 0
      vertex -109.062 49.8716 -0.8
    endloop
  endfacet
  facet normal -0.0258737 -0.999665 0
    outer loop
      vertex -109.062 49.8716 -0.8
      vertex -109.062 49.8716 0
      vertex -109.147 49.8738 -0.8
    endloop
  endfacet
  facet normal -0.0258737 -0.999665 0
    outer loop
      vertex -109.062 49.8716 0
      vertex -109.147 49.8738 0
      vertex -109.147 49.8738 -0.8
    endloop
  endfacet
  facet normal -0.0382436 -0.999268 0
    outer loop
      vertex -109.147 49.8738 -0.8
      vertex -109.147 49.8738 0
      vertex -109.228 49.8769 -0.8
    endloop
  endfacet
  facet normal -0.0382436 -0.999268 0
    outer loop
      vertex -109.147 49.8738 0
      vertex -109.228 49.8769 0
      vertex -109.228 49.8769 -0.8
    endloop
  endfacet
  facet normal -0.0512148 -0.998688 0
    outer loop
      vertex -109.228 49.8769 -0.8
      vertex -109.228 49.8769 0
      vertex -109.306 49.8809 -0.8
    endloop
  endfacet
  facet normal -0.0512148 -0.998688 0
    outer loop
      vertex -109.228 49.8769 0
      vertex -109.306 49.8809 0
      vertex -109.306 49.8809 -0.8
    endloop
  endfacet
  facet normal -0.0651943 -0.997873 0
    outer loop
      vertex -109.306 49.8809 -0.8
      vertex -109.306 49.8809 0
      vertex -109.381 49.8858 -0.8
    endloop
  endfacet
  facet normal -0.0651943 -0.997873 0
    outer loop
      vertex -109.306 49.8809 0
      vertex -109.381 49.8858 0
      vertex -109.381 49.8858 -0.8
    endloop
  endfacet
  facet normal -0.0800242 -0.996793 0
    outer loop
      vertex -109.381 49.8858 -0.8
      vertex -109.381 49.8858 0
      vertex -109.452 49.8915 -0.8
    endloop
  endfacet
  facet normal -0.0800242 -0.996793 0
    outer loop
      vertex -109.381 49.8858 0
      vertex -109.452 49.8915 0
      vertex -109.452 49.8915 -0.8
    endloop
  endfacet
  facet normal -0.0910488 -0.995846 0
    outer loop
      vertex -109.452 49.8915 -0.8
      vertex -109.452 49.8915 0
      vertex -109.522 49.8979 -0.8
    endloop
  endfacet
  facet normal -0.0910488 -0.995846 0
    outer loop
      vertex -109.452 49.8915 0
      vertex -109.522 49.8979 0
      vertex -109.522 49.8979 -0.8
    endloop
  endfacet
  facet normal -0.100952 -0.994891 0
    outer loop
      vertex -109.522 49.8979 -0.8
      vertex -109.522 49.8979 0
      vertex -109.59 49.9048 -0.8
    endloop
  endfacet
  facet normal -0.100952 -0.994891 0
    outer loop
      vertex -109.522 49.8979 0
      vertex -109.59 49.9048 0
      vertex -109.59 49.9048 -0.8
    endloop
  endfacet
  facet normal -0.108314 -0.994117 0
    outer loop
      vertex -109.59 49.9048 -0.8
      vertex -109.59 49.9048 0
      vertex -109.657 49.9121 -0.8
    endloop
  endfacet
  facet normal -0.108314 -0.994117 0
    outer loop
      vertex -109.59 49.9048 0
      vertex -109.657 49.9121 0
      vertex -109.657 49.9121 -0.8
    endloop
  endfacet
  facet normal -0.117639 -0.993056 0
    outer loop
      vertex -109.657 49.9121 -0.8
      vertex -109.657 49.9121 0
      vertex -109.722 49.9198 -0.8
    endloop
  endfacet
  facet normal -0.117639 -0.993056 0
    outer loop
      vertex -109.657 49.9121 0
      vertex -109.722 49.9198 0
      vertex -109.722 49.9198 -0.8
    endloop
  endfacet
  facet normal -0.125162 -0.992136 0
    outer loop
      vertex -109.722 49.9198 -0.8
      vertex -109.722 49.9198 0
      vertex -109.787 49.928 -0.8
    endloop
  endfacet
  facet normal -0.125162 -0.992136 0
    outer loop
      vertex -109.722 49.9198 0
      vertex -109.787 49.928 0
      vertex -109.787 49.928 -0.8
    endloop
  endfacet
  facet normal -0.134699 -0.990887 0
    outer loop
      vertex -109.787 49.928 -0.8
      vertex -109.787 49.928 0
      vertex -109.851 49.9367 -0.8
    endloop
  endfacet
  facet normal -0.134699 -0.990887 0
    outer loop
      vertex -109.787 49.928 0
      vertex -109.851 49.9367 0
      vertex -109.851 49.9367 -0.8
    endloop
  endfacet
  facet normal -0.145218 -0.9894 0
    outer loop
      vertex -109.851 49.9367 -0.8
      vertex -109.851 49.9367 0
      vertex -109.913 49.9458 -0.8
    endloop
  endfacet
  facet normal -0.145218 -0.9894 0
    outer loop
      vertex -109.851 49.9367 0
      vertex -109.913 49.9458 0
      vertex -109.913 49.9458 -0.8
    endloop
  endfacet
  facet normal -0.154571 -0.987982 0
    outer loop
      vertex -109.913 49.9458 -0.8
      vertex -109.913 49.9458 0
      vertex -109.975 49.9555 -0.8
    endloop
  endfacet
  facet normal -0.154571 -0.987982 0
    outer loop
      vertex -109.913 49.9458 0
      vertex -109.975 49.9555 0
      vertex -109.975 49.9555 -0.8
    endloop
  endfacet
  facet normal -0.168523 -0.985698 0
    outer loop
      vertex -109.975 49.9555 -0.8
      vertex -109.975 49.9555 0
      vertex -110.037 49.9661 -0.8
    endloop
  endfacet
  facet normal -0.168523 -0.985698 0
    outer loop
      vertex -109.975 49.9555 0
      vertex -110.037 49.9661 0
      vertex -110.037 49.9661 -0.8
    endloop
  endfacet
  facet normal -0.182373 -0.983229 0
    outer loop
      vertex -110.037 49.9661 -0.8
      vertex -110.037 49.9661 0
      vertex -110.099 49.9776 -0.8
    endloop
  endfacet
  facet normal -0.182373 -0.983229 0
    outer loop
      vertex -110.037 49.9661 0
      vertex -110.099 49.9776 0
      vertex -110.099 49.9776 -0.8
    endloop
  endfacet
  facet normal -0.196116 -0.980581 0
    outer loop
      vertex -110.099 49.9776 -0.8
      vertex -110.099 49.9776 0
      vertex -110.161 49.99 -0.8
    endloop
  endfacet
  facet normal -0.196116 -0.980581 0
    outer loop
      vertex -110.099 49.9776 0
      vertex -110.161 49.99 0
      vertex -110.161 49.99 -0.8
    endloop
  endfacet
  facet normal -0.209744 -0.977756 0
    outer loop
      vertex -110.161 49.99 -0.8
      vertex -110.161 49.99 0
      vertex -110.223 50.0033 -0.8
    endloop
  endfacet
  facet normal -0.209744 -0.977756 0
    outer loop
      vertex -110.161 49.99 0
      vertex -110.223 50.0033 0
      vertex -110.223 50.0033 -0.8
    endloop
  endfacet
  facet normal -0.221757 -0.975102 0
    outer loop
      vertex -110.223 50.0033 -0.8
      vertex -110.223 50.0033 0
      vertex -110.285 50.0174 -0.8
    endloop
  endfacet
  facet normal -0.221757 -0.975102 0
    outer loop
      vertex -110.223 50.0033 0
      vertex -110.285 50.0174 0
      vertex -110.285 50.0174 -0.8
    endloop
  endfacet
  facet normal -0.236631 -0.971599 0
    outer loop
      vertex -110.285 50.0174 -0.8
      vertex -110.285 50.0174 0
      vertex -110.347 50.0325 -0.8
    endloop
  endfacet
  facet normal -0.236631 -0.971599 0
    outer loop
      vertex -110.285 50.0174 0
      vertex -110.347 50.0325 0
      vertex -110.347 50.0325 -0.8
    endloop
  endfacet
  facet normal -0.241811 -0.970323 0
    outer loop
      vertex -110.347 50.0325 -0.8
      vertex -110.347 50.0325 0
      vertex -110.41 50.0482 -0.8
    endloop
  endfacet
  facet normal -0.241811 -0.970323 0
    outer loop
      vertex -110.347 50.0325 0
      vertex -110.41 50.0482 0
      vertex -110.41 50.0482 -0.8
    endloop
  endfacet
  facet normal -0.238379 -0.971172 0
    outer loop
      vertex -110.41 50.0482 -0.8
      vertex -110.41 50.0482 0
      vertex -110.476 50.0644 -0.8
    endloop
  endfacet
  facet normal -0.238379 -0.971172 0
    outer loop
      vertex -110.41 50.0482 0
      vertex -110.476 50.0644 0
      vertex -110.476 50.0644 -0.8
    endloop
  endfacet
  facet normal -0.24049 -0.970652 0
    outer loop
      vertex -110.476 50.0644 -0.8
      vertex -110.476 50.0644 0
      vertex -110.543 50.081 -0.8
    endloop
  endfacet
  facet normal -0.24049 -0.970652 0
    outer loop
      vertex -110.476 50.0644 0
      vertex -110.543 50.081 0
      vertex -110.543 50.081 -0.8
    endloop
  endfacet
  facet normal -0.237308 -0.971435 0
    outer loop
      vertex -110.543 50.081 -0.8
      vertex -110.543 50.081 0
      vertex -110.613 50.0981 -0.8
    endloop
  endfacet
  facet normal -0.237308 -0.971435 0
    outer loop
      vertex -110.543 50.081 0
      vertex -110.613 50.0981 0
      vertex -110.613 50.0981 -0.8
    endloop
  endfacet
  facet normal -0.236179 -0.971709 0
    outer loop
      vertex -110.613 50.0981 -0.8
      vertex -110.613 50.0981 0
      vertex -110.685 50.1156 -0.8
    endloop
  endfacet
  facet normal -0.236179 -0.971709 0
    outer loop
      vertex -110.613 50.0981 0
      vertex -110.685 50.1156 0
      vertex -110.685 50.1156 -0.8
    endloop
  endfacet
  facet normal -0.235111 -0.971968 0
    outer loop
      vertex -110.685 50.1156 -0.8
      vertex -110.685 50.1156 0
      vertex -110.759 50.1335 -0.8
    endloop
  endfacet
  facet normal -0.235111 -0.971968 0
    outer loop
      vertex -110.685 50.1156 0
      vertex -110.759 50.1335 0
      vertex -110.759 50.1335 -0.8
    endloop
  endfacet
  facet normal -0.231222 -0.972901 0
    outer loop
      vertex -110.759 50.1335 -0.8
      vertex -110.759 50.1335 0
      vertex -110.836 50.1518 -0.8
    endloop
  endfacet
  facet normal -0.231222 -0.972901 0
    outer loop
      vertex -110.759 50.1335 0
      vertex -110.836 50.1518 0
      vertex -110.836 50.1518 -0.8
    endloop
  endfacet
  facet normal -1 0 0
    outer loop
      vertex -110.836 50.1518 -0.8
      vertex -110.836 50.1518 0
      vertex -110.836 51.8011 -0.8
    endloop
  endfacet
  facet normal -1 0 0
    outer loop
      vertex -110.836 50.1518 0
      vertex -110.836 51.8011 0
      vertex -110.836 51.8011 -0.8
    endloop
  endfacet
  facet normal 0.181003 0.983483 -0
    outer loop
      vertex -110.836 51.8011 -0.8
      vertex -110.836 51.8011 0
      vertex -110.742 51.7838 -0.8
    endloop
  endfacet
  facet normal 0.181003 0.983483 0
    outer loop
      vertex -110.836 51.8011 0
      vertex -110.742 51.7838 0
      vertex -110.742 51.7838 -0.8
    endloop
  endfacet
  facet normal 0.153479 0.988152 -0
    outer loop
      vertex -110.742 51.7838 -0.8
      vertex -110.742 51.7838 0
      vertex -110.648 51.7692 -0.8
    endloop
  endfacet
  facet normal 0.153479 0.988152 0
    outer loop
      vertex -110.742 51.7838 0
      vertex -110.648 51.7692 0
      vertex -110.648 51.7692 -0.8
    endloop
  endfacet
  facet normal 0.124292 0.992246 -0
    outer loop
      vertex -110.648 51.7692 -0.8
      vertex -110.648 51.7692 0
      vertex -110.553 51.7573 -0.8
    endloop
  endfacet
  facet normal 0.124292 0.992246 0
    outer loop
      vertex -110.648 51.7692 0
      vertex -110.553 51.7573 0
      vertex -110.553 51.7573 -0.8
    endloop
  endfacet
  facet normal 0.0964236 0.99534 -0
    outer loop
      vertex -110.553 51.7573 -0.8
      vertex -110.553 51.7573 0
      vertex -110.457 51.748 -0.8
    endloop
  endfacet
  facet normal 0.0964236 0.99534 0
    outer loop
      vertex -110.553 51.7573 0
      vertex -110.457 51.748 0
      vertex -110.457 51.748 -0.8
    endloop
  endfacet
  facet normal 0.068908 0.997623 -0
    outer loop
      vertex -110.457 51.748 -0.8
      vertex -110.457 51.748 0
      vertex -110.36 51.7413 -0.8
    endloop
  endfacet
  facet normal 0.068908 0.997623 0
    outer loop
      vertex -110.457 51.748 0
      vertex -110.36 51.7413 0
      vertex -110.36 51.7413 -0.8
    endloop
  endfacet
  facet normal 0.0407824 0.999168 -0
    outer loop
      vertex -110.36 51.7413 -0.8
      vertex -110.36 51.7413 0
      vertex -110.262 51.7373 -0.8
    endloop
  endfacet
  facet normal 0.0407824 0.999168 0
    outer loop
      vertex -110.36 51.7413 0
      vertex -110.262 51.7373 0
      vertex -110.262 51.7373 -0.8
    endloop
  endfacet
  facet normal 0.0131302 0.999914 -0
    outer loop
      vertex -110.262 51.7373 -0.8
      vertex -110.262 51.7373 0
      vertex -110.163 51.736 -0.8
    endloop
  endfacet
  facet normal 0.0131302 0.999914 0
    outer loop
      vertex -110.262 51.7373 0
      vertex -110.163 51.736 0
      vertex -110.163 51.736 -0.8
    endloop
  endfacet
  facet normal -0.053072 0.998591 0
    outer loop
      vertex -110.163 51.736 -0.8
      vertex -110.163 51.736 0
      vertex -110.02 51.7436 -0.8
    endloop
  endfacet
  facet normal -0.053072 0.998591 0
    outer loop
      vertex -110.163 51.736 0
      vertex -110.02 51.7436 0
      vertex -110.02 51.7436 -0.8
    endloop
  endfacet
  facet normal -0.173483 0.984837 0
    outer loop
      vertex -110.02 51.7436 -0.8
      vertex -110.02 51.7436 0
      vertex -109.89 51.7665 -0.8
    endloop
  endfacet
  facet normal -0.173483 0.984837 0
    outer loop
      vertex -110.02 51.7436 0
      vertex -109.89 51.7665 0
      vertex -109.89 51.7665 -0.8
    endloop
  endfacet
  facet normal -0.305647 0.952145 0
    outer loop
      vertex -109.89 51.7665 -0.8
      vertex -109.89 51.7665 0
      vertex -109.771 51.8047 -0.8
    endloop
  endfacet
  facet normal -0.305647 0.952145 0
    outer loop
      vertex -109.89 51.7665 0
      vertex -109.771 51.8047 0
      vertex -109.771 51.8047 -0.8
    endloop
  endfacet
  facet normal -0.450579 0.892736 0
    outer loop
      vertex -109.771 51.8047 -0.8
      vertex -109.771 51.8047 0
      vertex -109.665 51.8582 -0.8
    endloop
  endfacet
  facet normal -0.450579 0.892736 0
    outer loop
      vertex -109.771 51.8047 0
      vertex -109.665 51.8582 0
      vertex -109.665 51.8582 -0.8
    endloop
  endfacet
  facet normal -0.59006 0.80736 0
    outer loop
      vertex -109.665 51.8582 -0.8
      vertex -109.665 51.8582 0
      vertex -109.571 51.9269 -0.8
    endloop
  endfacet
  facet normal -0.59006 0.80736 0
    outer loop
      vertex -109.665 51.8582 0
      vertex -109.571 51.9269 0
      vertex -109.571 51.9269 -0.8
    endloop
  endfacet
  facet normal -0.715574 0.698537 0
    outer loop
      vertex -109.571 51.9269 -0.8
      vertex -109.571 51.9269 0
      vertex -109.489 52.0109 -0.8
    endloop
  endfacet
  facet normal -0.715574 0.698537 0
    outer loop
      vertex -109.571 51.9269 0
      vertex -109.489 52.0109 0
      vertex -109.489 52.0109 -0.8
    endloop
  endfacet
  facet normal -0.821208 0.570628 0
    outer loop
      vertex -109.489 52.0109 -0.8
      vertex -109.489 52.0109 0
      vertex -109.42 52.1102 -0.8
    endloop
  endfacet
  facet normal -0.821208 0.570628 0
    outer loop
      vertex -109.489 52.0109 0
      vertex -109.42 52.1102 0
      vertex -109.42 52.1102 -0.8
    endloop
  endfacet
  facet normal -0.896667 0.442706 0
    outer loop
      vertex -109.42 52.1102 -0.8
      vertex -109.42 52.1102 0
      vertex -109.361 52.2297 -0.8
    endloop
  endfacet
  facet normal -0.896667 0.442706 0
    outer loop
      vertex -109.42 52.1102 0
      vertex -109.361 52.2297 0
      vertex -109.361 52.2297 -0.8
    endloop
  endfacet
  facet normal -0.945025 0.326998 0
    outer loop
      vertex -109.361 52.2297 -0.8
      vertex -109.361 52.2297 0
      vertex -109.311 52.3742 -0.8
    endloop
  endfacet
  facet normal -0.945025 0.326998 0
    outer loop
      vertex -109.361 52.2297 0
      vertex -109.311 52.3742 0
      vertex -109.311 52.3742 -0.8
    endloop
  endfacet
  facet normal -0.971969 0.235108 0
    outer loop
      vertex -109.311 52.3742 -0.8
      vertex -109.311 52.3742 0
      vertex -109.27 52.5437 -0.8
    endloop
  endfacet
  facet normal -0.971969 0.235108 0
    outer loop
      vertex -109.311 52.3742 0
      vertex -109.27 52.5437 0
      vertex -109.27 52.5437 -0.8
    endloop
  endfacet
  facet normal -0.986748 0.162261 0
    outer loop
      vertex -109.27 52.5437 -0.8
      vertex -109.27 52.5437 0
      vertex -109.238 52.7383 -0.8
    endloop
  endfacet
  facet normal -0.986748 0.162261 0
    outer loop
      vertex -109.27 52.5437 0
      vertex -109.238 52.7383 0
      vertex -109.238 52.7383 -0.8
    endloop
  endfacet
  facet normal -0.994555 0.104213 0
    outer loop
      vertex -109.238 52.7383 -0.8
      vertex -109.238 52.7383 0
      vertex -109.215 52.9578 -0.8
    endloop
  endfacet
  facet normal -0.994555 0.104213 0
    outer loop
      vertex -109.238 52.7383 0
      vertex -109.215 52.9578 0
      vertex -109.215 52.9578 -0.8
    endloop
  endfacet
  facet normal -0.998591 0.0530731 0
    outer loop
      vertex -109.215 52.9578 -0.8
      vertex -109.215 52.9578 0
      vertex -109.202 53.2024 -0.8
    endloop
  endfacet
  facet normal -0.998591 0.0530731 0
    outer loop
      vertex -109.215 52.9578 0
      vertex -109.202 53.2024 0
      vertex -109.202 53.2024 -0.8
    endloop
  endfacet
  facet normal -0.999828 0.0185428 0
    outer loop
      vertex -109.202 53.2024 -0.8
      vertex -109.202 53.2024 0
      vertex -109.197 53.472 -0.8
    endloop
  endfacet
  facet normal -0.999828 0.0185428 0
    outer loop
      vertex -109.202 53.2024 0
      vertex -109.197 53.472 0
      vertex -109.197 53.472 -0.8
    endloop
  endfacet
  facet normal -1 0 0
    outer loop
      vertex -109.197 53.472 -0.8
      vertex -109.197 53.472 0
      vertex -109.197 57.7469 -0.8
    endloop
  endfacet
  facet normal -1 0 0
    outer loop
      vertex -109.197 53.472 0
      vertex -109.197 57.7469 0
      vertex -109.197 57.7469 -0.8
    endloop
  endfacet
  facet normal -0.999075 0.0429941 0
    outer loop
      vertex -109.197 57.7469 -0.8
      vertex -109.197 57.7469 0
      vertex -109.173 58.3046 -0.8
    endloop
  endfacet
  facet normal -0.999075 0.0429941 0
    outer loop
      vertex -109.197 57.7469 0
      vertex -109.173 58.3046 0
      vertex -109.173 58.3046 -0.8
    endloop
  endfacet
  facet normal -0.990033 0.140835 0
    outer loop
      vertex -109.173 58.3046 -0.8
      vertex -109.173 58.3046 0
      vertex -109.099 58.8248 -0.8
    endloop
  endfacet
  facet normal -0.990033 0.140835 0
    outer loop
      vertex -109.173 58.3046 0
      vertex -109.099 58.8248 0
      vertex -109.099 58.8248 -0.8
    endloop
  endfacet
  facet normal -0.96901 0.247022 0
    outer loop
      vertex -109.099 58.8248 -0.8
      vertex -109.099 58.8248 0
      vertex -108.976 59.3073 -0.8
    endloop
  endfacet
  facet normal -0.96901 0.247022 0
    outer loop
      vertex -109.099 58.8248 0
      vertex -108.976 59.3073 0
      vertex -108.976 59.3073 -0.8
    endloop
  endfacet
  facet normal -0.932696 0.360665 0
    outer loop
      vertex -108.976 59.3073 -0.8
      vertex -108.976 59.3073 0
      vertex -108.804 59.7521 -0.8
    endloop
  endfacet
  facet normal -0.932696 0.360665 0
    outer loop
      vertex -108.976 59.3073 0
      vertex -108.804 59.7521 0
      vertex -108.804 59.7521 -0.8
    endloop
  endfacet
  facet normal -0.8789 0.477006 0
    outer loop
      vertex -108.804 59.7521 -0.8
      vertex -108.804 59.7521 0
      vertex -108.583 60.1593 -0.8
    endloop
  endfacet
  facet normal -0.8789 0.477006 0
    outer loop
      vertex -108.804 59.7521 0
      vertex -108.583 60.1593 0
      vertex -108.583 60.1593 -0.8
    endloop
  endfacet
  facet normal -0.806447 0.591307 0
    outer loop
      vertex -108.583 60.1593 -0.8
      vertex -108.583 60.1593 0
      vertex -108.312 60.5289 -0.8
    endloop
  endfacet
  facet normal -0.806447 0.591307 0
    outer loop
      vertex -108.583 60.1593 0
      vertex -108.312 60.5289 0
      vertex -108.312 60.5289 -0.8
    endloop
  endfacet
  facet normal -0.720979 0.692957 0
    outer loop
      vertex -108.312 60.5289 -0.8
      vertex -108.312 60.5289 0
      vertex -107.993 60.8608 -0.8
    endloop
  endfacet
  facet normal -0.720979 0.692957 0
    outer loop
      vertex -108.312 60.5289 0
      vertex -107.993 60.8608 0
      vertex -107.993 60.8608 -0.8
    endloop
  endfacet
  facet normal -0.622995 0.782226 0
    outer loop
      vertex -107.993 60.8608 -0.8
      vertex -107.993 60.8608 0
      vertex -107.628 61.1515 -0.8
    endloop
  endfacet
  facet normal -0.622995 0.782226 0
    outer loop
      vertex -107.993 60.8608 0
      vertex -107.628 61.1515 0
      vertex -107.628 61.1515 -0.8
    endloop
  endfacet
  facet normal -0.517276 0.855819 0
    outer loop
      vertex -107.628 61.1515 -0.8
      vertex -107.628 61.1515 0
      vertex -107.221 61.3975 -0.8
    endloop
  endfacet
  facet normal -0.517276 0.855819 0
    outer loop
      vertex -107.628 61.1515 0
      vertex -107.221 61.3975 0
      vertex -107.221 61.3975 -0.8
    endloop
  endfacet
  facet normal -0.409857 0.91215 0
    outer loop
      vertex -107.221 61.3975 -0.8
      vertex -107.221 61.3975 0
      vertex -106.773 61.5988 -0.8
    endloop
  endfacet
  facet normal -0.409857 0.91215 0
    outer loop
      vertex -107.221 61.3975 0
      vertex -106.773 61.5988 0
      vertex -106.773 61.5988 -0.8
    endloop
  endfacet
  facet normal -0.304988 0.952356 0
    outer loop
      vertex -106.773 61.5988 -0.8
      vertex -106.773 61.5988 0
      vertex -106.284 61.7554 -0.8
    endloop
  endfacet
  facet normal -0.304988 0.952356 0
    outer loop
      vertex -106.773 61.5988 0
      vertex -106.284 61.7554 0
      vertex -106.284 61.7554 -0.8
    endloop
  endfacet
  facet normal -0.205658 0.978624 0
    outer loop
      vertex -106.284 61.7554 -0.8
      vertex -106.284 61.7554 0
      vertex -105.752 61.8672 -0.8
    endloop
  endfacet
  facet normal -0.205658 0.978624 0
    outer loop
      vertex -106.284 61.7554 0
      vertex -105.752 61.8672 0
      vertex -105.752 61.8672 -0.8
    endloop
  endfacet
  facet normal -0.116308 0.993213 0
    outer loop
      vertex -105.752 61.8672 -0.8
      vertex -105.752 61.8672 0
      vertex -105.179 61.9343 -0.8
    endloop
  endfacet
  facet normal -0.116308 0.993213 0
    outer loop
      vertex -105.752 61.8672 0
      vertex -105.179 61.9343 0
      vertex -105.179 61.9343 -0.8
    endloop
  endfacet
  facet normal -0.0362363 0.999343 0
    outer loop
      vertex -105.179 61.9343 -0.8
      vertex -105.179 61.9343 0
      vertex -104.564 61.9566 -0.8
    endloop
  endfacet
  facet normal -0.0362363 0.999343 0
    outer loop
      vertex -105.179 61.9343 0
      vertex -104.564 61.9566 0
      vertex -104.564 61.9566 -0.8
    endloop
  endfacet
  facet normal 0.0294954 0.999565 -0
    outer loop
      vertex -104.564 61.9566 -0.8
      vertex -104.564 61.9566 0
      vertex -103.954 61.9386 -0.8
    endloop
  endfacet
  facet normal 0.0294954 0.999565 0
    outer loop
      vertex -104.564 61.9566 0
      vertex -103.954 61.9386 0
      vertex -103.954 61.9386 -0.8
    endloop
  endfacet
  facet normal 0.0941695 0.995556 -0
    outer loop
      vertex -103.954 61.9386 -0.8
      vertex -103.954 61.9386 0
      vertex -103.381 61.8844 -0.8
    endloop
  endfacet
  facet normal 0.0941695 0.995556 0
    outer loop
      vertex -103.954 61.9386 0
      vertex -103.381 61.8844 0
      vertex -103.381 61.8844 -0.8
    endloop
  endfacet
  facet normal 0.166555 0.986032 -0
    outer loop
      vertex -103.381 61.8844 -0.8
      vertex -103.381 61.8844 0
      vertex -102.847 61.7942 -0.8
    endloop
  endfacet
  facet normal 0.166555 0.986032 0
    outer loop
      vertex -103.381 61.8844 0
      vertex -102.847 61.7942 0
      vertex -102.847 61.7942 -0.8
    endloop
  endfacet
  facet normal 0.246296 0.969195 -0
    outer loop
      vertex -102.847 61.7942 -0.8
      vertex -102.847 61.7942 0
      vertex -102.35 61.6679 -0.8
    endloop
  endfacet
  facet normal 0.246296 0.969195 0
    outer loop
      vertex -102.847 61.7942 0
      vertex -102.35 61.6679 0
      vertex -102.35 61.6679 -0.8
    endloop
  endfacet
  facet normal 0.333733 0.942668 -0
    outer loop
      vertex -102.35 61.6679 -0.8
      vertex -102.35 61.6679 0
      vertex -101.891 61.5054 -0.8
    endloop
  endfacet
  facet normal 0.333733 0.942668 0
    outer loop
      vertex -102.35 61.6679 0
      vertex -101.891 61.5054 0
      vertex -101.891 61.5054 -0.8
    endloop
  endfacet
  facet normal 0.426469 0.904502 -0
    outer loop
      vertex -101.891 61.5054 -0.8
      vertex -101.891 61.5054 0
      vertex -101.47 61.3069 -0.8
    endloop
  endfacet
  facet normal 0.426469 0.904502 0
    outer loop
      vertex -101.891 61.5054 0
      vertex -101.47 61.3069 0
      vertex -101.47 61.3069 -0.8
    endloop
  endfacet
  facet normal 0.522332 0.852742 -0
    outer loop
      vertex -101.47 61.3069 -0.8
      vertex -101.47 61.3069 0
      vertex -101.087 61.0723 -0.8
    endloop
  endfacet
  facet normal 0.522332 0.852742 0
    outer loop
      vertex -101.47 61.3069 0
      vertex -101.087 61.0723 0
      vertex -101.087 61.0723 -0.8
    endloop
  endfacet
  facet normal 0.616851 0.78708 -0
    outer loop
      vertex -101.087 61.0723 -0.8
      vertex -101.087 61.0723 0
      vertex -100.743 60.8027 -0.8
    endloop
  endfacet
  facet normal 0.616851 0.78708 0
    outer loop
      vertex -101.087 61.0723 0
      vertex -100.743 60.8027 0
      vertex -100.743 60.8027 -0.8
    endloop
  endfacet
  facet normal 0.706408 0.707805 -0
    outer loop
      vertex -100.743 60.8027 -0.8
      vertex -100.743 60.8027 0
      vertex -100.439 60.4993 -0.8
    endloop
  endfacet
  facet normal 0.706408 0.707805 0
    outer loop
      vertex -100.743 60.8027 0
      vertex -100.439 60.4993 0
      vertex -100.439 60.4993 -0.8
    endloop
  endfacet
  facet normal 0.787475 0.616346 -0
    outer loop
      vertex -100.439 60.4993 -0.8
      vertex -100.439 60.4993 0
      vertex -100.175 60.162 -0.8
    endloop
  endfacet
  facet normal 0.787475 0.616346 0
    outer loop
      vertex -100.439 60.4993 0
      vertex -100.175 60.162 0
      vertex -100.175 60.162 -0.8
    endloop
  endfacet
  facet normal 0.855779 0.517341 -0
    outer loop
      vertex -100.175 60.162 -0.8
      vertex -100.175 60.162 0
      vertex -99.9506 59.7908 -0.8
    endloop
  endfacet
  facet normal 0.855779 0.517341 0
    outer loop
      vertex -100.175 60.162 0
      vertex -99.9506 59.7908 0
      vertex -99.9506 59.7908 -0.8
    endloop
  endfacet
  facet normal 0.910567 0.413363 -0
    outer loop
      vertex -99.9506 59.7908 -0.8
      vertex -99.9506 59.7908 0
      vertex -99.7667 59.3857 -0.8
    endloop
  endfacet
  facet normal 0.910567 0.413363 0
    outer loop
      vertex -99.9506 59.7908 0
      vertex -99.7667 59.3857 0
      vertex -99.7667 59.3857 -0.8
    endloop
  endfacet
  facet normal 0.950295 0.311352 -0
    outer loop
      vertex -99.7667 59.3857 -0.8
      vertex -99.7667 59.3857 0
      vertex -99.6229 58.9468 -0.8
    endloop
  endfacet
  facet normal 0.950295 0.311352 0
    outer loop
      vertex -99.7667 59.3857 0
      vertex -99.6229 58.9468 0
      vertex -99.6229 58.9468 -0.8
    endloop
  endfacet
  facet normal 0.976791 0.214196 -0
    outer loop
      vertex -99.6229 58.9468 -0.8
      vertex -99.6229 58.9468 0
      vertex -99.5192 58.4739 -0.8
    endloop
  endfacet
  facet normal 0.976791 0.214196 0
    outer loop
      vertex -99.6229 58.9468 0
      vertex -99.5192 58.4739 0
      vertex -99.5192 58.4739 -0.8
    endloop
  endfacet
  facet normal 0.0477622 -0.998859 0
    outer loop
      vertex -99.5192 58.4739 -0.8
      vertex -99.5192 58.4739 0
      vertex -102.698 58.3219 -0.8
    endloop
  endfacet
  facet normal 0.0477622 -0.998859 0
    outer loop
      vertex -99.5192 58.4739 0
      vertex -102.698 58.3219 0
      vertex -102.698 58.3219 -0.8
    endloop
  endfacet
  facet normal -0.990423 -0.138066 0
    outer loop
      vertex -102.698 58.3219 -0.8
      vertex -102.698 58.3219 0
      vertex -102.732 58.5658 -0.8
    endloop
  endfacet
  facet normal -0.990423 -0.138066 0
    outer loop
      vertex -102.698 58.3219 0
      vertex -102.732 58.5658 0
      vertex -102.732 58.5658 -0.8
    endloop
  endfacet
  facet normal -0.979452 -0.201678 0
    outer loop
      vertex -102.732 58.5658 -0.8
      vertex -102.732 58.5658 0
      vertex -102.778 58.7892 -0.8
    endloop
  endfacet
  facet normal -0.979452 -0.201678 0
    outer loop
      vertex -102.732 58.5658 0
      vertex -102.778 58.7892 0
      vertex -102.778 58.7892 -0.8
    endloop
  endfacet
  facet normal -0.960154 -0.279472 0
    outer loop
      vertex -102.778 58.7892 -0.8
      vertex -102.778 58.7892 0
      vertex -102.837 58.9919 -0.8
    endloop
  endfacet
  facet normal -0.960154 -0.279472 0
    outer loop
      vertex -102.778 58.7892 0
      vertex -102.837 58.9919 0
      vertex -102.837 58.9919 -0.8
    endloop
  endfacet
  facet normal -0.933412 -0.358807 0
    outer loop
      vertex -102.837 58.9919 -0.8
      vertex -102.837 58.9919 0
      vertex -102.907 59.174 -0.8
    endloop
  endfacet
  facet normal -0.933412 -0.358807 0
    outer loop
      vertex -102.837 58.9919 0
      vertex -102.907 59.174 0
      vertex -102.907 59.174 -0.8
    endloop
  endfacet
  facet normal -0.889416 -0.457099 0
    outer loop
      vertex -102.907 59.174 -0.8
      vertex -102.907 59.174 0
      vertex -102.99 59.3355 -0.8
    endloop
  endfacet
  facet normal -0.889416 -0.457099 0
    outer loop
      vertex -102.907 59.174 0
      vertex -102.99 59.3355 0
      vertex -102.99 59.3355 -0.8
    endloop
  endfacet
  facet normal -0.829326 -0.558766 0
    outer loop
      vertex -102.99 59.3355 -0.8
      vertex -102.99 59.3355 0
      vertex -103.085 59.4765 -0.8
    endloop
  endfacet
  facet normal -0.829326 -0.558766 0
    outer loop
      vertex -102.99 59.3355 0
      vertex -103.085 59.4765 0
      vertex -103.085 59.4765 -0.8
    endloop
  endfacet
  facet normal -0.747204 -0.664595 0
    outer loop
      vertex -103.085 59.4765 -0.8
      vertex -103.085 59.4765 0
      vertex -103.192 59.5968 -0.8
    endloop
  endfacet
  facet normal -0.747204 -0.664595 0
    outer loop
      vertex -103.085 59.4765 0
      vertex -103.192 59.5968 0
      vertex -103.192 59.5968 -0.8
    endloop
  endfacet
  facet normal -0.64216 -0.766571 0
    outer loop
      vertex -103.192 59.5968 -0.8
      vertex -103.192 59.5968 0
      vertex -103.314 59.699 -0.8
    endloop
  endfacet
  facet normal -0.64216 -0.766571 0
    outer loop
      vertex -103.192 59.5968 0
      vertex -103.314 59.699 0
      vertex -103.314 59.699 -0.8
    endloop
  endfacet
  facet normal -0.522916 -0.852384 0
    outer loop
      vertex -103.314 59.699 -0.8
      vertex -103.314 59.699 0
      vertex -103.455 59.7855 -0.8
    endloop
  endfacet
  facet normal -0.522916 -0.852384 0
    outer loop
      vertex -103.314 59.699 0
      vertex -103.455 59.7855 0
      vertex -103.455 59.7855 -0.8
    endloop
  endfacet
  facet normal -0.406778 -0.913527 0
    outer loop
      vertex -103.455 59.7855 -0.8
      vertex -103.455 59.7855 0
      vertex -103.614 59.8563 -0.8
    endloop
  endfacet
  facet normal -0.406778 -0.913527 0
    outer loop
      vertex -103.455 59.7855 0
      vertex -103.614 59.8563 0
      vertex -103.614 59.8563 -0.8
    endloop
  endfacet
  facet normal -0.296739 -0.954959 0
    outer loop
      vertex -103.614 59.8563 -0.8
      vertex -103.614 59.8563 0
      vertex -103.791 59.9113 -0.8
    endloop
  endfacet
  facet normal -0.296739 -0.954959 0
    outer loop
      vertex -103.614 59.8563 0
      vertex -103.791 59.9113 0
      vertex -103.791 59.9113 -0.8
    endloop
  endfacet
  facet normal -0.196597 -0.980484 0
    outer loop
      vertex -103.791 59.9113 -0.8
      vertex -103.791 59.9113 0
      vertex -103.987 59.9506 -0.8
    endloop
  endfacet
  facet normal -0.196597 -0.980484 0
    outer loop
      vertex -103.791 59.9113 0
      vertex -103.987 59.9506 0
      vertex -103.987 59.9506 -0.8
    endloop
  endfacet
  facet normal -0.109112 -0.994029 0
    outer loop
      vertex -103.987 59.9506 -0.8
      vertex -103.987 59.9506 0
      vertex -104.202 59.9742 -0.8
    endloop
  endfacet
  facet normal -0.109112 -0.994029 0
    outer loop
      vertex -103.987 59.9506 0
      vertex -104.202 59.9742 0
      vertex -104.202 59.9742 -0.8
    endloop
  endfacet
  facet normal -0.034032 -0.999421 0
    outer loop
      vertex -104.202 59.9742 -0.8
      vertex -104.202 59.9742 0
      vertex -104.434 59.9821 -0.8
    endloop
  endfacet
  facet normal -0.034032 -0.999421 0
    outer loop
      vertex -104.202 59.9742 0
      vertex -104.434 59.9821 0
      vertex -104.434 59.9821 -0.8
    endloop
  endfacet
  facet normal 0.0455527 -0.998962 0
    outer loop
      vertex -104.434 59.9821 -0.8
      vertex -104.434 59.9821 0
      vertex -104.684 59.9707 -0.8
    endloop
  endfacet
  facet normal 0.0455527 -0.998962 0
    outer loop
      vertex -104.434 59.9821 0
      vertex -104.684 59.9707 0
      vertex -104.684 59.9707 -0.8
    endloop
  endfacet
  facet normal 0.148129 -0.988968 0
    outer loop
      vertex -104.684 59.9707 -0.8
      vertex -104.684 59.9707 0
      vertex -104.913 59.9364 -0.8
    endloop
  endfacet
  facet normal 0.148129 -0.988968 0
    outer loop
      vertex -104.684 59.9707 0
      vertex -104.913 59.9364 0
      vertex -104.913 59.9364 -0.8
    endloop
  endfacet
  facet normal 0.263117 -0.964764 0
    outer loop
      vertex -104.913 59.9364 -0.8
      vertex -104.913 59.9364 0
      vertex -105.122 59.8794 -0.8
    endloop
  endfacet
  facet normal 0.263117 -0.964764 0
    outer loop
      vertex -104.913 59.9364 0
      vertex -105.122 59.8794 0
      vertex -105.122 59.8794 -0.8
    endloop
  endfacet
  facet normal 0.392494 -0.919754 0
    outer loop
      vertex -105.122 59.8794 -0.8
      vertex -105.122 59.8794 0
      vertex -105.309 59.7996 -0.8
    endloop
  endfacet
  facet normal 0.392494 -0.919754 0
    outer loop
      vertex -105.122 59.8794 0
      vertex -105.309 59.7996 0
      vertex -105.309 59.7996 -0.8
    endloop
  endfacet
  facet normal 0.523841 -0.851816 0
    outer loop
      vertex -105.309 59.7996 -0.8
      vertex -105.309 59.7996 0
      vertex -105.476 59.6969 -0.8
    endloop
  endfacet
  facet normal 0.523841 -0.851816 0
    outer loop
      vertex -105.309 59.7996 0
      vertex -105.476 59.6969 0
      vertex -105.476 59.6969 -0.8
    endloop
  endfacet
  facet normal 0.651561 -0.758596 0
    outer loop
      vertex -105.476 59.6969 -0.8
      vertex -105.476 59.6969 0
      vertex -105.622 59.5715 -0.8
    endloop
  endfacet
  facet normal 0.651561 -0.758596 0
    outer loop
      vertex -105.476 59.6969 0
      vertex -105.622 59.5715 0
      vertex -105.622 59.5715 -0.8
    endloop
  endfacet
  facet normal 0.764617 -0.644485 0
    outer loop
      vertex -105.622 59.5715 -0.8
      vertex -105.622 59.5715 0
      vertex -105.747 59.4232 -0.8
    endloop
  endfacet
  facet normal 0.764617 -0.644485 0
    outer loop
      vertex -105.622 59.5715 0
      vertex -105.747 59.4232 0
      vertex -105.747 59.4232 -0.8
    endloop
  endfacet
  facet normal 0.848692 -0.528888 0
    outer loop
      vertex -105.747 59.4232 -0.8
      vertex -105.747 59.4232 0
      vertex -105.854 59.2515 -0.8
    endloop
  endfacet
  facet normal 0.848692 -0.528888 0
    outer loop
      vertex -105.747 59.4232 0
      vertex -105.854 59.2515 0
      vertex -105.854 59.2515 -0.8
    endloop
  endfacet
  facet normal 0.908691 -0.417469 0
    outer loop
      vertex -105.854 59.2515 -0.8
      vertex -105.854 59.2515 0
      vertex -105.944 59.0556 -0.8
    endloop
  endfacet
  facet normal 0.908691 -0.417469 0
    outer loop
      vertex -105.854 59.2515 0
      vertex -105.944 59.0556 0
      vertex -105.944 59.0556 -0.8
    endloop
  endfacet
  facet normal 0.949071 -0.315062 0
    outer loop
      vertex -105.944 59.0556 -0.8
      vertex -105.944 59.0556 0
      vertex -106.017 58.8357 -0.8
    endloop
  endfacet
  facet normal 0.949071 -0.315062 0
    outer loop
      vertex -105.944 59.0556 0
      vertex -106.017 58.8357 0
      vertex -106.017 58.8357 -0.8
    endloop
  endfacet
  facet normal 0.972913 -0.231171 0
    outer loop
      vertex -106.017 58.8357 -0.8
      vertex -106.017 58.8357 0
      vertex -106.075 58.5916 -0.8
    endloop
  endfacet
  facet normal 0.972913 -0.231171 0
    outer loop
      vertex -106.017 58.8357 0
      vertex -106.075 58.5916 0
      vertex -106.075 58.5916 -0.8
    endloop
  endfacet
  facet normal 0.988525 -0.15106 0
    outer loop
      vertex -106.075 58.5916 -0.8
      vertex -106.075 58.5916 0
      vertex -106.116 58.3233 -0.8
    endloop
  endfacet
  facet normal 0.988525 -0.15106 0
    outer loop
      vertex -106.075 58.5916 0
      vertex -106.116 58.3233 0
      vertex -106.116 58.3233 -0.8
    endloop
  endfacet
  facet normal 0.996648 -0.0818042 0
    outer loop
      vertex -106.116 58.3233 -0.8
      vertex -106.116 58.3233 0
      vertex -106.14 58.0309 -0.8
    endloop
  endfacet
  facet normal 0.996648 -0.0818042 0
    outer loop
      vertex -106.116 58.3233 0
      vertex -106.14 58.0309 0
      vertex -106.14 58.0309 -0.8
    endloop
  endfacet
  facet normal 0.999681 -0.0252684 0
    outer loop
      vertex -106.14 58.0309 -0.8
      vertex -106.14 58.0309 0
      vertex -106.148 57.7144 -0.8
    endloop
  endfacet
  facet normal 0.999681 -0.0252684 0
    outer loop
      vertex -106.14 58.0309 0
      vertex -106.148 57.7144 0
      vertex -106.148 57.7144 -0.8
    endloop
  endfacet
  facet normal 1 0 -0
    outer loop
      vertex -106.148 57.7144 -0.8
      vertex -106.148 57.7144 0
      vertex -106.148 57.1176 -0.8
    endloop
  endfacet
  facet normal 1 0 0
    outer loop
      vertex -106.148 57.7144 0
      vertex -106.148 57.1176 0
      vertex -106.148 57.1176 -0.8
    endloop
  endfacet
  facet normal 0.0171652 0.999853 -0
    outer loop
      vertex -106.148 57.1176 -0.8
      vertex -106.148 57.1176 0
      vertex -103.62 57.0742 -0.8
    endloop
  endfacet
  facet normal 0.0171652 0.999853 0
    outer loop
      vertex -106.148 57.1176 0
      vertex -103.62 57.0742 0
      vertex -103.62 57.0742 -0.8
    endloop
  endfacet
  facet normal 0.0404164 0.999183 -0
    outer loop
      vertex -103.62 57.0742 -0.8
      vertex -103.62 57.0742 0
      vertex -102.997 57.049 -0.8
    endloop
  endfacet
  facet normal 0.0404164 0.999183 0
    outer loop
      vertex -103.62 57.0742 0
      vertex -102.997 57.049 0
      vertex -102.997 57.049 -0.8
    endloop
  endfacet
  facet normal 0.108849 0.994058 -0
    outer loop
      vertex -102.997 57.049 -0.8
      vertex -102.997 57.049 0
      vertex -102.418 56.9856 -0.8
    endloop
  endfacet
  facet normal 0.108849 0.994058 0
    outer loop
      vertex -102.997 57.049 0
      vertex -102.418 56.9856 0
      vertex -102.418 56.9856 -0.8
    endloop
  endfacet
  facet normal 0.185882 0.982572 -0
    outer loop
      vertex -102.418 56.9856 -0.8
      vertex -102.418 56.9856 0
      vertex -101.882 56.8842 -0.8
    endloop
  endfacet
  facet normal 0.185882 0.982572 0
    outer loop
      vertex -102.418 56.9856 0
      vertex -101.882 56.8842 0
      vertex -101.882 56.8842 -0.8
    endloop
  endfacet
  facet normal 0.272784 0.962075 -0
    outer loop
      vertex -101.882 56.8842 -0.8
      vertex -101.882 56.8842 0
      vertex -101.39 56.7447 -0.8
    endloop
  endfacet
  facet normal 0.272784 0.962075 0
    outer loop
      vertex -101.882 56.8842 0
      vertex -101.39 56.7447 0
      vertex -101.39 56.7447 -0.8
    endloop
  endfacet
  facet normal 0.368527 0.929617 -0
    outer loop
      vertex -101.39 56.7447 -0.8
      vertex -101.39 56.7447 0
      vertex -100.942 56.5671 -0.8
    endloop
  endfacet
  facet normal 0.368527 0.929617 0
    outer loop
      vertex -101.39 56.7447 0
      vertex -100.942 56.5671 0
      vertex -100.942 56.5671 -0.8
    endloop
  endfacet
  facet normal 0.470079 0.882624 -0
    outer loop
      vertex -100.942 56.5671 -0.8
      vertex -100.942 56.5671 0
      vertex -100.537 56.3514 -0.8
    endloop
  endfacet
  facet normal 0.470079 0.882624 0
    outer loop
      vertex -100.942 56.5671 0
      vertex -100.537 56.3514 0
      vertex -100.537 56.3514 -0.8
    endloop
  endfacet
  facet normal 0.575134 0.818059 -0
    outer loop
      vertex -100.537 56.3514 -0.8
      vertex -100.537 56.3514 0
      vertex -100.176 56.0976 -0.8
    endloop
  endfacet
  facet normal 0.575134 0.818059 0
    outer loop
      vertex -100.537 56.3514 0
      vertex -100.176 56.0976 0
      vertex -100.176 56.0976 -0.8
    endloop
  endfacet
  facet normal 0.677127 0.735866 -0
    outer loop
      vertex -100.176 56.0976 -0.8
      vertex -100.176 56.0976 0
      vertex -99.8603 55.8071 -0.8
    endloop
  endfacet
  facet normal 0.677127 0.735866 0
    outer loop
      vertex -100.176 56.0976 0
      vertex -99.8603 55.8071 0
      vertex -99.8603 55.8071 -0.8
    endloop
  endfacet
  facet normal 0.773894 0.633315 -0
    outer loop
      vertex -99.8603 55.8071 -0.8
      vertex -99.8603 55.8071 0
      vertex -99.5936 55.4812 -0.8
    endloop
  endfacet
  facet normal 0.773894 0.633315 0
    outer loop
      vertex -99.8603 55.8071 0
      vertex -99.5936 55.4812 0
      vertex -99.5936 55.4812 -0.8
    endloop
  endfacet
  facet normal 0.856068 0.516863 -0
    outer loop
      vertex -99.5936 55.4812 -0.8
      vertex -99.5936 55.4812 0
      vertex -99.3754 55.1198 -0.8
    endloop
  endfacet
  facet normal 0.856068 0.516863 0
    outer loop
      vertex -99.5936 55.4812 0
      vertex -99.3754 55.1198 0
      vertex -99.3754 55.1198 -0.8
    endloop
  endfacet
  facet normal 0.919409 0.393304 -0
    outer loop
      vertex -99.3754 55.1198 -0.8
      vertex -99.3754 55.1198 0
      vertex -99.2057 54.7231 -0.8
    endloop
  endfacet
  facet normal 0.919409 0.393304 0
    outer loop
      vertex -99.3754 55.1198 0
      vertex -99.2057 54.7231 0
      vertex -99.2057 54.7231 -0.8
    endloop
  endfacet
  facet normal 0.962874 0.269952 -0
    outer loop
      vertex -99.2057 54.7231 -0.8
      vertex -99.2057 54.7231 0
      vertex -99.0845 54.2908 -0.8
    endloop
  endfacet
  facet normal 0.962874 0.269952 0
    outer loop
      vertex -99.2057 54.7231 0
      vertex -99.0845 54.2908 0
      vertex -99.0845 54.2908 -0.8
    endloop
  endfacet
  facet normal 0.988096 0.153835 -0
    outer loop
      vertex -99.0845 54.2908 -0.8
      vertex -99.0845 54.2908 0
      vertex -99.0117 53.8232 -0.8
    endloop
  endfacet
  facet normal 0.988096 0.153835 0
    outer loop
      vertex -99.0845 54.2908 0
      vertex -99.0117 53.8232 0
      vertex -99.0117 53.8232 -0.8
    endloop
  endfacet
  facet normal 0.998845 0.0480557 -0
    outer loop
      vertex -99.0117 53.8232 -0.8
      vertex -99.0117 53.8232 0
      vertex -98.9875 53.3202 -0.8
    endloop
  endfacet
  facet normal 0.998845 0.0480557 0
    outer loop
      vertex -99.0117 53.8232 0
      vertex -98.9875 53.3202 0
      vertex -98.9875 53.3202 -0.8
    endloop
  endfacet
  facet normal 0.999123 -0.0418807 0
    outer loop
      vertex -98.9875 53.3202 -0.8
      vertex -98.9875 53.3202 0
      vertex -99.007 52.855 -0.8
    endloop
  endfacet
  facet normal 0.999123 -0.0418807 0
    outer loop
      vertex -98.9875 53.3202 0
      vertex -99.007 52.855 0
      vertex -99.007 52.855 -0.8
    endloop
  endfacet
  facet normal 0.99108 -0.13327 0
    outer loop
      vertex -99.007 52.855 -0.8
      vertex -99.007 52.855 0
      vertex -99.0654 52.4207 -0.8
    endloop
  endfacet
  facet normal 0.99108 -0.13327 0
    outer loop
      vertex -99.007 52.855 0
      vertex -99.0654 52.4207 0
      vertex -99.0654 52.4207 -0.8
    endloop
  endfacet
  facet normal 0.972025 -0.234876 0
    outer loop
      vertex -99.0654 52.4207 -0.8
      vertex -99.0654 52.4207 0
      vertex -99.1629 52.0172 -0.8
    endloop
  endfacet
  facet normal 0.972025 -0.234876 0
    outer loop
      vertex -99.0654 52.4207 0
      vertex -99.1629 52.0172 0
      vertex -99.1629 52.0172 -0.8
    endloop
  endfacet
  facet normal 0.939115 -0.343603 0
    outer loop
      vertex -99.1629 52.0172 -0.8
      vertex -99.1629 52.0172 0
      vertex -99.2993 51.6444 -0.8
    endloop
  endfacet
  facet normal 0.939115 -0.343603 0
    outer loop
      vertex -99.1629 52.0172 0
      vertex -99.2993 51.6444 0
      vertex -99.2993 51.6444 -0.8
    endloop
  endfacet
  facet normal 0.889907 -0.456142 0
    outer loop
      vertex -99.2993 51.6444 -0.8
      vertex -99.2993 51.6444 0
      vertex -99.4746 51.3024 -0.8
    endloop
  endfacet
  facet normal 0.889907 -0.456142 0
    outer loop
      vertex -99.2993 51.6444 0
      vertex -99.4746 51.3024 0
      vertex -99.4746 51.3024 -0.8
    endloop
  endfacet
  facet normal 0.823694 -0.567034 0
    outer loop
      vertex -99.4746 51.3024 -0.8
      vertex -99.4746 51.3024 0
      vertex -99.6889 50.9911 -0.8
    endloop
  endfacet
  facet normal 0.823694 -0.567034 0
    outer loop
      vertex -99.4746 51.3024 0
      vertex -99.6889 50.9911 0
      vertex -99.6889 50.9911 -0.8
    endloop
  endfacet
  facet normal 0.742056 -0.670338 0
    outer loop
      vertex -99.6889 50.9911 -0.8
      vertex -99.6889 50.9911 0
      vertex -99.9422 50.7107 -0.8
    endloop
  endfacet
  facet normal 0.742056 -0.670338 0
    outer loop
      vertex -99.6889 50.9911 0
      vertex -99.9422 50.7107 0
      vertex -99.9422 50.7107 -0.8
    endloop
  endfacet
  facet normal 0.649899 -0.76002 0
    outer loop
      vertex -99.9422 50.7107 -0.8
      vertex -99.9422 50.7107 0
      vertex -100.23 50.4646 -0.8
    endloop
  endfacet
  facet normal 0.649899 -0.76002 0
    outer loop
      vertex -99.9422 50.7107 0
      vertex -100.23 50.4646 0
      vertex -100.23 50.4646 -0.8
    endloop
  endfacet
  facet normal 0.54674 -0.837302 0
    outer loop
      vertex -100.23 50.4646 -0.8
      vertex -100.23 50.4646 0
      vertex -100.549 50.2563 -0.8
    endloop
  endfacet
  facet normal 0.54674 -0.837302 0
    outer loop
      vertex -100.23 50.4646 0
      vertex -100.549 50.2563 0
      vertex -100.549 50.2563 -0.8
    endloop
  endfacet
  facet normal 0.43854 -0.898712 0
    outer loop
      vertex -100.549 50.2563 -0.8
      vertex -100.549 50.2563 0
      vertex -100.898 50.086 -0.8
    endloop
  endfacet
  facet normal 0.43854 -0.898712 0
    outer loop
      vertex -100.549 50.2563 0
      vertex -100.898 50.086 0
      vertex -100.898 50.086 -0.8
    endloop
  endfacet
  facet normal 0.329465 -0.944168 0
    outer loop
      vertex -100.898 50.086 -0.8
      vertex -100.898 50.086 0
      vertex -101.278 49.9534 -0.8
    endloop
  endfacet
  facet normal 0.329465 -0.944168 0
    outer loop
      vertex -100.898 50.086 0
      vertex -101.278 49.9534 0
      vertex -101.278 49.9534 -0.8
    endloop
  endfacet
  facet normal 0.224825 -0.974399 0
    outer loop
      vertex -101.278 49.9534 -0.8
      vertex -101.278 49.9534 0
      vertex -101.688 49.8588 -0.8
    endloop
  endfacet
  facet normal 0.224825 -0.974399 0
    outer loop
      vertex -101.278 49.9534 0
      vertex -101.688 49.8588 0
      vertex -101.688 49.8588 -0.8
    endloop
  endfacet
  facet normal 0.127743 -0.991807 0
    outer loop
      vertex -101.688 49.8588 -0.8
      vertex -101.688 49.8588 0
      vertex -102.129 49.802 -0.8
    endloop
  endfacet
  facet normal 0.127743 -0.991807 0
    outer loop
      vertex -101.688 49.8588 0
      vertex -102.129 49.802 0
      vertex -102.129 49.802 -0.8
    endloop
  endfacet
  facet normal 0.0400951 -0.999196 0
    outer loop
      vertex -102.129 49.802 -0.8
      vertex -102.129 49.802 0
      vertex -102.6 49.7831 -0.8
    endloop
  endfacet
  facet normal 0.0400951 -0.999196 0
    outer loop
      vertex -102.129 49.802 0
      vertex -102.6 49.7831 0
      vertex -102.6 49.7831 -0.8
    endloop
  endfacet
  facet normal -0.0660074 -0.997819 0
    outer loop
      vertex -102.6 49.7831 -0.8
      vertex -102.6 49.7831 0
      vertex -103.312 49.8302 -0.8
    endloop
  endfacet
  facet normal -0.0660074 -0.997819 0
    outer loop
      vertex -102.6 49.7831 0
      vertex -103.312 49.8302 0
      vertex -103.312 49.8302 -0.8
    endloop
  endfacet
  facet normal -0.147472 0.989066 0
    outer loop
      vertex -103.399 51.9179 -0.8
      vertex -103.232 51.9428 0
      vertex -103.232 51.9428 -0.8
    endloop
  endfacet
  facet normal -0.147472 0.989066 0
    outer loop
      vertex -103.232 51.9428 0
      vertex -103.399 51.9179 -0.8
      vertex -103.399 51.9179 0
    endloop
  endfacet
  facet normal -0.255554 0.966795 0
    outer loop
      vertex -103.232 51.9428 -0.8
      vertex -103.075 51.9843 0
      vertex -103.075 51.9843 -0.8
    endloop
  endfacet
  facet normal -0.255554 0.966795 0
    outer loop
      vertex -103.075 51.9843 0
      vertex -103.232 51.9428 -0.8
      vertex -103.232 51.9428 0
    endloop
  endfacet
  facet normal -0.369744 0.929134 0
    outer loop
      vertex -103.075 51.9843 -0.8
      vertex -102.929 52.0424 0
      vertex -102.929 52.0424 -0.8
    endloop
  endfacet
  facet normal -0.369744 0.929134 0
    outer loop
      vertex -102.929 52.0424 0
      vertex -103.075 51.9843 -0.8
      vertex -103.075 51.9843 0
    endloop
  endfacet
  facet normal -0.481919 0.876216 0
    outer loop
      vertex -102.929 52.0424 -0.8
      vertex -102.793 52.1172 0
      vertex -102.793 52.1172 -0.8
    endloop
  endfacet
  facet normal -0.481919 0.876216 0
    outer loop
      vertex -102.793 52.1172 0
      vertex -102.929 52.0424 -0.8
      vertex -102.929 52.0424 0
    endloop
  endfacet
  facet normal -0.586757 0.809763 0
    outer loop
      vertex -102.793 52.1172 -0.8
      vertex -102.667 52.2085 0
      vertex -102.667 52.2085 -0.8
    endloop
  endfacet
  facet normal -0.586757 0.809763 0
    outer loop
      vertex -102.667 52.2085 0
      vertex -102.793 52.1172 -0.8
      vertex -102.793 52.1172 0
    endloop
  endfacet
  facet normal -0.684573 0.728944 0
    outer loop
      vertex -102.667 52.2085 -0.8
      vertex -102.552 52.3165 0
      vertex -102.552 52.3165 -0.8
    endloop
  endfacet
  facet normal -0.684573 0.728944 0
    outer loop
      vertex -102.552 52.3165 0
      vertex -102.667 52.2085 -0.8
      vertex -102.667 52.2085 0
    endloop
  endfacet
  facet normal -0.771752 0.635924 0
    outer loop
      vertex -102.552 52.3165 -0.8
      vertex -102.449 52.4415 0
      vertex -102.449 52.4415 -0.8
    endloop
  endfacet
  facet normal -0.771752 0.635924 0
    outer loop
      vertex -102.449 52.4415 0
      vertex -102.552 52.3165 -0.8
      vertex -102.552 52.3165 0
    endloop
  endfacet
  facet normal -0.856165 0.516703 0
    outer loop
      vertex -102.449 52.4415 -0.8
      vertex -102.363 52.584 0
      vertex -102.363 52.584 -0.8
    endloop
  endfacet
  facet normal -0.856165 0.516703 0
    outer loop
      vertex -102.363 52.584 0
      vertex -102.449 52.4415 -0.8
      vertex -102.449 52.4415 0
    endloop
  endfacet
  facet normal -0.914047 0.405608 0
    outer loop
      vertex -102.363 52.584 -0.8
      vertex -102.292 52.744 0
      vertex -102.292 52.744 -0.8
    endloop
  endfacet
  facet normal -0.914047 0.405608 0
    outer loop
      vertex -102.292 52.744 0
      vertex -102.363 52.584 -0.8
      vertex -102.363 52.584 0
    endloop
  endfacet
  facet normal -0.955148 0.296128 0
    outer loop
      vertex -102.292 52.744 -0.8
      vertex -102.237 52.9214 0
      vertex -102.237 52.9214 -0.8
    endloop
  endfacet
  facet normal -0.955148 0.296128 0
    outer loop
      vertex -102.237 52.9214 0
      vertex -102.292 52.744 -0.8
      vertex -102.292 52.744 0
    endloop
  endfacet
  facet normal -0.980581 0.196116 0
    outer loop
      vertex -102.237 52.9214 -0.8
      vertex -102.198 53.1164 0
      vertex -102.198 53.1164 -0.8
    endloop
  endfacet
  facet normal -0.980581 0.196116 0
    outer loop
      vertex -102.198 53.1164 0
      vertex -102.237 52.9214 -0.8
      vertex -102.237 52.9214 0
    endloop
  endfacet
  facet normal -0.993683 0.112228 0
    outer loop
      vertex -102.198 53.1164 -0.8
      vertex -102.174 53.3289 0
      vertex -102.174 53.3289 -0.8
    endloop
  endfacet
  facet normal -0.993683 0.112228 0
    outer loop
      vertex -102.174 53.3289 0
      vertex -102.198 53.1164 -0.8
      vertex -102.198 53.1164 0
    endloop
  endfacet
  facet normal -0.999537 0.0304207 0
    outer loop
      vertex -102.174 53.3289 -0.8
      vertex -102.167 53.5589 0
      vertex -102.167 53.5589 -0.8
    endloop
  endfacet
  facet normal -0.999537 0.0304207 0
    outer loop
      vertex -102.167 53.5589 0
      vertex -102.174 53.3289 -0.8
      vertex -102.174 53.3289 0
    endloop
  endfacet
  facet normal -0.999755 -0.022143 0
    outer loop
      vertex -102.167 53.5589 -0.8
      vertex -102.171 53.7395 0
      vertex -102.171 53.7395 -0.8
    endloop
  endfacet
  facet normal -0.999755 -0.022143 0
    outer loop
      vertex -102.171 53.7395 0
      vertex -102.167 53.5589 -0.8
      vertex -102.167 53.5589 0
    endloop
  endfacet
  facet normal -0.99613 -0.0878938 0
    outer loop
      vertex -102.171 53.7395 -0.8
      vertex -102.186 53.9095 0
      vertex -102.186 53.9095 -0.8
    endloop
  endfacet
  facet normal -0.99613 -0.0878938 0
    outer loop
      vertex -102.186 53.9095 0
      vertex -102.171 53.7395 -0.8
      vertex -102.171 53.7395 0
    endloop
  endfacet
  facet normal -0.989762 -0.142724 0
    outer loop
      vertex -102.186 53.9095 -0.8
      vertex -102.209 54.069 0
      vertex -102.209 54.069 -0.8
    endloop
  endfacet
  facet normal -0.989762 -0.142724 0
    outer loop
      vertex -102.209 54.069 0
      vertex -102.186 53.9095 -0.8
      vertex -102.186 53.9095 0
    endloop
  endfacet
  facet normal -0.974842 -0.222896 0
    outer loop
      vertex -102.209 54.069 -0.8
      vertex -102.243 54.2177 0
      vertex -102.243 54.2177 -0.8
    endloop
  endfacet
  facet normal -0.974842 -0.222896 0
    outer loop
      vertex -102.243 54.2177 0
      vertex -102.209 54.069 -0.8
      vertex -102.209 54.069 0
    endloop
  endfacet
  facet normal -0.954848 -0.297095 0
    outer loop
      vertex -102.243 54.2177 -0.8
      vertex -102.286 54.3559 0
      vertex -102.286 54.3559 -0.8
    endloop
  endfacet
  facet normal -0.954848 -0.297095 0
    outer loop
      vertex -102.286 54.3559 0
      vertex -102.243 54.2177 -0.8
      vertex -102.243 54.2177 0
    endloop
  endfacet
  facet normal -0.925951 -0.377643 0
    outer loop
      vertex -102.286 54.3559 -0.8
      vertex -102.338 54.4834 0
      vertex -102.338 54.4834 -0.8
    endloop
  endfacet
  facet normal -0.925951 -0.377643 0
    outer loop
      vertex -102.338 54.4834 0
      vertex -102.286 54.3559 -0.8
      vertex -102.286 54.3559 0
    endloop
  endfacet
  facet normal -0.883438 -0.468547 0
    outer loop
      vertex -102.338 54.4834 -0.8
      vertex -102.4 54.6003 0
      vertex -102.4 54.6003 -0.8
    endloop
  endfacet
  facet normal -0.883438 -0.468547 0
    outer loop
      vertex -102.4 54.6003 0
      vertex -102.338 54.4834 -0.8
      vertex -102.338 54.4834 0
    endloop
  endfacet
  facet normal -0.834431 -0.551113 0
    outer loop
      vertex -102.4 54.6003 -0.8
      vertex -102.471 54.7078 0
      vertex -102.471 54.7078 -0.8
    endloop
  endfacet
  facet normal -0.834431 -0.551113 0
    outer loop
      vertex -102.471 54.7078 0
      vertex -102.4 54.6003 -0.8
      vertex -102.4 54.6003 0
    endloop
  endfacet
  facet normal -0.782863 -0.622195 0
    outer loop
      vertex -102.471 54.7078 -0.8
      vertex -102.55 54.8072 0
      vertex -102.55 54.8072 -0.8
    endloop
  endfacet
  facet normal -0.782863 -0.622195 0
    outer loop
      vertex -102.55 54.8072 0
      vertex -102.471 54.7078 -0.8
      vertex -102.471 54.7078 0
    endloop
  endfacet
  facet normal -0.715303 -0.698814 0
    outer loop
      vertex -102.55 54.8072 -0.8
      vertex -102.639 54.8983 0
      vertex -102.639 54.8983 -0.8
    endloop
  endfacet
  facet normal -0.715303 -0.698814 0
    outer loop
      vertex -102.639 54.8983 0
      vertex -102.55 54.8072 -0.8
      vertex -102.55 54.8072 0
    endloop
  endfacet
  facet normal -0.649694 -0.760196 0
    outer loop
      vertex -102.639 54.8983 -0.8
      vertex -102.736 54.9812 0
      vertex -102.736 54.9812 -0.8
    endloop
  endfacet
  facet normal -0.649694 -0.760196 0
    outer loop
      vertex -102.736 54.9812 0
      vertex -102.639 54.8983 -0.8
      vertex -102.639 54.8983 0
    endloop
  endfacet
  facet normal -0.58021 -0.814467 0
    outer loop
      vertex -102.736 54.9812 -0.8
      vertex -102.841 55.056 0
      vertex -102.841 55.056 -0.8
    endloop
  endfacet
  facet normal -0.58021 -0.814467 0
    outer loop
      vertex -102.841 55.056 0
      vertex -102.736 54.9812 -0.8
      vertex -102.736 54.9812 0
    endloop
  endfacet
  facet normal -0.503871 -0.863779 0
    outer loop
      vertex -102.841 55.056 -0.8
      vertex -102.955 55.1225 0
      vertex -102.955 55.1225 -0.8
    endloop
  endfacet
  facet normal -0.503871 -0.863779 0
    outer loop
      vertex -102.955 55.1225 0
      vertex -102.841 55.056 -0.8
      vertex -102.841 55.056 0
    endloop
  endfacet
  facet normal -0.428307 -0.903633 0
    outer loop
      vertex -102.955 55.1225 -0.8
      vertex -103.078 55.1808 0
      vertex -103.078 55.1808 -0.8
    endloop
  endfacet
  facet normal -0.428307 -0.903633 0
    outer loop
      vertex -103.078 55.1808 0
      vertex -102.955 55.1225 -0.8
      vertex -102.955 55.1225 0
    endloop
  endfacet
  facet normal -0.344058 -0.938949 0
    outer loop
      vertex -103.078 55.1808 -0.8
      vertex -103.218 55.2321 0
      vertex -103.218 55.2321 -0.8
    endloop
  endfacet
  facet normal -0.344058 -0.938949 0
    outer loop
      vertex -103.218 55.2321 0
      vertex -103.078 55.1808 -0.8
      vertex -103.078 55.1808 0
    endloop
  endfacet
  facet normal -0.264749 -0.964317 0
    outer loop
      vertex -103.218 55.2321 -0.8
      vertex -103.383 55.2774 0
      vertex -103.383 55.2774 -0.8
    endloop
  endfacet
  facet normal -0.264749 -0.964317 0
    outer loop
      vertex -103.383 55.2774 0
      vertex -103.218 55.2321 -0.8
      vertex -103.218 55.2321 0
    endloop
  endfacet
  facet normal -0.202554 -0.979271 0
    outer loop
      vertex -103.383 55.2774 -0.8
      vertex -103.573 55.3167 0
      vertex -103.573 55.3167 -0.8
    endloop
  endfacet
  facet normal -0.202554 -0.979271 0
    outer loop
      vertex -103.573 55.3167 0
      vertex -103.383 55.2774 -0.8
      vertex -103.383 55.2774 0
    endloop
  endfacet
  facet normal -0.153059 -0.988217 0
    outer loop
      vertex -103.573 55.3167 -0.8
      vertex -103.788 55.35 0
      vertex -103.788 55.35 -0.8
    endloop
  endfacet
  facet normal -0.153059 -0.988217 0
    outer loop
      vertex -103.788 55.35 0
      vertex -103.573 55.3167 -0.8
      vertex -103.573 55.3167 0
    endloop
  endfacet
  facet normal -0.112558 -0.993645 0
    outer loop
      vertex -103.788 55.35 -0.8
      vertex -104.029 55.3773 0
      vertex -104.029 55.3773 -0.8
    endloop
  endfacet
  facet normal -0.112558 -0.993645 0
    outer loop
      vertex -104.029 55.3773 0
      vertex -103.788 55.35 -0.8
      vertex -103.788 55.35 0
    endloop
  endfacet
  facet normal -0.080192 -0.996779 0
    outer loop
      vertex -104.029 55.3773 -0.8
      vertex -104.295 55.3987 0
      vertex -104.295 55.3987 -0.8
    endloop
  endfacet
  facet normal -0.080192 -0.996779 0
    outer loop
      vertex -104.295 55.3987 0
      vertex -104.029 55.3773 -0.8
      vertex -104.029 55.3773 0
    endloop
  endfacet
  facet normal -0.052847 -0.998603 0
    outer loop
      vertex -104.295 55.3987 -0.8
      vertex -104.586 55.4141 0
      vertex -104.586 55.4141 -0.8
    endloop
  endfacet
  facet normal -0.052847 -0.998603 0
    outer loop
      vertex -104.586 55.4141 0
      vertex -104.295 55.3987 -0.8
      vertex -104.295 55.3987 0
    endloop
  endfacet
  facet normal -0.0138911 -0.999904 0
    outer loop
      vertex -104.586 55.4141 -0.8
      vertex -106.148 55.4358 0
      vertex -106.148 55.4358 -0.8
    endloop
  endfacet
  facet normal -0.0138911 -0.999904 0
    outer loop
      vertex -106.148 55.4358 0
      vertex -104.586 55.4141 -0.8
      vertex -104.586 55.4141 0
    endloop
  endfacet
  facet normal 1 0 0
    outer loop
      vertex -106.148 55.4358 -0.8
      vertex -106.148 54.839 0
      vertex -106.148 54.839 -0.8
    endloop
  endfacet
  facet normal 1 -0 0
    outer loop
      vertex -106.148 54.839 0
      vertex -106.148 55.4358 -0.8
      vertex -106.148 55.4358 0
    endloop
  endfacet
  facet normal 0.999623 0.0274622 0
    outer loop
      vertex -106.148 54.839 -0.8
      vertex -106.142 54.6206 0
      vertex -106.142 54.6206 -0.8
    endloop
  endfacet
  facet normal 0.999623 0.0274622 0
    outer loop
      vertex -106.142 54.6206 0
      vertex -106.148 54.839 -0.8
      vertex -106.148 54.839 0
    endloop
  endfacet
  facet normal 0.995268 0.097167 0
    outer loop
      vertex -106.142 54.6206 -0.8
      vertex -106.121 54.4055 0
      vertex -106.121 54.4055 -0.8
    endloop
  endfacet
  facet normal 0.995268 0.097167 0
    outer loop
      vertex -106.121 54.4055 0
      vertex -106.142 54.6206 -0.8
      vertex -106.142 54.6206 0
    endloop
  endfacet
  facet normal 0.987347 0.158573 0
    outer loop
      vertex -106.121 54.4055 -0.8
      vertex -106.087 54.1938 0
      vertex -106.087 54.1938 -0.8
    endloop
  endfacet
  facet normal 0.987347 0.158573 0
    outer loop
      vertex -106.087 54.1938 0
      vertex -106.121 54.4055 -0.8
      vertex -106.121 54.4055 0
    endloop
  endfacet
  facet normal 0.974509 0.224347 0
    outer loop
      vertex -106.087 54.1938 -0.8
      vertex -106.039 53.9853 0
      vertex -106.039 53.9853 -0.8
    endloop
  endfacet
  facet normal 0.974509 0.224347 0
    outer loop
      vertex -106.039 53.9853 0
      vertex -106.087 54.1938 -0.8
      vertex -106.087 54.1938 0
    endloop
  endfacet
  facet normal 0.95722 0.28936 0
    outer loop
      vertex -106.039 53.9853 -0.8
      vertex -105.977 53.7802 0
      vertex -105.977 53.7802 -0.8
    endloop
  endfacet
  facet normal 0.95722 0.28936 0
    outer loop
      vertex -105.977 53.7802 0
      vertex -106.039 53.9853 -0.8
      vertex -106.039 53.9853 0
    endloop
  endfacet
  facet normal 0.93589 0.352292 0
    outer loop
      vertex -105.977 53.7802 -0.8
      vertex -105.901 53.5783 0
      vertex -105.901 53.5783 -0.8
    endloop
  endfacet
  facet normal 0.93589 0.352292 0
    outer loop
      vertex -105.901 53.5783 0
      vertex -105.977 53.7802 -0.8
      vertex -105.977 53.7802 0
    endloop
  endfacet
  facet normal 0.91248 0.409122 0
    outer loop
      vertex -105.901 53.5783 -0.8
      vertex -105.812 53.3798 0
      vertex -105.812 53.3798 -0.8
    endloop
  endfacet
  facet normal 0.91248 0.409122 0
    outer loop
      vertex -105.812 53.3798 0
      vertex -105.901 53.5783 -0.8
      vertex -105.901 53.5783 0
    endloop
  endfacet
  facet normal 0.883709 0.468037 0
    outer loop
      vertex -105.812 53.3798 -0.8
      vertex -105.711 53.1891 0
      vertex -105.711 53.1891 -0.8
    endloop
  endfacet
  facet normal 0.883709 0.468037 0
    outer loop
      vertex -105.711 53.1891 0
      vertex -105.812 53.3798 -0.8
      vertex -105.812 53.3798 0
    endloop
  endfacet
  facet normal 0.847198 0.531277 0
    outer loop
      vertex -105.711 53.1891 -0.8
      vertex -105.599 53.0105 0
      vertex -105.599 53.0105 -0.8
    endloop
  endfacet
  facet normal 0.847198 0.531277 0
    outer loop
      vertex -105.599 53.0105 0
      vertex -105.711 53.1891 -0.8
      vertex -105.711 53.1891 0
    endloop
  endfacet
  facet normal 0.806467 0.59128 0
    outer loop
      vertex -105.599 53.0105 -0.8
      vertex -105.477 52.8441 0
      vertex -105.477 52.8441 -0.8
    endloop
  endfacet
  facet normal 0.806467 0.59128 0
    outer loop
      vertex -105.477 52.8441 0
      vertex -105.599 53.0105 -0.8
      vertex -105.599 53.0105 0
    endloop
  endfacet
  facet normal 0.757452 0.652891 0
    outer loop
      vertex -105.477 52.8441 -0.8
      vertex -105.344 52.6898 0
      vertex -105.344 52.6898 -0.8
    endloop
  endfacet
  facet normal 0.757452 0.652891 0
    outer loop
      vertex -105.344 52.6898 0
      vertex -105.477 52.8441 -0.8
      vertex -105.477 52.8441 0
    endloop
  endfacet
  facet normal 0.707107 0.707107 0
    outer loop
      vertex -105.344 52.6898 -0.8
      vertex -105.202 52.5478 0
      vertex -105.202 52.5478 -0.8
    endloop
  endfacet
  facet normal 0.707107 0.707107 0
    outer loop
      vertex -105.202 52.5478 0
      vertex -105.344 52.6898 -0.8
      vertex -105.344 52.6898 0
    endloop
  endfacet
  facet normal 0.644762 0.764383 0
    outer loop
      vertex -105.202 52.5478 -0.8
      vertex -105.048 52.4179 0
      vertex -105.048 52.4179 -0.8
    endloop
  endfacet
  facet normal 0.644762 0.764383 0
    outer loop
      vertex -105.048 52.4179 0
      vertex -105.202 52.5478 -0.8
      vertex -105.202 52.5478 0
    endloop
  endfacet
  facet normal 0.583064 0.812426 0
    outer loop
      vertex -105.048 52.4179 -0.8
      vertex -104.884 52.3002 0
      vertex -104.884 52.3002 -0.8
    endloop
  endfacet
  facet normal 0.583064 0.812426 0
    outer loop
      vertex -104.884 52.3002 0
      vertex -105.048 52.4179 -0.8
      vertex -105.048 52.4179 0
    endloop
  endfacet
  facet normal 0.518534 0.855057 0
    outer loop
      vertex -104.884 52.3002 -0.8
      vertex -104.713 52.1965 0
      vertex -104.713 52.1965 -0.8
    endloop
  endfacet
  facet normal 0.518534 0.855057 0
    outer loop
      vertex -104.713 52.1965 0
      vertex -104.884 52.3002 -0.8
      vertex -104.884 52.3002 0
    endloop
  endfacet
  facet normal 0.443564 0.896243 0
    outer loop
      vertex -104.713 52.1965 -0.8
      vertex -104.536 52.1089 0
      vertex -104.536 52.1089 -0.8
    endloop
  endfacet
  facet normal 0.443564 0.896243 0
    outer loop
      vertex -104.536 52.1089 0
      vertex -104.713 52.1965 -0.8
      vertex -104.713 52.1965 0
    endloop
  endfacet
  facet normal 0.368733 0.929535 0
    outer loop
      vertex -104.536 52.1089 -0.8
      vertex -104.355 52.0371 0
      vertex -104.355 52.0371 -0.8
    endloop
  endfacet
  facet normal 0.368733 0.929535 0
    outer loop
      vertex -104.355 52.0371 0
      vertex -104.536 52.1089 -0.8
      vertex -104.536 52.1089 0
    endloop
  endfacet
  facet normal 0.285937 0.958248 0
    outer loop
      vertex -104.355 52.0371 -0.8
      vertex -104.168 51.9813 0
      vertex -104.168 51.9813 -0.8
    endloop
  endfacet
  facet normal 0.285937 0.958248 0
    outer loop
      vertex -104.168 51.9813 0
      vertex -104.355 52.0371 -0.8
      vertex -104.355 52.0371 0
    endloop
  endfacet
  facet normal 0.202977 0.979184 0
    outer loop
      vertex -104.168 51.9813 -0.8
      vertex -103.976 51.9415 0
      vertex -103.976 51.9415 -0.8
    endloop
  endfacet
  facet normal 0.202977 0.979184 0
    outer loop
      vertex -103.976 51.9415 0
      vertex -104.168 51.9813 -0.8
      vertex -104.168 51.9813 0
    endloop
  endfacet
  facet normal 0.120437 0.992721 0
    outer loop
      vertex -103.976 51.9415 -0.8
      vertex -103.779 51.9176 0
      vertex -103.779 51.9176 -0.8
    endloop
  endfacet
  facet normal 0.120437 0.992721 0
    outer loop
      vertex -103.779 51.9176 0
      vertex -103.976 51.9415 -0.8
      vertex -103.976 51.9415 0
    endloop
  endfacet
  facet normal 0.0395729 0.999217 0
    outer loop
      vertex -103.779 51.9176 -0.8
      vertex -103.577 51.9096 0
      vertex -103.577 51.9096 -0.8
    endloop
  endfacet
  facet normal 0.0395729 0.999217 0
    outer loop
      vertex -103.577 51.9096 0
      vertex -103.779 51.9176 -0.8
      vertex -103.779 51.9176 0
    endloop
  endfacet
  facet normal -0.0465786 0.998915 0
    outer loop
      vertex -103.577 51.9096 -0.8
      vertex -103.399 51.9179 0
      vertex -103.399 51.9179 -0.8
    endloop
  endfacet
  facet normal -0.0465786 0.998915 0
    outer loop
      vertex -103.399 51.9179 0
      vertex -103.577 51.9096 -0.8
      vertex -103.577 51.9096 0
    endloop
  endfacet
  facet normal 0 1 0
    outer loop
      vertex -46.2674 61.7397 -0.8
      vertex -46.2674 61.7397 0
      vertex -43.2184 61.7397 -0.8
    endloop
  endfacet
  facet normal -0 1 0
    outer loop
      vertex -46.2674 61.7397 0
      vertex -43.2184 61.7397 0
      vertex -43.2184 61.7397 -0.8
    endloop
  endfacet
  facet normal 1 0 -0
    outer loop
      vertex -43.2184 61.7397 -0.8
      vertex -43.2184 61.7397 0
      vertex -43.2184 50 -0.8
    endloop
  endfacet
  facet normal 1 0 0
    outer loop
      vertex -43.2184 61.7397 0
      vertex -43.2184 50 0
      vertex -43.2184 50 -0.8
    endloop
  endfacet
  facet normal 0 -1 0
    outer loop
      vertex -43.2184 50 -0.8
      vertex -43.2184 50 0
      vertex -46.2674 50 -0.8
    endloop
  endfacet
  facet normal -0 -1 0
    outer loop
      vertex -43.2184 50 0
      vertex -46.2674 50 0
      vertex -46.2674 50 -0.8
    endloop
  endfacet
  facet normal -1 0 0
    outer loop
      vertex -46.2674 50 -0.8
      vertex -46.2674 50 0
      vertex -46.2674 61.7397 -0.8
    endloop
  endfacet
  facet normal -1 0 0
    outer loop
      vertex -46.2674 50 0
      vertex -46.2674 61.7397 0
      vertex -46.2674 61.7397 -0.8
    endloop
  endfacet
  facet normal 0 1 0
    outer loop
      vertex -122.233 61.7397 -0.8
      vertex -122.233 61.7397 0
      vertex -119.184 61.7397 -0.8
    endloop
  endfacet
  facet normal -0 1 0
    outer loop
      vertex -122.233 61.7397 0
      vertex -119.184 61.7397 0
      vertex -119.184 61.7397 -0.8
    endloop
  endfacet
  facet normal 1 0 -0
    outer loop
      vertex -119.184 61.7397 -0.8
      vertex -119.184 61.7397 0
      vertex -119.184 50 -0.8
    endloop
  endfacet
  facet normal 1 0 0
    outer loop
      vertex -119.184 61.7397 0
      vertex -119.184 50 0
      vertex -119.184 50 -0.8
    endloop
  endfacet
  facet normal 0 -1 0
    outer loop
      vertex -119.184 50 -0.8
      vertex -119.184 50 0
      vertex -122.233 50 -0.8
    endloop
  endfacet
  facet normal -0 -1 0
    outer loop
      vertex -119.184 50 0
      vertex -122.233 50 0
      vertex -122.233 50 -0.8
    endloop
  endfacet
  facet normal -1 0 0
    outer loop
      vertex -122.233 50 -0.8
      vertex -122.233 50 0
      vertex -122.233 61.7397 -0.8
    endloop
  endfacet
  facet normal -1 0 0
    outer loop
      vertex -122.233 50 0
      vertex -122.233 61.7397 0
      vertex -122.233 61.7397 -0.8
    endloop
  endfacet
endsolid OpenSCAD_Model
